season,week,team,off_clutch_epa,off_clutch_plays,def_clutch_epa,def_clutch_plays
2006,1,ATL,0.0,0.0,0.0,0.0
2006,1,CAR,0.0,0.0,0.0,0.0
2006,1,BAL,0.0,0.0,0.0,0.0
2006,1,TB,0.0,0.0,0.0,0.0
2006,1,NE,-2.30491143791005,10.0,0.0,0.0
2006,1,BUF,0.0,0.0,-2.30491143791005,10.0
2006,1,CHI,0.0,0.0,0.0,0.0
2006,1,GB,0.0,0.0,0.0,0.0
2006,1,KC,0.0,0.0,0.0,0.0
2006,1,CIN,0.0,0.0,0.0,0.0
2006,1,DAL,-2.7566255947415366,4.0,-0.3420640123076737,9.0
2006,1,JAX,-0.3420640123076737,9.0,-2.7566255947415366,4.0
2006,1,DEN,-2.733199619804509,8.0,-1.4367729242658243,6.0
2006,1,LA,-1.4367729242658243,6.0,-2.733199619804509,8.0
2006,1,IND,-0.21601575863314793,7.0,-3.525411043607164,10.0
2006,1,NYG,-3.525411043607164,10.0,-0.21601575863314793,7.0
2006,1,MIA,-8.296994645614177,1.0,-3.645912980020512,5.0
2006,1,PIT,-3.645912980020512,5.0,-8.296994645614177,1.0
2006,1,MIN,1.9210211429744959,11.0,-0.320333749987185,6.0
2006,1,WAS,-0.320333749987185,6.0,1.9210211429744959,11.0
2006,1,CLE,-3.338533699279651,6.0,-3.4497590840328485,9.0
2006,1,NO,-3.4497590840328485,9.0,-3.338533699279651,6.0
2006,1,NYJ,4.98954193573877,8.0,-0.7945716842077672,11.0
2006,1,TEN,-0.7945716842077672,11.0,4.98954193573877,8.0
2006,1,HOU,0.0,0.0,0.0,0.0
2006,1,PHI,0.0,0.0,0.0,0.0
2006,1,LV,0.0,0.0,0.0,0.0
2006,1,LAC,0.0,0.0,0.0,0.0
2006,1,SEA,2.0760182759258896,8.0,-3.728388968622312,5.0
2006,1,DET,-3.728388968622312,5.0,2.0760182759258896,8.0
2006,1,SF,-0.48141876931185834,4.0,-0.9538199923408683,8.0
2006,1,ARI,-0.9538199923408683,8.0,-0.48141876931185834,4.0
2006,2,SEA,0.0,0.0,0.0,0.0
2006,2,ARI,0.0,0.0,0.0,0.0
2006,2,MIA,0.0,0.0,0.0,0.0
2006,2,BUF,0.0,0.0,0.0,0.0
2006,2,MIN,-1.8740622770856135,12.0,-1.4915976749616675,6.0
2006,2,CAR,-1.4915976749616675,6.0,-1.8740622770856135,12.0
2006,2,CIN,0.0,0.0,0.0,0.0
2006,2,CLE,0.0,0.0,0.0,0.0
2006,2,CHI,0.0,0.0,0.0,0.0
2006,2,DET,0.0,0.0,0.0,0.0
2006,2,HOU,0.0,0.0,0.0,0.0
2006,2,IND,0.0,0.0,0.0,0.0
2006,2,DEN,-1.334812022279948,5.0,-1.681114715989679,11.0
2006,2,KC,-1.681114715989679,11.0,-1.334812022279948,5.0
2006,2,NE,-3.120273823151365,11.0,-0.08115342195378616,7.0
2006,2,NYJ,-0.08115342195378616,7.0,-3.120273823151365,11.0
2006,2,NO,-2.020577642659191,8.0,-1.551957977174653,7.0
2006,2,GB,-1.551957977174653,7.0,-2.020577642659191,8.0
2006,2,NYG,6.2960933301408195,12.0,-0.764812542241998,9.0
2006,2,PHI,-0.764812542241998,9.0,6.2960933301408195,12.0
2006,2,BAL,0.0,0.0,0.0,0.0
2006,2,LV,0.0,0.0,0.0,0.0
2006,2,PIT,0.0,0.0,-0.6103490006062202,5.0
2006,2,JAX,-0.6103490006062202,5.0,0.0,0.0
2006,2,LA,-1.2955984340514988,3.0,-0.36597227258607745,8.0
2006,2,SF,-0.36597227258607745,8.0,-1.2955984340514988,3.0
2006,2,ATL,0.0,0.0,0.0,0.0
2006,2,TB,0.0,0.0,0.0,0.0
2006,2,LAC,0.0,0.0,0.0,0.0
2006,2,TEN,0.0,0.0,0.0,0.0
2006,2,WAS,0.0,0.0,0.0,0.0
2006,2,DAL,0.0,0.0,0.0,0.0
2006,3,ATL,0.0,0.0,0.0,0.0
2006,3,NO,0.0,0.0,0.0,0.0
2006,3,CLE,-5.695027109759394,5.0,0.7674649231485091,13.0
2006,3,BAL,0.7674649231485091,13.0,-5.695027109759394,5.0
2006,3,TB,-1.2944802296697162,5.0,1.1940853655105457,15.0
2006,3,CAR,1.1940853655105457,15.0,-1.2944802296697162,5.0
2006,3,MIN,-6.291251715796534,9.0,1.8708111820073199,9.0
2006,3,CHI,1.8708111820073199,9.0,-6.291251715796534,9.0
2006,3,CIN,-1.0045101922005415,6.0,-0.4120810101740062,13.0
2006,3,PIT,-0.4120810101740062,13.0,-1.0045101922005415,6.0
2006,3,DEN,0.0,0.0,0.0,0.0
2006,3,NE,0.0,0.0,0.0,0.0
2006,3,GB,-6.126364669937175,7.0,-5.300385009206366,13.0
2006,3,DET,-5.300385009206366,13.0,-6.126364669937175,7.0
2006,3,JAX,-0.7385084807843569,3.0,-1.7087715895031579,9.0
2006,3,IND,-1.7087715895031579,9.0,-0.7385084807843569,3.0
2006,3,SEA,0.0,0.0,0.0,0.0
2006,3,NYG,0.0,0.0,0.0,0.0
2006,3,BUF,-2.4117097886046395,4.0,0.5280579595128074,6.0
2006,3,NYJ,0.5280579595128074,6.0,-2.4117097886046395,4.0
2006,3,PHI,0.0,0.0,0.0,0.0
2006,3,SF,0.0,0.0,0.0,0.0
2006,3,ARI,-3.987367150515582,4.0,-4.553827564406674,11.0
2006,3,LA,-4.553827564406674,11.0,-3.987367150515582,4.0
2006,3,TEN,-1.5981386562343687,5.0,-0.784350695554167,8.0
2006,3,MIA,-0.784350695554167,8.0,-1.5981386562343687,5.0
2006,3,WAS,0.0,0.0,0.0,0.0
2006,3,HOU,0.0,0.0,0.0,0.0
2006,4,ARI,0.0,0.0,0.0,0.0
2006,4,ATL,0.0,0.0,0.0,0.0
2006,4,LV,-1.3092286428436637,4.0,-6.160646872536745,9.0
2006,4,CLE,-6.160646872536745,9.0,-1.3092286428436637,4.0
2006,4,DAL,0.0,0.0,0.0,0.0
2006,4,TEN,0.0,0.0,0.0,0.0
2006,4,LA,2.6175117322565056,13.0,-4.550233586167451,8.0
2006,4,DET,-4.550233586167451,8.0,2.6175117322565056,13.0
2006,4,GB,0.0,0.0,0.0,0.0
2006,4,PHI,0.0,0.0,0.0,0.0
2006,4,NYJ,6.417732495760673,8.0,10.48694606341587,20.0
2006,4,IND,10.48694606341587,20.0,6.417732495760673,8.0
2006,4,JAX,2.5058107937220484,12.0,-0.26552978172549047,7.0
2006,4,WAS,-0.26552978172549047,7.0,2.5058107937220484,12.0
2006,4,MIA,5.516378955377266,10.0,-2.10436985315755,11.0
2006,4,HOU,-2.10436985315755,11.0,5.516378955377266,10.0
2006,4,MIN,-1.2304426421904937,13.0,-0.9719707466429099,9.0
2006,4,BUF,-0.9719707466429099,9.0,-1.2304426421904937,13.0
2006,4,CIN,0.0,0.0,0.0,0.0
2006,4,NE,0.0,0.0,0.0,0.0
2006,4,CAR,5.771188809769228,10.0,1.053,1.0
2006,4,NO,1.053,1.0,5.771188809769228,10.0
2006,4,LAC,-0.8225489758187905,10.0,6.28860310174491,9.0
2006,4,BAL,6.28860310174491,9.0,-0.8225489758187905,10.0
2006,4,SEA,0.0,0.0,0.0,0.0
2006,4,CHI,0.0,0.0,0.0,0.0
2006,4,KC,0.0,0.0,0.0,0.0
2006,4,SF,0.0,0.0,0.0,0.0
2006,5,BAL,0.0,0.0,2.416217190941097,5.0
2006,5,DEN,2.416217190941097,5.0,0.0,0.0
2006,5,BUF,0.0,0.0,0.0,0.0
2006,5,CHI,0.0,0.0,0.0,0.0
2006,5,CAR,-0.9590041889168788,4.0,0.0,0.0
2006,5,CLE,0.0,0.0,-0.9590041889168788,4.0
2006,5,PHI,-0.5950334393419325,2.0,-7.070490758866072,13.0
2006,5,DAL,-7.070490758866072,13.0,-0.5950334393419325,2.0
2006,5,DET,-7.602730862563476,8.0,-2.595447615321599,4.0
2006,5,MIN,-2.595447615321599,4.0,-7.602730862563476,8.0
2006,5,ARI,-2.103816674789414,19.0,2.637062633410096,6.0
2006,5,KC,2.637062633410096,6.0,-2.103816674789414,19.0
2006,5,MIA,0.0,0.0,0.0,0.0
2006,5,NE,0.0,0.0,0.0,0.0
2006,5,NYJ,0.0,0.0,0.0,0.0
2006,5,JAX,0.0,0.0,0.0,0.0
2006,5,SF,0.0,0.0,0.0,0.0
2006,5,LV,0.0,0.0,0.0,0.0
2006,5,PIT,0.0,0.0,2.1895678876899183,9.0
2006,5,LAC,2.1895678876899183,9.0,0.0,0.0
2006,5,GB,-2.5512614893959835,15.0,-4.682247286778875,8.0
2006,5,LA,-4.682247286778875,8.0,-2.5512614893959835,15.0
2006,5,NO,-1.4091648817207798,6.0,-9.229430495790439,13.0
2006,5,TB,-9.229430495790439,13.0,-1.4091648817207798,6.0
2006,5,IND,-0.7358184824115597,5.0,-3.40016460622428,7.0
2006,5,TEN,-3.40016460622428,7.0,-0.7358184824115597,5.0
2006,5,WAS,0.0,0.0,0.0,0.0
2006,5,NYG,0.0,0.0,0.0,0.0
2006,6,DET,-0.691670364147285,9.0,-2.4608540692424867,7.0
2006,6,BUF,-2.4608540692424867,7.0,-0.691670364147285,9.0
2006,6,BAL,0.03592148307643406,2.0,6.076607185070997,11.0
2006,6,CAR,6.076607185070997,11.0,0.03592148307643406,2.0
2006,6,CHI,0.061247772602767814,5.0,-8.302057977765799,17.0
2006,6,ARI,-8.302057977765799,17.0,0.061247772602767814,5.0
2006,6,TB,4.926222606915643,11.0,-0.20978223776910454,7.0
2006,6,CIN,-0.20978223776910454,7.0,4.926222606915643,11.0
2006,6,HOU,0.0,0.0,0.0,0.0
2006,6,DAL,0.0,0.0,0.0,0.0
2006,6,PIT,0.0,0.0,0.0,0.0
2006,6,KC,0.0,0.0,0.0,0.0
2006,6,MIA,-0.2539205871246404,9.0,-1.0261020043399185,6.0
2006,6,NYJ,-1.0261020043399185,6.0,-0.2539205871246404,9.0
2006,6,ATL,0.0,0.0,2.4228544787038118,2.0
2006,6,NYG,2.4228544787038118,2.0,0.0,0.0
2006,6,DEN,0.0,0.0,0.0,0.0
2006,6,LV,0.0,0.0,0.0,0.0
2006,6,NO,-0.3019947925931774,12.0,0.0,0.0
2006,6,PHI,0.0,0.0,-0.3019947925931774,12.0
2006,6,LAC,0.0,0.0,0.0,0.0
2006,6,SF,0.0,0.0,0.0,0.0
2006,6,LA,1.4849409803777334,9.0,-6.091307746770326,16.0
2006,6,SEA,-6.091307746770326,16.0,1.4849409803777334,9.0
2006,6,TEN,-1.6629213836276904,9.0,-2.2226117526879534,4.0
2006,6,WAS,-2.2226117526879534,4.0,-1.6629213836276904,9.0
2006,7,LV,0.0,0.0,0.0,0.0
2006,7,ARI,0.0,0.0,0.0,0.0
2006,7,CAR,-2.8831722392642405,6.0,-0.6068791331199463,8.0
2006,7,CIN,-0.6068791331199463,8.0,-2.8831722392642405,6.0
2006,7,DEN,0.0,0.0,0.0,0.0
2006,7,CLE,0.0,0.0,0.0,0.0
2006,7,NYJ,1.8162663772236556,7.0,0.01796074153821703,1.0
2006,7,DET,0.01796074153821703,1.0,1.8162663772236556,7.0
2006,7,GB,0.0,0.0,0.0,0.0
2006,7,MIA,0.0,0.0,0.0,0.0
2006,7,HOU,0.0,0.0,0.0,0.0
2006,7,JAX,0.0,0.0,0.0,0.0
2006,7,MIN,0.0,0.0,0.0,0.0
2006,7,SEA,0.0,0.0,0.0,0.0
2006,7,NE,0.0,0.0,0.0,0.0
2006,7,BUF,0.0,0.0,0.0,0.0
2006,7,NYG,0.0,0.0,0.0,0.0
2006,7,DAL,0.0,0.0,0.0,0.0
2006,7,PHI,6.500629434482788,11.0,2.36941218218999,10.0
2006,7,TB,2.36941218218999,10.0,6.500629434482788,11.0
2006,7,ATL,-1.3210932039073666,12.0,5.754553542172663,5.0
2006,7,PIT,5.754553542172663,5.0,-1.3210932039073666,12.0
2006,7,LAC,-0.5290691625559703,8.0,1.7220515054068528,12.0
2006,7,KC,1.7220515054068528,12.0,-0.5290691625559703,8.0
2006,7,WAS,0.0,0.0,0.0,0.0
2006,7,IND,0.0,0.0,0.0,0.0
2006,8,ARI,0.0,0.0,0.0,0.0
2006,8,GB,0.0,0.0,0.0,0.0
2006,8,ATL,-1.9901833003968932,9.0,-1.348365766166581,3.0
2006,8,CIN,-1.348365766166581,3.0,-1.9901833003968932,9.0
2006,8,BAL,0.0,0.0,0.0,0.0
2006,8,NO,0.0,0.0,0.0,0.0
2006,8,CAR,-2.809186857950408,1.0,3.6865273329312913,5.0
2006,8,DAL,3.6865273329312913,5.0,-2.809186857950408,1.0
2006,8,TEN,-0.4183385551732499,5.0,-0.9223537811629939,2.0
2006,8,HOU,-0.9223537811629939,2.0,-0.4183385551732499,5.0
2006,8,IND,6.90699426962249,13.0,2.5273057112062816,7.0
2006,8,DEN,2.5273057112062816,7.0,6.90699426962249,13.0
2006,8,PHI,0.0,0.0,-0.08335426863050088,2.0
2006,8,JAX,-0.08335426863050088,2.0,0.0,0.0
2006,8,NE,0.0,0.0,0.0,0.0
2006,8,MIN,0.0,0.0,0.0,0.0
2006,8,NYJ,-1.6529175512841903,8.0,-2.138311129703652,7.0
2006,8,CLE,-2.138311129703652,7.0,-1.6529175512841903,8.0
2006,8,LV,-0.5094829647568986,4.0,-5.274791438714601,13.0
2006,8,PIT,-5.274791438714601,13.0,-0.5094829647568986,4.0
2006,8,KC,6.374791739435866,8.0,-0.7831223227549344,10.0
2006,8,SEA,-0.7831223227549344,10.0,6.374791739435866,8.0
2006,8,CHI,0.0,0.0,0.0,0.0
2006,8,SF,0.0,0.0,0.0,0.0
2006,8,LAC,0.0,0.0,0.0,0.0
2006,8,LA,0.0,0.0,0.0,0.0
2006,8,TB,0.0,0.0,0.0,0.0
2006,8,NYG,0.0,0.0,0.0,0.0
2006,9,DET,0.0,0.0,0.0,0.0
2006,9,ATL,0.0,0.0,0.0,0.0
2006,9,CIN,-4.028920711658429,5.0,-4.546971976698842,13.0
2006,9,BAL,-4.546971976698842,13.0,-4.028920711658429,5.0
2006,9,LAC,5.461100040469319,7.0,0.01796074153821703,1.0
2006,9,CLE,0.01796074153821703,1.0,5.461100040469319,7.0
2006,9,WAS,-1.4962183730818621,8.0,-4.026751177865297,7.0
2006,9,DAL,-4.026751177865297,7.0,-1.4962183730818621,8.0
2006,9,PIT,0.0,0.0,0.31146666508054066,1.0
2006,9,DEN,0.31146666508054066,1.0,0.0,0.0
2006,9,BUF,3.308206968533341,3.0,-9.936019623710308,1.0
2006,9,GB,-9.936019623710308,1.0,3.308206968533341,3.0
2006,9,HOU,0.0,0.0,-1.2161765318596736,9.0
2006,9,NYG,-1.2161765318596736,9.0,0.0,0.0
2006,9,NE,-1.2017606741865166,2.0,-3.518358630302828,8.0
2006,9,IND,-3.518358630302828,8.0,-1.2017606741865166,2.0
2006,9,LA,0.0,0.0,0.0,0.0
2006,9,KC,0.0,0.0,0.0,0.0
2006,9,MIA,0.0,0.0,0.0,0.0
2006,9,CHI,0.0,0.0,0.0,0.0
2006,9,SF,-1.5595344064058736,6.0,-2.2119788035051897,8.0
2006,9,MIN,-2.2119788035051897,8.0,-1.5595344064058736,6.0
2006,9,TB,0.0,0.0,0.0,0.0
2006,9,NO,0.0,0.0,0.0,0.0
2006,9,LV,0.0,0.0,0.0,0.0
2006,9,SEA,0.0,0.0,0.0,0.0
2006,9,TEN,0.0,0.0,0.0,0.0
2006,9,JAX,0.0,0.0,0.0,0.0
2006,10,TEN,-2.361568881315179,13.0,3.267878711693583,9.0
2006,10,BAL,3.267878711693583,9.0,-2.361568881315179,13.0
2006,10,BUF,0.0,0.0,-1.5218193242326379,7.0
2006,10,IND,-1.5218193242326379,7.0,0.0,0.0
2006,10,NYG,0.0,0.0,0.0,0.0
2006,10,CHI,0.0,0.0,0.0,0.0
2006,10,ATL,-3.3335276360157877,7.0,-2.9687105240300298,9.0
2006,10,CLE,-2.9687105240300298,9.0,-3.3335276360157877,7.0
2006,10,ARI,0.0,0.0,0.0,0.0
2006,10,DAL,0.0,0.0,0.0,0.0
2006,10,LV,-7.329861771140713,3.0,-5.974590914382134,10.0
2006,10,DEN,-5.974590914382134,10.0,-7.329861771140713,3.0
2006,10,GB,-0.106836108781863,10.0,0.0,0.0
2006,10,MIN,0.0,0.0,-0.106836108781863,10.0
2006,10,HOU,-2.9517827354138717,12.0,-2.538945827861654,6.0
2006,10,JAX,-2.538945827861654,6.0,-2.9517827354138717,12.0
2006,10,KC,-2.7510221498669125,7.0,-4.635029938130174,7.0
2006,10,MIA,-4.635029938130174,7.0,-2.7510221498669125,7.0
2006,10,PIT,-0.7911777088884264,2.0,-0.5364081705920398,12.0
2006,10,NO,-0.5364081705920398,12.0,-0.7911777088884264,2.0
2006,10,NE,0.9045701075084507,7.0,2.9434009370743297,13.0
2006,10,NYJ,2.9434009370743297,13.0,0.9045701075084507,7.0
2006,10,LAC,4.370518316984771,9.0,-0.8453028837684542,9.0
2006,10,CIN,-0.8453028837684542,9.0,4.370518316984771,9.0
2006,10,SF,-3.090795036754571,9.0,-2.373733604908921,7.0
2006,10,DET,-2.373733604908921,7.0,-3.090795036754571,9.0
2006,10,SEA,2.375629431102425,9.0,2.2498932391609996,7.0
2006,10,LA,2.2498932391609996,7.0,2.375629431102425,9.0
2006,10,TB,0.0,0.0,3.8681269233929925,3.0
2006,10,CAR,3.8681269233929925,3.0,0.0,0.0
2006,10,WAS,0.0,0.0,0.0,0.0
2006,10,PHI,0.0,0.0,0.0,0.0
2006,11,ATL,0.0,0.0,2.820083273225464,5.0
2006,11,BAL,2.820083273225464,5.0,0.0,0.0
2006,11,HOU,-4.22153455868829,9.0,3.717306810696811,12.0
2006,11,BUF,3.717306810696811,12.0,-4.22153455868829,9.0
2006,11,NYJ,0.0,0.0,0.0,0.0
2006,11,CHI,0.0,0.0,0.0,0.0
2006,11,CIN,0.0,0.0,0.0,0.0
2006,11,NO,0.0,0.0,0.0,0.0
2006,11,DET,0.030623886301383907,1.0,-0.548972096061334,9.0
2006,11,ARI,-0.548972096061334,9.0,0.030623886301383907,1.0
2006,11,DAL,-0.1298125742468983,8.0,-2.1496418786700815,5.0
2006,11,IND,-2.1496418786700815,5.0,-0.1298125742468983,8.0
2006,11,MIA,0.0,0.0,-7.545714111877943,4.0
2006,11,MIN,-7.545714111877943,4.0,0.0,0.0
2006,11,GB,0.0,0.0,0.0,0.0
2006,11,NE,0.0,0.0,0.0,0.0
2006,11,NYG,0.0,0.0,0.0,0.0
2006,11,JAX,0.0,0.0,0.0,0.0
2006,11,LV,-0.5044777747243643,8.0,6.495558017287066,15.0
2006,11,KC,6.495558017287066,15.0,-0.5044777747243643,8.0
2006,11,CLE,-1.1752285449765623,10.0,6.437196997701447,13.0
2006,11,PIT,6.437196997701447,13.0,-1.1752285449765623,10.0
2006,11,LAC,3.347365327532997,6.0,-5.157261653221212,12.0
2006,11,DEN,-5.157261653221212,12.0,3.347365327532997,6.0
2006,11,SF,-7.333535594836576,7.0,-7.532334757474018,12.0
2006,11,SEA,-7.532334757474018,12.0,-7.333535594836576,7.0
2006,11,LA,0.0,0.0,0.0,0.0
2006,11,CAR,0.0,0.0,0.0,0.0
2006,11,TEN,0.0,0.0,0.0,0.0
2006,11,PHI,0.0,0.0,0.0,0.0
2006,11,TB,-1.56587184604723,6.0,0.01796074153821703,1.0
2006,11,WAS,0.01796074153821703,1.0,-1.56587184604723,6.0
2006,12,ARI,-0.778130701169711,6.0,-1.048615404870361,1.0
2006,12,MIN,-1.048615404870361,1.0,-0.778130701169711,6.0
2006,12,WAS,4.038828890192916,12.0,-2.6270792363211513,11.0
2006,12,CAR,-2.6270792363211513,11.0,4.038828890192916,12.0
2006,12,NE,-1.0383865386247635,11.0,-0.6890405110898428,3.0
2006,12,CHI,-0.6890405110898428,3.0,-1.0383865386247635,11.0
2006,12,CLE,0.0,0.0,0.0,0.0
2006,12,CIN,0.0,0.0,0.0,0.0
2006,12,DEN,0.0,0.0,-2.0877696534444112,4.0
2006,12,KC,-2.0877696534444112,4.0,0.0,0.0
2006,12,SEA,0.0,0.0,0.0,0.0
2006,12,GB,0.0,0.0,0.0,0.0
2006,12,NYJ,0.0,0.0,0.0,0.0
2006,12,HOU,0.0,0.0,0.0,0.0
2006,12,JAX,5.768422112338839,14.0,2.123506654810626,8.0
2006,12,BUF,2.123506654810626,8.0,5.768422112338839,14.0
2006,12,DET,0.0,0.0,0.0,0.0
2006,12,MIA,0.0,0.0,0.0,0.0
2006,12,NO,0.0,0.0,0.0,0.0
2006,12,ATL,0.0,0.0,0.0,0.0
2006,12,TEN,7.993030361428054,13.0,-2.0091834191116504,9.0
2006,12,NYG,-2.0091834191116504,9.0,7.993030361428054,13.0
2006,12,LV,-1.2712560900254175,6.0,2.6032891629190535,7.0
2006,12,LAC,2.6032891629190535,7.0,-1.2712560900254175,6.0
2006,12,IND,0.0,0.0,0.0,0.0
2006,12,PHI,0.0,0.0,0.0,0.0
2006,12,PIT,0.0,0.0,0.0,0.0
2006,12,BAL,0.0,0.0,0.0,0.0
2006,12,LA,6.216239373772997,14.0,-2.0080188380670734,5.0
2006,12,SF,-2.0080188380670734,5.0,6.216239373772997,14.0
2006,12,TB,0.0,0.0,0.0,0.0
2006,12,DAL,0.0,0.0,0.0,0.0
2006,13,ARI,0.0,0.0,0.0,0.0
2006,13,LA,0.0,0.0,0.0,0.0
2006,13,ATL,0.0,0.0,0.0,0.0
2006,13,WAS,0.0,0.0,0.0,0.0
2006,13,CIN,-0.3356567203300074,3.0,0.01796074153821703,1.0
2006,13,BAL,0.01796074153821703,1.0,-0.3356567203300074,3.0
2006,13,PHI,-1.7653663871460594,7.0,-0.4883868624456227,8.0
2006,13,CAR,-0.4883868624456227,8.0,-1.7653663871460594,7.0
2006,13,DAL,5.932838197860064,12.0,6.402661208678864,10.0
2006,13,NYG,6.402661208678864,10.0,5.932838197860064,12.0
2006,13,NE,1.6175585247444806,8.0,-2.249441122956341,4.0
2006,13,DET,-2.249441122956341,4.0,1.6175585247444806,8.0
2006,13,LV,-3.7662840123521164,2.0,1.0370584982351996,5.0
2006,13,HOU,1.0370584982351996,5.0,-3.7662840123521164,2.0
2006,13,IND,-3.19533676825813,6.0,2.396291014039889,11.0
2006,13,TEN,2.396291014039889,11.0,-3.19533676825813,6.0
2006,13,MIA,0.0,0.0,0.0,0.0
2006,13,JAX,0.0,0.0,0.0,0.0
2006,13,CLE,3.528322326256556,10.0,-2.0016885398654267,5.0
2006,13,KC,-2.0016885398654267,5.0,3.528322326256556,10.0
2006,13,CHI,0.0,0.0,0.0,0.0
2006,13,MIN,0.0,0.0,0.0,0.0
2006,13,NYJ,0.0,0.0,0.0,0.0
2006,13,GB,0.0,0.0,0.0,0.0
2006,13,BUF,0.01796074153821703,1.0,2.4965194814722054,5.0
2006,13,LAC,2.4965194814722054,5.0,0.01796074153821703,1.0
2006,13,SEA,0.6701988390996121,18.0,1.1245808027786088,6.0
2006,13,DEN,1.1245808027786088,6.0,0.6701988390996121,18.0
2006,13,SF,0.0,0.0,0.0,0.0
2006,13,NO,0.0,0.0,0.0,0.0
2006,13,TB,0.0,0.0,0.0,0.0
2006,13,PIT,0.0,0.0,0.0,0.0
2006,14,ATL,-3.4812405349803157,7.0,-4.799103927856777,2.0
2006,14,TB,-4.799103927856777,2.0,-3.4812405349803157,7.0
2006,14,KC,0.0,0.0,0.0,0.0
2006,14,BAL,0.0,0.0,0.0,0.0
2006,14,BUF,0.0,0.0,0.0,0.0
2006,14,NYJ,0.0,0.0,0.0,0.0
2006,14,CHI,0.0,0.0,0.0,0.0
2006,14,LA,0.0,0.0,0.0,0.0
2006,14,PIT,0.0,0.0,0.0,0.0
2006,14,CLE,0.0,0.0,0.0,0.0
2006,14,DEN,0.0,0.0,0.0,0.0
2006,14,LAC,0.0,0.0,0.0,0.0
2006,14,GB,0.0,0.0,0.0,0.0
2006,14,SF,0.0,0.0,0.0,0.0
2006,14,IND,0.0,0.0,0.0,0.0
2006,14,JAX,0.0,0.0,0.0,0.0
2006,14,MIN,0.0,0.0,0.0,0.0
2006,14,DET,0.0,0.0,0.0,0.0
2006,14,NE,0.0,0.0,0.0,0.0
2006,14,MIA,0.0,0.0,0.0,0.0
2006,14,NO,0.0,0.0,0.0,0.0
2006,14,DAL,0.0,0.0,0.0,0.0
2006,14,NYG,0.0,0.0,0.0,0.0
2006,14,CAR,0.0,0.0,0.0,0.0
2006,14,CIN,0.0,0.0,0.0,0.0
2006,14,LV,0.0,0.0,0.0,0.0
2006,14,PHI,-0.36718970932997763,11.0,0.0,0.0
2006,14,WAS,0.0,0.0,-0.36718970932997763,11.0
2006,14,SEA,-0.5444637979380786,10.0,-0.4285059932153672,5.0
2006,14,ARI,-0.4285059932153672,5.0,-0.5444637979380786,10.0
2006,14,TEN,2.1297371022847633,9.0,2.317779975477606,10.0
2006,14,HOU,2.317779975477606,10.0,2.1297371022847633,9.0
2006,15,CIN,0.0,0.0,0.0,0.0
2006,15,IND,0.0,0.0,0.0,0.0
2006,15,BAL,-2.450468205672223,4.0,0.0,0.0
2006,15,CLE,0.0,0.0,-2.450468205672223,4.0
2006,15,DAL,2.2436102151405066,4.0,0.0,0.0
2006,15,ATL,0.0,0.0,2.2436102151405066,4.0
2006,15,ARI,0.0,0.0,0.0,0.0
2006,15,DEN,0.0,0.0,0.0,0.0
2006,15,DET,-4.520643661671784,7.0,-0.11683910339638803,6.0
2006,15,GB,-0.11683910339638803,6.0,-4.520643661671784,7.0
2006,15,NE,0.0,0.0,0.0,0.0
2006,15,HOU,0.0,0.0,0.0,0.0
2006,15,JAX,-2.166618292855902,4.0,-2.6536634818767197,6.0
2006,15,TEN,-2.6536634818767197,6.0,-2.166618292855902,4.0
2006,15,KC,0.0,0.0,-1.4274831201764755,3.0
2006,15,LAC,-1.4274831201764755,3.0,0.0,0.0
2006,15,MIA,0.0,0.0,0.0,0.0
2006,15,BUF,0.0,0.0,0.0,0.0
2006,15,NYJ,0.0,0.0,0.0,0.0
2006,15,MIN,0.0,0.0,0.0,0.0
2006,15,PHI,4.925119482373819,5.0,-7.489522864576429,2.0
2006,15,NYG,-7.489522864576429,2.0,4.925119482373819,5.0
2006,15,PIT,0.0,0.0,0.0,0.0
2006,15,CAR,0.0,0.0,0.0,0.0
2006,15,SF,3.092632776591927,4.0,0.0,0.0
2006,15,SEA,0.0,0.0,3.092632776591927,4.0
2006,15,LV,0.0,0.0,0.0,0.0
2006,15,LA,0.0,0.0,0.0,0.0
2006,15,CHI,-5.010107668233104,10.0,2.4840898653535524,7.0
2006,15,TB,2.4840898653535524,7.0,-5.010107668233104,10.0
2006,15,WAS,0.06636431511024066,3.0,-0.7166240531951189,13.0
2006,15,NO,-0.7166240531951189,13.0,0.06636431511024066,3.0
2006,16,SF,0.01796074153821703,1.0,-0.3671886131633073,11.0
2006,16,ARI,-0.3671886131633073,11.0,0.01796074153821703,1.0
2006,16,PIT,0.0,0.0,0.0,0.0
2006,16,BAL,0.0,0.0,0.0,0.0
2006,16,ATL,-2.222568911325652,9.0,-0.42834663280518726,6.0
2006,16,CAR,-0.42834663280518726,6.0,-2.222568911325652,9.0
2006,16,CHI,-0.5357797798351385,4.0,-5.743424433574546,19.0
2006,16,DET,-5.743424433574546,19.0,-0.5357797798351385,4.0
2006,16,DEN,-1.362705722625833,6.0,6.084397132745607,13.0
2006,16,CIN,6.084397132745607,13.0,-1.362705722625833,6.0
2006,16,HOU,2.2013388846535236,7.0,4.050556633654252,5.0
2006,16,IND,4.050556633654252,5.0,2.2013388846535236,7.0
2006,16,LV,0.0,0.0,0.0,0.0
2006,16,KC,0.0,0.0,0.0,0.0
2006,16,MIN,-2.446767045679735,6.0,0.06988323127734475,9.0
2006,16,GB,0.06988323127734475,9.0,-2.446767045679735,6.0
2006,16,NE,0.21202406246447936,9.0,-2.7337126524610094,2.0
2006,16,JAX,-2.7337126524610094,2.0,0.21202406246447936,9.0
2006,16,NYG,0.0,0.0,0.0,0.0
2006,16,NO,0.0,0.0,0.0,0.0
2006,16,NYJ,2.5182455878239125,6.0,-1.5260536582500208,5.0
2006,16,MIA,-1.5260536582500208,5.0,2.5182455878239125,6.0
2006,16,DAL,0.0,0.0,0.0,0.0
2006,16,PHI,0.0,0.0,0.0,0.0
2006,16,SEA,-1.2686989742796868,10.0,4.7615192614073285,13.0
2006,16,LAC,4.7615192614073285,13.0,-1.2686989742796868,10.0
2006,16,CLE,0.0,0.0,0.0,0.0
2006,16,TB,0.0,0.0,0.0,0.0
2006,16,BUF,-0.8141115689650178,7.0,0.011430362646933645,7.0
2006,16,TEN,0.011430362646933645,7.0,-0.8141115689650178,7.0
2006,16,LA,-6.474173765571322,15.0,-2.4760993323870935,7.0
2006,16,WAS,-2.4760993323870935,7.0,-6.474173765571322,15.0
2006,17,LAC,-0.6462158500216901,9.0,0.0,0.0
2006,17,ARI,0.0,0.0,-0.6462158500216901,9.0
2006,17,ATL,-2.535166901827324,12.0,-0.5519249879871495,4.0
2006,17,PHI,-0.5519249879871495,4.0,-2.535166901827324,12.0
2006,17,BAL,0.0,0.0,0.0,0.0
2006,17,BUF,0.0,0.0,0.0,0.0
2006,17,NO,0.0,0.0,0.0,0.0
2006,17,CAR,0.0,0.0,0.0,0.0
2006,17,CLE,-5.600470501522068,4.0,-7.087149329076055,10.0
2006,17,HOU,-7.087149329076055,10.0,-5.600470501522068,4.0
2006,17,DET,0.5506283989963122,7.0,-6.05212512682192,15.0
2006,17,DAL,-6.05212512682192,15.0,0.5506283989963122,7.0
2006,17,GB,0.0,0.0,0.0,0.0
2006,17,CHI,0.0,0.0,0.0,0.0
2006,17,JAX,-0.947,1.0,-0.3955363354180008,15.0
2006,17,KC,-0.3955363354180008,15.0,-0.947,1.0
2006,17,IND,-1.2400929141440429,7.0,-0.40081271920061146,9.0
2006,17,MIA,-0.40081271920061146,9.0,-1.2400929141440429,7.0
2006,17,NE,0.0,0.0,0.0,0.0
2006,17,TEN,0.0,0.0,0.0,0.0
2006,17,WAS,-4.422518158327194,5.0,-5.14719067781698,10.0
2006,17,NYG,-5.14719067781698,10.0,-4.422518158327194,5.0
2006,17,LV,0.0,0.0,0.0,0.0
2006,17,NYJ,0.0,0.0,0.0,0.0
2006,17,PIT,2.5451890802942216,10.0,3.139063464714808,13.0
2006,17,CIN,3.139063464714808,13.0,2.5451890802942216,10.0
2006,17,TB,0.0,0.0,0.0,0.0
2006,17,SEA,0.0,0.0,0.0,0.0
2006,17,DEN,3.638760689301079,13.0,0.975751759367995,12.0
2006,17,SF,0.975751759367995,12.0,3.638760689301079,13.0
2006,17,MIN,0.0,0.0,0.0,0.0
2006,17,LA,0.0,0.0,0.0,0.0
2006,18,SEA,2.761356456947513,8.0,-0.6383601018460467,10.0
2006,18,DAL,-0.6383601018460467,10.0,2.761356456947513,8.0
2006,18,KC,0.0,0.0,0.0,0.0
2006,18,IND,0.0,0.0,0.0,0.0
2006,18,NYG,0.0,0.0,1.5520020467229187,10.0
2006,18,PHI,1.5520020467229187,10.0,0.0,0.0
2006,18,NE,0.0,0.0,0.0,0.0
2006,18,NYJ,0.0,0.0,0.0,0.0
2006,19,BAL,0.0,0.0,1.6967127779498696,10.0
2006,19,IND,1.6967127779498696,10.0,0.0,0.0
2006,19,LAC,-1.0309252209845,12.0,6.106841340763029,12.0
2006,19,NE,6.106841340763029,12.0,-1.0309252209845,12.0
2006,19,NO,-5.825678599299863,8.0,-2.4927096912870184,5.0
2006,19,PHI,-2.4927096912870184,5.0,-5.825678599299863,8.0
2006,19,CHI,-1.637579049548897,5.0,-2.9491512138047256,16.0
2006,19,SEA,-2.9491512138047256,16.0,-1.637579049548897,5.0
2006,20,NE,-4.091900283761788,14.0,3.594256008966487,14.0
2006,20,IND,3.594256008966487,14.0,-4.091900283761788,14.0
2006,20,NO,0.0,0.0,0.0,0.0
2006,20,CHI,0.0,0.0,0.0,0.0
2006,21,CHI,0.0,0.0,0.0,0.0
2006,21,IND,0.0,0.0,0.0,0.0
2007,1,SF,6.568660621884873,15.0,-0.8453238441143185,7.0
2007,1,ARI,-0.8453238441143185,7.0,6.568660621884873,15.0
2007,1,MIN,0.0,0.0,0.0,0.0
2007,1,ATL,0.0,0.0,0.0,0.0
2007,1,BAL,-3.8819393741432577,12.0,-3.581767352996394,3.0
2007,1,CIN,-3.581767352996394,3.0,-3.8819393741432577,12.0
2007,1,CAR,0.0,0.0,0.0,0.0
2007,1,LA,0.0,0.0,0.0,0.0
2007,1,LAC,0.0,0.0,0.0,0.0
2007,1,CHI,0.0,0.0,0.0,0.0
2007,1,BUF,-2.3462589748669416,5.0,-1.247226475388743,15.0
2007,1,DEN,-1.247226475388743,15.0,-2.3462589748669416,5.0
2007,1,LV,-9.421155073854607,7.0,6.287129680960905,12.0
2007,1,DET,6.287129680960905,12.0,-9.421155073854607,7.0
2007,1,HOU,0.0,0.0,0.0,0.0
2007,1,KC,0.0,0.0,0.0,0.0
2007,1,MIA,2.2664177589467727,13.0,-1.1385107392561622,7.0
2007,1,WAS,-1.1385107392561622,7.0,2.2664177589467727,13.0
2007,1,NYJ,0.0,0.0,0.0,0.0
2007,1,NE,0.0,0.0,0.0,0.0
2007,1,IND,0.0,0.0,0.0,0.0
2007,1,NO,0.0,0.0,0.0,0.0
2007,1,NYG,0.01796074153821703,1.0,6.574274578830227,5.0
2007,1,DAL,6.574274578830227,5.0,0.01796074153821703,1.0
2007,1,PHI,-3.658821224613348,6.0,-2.7539916802197695,12.0
2007,1,GB,-2.7539916802197695,12.0,-3.658821224613348,6.0
2007,1,CLE,0.0,0.0,0.0,0.0
2007,1,PIT,0.0,0.0,0.0,0.0
2007,1,TB,0.0,0.0,0.0,0.0
2007,1,SEA,0.0,0.0,0.0,0.0
2007,1,TEN,-3.1192471800604835,9.0,-1.664869098807685,4.0
2007,1,JAX,-1.664869098807685,4.0,-3.1192471800604835,9.0
2007,2,ATL,-1.872406194335781,7.0,-2.246001691208221,9.0
2007,2,JAX,-2.246001691208221,9.0,-1.872406194335781,7.0
2007,2,PIT,0.0,0.0,0.0,0.0
2007,2,BUF,0.0,0.0,0.0,0.0
2007,2,CIN,-0.002430685616901407,7.0,-0.6899366194265895,10.0
2007,2,CLE,-0.6899366194265895,10.0,-0.002430685616901407,7.0
2007,2,DAL,0.0,0.0,0.0,0.0
2007,2,MIA,0.0,0.0,0.0,0.0
2007,2,NYG,0.0,0.0,0.0,0.0
2007,2,GB,0.0,0.0,0.0,0.0
2007,2,HOU,0.0,0.0,0.0,0.0
2007,2,CAR,0.0,0.0,0.0,0.0
2007,2,TEN,-1.6094439076841809,8.0,-2.3470620096777566,9.0
2007,2,IND,-2.3470620096777566,9.0,-1.6094439076841809,8.0
2007,2,KC,0.0,0.0,0.0,0.0
2007,2,CHI,0.0,0.0,0.0,0.0
2007,2,MIN,-1.902052596269641,9.0,-1.347977686964441,13.0
2007,2,DET,-1.347977686964441,13.0,-1.902052596269641,9.0
2007,2,NO,0.0,0.0,0.0,0.0
2007,2,TB,0.0,0.0,0.0,0.0
2007,2,BAL,-1.5972388384398073,9.0,-0.9069483139276153,11.0
2007,2,NYJ,-0.9069483139276153,11.0,-1.5972388384398073,9.0
2007,2,LV,-0.5914941392838955,9.0,1.6292825936689042,9.0
2007,2,DEN,1.6292825936689042,9.0,-0.5914941392838955,9.0
2007,2,NE,0.0,0.0,0.0,0.0
2007,2,LAC,0.0,0.0,0.0,0.0
2007,2,SEA,-2.915593673213152,10.0,0.942387078597676,8.0
2007,2,ARI,0.942387078597676,8.0,-2.915593673213152,10.0
2007,2,SF,-3.714858979685232,10.0,-3.9911008084309287,15.0
2007,2,LA,-3.9911008084309287,15.0,-3.714858979685232,10.0
2007,2,WAS,0.17530435021035373,3.0,-0.47372728236950934,12.0
2007,2,PHI,-0.47372728236950934,12.0,0.17530435021035373,3.0
2007,3,BAL,2.422659137751907,10.0,2.5900278645567596,10.0
2007,3,ARI,2.5900278645567596,10.0,2.422659137751907,10.0
2007,3,BUF,0.0,0.0,0.0,0.0
2007,3,NE,0.0,0.0,0.0,0.0
2007,3,CAR,-0.6758160057943314,8.0,0.0,0.0
2007,3,ATL,0.0,0.0,-0.6758160057943314,8.0
2007,3,SEA,3.327968356145674,13.0,-1.0024467994370498,6.0
2007,3,CIN,-1.0024467994370498,6.0,3.327968356145674,13.0
2007,3,LV,-0.6085790054057725,9.0,-0.008762288543267438,11.0
2007,3,CLE,-0.008762288543267438,11.0,-0.6085790054057725,9.0
2007,3,CHI,0.0,0.0,0.0,0.0
2007,3,DAL,0.0,0.0,0.0,0.0
2007,3,DET,0.0,0.0,0.0,0.0
2007,3,PHI,0.0,0.0,0.0,0.0
2007,3,HOU,-0.016409067869916028,2.0,-0.7030131234787405,8.0
2007,3,IND,-0.7030131234787405,8.0,-0.016409067869916028,2.0
2007,3,JAX,-2.5477268114918843,5.0,-4.204804245498963,1.0
2007,3,DEN,-4.204804245498963,1.0,-2.5477268114918843,5.0
2007,3,MIA,0.01796074153821703,1.0,-0.434042960871011,5.0
2007,3,NYJ,-0.434042960871011,5.0,0.01796074153821703,1.0
2007,3,KC,-5.055295779078733,8.0,-3.294152083049994,14.0
2007,3,MIN,-3.294152083049994,14.0,-5.055295779078733,8.0
2007,3,WAS,-3.6987930524046533,20.0,-3.0366174753871746,5.0
2007,3,NYG,-3.0366174753871746,5.0,-3.6987930524046533,20.0
2007,3,GB,6.274225345787953,7.0,-6.58571221344755,10.0
2007,3,LAC,-6.58571221344755,10.0,6.274225345787953,7.0
2007,3,SF,0.0,0.0,0.0,0.0
2007,3,PIT,0.0,0.0,0.0,0.0
2007,3,LA,0.0,0.0,0.0,0.0
2007,3,TB,0.0,0.0,0.0,0.0
2007,3,TEN,0.0,0.0,0.0,0.0
2007,3,NO,0.0,0.0,0.0,0.0
2007,4,CLE,0.0,0.0,0.0,0.0
2007,4,BAL,0.0,0.0,0.0,0.0
2007,4,DET,8.782091199362185,4.0,0.017174650324169205,1.0
2007,4,CHI,0.017174650324169205,1.0,8.782091199362185,4.0
2007,4,DEN,0.0,0.0,0.0,0.0
2007,4,IND,0.0,0.0,0.0,0.0
2007,4,MIN,-2.043726214158222,5.0,-2.5025372481322847,5.0
2007,4,GB,-2.5025372481322847,5.0,-2.043726214158222,5.0
2007,4,ATL,0.0,0.0,0.0,0.0
2007,4,HOU,0.0,0.0,0.0,0.0
2007,4,LAC,0.0,0.0,0.0,0.0
2007,4,KC,0.0,0.0,0.0,0.0
2007,4,NE,0.0,0.0,0.0,0.0
2007,4,CIN,0.0,0.0,0.0,0.0
2007,4,BUF,-1.3069389529991895,6.0,-0.7884781031127668,9.0
2007,4,NYJ,-0.7884781031127668,9.0,-1.3069389529991895,6.0
2007,4,MIA,0.0,0.0,0.0,0.0
2007,4,LV,0.0,0.0,0.0,0.0
2007,4,NYG,0.0,0.0,0.0,0.0
2007,4,PHI,0.0,0.0,0.0,0.0
2007,4,ARI,-0.255997947009746,7.0,-0.36977468325852736,6.0
2007,4,PIT,-0.36977468325852736,6.0,-0.255997947009746,7.0
2007,4,SF,0.0,0.0,0.0,0.0
2007,4,SEA,0.0,0.0,0.0,0.0
2007,4,DAL,0.0,0.0,0.0,0.0
2007,4,LA,0.0,0.0,0.0,0.0
2007,4,TB,0.0,0.0,0.0,0.0
2007,4,CAR,0.0,0.0,0.0,0.0
2007,5,ARI,3.175460283731809,7.0,1.053,1.0
2007,5,LA,1.053,1.0,3.175460283731809,7.0
2007,5,ATL,-8.547995480825193,9.0,-9.105102944769897,8.0
2007,5,TEN,-9.105102944769897,8.0,-8.547995480825193,9.0
2007,5,BAL,-1.4437874947907403,7.0,-2.9847545615630224,5.0
2007,5,SF,-2.9847545615630224,5.0,-1.4437874947907403,7.0
2007,5,CAR,-0.8995260978204795,15.0,-8.259518100996502,8.0
2007,5,NO,-8.259518100996502,8.0,-0.8995260978204795,15.0
2007,5,GB,-0.8484536001924425,9.0,7.167932218527084,9.0
2007,5,CHI,7.167932218527084,9.0,-0.8484536001924425,9.0
2007,5,NE,0.0,0.0,0.0,0.0
2007,5,CLE,0.0,0.0,0.0,0.0
2007,5,BUF,-2.4446413604309782,4.0,7.867612608868629,18.0
2007,5,DAL,7.867612608868629,18.0,-2.4446413604309782,4.0
2007,5,WAS,0.0,0.0,0.0,0.0
2007,5,DET,0.0,0.0,0.0,0.0
2007,5,KC,0.0,0.0,0.0,0.0
2007,5,JAX,0.0,0.0,0.0,0.0
2007,5,HOU,2.995090847602114,8.0,-1.7883479245065246,10.0
2007,5,MIA,-1.7883479245065246,10.0,2.995090847602114,8.0
2007,5,NYJ,-7.711411196971312,6.0,-0.34244617726653814,2.0
2007,5,NYG,-0.34244617726653814,2.0,-7.711411196971312,6.0
2007,5,DEN,0.0,0.0,0.0,0.0
2007,5,LAC,0.0,0.0,0.0,0.0
2007,5,SEA,0.0,0.0,0.0,0.0
2007,5,PIT,0.0,0.0,0.0,0.0
2007,5,TB,0.0,0.0,0.0,0.0
2007,5,IND,0.0,0.0,0.0,0.0
2007,6,ARI,-0.8600688064470887,9.0,6.519229529949371,7.0
2007,6,CAR,6.519229529949371,7.0,-0.8600688064470887,9.0
2007,6,KC,-0.04164505866356194,2.0,0.0,0.0
2007,6,CIN,0.0,0.0,-0.04164505866356194,2.0
2007,6,HOU,0.0,0.0,0.0,0.0
2007,6,JAX,0.0,0.0,0.0,0.0
2007,6,CLE,0.0,0.0,0.0,0.0
2007,6,MIA,0.0,0.0,0.0,0.0
2007,6,CHI,6.502494115856733,4.0,6.064182722941041,11.0
2007,6,MIN,6.064182722941041,11.0,6.502494115856733,4.0
2007,6,DAL,0.0,0.0,0.0,0.0
2007,6,NE,0.0,0.0,0.0,0.0
2007,6,SEA,0.0,0.0,0.0,0.0
2007,6,NO,0.0,0.0,0.0,0.0
2007,6,ATL,0.0,0.0,0.0,0.0
2007,6,NYG,0.0,0.0,0.0,0.0
2007,6,LAC,6.327394318534061,5.0,0.0,0.0
2007,6,LV,0.0,0.0,6.327394318534061,5.0
2007,6,NYJ,-4.469795379030984,4.0,0.2847707560285926,8.0
2007,6,PHI,0.2847707560285926,8.0,-4.469795379030984,4.0
2007,6,BAL,0.0,0.0,0.0,0.0
2007,6,LA,0.0,0.0,0.0,0.0
2007,6,TB,2.4671302759088576,8.0,3.7918378666261097,11.0
2007,6,TEN,3.7918378666261097,11.0,2.4671302759088576,8.0
2007,6,GB,-5.902263796248008,6.0,-4.590156939288136,9.0
2007,6,WAS,-4.590156939288136,9.0,-5.902263796248008,6.0
2007,7,ARI,2.958799983651377,16.0,-2.310274926421698,6.0
2007,7,WAS,-2.310274926421698,6.0,2.958799983651377,16.0
2007,7,ATL,0.2945268072653562,9.0,-0.3742408831603825,7.0
2007,7,NO,-0.3742408831603825,7.0,0.2945268072653562,9.0
2007,7,BUF,-3.3393718833685853,10.0,-4.999568178609479,8.0
2007,7,BAL,-4.999568178609479,8.0,-3.3393718833685853,10.0
2007,7,PHI,-1.6357663618939577,11.0,5.014182601594029,19.0
2007,7,CHI,5.014182601594029,19.0,-1.6357663618939577,11.0
2007,7,IND,0.0,0.0,0.0,0.0
2007,7,JAX,0.0,0.0,0.0,0.0
2007,7,LV,-4.442333328537643,4.0,-5.276314219809137,8.0
2007,7,KC,-5.276314219809137,8.0,-4.442333328537643,4.0
2007,7,DAL,0.0,0.0,0.0,0.0
2007,7,MIN,0.0,0.0,0.0,0.0
2007,7,NE,0.0,0.0,0.0,0.0
2007,7,MIA,0.0,0.0,0.0,0.0
2007,7,CIN,-1.7789955221815035,7.0,-7.98548355337698,8.0
2007,7,NYJ,-7.98548355337698,8.0,-1.7789955221815035,7.0
2007,7,PIT,4.764901813822461,8.0,2.4842715706909075,9.0
2007,7,DEN,2.4842715706909075,9.0,4.764901813822461,8.0
2007,7,NYG,0.0,0.0,0.0,0.0
2007,7,SF,0.0,0.0,0.0,0.0
2007,7,LA,0.0,0.0,0.0,0.0
2007,7,SEA,0.0,0.0,0.0,0.0
2007,7,TB,0.0,0.0,-0.4662740380736068,3.0
2007,7,DET,-0.4662740380736068,3.0,0.0,0.0
2007,7,TEN,0.41500262648332864,9.0,5.51983449591364,6.0
2007,7,HOU,5.51983449591364,6.0,0.41500262648332864,9.0
2007,8,BUF,7.4973884804639965,2.0,0.0,0.0
2007,8,NYJ,0.0,0.0,7.4973884804639965,2.0
2007,8,LA,-4.063043269736227,12.0,-1.1522759192157537,5.0
2007,8,CLE,-1.1522759192157537,5.0,-4.063043269736227,12.0
2007,8,CHI,0.0,0.0,0.0,0.0
2007,8,DET,0.0,0.0,0.0,0.0
2007,8,DEN,2.866492884233594,12.0,-1.5761552540352568,5.0
2007,8,GB,-1.5761552540352568,5.0,2.866492884233594,12.0
2007,8,LAC,0.0,0.0,0.0,0.0
2007,8,HOU,0.0,0.0,0.0,0.0
2007,8,CAR,0.0,0.0,0.0,0.0
2007,8,IND,0.0,0.0,0.0,0.0
2007,8,JAX,-0.5948988504824229,9.0,-1.3415696446900256,8.0
2007,8,TB,-1.3415696446900256,8.0,-0.5948988504824229,9.0
2007,8,SF,0.0,0.0,0.0,0.0
2007,8,NO,0.0,0.0,0.0,0.0
2007,8,MIA,0.01796074153821703,1.0,-0.19071971555240452,4.0
2007,8,NYG,-0.19071971555240452,4.0,0.01796074153821703,1.0
2007,8,TEN,-2.031841983378399,6.0,-3.4908783637802117,11.0
2007,8,LV,-3.4908783637802117,11.0,-2.031841983378399,6.0
2007,8,PHI,-0.6240200505708344,6.0,-3.000176465662662,5.0
2007,8,MIN,-3.000176465662662,5.0,-0.6240200505708344,6.0
2007,8,PIT,0.0,0.0,0.0,0.0
2007,8,CIN,0.0,0.0,0.0,0.0
2007,8,WAS,0.0,0.0,0.0,0.0
2007,8,NE,0.0,0.0,0.0,0.0
2007,9,ARI,-3.72426598216407,5.0,-5.035343498107977,13.0
2007,9,TB,-5.035343498107977,13.0,-3.72426598216407,5.0
2007,9,PIT,0.0,0.0,0.0,0.0
2007,9,BAL,0.0,0.0,0.0,0.0
2007,9,TEN,0.0,0.0,0.0,0.0
2007,9,CAR,0.0,0.0,0.0,0.0
2007,9,BUF,6.248231014818884,4.0,-1.3160712253302336,2.0
2007,9,CIN,-1.3160712253302336,2.0,6.248231014818884,4.0
2007,9,PHI,0.0,0.0,0.0,0.0
2007,9,DAL,0.0,0.0,0.0,0.0
2007,9,DEN,0.0,0.0,0.0,0.0
2007,9,DET,0.0,0.0,0.0,0.0
2007,9,KC,-11.412717344181146,9.0,5.908968801323453,9.0
2007,9,GB,5.908968801323453,9.0,-11.412717344181146,9.0
2007,9,LV,0.01796074153821703,1.0,-0.2968923232983798,4.0
2007,9,HOU,-0.2968923232983798,4.0,0.01796074153821703,1.0
2007,9,NO,0.0,0.0,0.0,0.0
2007,9,JAX,0.0,0.0,0.0,0.0
2007,9,IND,-5.721904808713589,9.0,2.376041923466265,10.0
2007,9,NE,2.376041923466265,10.0,-5.721904808713589,9.0
2007,9,LAC,0.0,0.0,0.0,0.0
2007,9,MIN,0.0,0.0,0.0,0.0
2007,9,SEA,2.334396655438468,14.0,6.4312450556755065,10.0
2007,9,CLE,6.4312450556755065,10.0,2.334396655438468,14.0
2007,9,ATL,-2.4643558964598924,10.0,-5.310058151313569,9.0
2007,9,SF,-5.310058151313569,9.0,-2.4643558964598924,10.0
2007,9,NYJ,2.689910363755189,15.0,-0.012556810077512637,3.0
2007,9,WAS,-0.012556810077512637,3.0,2.689910363755189,15.0
2007,10,CAR,-4.2282375853392296,12.0,3.7965254050257036,10.0
2007,10,ATL,3.7965254050257036,10.0,-4.2282375853392296,12.0
2007,10,MIA,-4.629991147201508,7.0,-0.20664324518293142,11.0
2007,10,BUF,-0.20664324518293142,11.0,-4.629991147201508,7.0
2007,10,LV,-7.922262741893064,8.0,6.425877267440909,10.0
2007,10,CHI,6.425877267440909,10.0,-7.922262741893064,8.0
2007,10,CIN,0.0,0.0,0.0,0.0
2007,10,BAL,0.0,0.0,0.0,0.0
2007,10,PIT,1.9768916489017547,10.0,-1.4523013904108666,13.0
2007,10,CLE,-1.4523013904108666,13.0,1.9768916489017547,10.0
2007,10,DAL,0.0,0.0,0.0,0.0
2007,10,NYG,0.0,0.0,0.0,0.0
2007,10,DEN,0.0,0.0,0.0,0.0
2007,10,KC,0.0,0.0,0.0,0.0
2007,10,ARI,0.0,0.0,0.0,0.0
2007,10,DET,0.0,0.0,0.0,0.0
2007,10,LAC,-0.7253230656788219,4.0,-3.863360385206761,12.0
2007,10,IND,-3.863360385206761,12.0,-0.7253230656788219,4.0
2007,10,TEN,0.0,0.0,4.128048998303711,2.0
2007,10,JAX,4.128048998303711,2.0,0.0,0.0
2007,10,MIN,0.0,0.0,0.0,0.0
2007,10,GB,0.0,0.0,0.0,0.0
2007,10,PHI,6.924244124432223,9.0,-9.651160182402236,17.0
2007,10,WAS,-9.651160182402236,17.0,6.924244124432223,9.0
2007,10,SF,0.0,0.0,0.0,0.0
2007,10,SEA,0.0,0.0,0.0,0.0
2007,10,NO,0.0,0.0,-0.185443198250141,2.0
2007,10,LA,-0.185443198250141,2.0,0.0,0.0
2007,11,ARI,-1.9968742816708982,6.0,-2.8240432371385396,14.0
2007,11,CIN,-2.8240432371385396,14.0,-1.9968742816708982,6.0
2007,11,CAR,0.0,0.0,0.0,0.0
2007,11,GB,0.0,0.0,0.0,0.0
2007,11,CHI,0.0,0.0,-0.4425161509134341,6.0
2007,11,SEA,-0.4425161509134341,6.0,0.0,0.0
2007,11,CLE,1.8340655797510408,10.0,6.506099613154901,14.0
2007,11,BAL,6.506099613154901,14.0,1.8340655797510408,10.0
2007,11,KC,0.0024920461582951248,2.0,1.086605431046337,11.0
2007,11,IND,1.086605431046337,11.0,0.0024920461582951248,2.0
2007,11,MIA,0.0,0.0,0.0,0.0
2007,11,PHI,0.0,0.0,0.0,0.0
2007,11,BUF,0.0,0.0,0.0,0.0
2007,11,NE,0.0,0.0,0.0,0.0
2007,11,HOU,0.0,0.0,0.0,0.0
2007,11,NO,0.0,0.0,0.0,0.0
2007,11,DET,-3.299272227458995,9.0,-3.8407539383042604,11.0
2007,11,NYG,-3.8407539383042604,11.0,-3.299272227458995,9.0
2007,11,MIN,-1.1073174321791157,7.0,-0.36450059327762574,11.0
2007,11,LV,-0.36450059327762574,11.0,-1.1073174321791157,7.0
2007,11,NYJ,0.1731705031124875,16.0,-2.2251562441233546,9.0
2007,11,PIT,-2.2251562441233546,9.0,0.1731705031124875,16.0
2007,11,LAC,-3.1546024691779166,4.0,-3.8070241967216134,8.0
2007,11,JAX,-3.8070241967216134,8.0,-3.1546024691779166,4.0
2007,11,LA,-2.600699549075216,7.0,1.0828273626975715,20.0
2007,11,SF,1.0828273626975715,20.0,-2.600699549075216,7.0
2007,11,ATL,0.0,0.0,0.0,0.0
2007,11,TB,0.0,0.0,0.0,0.0
2007,11,TEN,0.0,0.0,0.0,0.0
2007,11,DEN,0.0,0.0,0.0,0.0
2007,11,DAL,-3.9467796792741865,9.0,-3.377237584786827,13.0
2007,11,WAS,-3.377237584786827,13.0,-3.9467796792741865,9.0
2007,12,BAL,0.0,0.0,0.0,0.0
2007,12,LAC,0.0,0.0,0.0,0.0
2007,12,BUF,0.0,0.0,5.454917659983039,3.0
2007,12,JAX,5.454917659983039,3.0,0.0,0.0
2007,12,CHI,5.930587162268011,14.0,-1.825445985305123,8.0
2007,12,DEN,-1.825445985305123,8.0,5.930587162268011,14.0
2007,12,DET,0.0,0.0,2.3347871059086174,8.0
2007,12,GB,2.3347871059086174,8.0,0.0,0.0
2007,12,HOU,0.0,0.0,0.0,0.0
2007,12,CLE,0.0,0.0,0.0,0.0
2007,12,ATL,0.0,0.0,0.0,0.0
2007,12,IND,0.0,0.0,0.0,0.0
2007,12,PIT,0.17861684499075636,10.0,-1.1938016100029927,6.0
2007,12,MIA,-1.1938016100029927,6.0,0.17861684499075636,10.0
2007,12,MIN,0.0,0.0,0.0,0.0
2007,12,NYG,0.0,0.0,0.0,0.0
2007,12,CAR,0.0,0.0,0.0,0.0
2007,12,NO,0.0,0.0,0.0,0.0
2007,12,DAL,0.0,0.0,0.0,0.0
2007,12,NYJ,0.0,0.0,0.0,0.0
2007,12,KC,-3.8015196081832983,2.0,-0.7562494522426277,8.0
2007,12,LV,-0.7562494522426277,8.0,-3.8015196081832983,2.0
2007,12,PHI,-4.274939025257481,4.0,-1.9927440508909058,9.0
2007,12,NE,-1.9927440508909058,9.0,-4.274939025257481,4.0
2007,12,SEA,-3.526827412948478,6.0,-1.776166930270847,10.0
2007,12,LA,-1.776166930270847,10.0,-3.526827412948478,6.0
2007,12,ARI,1.0754195193294436,9.0,5.868411622042969,7.0
2007,12,SF,5.868411622042969,7.0,1.0754195193294436,9.0
2007,12,TEN,0.0,0.0,0.0,0.0
2007,12,CIN,0.0,0.0,0.0,0.0
2007,12,TB,-1.3640996278263628,5.0,-3.5079127001808956,14.0
2007,12,WAS,-3.5079127001808956,14.0,-1.3640996278263628,5.0
2007,13,LA,2.342223669111263,6.0,-8.960328796354588,7.0
2007,13,ATL,-8.960328796354588,7.0,2.342223669111263,6.0
2007,13,WAS,-1.9028470922494307,11.0,0.9467125390074216,10.0
2007,13,BUF,0.9467125390074216,10.0,-1.9028470922494307,11.0
2007,13,CIN,0.0,0.0,0.0,0.0
2007,13,PIT,0.0,0.0,0.0,0.0
2007,13,CLE,-0.3440904082963243,11.0,0.9119316235883161,9.0
2007,13,ARI,0.9119316235883161,9.0,-0.3440904082963243,11.0
2007,13,LV,2.604353817499941,4.0,0.0,0.0
2007,13,DEN,0.0,0.0,2.604353817499941,4.0
2007,13,DET,0.0,0.0,0.0,0.0
2007,13,MIN,0.0,0.0,0.0,0.0
2007,13,GB,0.0,0.0,1.3789634179556742,9.0
2007,13,DAL,1.3789634179556742,9.0,0.0,0.0
2007,13,HOU,-2.2755698155378923,5.0,-2.8021348022157326,12.0
2007,13,TEN,-2.8021348022157326,12.0,-2.2755698155378923,5.0
2007,13,IND,-0.9057889375835657,7.0,1.053,1.0
2007,13,JAX,1.053,1.0,-0.9057889375835657,7.0
2007,13,NE,6.2994656894632035,16.0,-2.0512606611591764,8.0
2007,13,BAL,-2.0512606611591764,8.0,6.2994656894632035,16.0
2007,13,NYG,6.553954777661374,10.0,-0.7383686590474099,12.0
2007,13,CHI,-0.7383686590474099,12.0,6.553954777661374,10.0
2007,13,NYJ,0.0,0.0,0.0,0.0
2007,13,MIA,0.0,0.0,0.0,0.0
2007,13,LAC,0.0,0.0,0.0,0.0
2007,13,KC,0.0,0.0,0.0,0.0
2007,13,PHI,-7.639474676921964,10.0,-6.638111756648868,6.0
2007,13,SEA,-6.638111756648868,6.0,-7.639474676921964,10.0
2007,13,SF,0.0,0.0,0.0,0.0
2007,13,CAR,0.0,0.0,0.0,0.0
2007,13,TB,3.4163303387962616,11.0,-4.285905123571865,11.0
2007,13,NO,-4.285905123571865,11.0,3.4163303387962616,11.0
2007,14,ARI,0.0,0.0,0.0,0.0
2007,14,SEA,0.0,0.0,0.0,0.0
2007,14,CAR,0.0,0.0,0.0,0.0
2007,14,JAX,0.0,0.0,0.0,0.0
2007,14,CHI,0.0,0.0,3.7087643169797957,7.0
2007,14,WAS,3.7087643169797957,7.0,0.0,0.0
2007,14,NYJ,0.28981406537070864,8.0,4.343460525215732,10.0
2007,14,CLE,4.343460525215732,10.0,0.28981406537070864,8.0
2007,14,DAL,6.401389773111451,13.0,0.6304881118703634,13.0
2007,14,DET,0.6304881118703634,13.0,6.401389773111451,13.0
2007,14,IND,0.0,0.0,0.0,0.0
2007,14,BAL,0.0,0.0,0.0,0.0
2007,14,DEN,0.0,0.0,0.0,0.0
2007,14,KC,0.0,0.0,0.0,0.0
2007,14,BUF,0.0,0.0,0.0,0.0
2007,14,MIA,0.0,0.0,0.0,0.0
2007,14,SF,0.0,0.0,0.0,0.0
2007,14,MIN,0.0,0.0,0.0,0.0
2007,14,ATL,0.0,0.0,0.0,0.0
2007,14,NO,0.0,0.0,0.0,0.0
2007,14,PHI,-2.3296175666619092,11.0,-1.6019364011008292,5.0
2007,14,NYG,-1.6019364011008292,5.0,-2.3296175666619092,11.0
2007,14,LV,0.0,0.0,0.0,0.0
2007,14,GB,0.0,0.0,0.0,0.0
2007,14,NE,0.0,0.0,0.0,0.0
2007,14,PIT,0.0,0.0,0.0,0.0
2007,14,LAC,6.217367251058703,16.0,-2.514982681896072,7.0
2007,14,TEN,-2.514982681896072,7.0,6.217367251058703,16.0
2007,14,LA,0.0,0.0,1.9979023977648467,7.0
2007,14,CIN,1.9979023977648467,7.0,0.0,0.0
2007,14,TB,0.0,0.0,0.0,0.0
2007,14,HOU,0.0,0.0,0.0,0.0
2007,15,NO,-1.3297405454795808,8.0,0.0,0.0
2007,15,ARI,0.0,0.0,-1.3297405454795808,8.0
2007,15,ATL,0.0,0.0,0.0,0.0
2007,15,TB,0.0,0.0,0.0,0.0
2007,15,BAL,2.5879208963597193,12.0,0.3647246469336096,11.0
2007,15,MIA,0.3647246469336096,11.0,2.5879208963597193,12.0
2007,15,CLE,-1.9196470160968602,8.0,-0.880505780223757,12.0
2007,15,BUF,-0.880505780223757,12.0,-1.9196470160968602,8.0
2007,15,CHI,-0.455267051467672,5.0,-2.265885207336396,8.0
2007,15,MIN,-2.265885207336396,8.0,-0.455267051467672,5.0
2007,15,CIN,-2.475513336947188,9.0,-0.9344276180490851,7.0
2007,15,SF,-0.9344276180490851,7.0,-2.475513336947188,9.0
2007,15,HOU,0.0,0.0,0.0,0.0
2007,15,DEN,0.0,0.0,0.0,0.0
2007,15,DET,0.0,0.0,0.0,0.0
2007,15,LAC,0.0,0.0,0.0,0.0
2007,15,GB,0.0,0.0,0.0,0.0
2007,15,LA,0.0,0.0,0.0,0.0
2007,15,LV,-0.6150754776317626,9.0,3.7210996344657614,8.0
2007,15,IND,3.7210996344657614,8.0,-0.6150754776317626,9.0
2007,15,PIT,-0.5225627368781716,8.0,4.944317224556243,10.0
2007,15,JAX,4.944317224556243,10.0,-0.5225627368781716,8.0
2007,15,NE,1.7354144115233794,5.0,0.0,0.0
2007,15,NYJ,0.0,0.0,1.7354144115233794,5.0
2007,15,PHI,-1.6916513411561027,7.0,-1.1086701547028497,4.0
2007,15,DAL,-1.1086701547028497,4.0,-1.6916513411561027,7.0
2007,15,CAR,4.246802277280949,7.0,-2.9902001430702976,8.0
2007,15,SEA,-2.9902001430702976,8.0,4.246802277280949,7.0
2007,15,TEN,0.0,0.0,0.0,0.0
2007,15,KC,0.0,0.0,0.0,0.0
2007,15,NYG,0.0,0.0,0.0,0.0
2007,15,WAS,0.0,0.0,0.0,0.0
2007,16,ARI,-0.008406281122006476,16.0,3.1383804218240234,12.0
2007,16,ATL,3.1383804218240234,12.0,-0.008406281122006476,16.0
2007,16,SEA,0.0,0.0,0.0,0.0
2007,16,BAL,0.0,0.0,0.0,0.0
2007,16,CIN,-2.0286931802984327,7.0,-0.0639513770584017,11.0
2007,16,CLE,-0.0639513770584017,11.0,-2.0286931802984327,7.0
2007,16,DAL,-0.47700724354945123,8.0,0.0,0.0
2007,16,CAR,0.0,0.0,-0.47700724354945123,8.0
2007,16,DEN,0.0,0.0,0.0,0.0
2007,16,LAC,0.0,0.0,0.0,0.0
2007,16,CHI,0.0,0.0,0.0,0.0
2007,16,GB,0.0,0.0,0.0,0.0
2007,16,HOU,0.0,0.0,0.0,0.0
2007,16,IND,0.0,0.0,0.0,0.0
2007,16,DET,-2.0885802052216604,8.0,-5.443135067063849,17.0
2007,16,KC,-5.443135067063849,17.0,-2.0885802052216604,8.0
2007,16,MIA,0.0,0.0,0.0,0.0
2007,16,NE,0.0,0.0,0.0,0.0
2007,16,BUF,0.0,0.0,0.0,0.0
2007,16,NYG,0.0,0.0,0.0,0.0
2007,16,TEN,-3.1494219062733464,7.0,-2.367355157097336,9.0
2007,16,NYJ,-2.367355157097336,9.0,-3.1494219062733464,7.0
2007,16,LV,0.0,0.0,0.0,0.0
2007,16,JAX,0.0,0.0,0.0,0.0
2007,16,PHI,2.832303721574135,4.0,0.0,0.0
2007,16,NO,0.0,0.0,2.832303721574135,4.0
2007,16,LA,0.0,0.0,0.15603427586841168,1.0
2007,16,PIT,0.15603427586841168,1.0,0.0,0.0
2007,16,SF,-2.4591789728729054,10.0,4.754932734926231,9.0
2007,16,TB,4.754932734926231,9.0,-2.4591789728729054,10.0
2007,16,WAS,0.0,0.0,0.0,0.0
2007,16,MIN,0.0,0.0,0.0,0.0
2007,17,BUF,-2.7482734108925797,5.0,-0.18302185973152518,9.0
2007,17,PHI,-0.18302185973152518,9.0,-2.7482734108925797,5.0
2007,17,TB,-6.32422863622196,5.0,-2.44188527087681,8.0
2007,17,CAR,-2.44188527087681,8.0,-6.32422863622196,5.0
2007,17,MIA,0.0,0.0,0.0,0.0
2007,17,CIN,0.0,0.0,0.0,0.0
2007,17,WAS,0.0,0.0,0.0,0.0
2007,17,DAL,0.0,0.0,0.0,0.0
2007,17,DET,0.0,0.0,0.0,0.0
2007,17,GB,0.0,0.0,0.0,0.0
2007,17,JAX,0.0,0.0,0.0,0.0
2007,17,HOU,0.0,0.0,0.0,0.0
2007,17,NYJ,-0.6648561366600916,10.0,5.069101546080446,12.0
2007,17,KC,5.069101546080446,12.0,-0.6648561366600916,10.0
2007,17,DEN,-3.007888500462286,12.0,6.42776560799405,10.0
2007,17,MIN,6.42776560799405,10.0,-3.007888500462286,12.0
2007,17,NYG,0.01796074153821703,1.0,1.7165253662969917,5.0
2007,17,NE,1.7165253662969917,5.0,0.01796074153821703,1.0
2007,17,CHI,-0.000362460152246058,2.0,0.0,0.0
2007,17,NO,0.0,0.0,-0.000362460152246058,2.0
2007,17,PIT,-0.209777995241212,5.0,-0.7305352102266625,9.0
2007,17,BAL,-0.7305352102266625,9.0,-0.209777995241212,5.0
2007,17,LV,0.0,0.0,0.0,0.0
2007,17,LAC,0.0,0.0,0.0,0.0
2007,17,SEA,0.017174650324169205,1.0,-2.1753221266553737,7.0
2007,17,ATL,-2.1753221266553737,7.0,0.017174650324169205,1.0
2007,17,SF,0.0,0.0,0.0,0.0
2007,17,CLE,0.0,0.0,0.0,0.0
2007,17,LA,0.0,0.0,0.0,0.0
2007,17,ARI,0.0,0.0,0.0,0.0
2007,17,TEN,-2.79383709927788,11.0,-4.574829201272223,5.0
2007,17,IND,-4.574829201272223,5.0,-2.79383709927788,11.0
2007,18,PIT,-4.7374318345682696,6.0,-3.0547121194540523,14.0
2007,18,JAX,-3.0547121194540523,14.0,-4.7374318345682696,6.0
2007,18,NYG,0.0,0.0,0.0,0.0
2007,18,TB,0.0,0.0,0.0,0.0
2007,18,TEN,0.0,0.0,0.0,0.0
2007,18,LAC,0.0,0.0,0.0,0.0
2007,18,WAS,0.0,0.0,0.0,0.0
2007,18,SEA,0.0,0.0,0.0,0.0
2007,19,JAX,0.0,0.0,0.0,0.0
2007,19,NE,0.0,0.0,0.0,0.0
2007,19,NYG,-2.348446889431216,5.0,-3.771737041999586,13.0
2007,19,DAL,-3.771737041999586,13.0,-2.348446889431216,5.0
2007,19,IND,-4.003511296468787,16.0,-2.2503212014067584,8.0
2007,19,LAC,-2.2503212014067584,8.0,-4.003511296468787,16.0
2007,19,GB,0.0,0.0,0.0,0.0
2007,19,SEA,0.0,0.0,0.0,0.0
2007,20,GB,-2.394032022159081,5.0,-3.9310983192990534,13.0
2007,20,NYG,-3.9310983192990534,13.0,-2.394032022159081,5.0
2007,20,LAC,0.0,0.0,0.0,0.0
2007,20,NE,0.0,0.0,0.0,0.0
2007,21,NYG,4.684678270688948,15.0,1.2349439764257675,12.0
2007,21,NE,1.2349439764257675,12.0,4.684678270688948,15.0
2008,1,SF,0.0,0.0,-0.6742493202327751,6.0
2008,1,ARI,-0.6742493202327751,6.0,0.0,0.0
2008,1,CAR,6.2464109690670275,13.0,3.336679931443313,8.0
2008,1,LAC,3.336679931443313,8.0,6.2464109690670275,13.0
2008,1,IND,0.0,0.0,0.0,0.0
2008,1,CHI,0.0,0.0,0.0,0.0
2008,1,BAL,-2.332314284227323,9.0,0.0,0.0
2008,1,CIN,0.0,0.0,-2.332314284227323,9.0
2008,1,CLE,0.0,0.0,0.0,0.0
2008,1,DAL,0.0,0.0,0.0,0.0
2008,1,LV,0.0,0.0,0.0,0.0
2008,1,DEN,0.0,0.0,0.0,0.0
2008,1,ATL,0.0,0.0,0.0,0.0
2008,1,DET,0.0,0.0,0.0,0.0
2008,1,HOU,0.0,0.0,0.0,0.0
2008,1,PIT,0.0,0.0,0.0,0.0
2008,1,JAX,-0.026446237723575905,2.0,5.056126527575543,13.0
2008,1,TEN,5.056126527575543,13.0,-0.026446237723575905,2.0
2008,1,NE,-0.48826507257763296,8.0,-0.5376874019857496,9.0
2008,1,KC,-0.5376874019857496,9.0,-0.48826507257763296,8.0
2008,1,GB,-1.5363941934192553,7.0,-0.8563814563633523,5.0
2008,1,MIN,-0.8563814563633523,5.0,-1.5363941934192553,7.0
2008,1,MIA,-1.4300639571695237,9.0,-1.9406928857206367,7.0
2008,1,NYJ,-1.9406928857206367,7.0,-1.4300639571695237,9.0
2008,1,BUF,0.0,0.0,0.0,0.0
2008,1,SEA,0.0,0.0,0.0,0.0
2008,1,PHI,0.0,0.0,0.0,0.0
2008,1,LA,0.0,0.0,0.0,0.0
2008,1,NO,-2.103374447731767,5.0,-3.462842775101308,10.0
2008,1,TB,-3.462842775101308,10.0,-2.103374447731767,5.0
2008,1,NYG,0.0,0.0,0.0,0.0
2008,1,WAS,0.0,0.0,0.0,0.0
2008,2,ATL,0.0,0.0,6.984726527938619,3.0
2008,2,TB,6.984726527938619,3.0,0.0,0.0
2008,2,BUF,4.587959931760223,10.0,-3.7422273799893446,8.0
2008,2,JAX,-3.7422273799893446,8.0,4.587959931760223,10.0
2008,2,CHI,-3.7997943507507443,9.0,-0.4871464791897333,10.0
2008,2,CAR,-0.4871464791897333,10.0,-3.7997943507507443,9.0
2008,2,GB,3.1515716363705097,4.0,0.0,0.0
2008,2,DET,0.0,0.0,3.1515716363705097,4.0
2008,2,IND,-0.004943661333527416,13.0,-4.131407199194655,8.0
2008,2,MIN,-4.131407199194655,8.0,-0.004943661333527416,13.0
2008,2,MIA,0.0,0.0,0.0,0.0
2008,2,ARI,0.0,0.0,0.0,0.0
2008,2,NYJ,0.0,0.0,0.0,0.0
2008,2,NE,0.0,0.0,0.0,0.0
2008,2,NO,-5.398489527055062,6.0,3.230324039123615,8.0
2008,2,WAS,3.230324039123615,8.0,-5.398489527055062,6.0
2008,2,NYG,0.0,0.0,0.0,0.0
2008,2,LA,0.0,0.0,0.0,0.0
2008,2,KC,-2.8532298306236044,5.0,3.765798326698132,8.0
2008,2,LV,3.765798326698132,8.0,-2.8532298306236044,5.0
2008,2,PHI,-2.6641817470663227,13.0,-1.2773138094300984,8.0
2008,2,DAL,-1.2773138094300984,8.0,-2.6641817470663227,13.0
2008,2,CLE,-1.3405746447388083,7.0,-0.5766801976715215,9.0
2008,2,PIT,-0.5766801976715215,9.0,-1.3405746447388083,7.0
2008,2,DEN,7.530603926556185,14.0,7.024694772131741,6.0
2008,2,LAC,7.024694772131741,6.0,7.530603926556185,14.0
2008,2,SF,-2.621409255429171,12.0,-2.550412642536685,7.0
2008,2,SEA,-2.550412642536685,7.0,-2.621409255429171,12.0
2008,2,CIN,0.0,0.0,0.0,0.0
2008,2,TEN,0.0,0.0,0.0,0.0
2008,3,ARI,-1.898503880482167,4.0,-5.406104655237868,10.0
2008,3,WAS,-5.406104655237868,10.0,-1.898503880482167,4.0
2008,3,CAR,0.0,0.0,0.0,0.0
2008,3,MIN,0.0,0.0,0.0,0.0
2008,3,NYG,6.374435795358976,11.0,6.144989592434967,14.0
2008,3,CIN,6.144989592434967,14.0,6.374435795358976,11.0
2008,3,CLE,0.0,0.0,0.0,0.0
2008,3,BAL,0.0,0.0,0.0,0.0
2008,3,GB,0.0,0.0,0.0,0.0
2008,3,DAL,0.0,0.0,0.0,0.0
2008,3,DET,0.0,0.0,0.0,0.0
2008,3,SF,0.0,0.0,0.0,0.0
2008,3,HOU,0.0,0.0,0.0,0.0
2008,3,TEN,0.0,0.0,0.0,0.0
2008,3,IND,6.031558419523264,14.0,1.9269532540347427,14.0
2008,3,JAX,1.9269532540347427,14.0,6.031558419523264,14.0
2008,3,ATL,0.0,0.0,0.0,0.0
2008,3,KC,0.0,0.0,0.0,0.0
2008,3,NE,0.0,0.0,0.0,0.0
2008,3,MIA,0.0,0.0,0.0,0.0
2008,3,NO,-1.4495993621239904,8.0,-0.9902019735018257,4.0
2008,3,DEN,-0.9902019735018257,4.0,-1.4495993621239904,8.0
2008,3,NYJ,0.0,0.0,0.0,0.0
2008,3,LAC,0.0,0.0,0.0,0.0
2008,3,LV,-1.8764108716277406,5.0,1.5714411498090604,8.0
2008,3,BUF,1.5714411498090604,8.0,-1.8764108716277406,5.0
2008,3,PHI,-1.4325709696859121,4.0,-4.612876622239128,6.0
2008,3,PIT,-4.612876622239128,6.0,-1.4325709696859121,4.0
2008,3,SEA,0.0,0.0,0.0,0.0
2008,3,LA,0.0,0.0,0.0,0.0
2008,3,TB,6.7772911481234,14.0,-0.9168821786879562,7.0
2008,3,CHI,-0.9168821786879562,7.0,6.7772911481234,14.0
2008,4,NYJ,0.0,0.0,0.0,0.0
2008,4,ARI,0.0,0.0,0.0,0.0
2008,4,ATL,0.0,0.0,0.0,0.0
2008,4,CAR,0.0,0.0,0.0,0.0
2008,4,BAL,1.325900868924463,8.0,-0.8907516120234504,9.0
2008,4,PIT,-0.8907516120234504,9.0,1.325900868924463,8.0
2008,4,BUF,0.0,0.0,0.0,0.0
2008,4,LA,0.0,0.0,0.0,0.0
2008,4,CIN,-4.274079487193376,7.0,-2.5481847132905386,10.0
2008,4,CLE,-2.5481847132905386,10.0,-4.274079487193376,7.0
2008,4,KC,5.3359404320362955,7.0,0.0,0.0
2008,4,DEN,0.0,0.0,5.3359404320362955,7.0
2008,4,GB,-2.614559654088225,3.0,3.0424816620986794,7.0
2008,4,TB,3.0424816620986794,7.0,-2.614559654088225,3.0
2008,4,HOU,2.624933991348371,10.0,4.894566294828791,12.0
2008,4,JAX,4.894566294828791,12.0,2.624933991348371,10.0
2008,4,TEN,-1.3267777152650524,5.0,-4.8535368718148675,3.0
2008,4,MIN,-4.8535368718148675,3.0,-1.3267777152650524,5.0
2008,4,PHI,-5.426974493573653,3.0,0.032068192231236026,7.0
2008,4,CHI,0.032068192231236026,7.0,-5.426974493573653,3.0
2008,4,LV,-3.934682658640668,11.0,7.350445517164189,7.0
2008,4,LAC,7.350445517164189,7.0,-3.934682658640668,11.0
2008,4,NO,0.0,0.0,0.0,0.0
2008,4,SF,0.0,0.0,0.0,0.0
2008,4,WAS,-1.6995617432403378,8.0,0.01796074153821703,1.0
2008,4,DAL,0.01796074153821703,1.0,-1.6995617432403378,8.0
2008,5,ATL,2.2742846306646243,9.0,-4.884730535671452,3.0
2008,5,GB,-4.884730535671452,3.0,2.2742846306646243,9.0
2008,5,BUF,0.0,0.0,0.0,0.0
2008,5,ARI,0.0,0.0,0.0,0.0
2008,5,DET,0.0,0.0,0.0,0.0
2008,5,CHI,0.0,0.0,0.0,0.0
2008,5,CIN,0.0,0.0,5.515361123140564,8.0
2008,5,DAL,5.515361123140564,8.0,0.0,0.0
2008,5,IND,2.9336287556290004,7.0,-5.2430068632238545,11.0
2008,5,HOU,-5.2430068632238545,11.0,2.9336287556290004,7.0
2008,5,CAR,0.0,0.0,0.0,0.0
2008,5,KC,0.0,0.0,0.0,0.0
2008,5,NO,-5.002894423902035,8.0,1.6308370350161567,8.0
2008,5,MIN,1.6308370350161567,8.0,-5.002894423902035,8.0
2008,5,NE,1.4661553933943923,1.0,0.0,0.0
2008,5,SF,0.0,0.0,1.4661553933943923,1.0
2008,5,PIT,3.3612767418818548,11.0,-2.155289147864096,9.0
2008,5,JAX,-2.155289147864096,9.0,3.3612767418818548,11.0
2008,5,LAC,0.0,0.0,-0.155891218688339,12.0
2008,5,MIA,-0.155891218688339,12.0,0.0,0.0
2008,5,SEA,0.0,0.0,0.0,0.0
2008,5,NYG,0.0,0.0,0.0,0.0
2008,5,DEN,-0.6901218795683235,7.0,0.01796074153821703,1.0
2008,5,TB,0.01796074153821703,1.0,-0.6901218795683235,7.0
2008,5,TEN,2.1220363272047953,14.0,-3.449234029336367,6.0
2008,5,BAL,-3.449234029336367,6.0,2.1220363272047953,14.0
2008,5,PHI,0.0,0.0,-0.7084525891114026,9.0
2008,5,WAS,-0.7084525891114026,9.0,0.0,0.0
2008,6,BAL,0.0,0.0,0.0,0.0
2008,6,IND,0.0,0.0,0.0,0.0
2008,6,CAR,0.0,0.0,0.0,0.0
2008,6,TB,0.0,0.0,0.0,0.0
2008,6,ATL,1.2181106737698428,8.0,5.9466989108972585,13.0
2008,6,CHI,5.9466989108972585,13.0,1.2181106737698428,8.0
2008,6,NYJ,2.234563749865629,4.0,0.0,0.0
2008,6,CIN,0.0,0.0,2.234563749865629,4.0
2008,6,ARI,-2.1306888004764915,9.0,2.586335656207722,8.0
2008,6,DAL,2.586335656207722,8.0,-2.1306888004764915,9.0
2008,6,MIN,2.1950095179490745,12.0,-1.614109657908557,4.0
2008,6,DET,-1.614109657908557,4.0,2.1950095179490745,12.0
2008,6,SEA,0.0,0.0,0.0,0.0
2008,6,GB,0.0,0.0,0.0,0.0
2008,6,DEN,0.0,0.0,-0.5250260913744569,11.0
2008,6,JAX,-0.5250260913744569,11.0,0.0,0.0
2008,6,HOU,5.44012328649126,14.0,6.170206549697524,12.0
2008,6,MIA,6.170206549697524,12.0,5.44012328649126,14.0
2008,6,LAC,0.0,0.0,0.0,0.0
2008,6,NE,0.0,0.0,0.0,0.0
2008,6,CLE,0.0,0.0,0.0,0.0
2008,6,NYG,0.0,0.0,0.0,0.0
2008,6,NO,0.0,0.0,0.0,0.0
2008,6,LV,0.0,0.0,0.0,0.0
2008,6,PHI,-0.2726653692079708,4.0,-10.84327783039771,7.0
2008,6,SF,-10.84327783039771,7.0,-0.2726653692079708,4.0
2008,6,WAS,4.1275841100766675,4.0,2.320846288697794,11.0
2008,6,LA,2.320846288697794,11.0,4.1275841100766675,4.0
2008,7,MIA,0.0,0.0,0.0,0.0
2008,7,BAL,0.0,0.0,0.0,0.0
2008,7,CLE,0.35624798810761416,9.0,-1.5160884998040274,6.0
2008,7,WAS,-1.5160884998040274,6.0,0.35624798810761416,9.0
2008,7,DAL,0.0,0.0,0.0,0.0
2008,7,LA,0.0,0.0,0.0,0.0
2008,7,DEN,0.0,0.0,0.0,0.0
2008,7,NE,0.0,0.0,0.0,0.0
2008,7,HOU,-0.6004753345914651,9.0,0.06934207744779997,1.0
2008,7,DET,0.06934207744779997,1.0,-0.6004753345914651,9.0
2008,7,GB,0.0,0.0,0.0,0.0
2008,7,IND,0.0,0.0,0.0,0.0
2008,7,MIN,-1.90837330184445,3.0,-2.5744083408499137,8.0
2008,7,CHI,-2.5744083408499137,8.0,-1.90837330184445,3.0
2008,7,CAR,0.0,0.0,0.0,0.0
2008,7,NO,0.0,0.0,0.0,0.0
2008,7,LV,-1.4796637656691018,15.0,-1.2295367939514108,18.0
2008,7,NYJ,-1.2295367939514108,18.0,-1.4796637656691018,15.0
2008,7,PIT,0.0,0.0,0.0,0.0
2008,7,CIN,0.0,0.0,0.0,0.0
2008,7,LAC,0.0,0.0,0.613040468771942,5.0
2008,7,BUF,0.613040468771942,5.0,0.0,0.0
2008,7,SEA,0.0,0.0,0.0,0.0
2008,7,TB,0.0,0.0,0.0,0.0
2008,7,SF,0.0,0.0,0.0,0.0
2008,7,NYG,0.0,0.0,0.0,0.0
2008,7,KC,0.0,0.0,0.0,0.0
2008,7,TEN,0.0,0.0,0.0,0.0
2008,8,CAR,-0.07187379198148847,9.0,0.0,0.0
2008,8,ARI,0.0,0.0,-0.07187379198148847,9.0
2008,8,ATL,0.01796074153821703,1.0,6.500014872988686,8.0
2008,8,PHI,6.500014872988686,8.0,0.01796074153821703,1.0
2008,8,MIA,-1.843298939667875,3.0,0.0,0.0
2008,8,BUF,0.0,0.0,-1.843298939667875,3.0
2008,8,CIN,0.0,0.0,0.0,0.0
2008,8,HOU,0.0,0.0,0.0,0.0
2008,8,CLE,-5.779528314771596,11.0,-7.095515973109286,15.0
2008,8,JAX,-7.095515973109286,15.0,-5.779528314771596,11.0
2008,8,TEN,0.7176830419630278,2.0,0.0,0.0
2008,8,IND,0.0,0.0,0.7176830419630278,2.0
2008,8,NYJ,4.4558069014499315,8.0,-2.9351615317864344,11.0
2008,8,KC,-2.9351615317864344,11.0,4.4558069014499315,8.0
2008,8,NYG,-0.4316579507387823,10.0,-3.593813216779381,9.0
2008,8,PIT,-3.593813216779381,9.0,-0.4316579507387823,10.0
2008,8,LV,0.0,0.0,0.0,0.0
2008,8,BAL,0.0,0.0,0.0,0.0
2008,8,NO,-3.65180179302115,6.0,-0.8597216223133728,13.0
2008,8,LAC,-0.8597216223133728,13.0,-3.65180179302115,6.0
2008,8,SEA,0.0,0.0,0.0,0.0
2008,8,SF,0.0,0.0,0.0,0.0
2008,8,LA,-3.0107041315641254,14.0,0.606071421357,9.0
2008,8,NE,0.606071421357,9.0,-3.0107041315641254,14.0
2008,8,DAL,-0.07276287558488548,2.0,-0.7272812817245722,16.0
2008,8,TB,-0.7272812817245722,16.0,-0.07276287558488548,2.0
2008,8,WAS,0.0717521058395505,8.0,-2.2336929973680526,8.0
2008,8,DET,-2.2336929973680526,8.0,0.0717521058395505,8.0
2008,9,ARI,0.0,0.0,0.0,0.0
2008,9,LA,0.0,0.0,0.0,0.0
2008,9,LV,0.0,0.0,0.0,0.0
2008,9,ATL,0.0,0.0,0.0,0.0
2008,9,CLE,-9.514619308407418,6.0,-1.2027695489814505,5.0
2008,9,BAL,-1.2027695489814505,5.0,-9.514619308407418,6.0
2008,9,NYG,0.0,0.0,0.0,0.0
2008,9,DAL,0.0,0.0,0.0,0.0
2008,9,DET,-4.471248047600966,15.0,-4.754741991579067,8.0
2008,9,CHI,-4.754741991579067,8.0,-4.471248047600966,15.0
2008,9,GB,-0.38306860311422497,8.0,-0.974969565635547,11.0
2008,9,TEN,-0.974969565635547,11.0,-0.38306860311422497,8.0
2008,9,MIN,-6.607365664793178,7.0,-5.876363116907295,5.0
2008,9,HOU,-5.876363116907295,5.0,-6.607365664793178,7.0
2008,9,JAX,5.306052820422454,11.0,-0.41384851982002147,6.0
2008,9,CIN,-0.41384851982002147,6.0,5.306052820422454,11.0
2008,9,DEN,0.0,0.0,2.8480131963776776,5.0
2008,9,MIA,2.8480131963776776,5.0,0.0,0.0
2008,9,IND,-0.7322155857691541,6.0,-4.30127486033598,6.0
2008,9,NE,-4.30127486033598,6.0,-0.7322155857691541,6.0
2008,9,NYJ,-0.7393157915794291,6.0,0.0,0.0
2008,9,BUF,0.0,0.0,-0.7393157915794291,6.0
2008,9,PHI,0.0,0.0,0.0,0.0
2008,9,SEA,0.0,0.0,0.0,0.0
2008,9,WAS,0.0,0.0,0.0,0.0
2008,9,PIT,0.0,0.0,0.0,0.0
2008,9,KC,-2.549553707416635,8.0,2.1845519071067683,11.0
2008,9,TB,2.1845519071067683,11.0,-2.549553707416635,8.0
2008,10,HOU,0.0,0.0,0.0,0.0
2008,10,BAL,0.0,0.0,0.0,0.0
2008,10,BUF,0.0,0.0,0.0,0.0
2008,10,NE,0.0,0.0,0.0,0.0
2008,10,LV,-4.000455130706541,2.0,-0.05549779476132244,8.0
2008,10,CAR,-0.05549779476132244,8.0,-4.000455130706541,2.0
2008,10,DEN,4.506374865949282,17.0,-1.0530150690422042,7.0
2008,10,CLE,-1.0530150690422042,7.0,4.506374865949282,17.0
2008,10,GB,-0.8162784717278555,6.0,5.47614717145044,7.0
2008,10,MIN,5.47614717145044,7.0,-0.8162784717278555,6.0
2008,10,PIT,-4.480447407520842,16.0,3.5115385391443388,5.0
2008,10,IND,3.5115385391443388,5.0,-4.480447407520842,16.0
2008,10,DET,0.0,0.0,0.0,0.0
2008,10,JAX,0.0,0.0,0.0,0.0
2008,10,LAC,-1.2816960472264327,6.0,4.403249256007373,18.0
2008,10,KC,4.403249256007373,18.0,-1.2816960472264327,6.0
2008,10,NO,0.0,0.0,0.0,0.0
2008,10,ATL,0.0,0.0,0.0,0.0
2008,10,NYG,-3.8037731260992587,7.0,-2.3622429359238595,6.0
2008,10,PHI,-2.3622429359238595,6.0,-3.8037731260992587,7.0
2008,10,MIA,-1.9193705972284079,6.0,3.19839023314137,15.0
2008,10,SEA,3.19839023314137,15.0,-1.9193705972284079,6.0
2008,10,SF,-2.9752597869955935,19.0,-1.4888553632043768,7.0
2008,10,ARI,-1.4888553632043768,7.0,-2.9752597869955935,19.0
2008,10,NYJ,0.0,0.0,0.0,0.0
2008,10,LA,0.0,0.0,0.0,0.0
2008,10,TEN,-4.117236093909014,12.0,-3.7439118502036317,5.0
2008,10,CHI,-3.7439118502036317,5.0,-4.117236093909014,12.0
2008,11,ARI,-2.862049832707271,11.0,-3.6723260942380875,4.0
2008,11,SEA,-3.6723260942380875,4.0,-2.862049832707271,11.0
2008,11,BAL,0.0,0.0,0.0,0.0
2008,11,NYG,0.0,0.0,0.0,0.0
2008,11,GB,0.0,0.0,0.0,0.0
2008,11,CHI,0.0,0.0,0.0,0.0
2008,11,BUF,3.905884223063139,11.0,2.4043845606502146,10.0
2008,11,CLE,2.4043845606502146,10.0,3.905884223063139,11.0
2008,11,DAL,-2.6883910929900594,10.0,0.0,0.0
2008,11,WAS,0.0,0.0,-2.6883910929900594,10.0
2008,11,ATL,-3.2763885296299122,11.0,-1.6274593448615633,3.0
2008,11,DEN,-1.6274593448615633,3.0,-3.2763885296299122,11.0
2008,11,DET,-5.648346539848717,1.0,1.3604972018845265,2.0
2008,11,CAR,1.3604972018845265,2.0,-5.648346539848717,1.0
2008,11,HOU,-0.5371309471083805,6.0,-0.04417399992235005,10.0
2008,11,IND,-0.04417399992235005,10.0,-0.5371309471083805,6.0
2008,11,MIN,-7.1001036313246,8.0,-7.422964644152671,12.0
2008,11,TB,-7.422964644152671,12.0,-7.1001036313246,8.0
2008,11,NO,-0.7273772845510393,4.0,0.0,0.0
2008,11,KC,0.0,0.0,-0.7273772845510393,4.0
2008,11,NYJ,0.8749458234276508,13.0,4.948442034020217,15.0
2008,11,NE,4.948442034020217,15.0,0.8749458234276508,13.0
2008,11,LV,-0.08695562346406494,4.0,-4.287338309804909,12.0
2008,11,MIA,-4.287338309804909,12.0,-0.08695562346406494,4.0
2008,11,CIN,-8.1544371448108,24.0,-7.655177086882759,18.0
2008,11,PHI,-7.655177086882759,18.0,-8.1544371448108,24.0
2008,11,LAC,-0.002673492970643565,2.0,0.17676242225570604,11.0
2008,11,PIT,0.17676242225570604,11.0,-0.002673492970643565,2.0
2008,11,LA,0.0,0.0,0.0,0.0
2008,11,SF,0.0,0.0,0.0,0.0
2008,11,TEN,3.9555575452395715,2.0,0.0,0.0
2008,11,JAX,0.0,0.0,3.9555575452395715,2.0
2008,12,KC,0.0,0.0,0.0,0.0
2008,12,BUF,0.0,0.0,0.0,0.0
2008,12,ATL,0.0,0.0,0.0,0.0
2008,12,CAR,0.0,0.0,0.0,0.0
2008,12,CHI,0.0,0.0,0.0,0.0
2008,12,LA,0.0,0.0,0.0,0.0
2008,12,CIN,0.0,0.0,0.0,0.0
2008,12,PIT,0.0,0.0,0.0,0.0
2008,12,GB,0.0,0.0,0.0,0.0
2008,12,NO,0.0,0.0,0.0,0.0
2008,12,HOU,0.0,0.0,0.0,0.0
2008,12,CLE,0.0,0.0,0.0,0.0
2008,12,IND,1.0854555290425196,12.0,2.6153489050921053,9.0
2008,12,LAC,2.6153489050921053,9.0,1.0854555290425196,12.0
2008,12,MIN,0.0,0.0,0.0,0.0
2008,12,JAX,0.0,0.0,0.0,0.0
2008,12,NE,0.0,0.0,0.0,0.0
2008,12,MIA,0.0,0.0,0.0,0.0
2008,12,NYG,2.3100725208059885,10.0,0.0,0.0
2008,12,ARI,0.0,0.0,2.3100725208059885,10.0
2008,12,TEN,0.0,0.0,0.0,0.0
2008,12,NYJ,0.0,0.0,0.0,0.0
2008,12,LV,0.0,0.0,0.0,0.0
2008,12,DEN,0.0,0.0,0.0,0.0
2008,12,PHI,0.0,0.0,0.0,0.0
2008,12,BAL,0.0,0.0,0.0,0.0
2008,12,SF,0.0,0.0,0.0,0.0
2008,12,DAL,0.0,0.0,0.0,0.0
2008,12,DET,0.0,0.0,0.0,0.0
2008,12,TB,0.0,0.0,0.0,0.0
2008,12,WAS,-3.506526284618303,9.0,-1.885231178952381,1.0
2008,12,SEA,-1.885231178952381,1.0,-3.506526284618303,9.0
2008,13,PHI,0.0,0.0,0.0,0.0
2008,13,ARI,0.0,0.0,0.0,0.0
2008,13,LAC,-2.943009936483577,4.0,-3.9553023423068225,8.0
2008,13,ATL,-3.9553023423068225,8.0,-2.943009936483577,4.0
2008,13,CIN,0.0,0.0,0.0,0.0
2008,13,BAL,0.0,0.0,0.0,0.0
2008,13,CAR,5.424751410585258,8.0,-2.9937234427488875,11.0
2008,13,GB,-2.9937234427488875,11.0,5.424751410585258,8.0
2008,13,MIN,0.0,0.0,0.0,0.0
2008,13,CHI,0.0,0.0,0.0,0.0
2008,13,NYJ,0.0,0.0,0.0,0.0
2008,13,DEN,0.0,0.0,0.0,0.0
2008,13,IND,-1.6514464283827692,7.0,-0.9820797024294734,7.0
2008,13,CLE,-0.9820797024294734,7.0,-1.6514464283827692,7.0
2008,13,HOU,0.0,0.0,0.0,0.0
2008,13,JAX,0.0,0.0,0.0,0.0
2008,13,LV,0.0,0.0,-0.4566513798199594,8.0
2008,13,KC,-0.4566513798199594,8.0,0.0,0.0
2008,13,MIA,-1.3619471464771777,11.0,-1.3862477390794083,8.0
2008,13,LA,-1.3862477390794083,8.0,-1.3619471464771777,11.0
2008,13,NO,-7.38105528295273,6.0,-4.449373949842993,12.0
2008,13,TB,-4.449373949842993,12.0,-7.38105528295273,6.0
2008,13,WAS,0.0,0.0,0.0,0.0
2008,13,NYG,0.0,0.0,0.0,0.0
2008,13,PIT,0.0,0.0,0.0,0.0
2008,13,NE,0.0,0.0,0.0,0.0
2008,13,DAL,0.0,0.0,0.0,0.0
2008,13,SEA,0.0,0.0,0.0,0.0
2008,13,SF,-4.580927003524266,8.0,-3.8144314027158543,4.0
2008,13,BUF,-3.8144314027158543,4.0,-4.580927003524266,8.0
2008,13,DET,0.0,0.0,0.0,0.0
2008,13,TEN,0.0,0.0,0.0,0.0
2008,14,NO,-0.4716912657022476,7.0,-1.711845055455342,4.0
2008,14,ATL,-1.711845055455342,4.0,-0.4716912657022476,7.0
2008,14,CIN,0.0,0.0,0.0,0.0
2008,14,IND,0.0,0.0,0.0,0.0
2008,14,CLE,0.0,0.0,0.0,0.0
2008,14,TEN,0.0,0.0,0.0,0.0
2008,14,DAL,-11.254184759862255,9.0,1.585634435361042,12.0
2008,14,PIT,1.585634435361042,12.0,-11.254184759862255,9.0
2008,14,HOU,2.771110406378284,10.0,-0.014402840519323945,6.0
2008,14,GB,-0.014402840519323945,6.0,2.771110406378284,10.0
2008,14,JAX,0.0,0.0,0.0,0.0
2008,14,CHI,0.0,0.0,0.0,0.0
2008,14,KC,-3.705294984043576,2.0,0.2812843360006809,9.0
2008,14,DEN,0.2812843360006809,9.0,-3.705294984043576,2.0
2008,14,MIA,0.0,0.0,0.0,0.0
2008,14,BUF,0.0,0.0,0.0,0.0
2008,14,MIN,1.3486688260454684,9.0,-0.09569824993377551,4.0
2008,14,DET,-0.09569824993377551,4.0,1.3486688260454684,9.0
2008,14,NE,1.544593079001177,8.0,-1.9546285620890558,4.0
2008,14,SEA,-1.9546285620890558,4.0,1.544593079001177,8.0
2008,14,NYJ,0.0,0.0,0.0,0.0
2008,14,SF,0.0,0.0,0.0,0.0
2008,14,LAC,0.0,0.0,0.0,0.0
2008,14,LV,0.0,0.0,0.0,0.0
2008,14,NYG,0.01796074153821703,1.0,-0.005604997684713453,2.0
2008,14,PHI,-0.005604997684713453,2.0,0.01796074153821703,1.0
2008,14,ARI,0.0,0.0,0.0,0.0
2008,14,LA,0.0,0.0,0.0,0.0
2008,14,TB,-0.982039258461783,1.0,6.246367662912235,4.0
2008,14,CAR,6.246367662912235,4.0,-0.982039258461783,1.0
2008,14,WAS,0.0,0.0,3.9716556460480206,2.0
2008,14,BAL,3.9716556460480206,2.0,0.0,0.0
2008,15,NYJ,-5.424605928822758,8.0,-10.732409784803167,15.0
2008,15,BUF,-10.732409784803167,15.0,-5.424605928822758,8.0
2008,15,PHI,0.0,0.0,0.0,0.0
2008,15,CLE,0.0,0.0,0.0,0.0
2008,15,DEN,0.0,0.0,0.0,0.0
2008,15,CAR,0.0,0.0,0.0,0.0
2008,15,IND,2.3737965857144445,10.0,0.0,0.0
2008,15,DET,0.0,0.0,2.3737965857144445,10.0
2008,15,GB,-0.3304613623768091,7.0,3.0014729812829755,7.0
2008,15,JAX,3.0014729812829755,7.0,-0.3304613623768091,7.0
2008,15,MIN,0.0,0.0,0.0,0.0
2008,15,ARI,0.0,0.0,0.0,0.0
2008,15,LV,0.0,0.0,0.0,0.0
2008,15,NE,0.0,0.0,0.0,0.0
2008,15,CHI,2.490438722074032,14.0,5.274881207155658,5.0
2008,15,NO,5.274881207155658,5.0,2.490438722074032,14.0
2008,15,DAL,5.899826684850268,6.0,0.0,0.0
2008,15,NYG,0.0,0.0,5.899826684850268,6.0
2008,15,PIT,7.1374837235823625,14.0,-2.9444030841696076,7.0
2008,15,BAL,-2.9444030841696076,7.0,7.1374837235823625,14.0
2008,15,LAC,4.3922863588379695,7.0,-1.1717318197479472,6.0
2008,15,KC,-1.1717318197479472,6.0,4.3922863588379695,7.0
2008,15,LA,-1.8829701950307935,5.0,4.3556313390639945,12.0
2008,15,SEA,4.3556313390639945,12.0,-1.8829701950307935,5.0
2008,15,SF,-1.3820284424582496,9.0,-2.987537761335261,9.0
2008,15,MIA,-2.987537761335261,9.0,-1.3820284424582496,9.0
2008,15,ATL,-7.587866741640028,10.0,-5.016911229642574,10.0
2008,15,TB,-5.016911229642574,10.0,-7.587866741640028,10.0
2008,15,TEN,-1.6686738812131807,8.0,-4.948667291842867,11.0
2008,15,HOU,-4.948667291842867,11.0,-1.6686738812131807,8.0
2008,15,WAS,0.0,0.0,0.6652767504565418,10.0
2008,15,CIN,0.6652767504565418,10.0,0.0,0.0
2008,16,ARI,0.0,0.0,0.0,0.0
2008,16,NE,0.0,0.0,0.0,0.0
2008,16,ATL,-3.8558217205572873,7.0,-3.2156910785793924,7.0
2008,16,MIN,-3.2156910785793924,7.0,-3.8558217205572873,7.0
2008,16,DAL,0.03592148307643406,2.0,13.019031883924525,6.0
2008,16,BAL,13.019031883924525,6.0,0.03592148307643406,2.0
2008,16,DEN,-1.39907932409551,10.0,-0.824055029079318,4.0
2008,16,BUF,-0.824055029079318,4.0,-1.39907932409551,10.0
2008,16,NYG,4.233895132943988,6.0,-0.553247417556122,10.0
2008,16,CAR,-0.553247417556122,10.0,4.233895132943988,6.0
2008,16,CIN,0.0,0.0,0.0,0.0
2008,16,CLE,0.0,0.0,0.0,0.0
2008,16,GB,-0.49726733565330505,8.0,2.8669260707727053,5.0
2008,16,CHI,2.8669260707727053,5.0,-0.49726733565330505,8.0
2008,16,LV,0.0,0.0,0.0,0.0
2008,16,HOU,0.0,0.0,0.0,0.0
2008,16,IND,-0.5983929057795203,6.0,-8.32001134287566,18.0
2008,16,JAX,-8.32001134287566,18.0,-0.5983929057795203,6.0
2008,16,MIA,-6.40712915401241,9.0,-10.306528264423832,9.0
2008,16,KC,-10.306528264423832,9.0,-6.40712915401241,9.0
2008,16,NO,0.0,0.0,0.0,0.0
2008,16,DET,0.0,0.0,0.0,0.0
2008,16,NYJ,-4.245919519802555,4.0,-1.950799818849191,7.0
2008,16,SEA,-1.950799818849191,7.0,-4.245919519802555,4.0
2008,16,PHI,0.004640568746253848,16.0,-2.798955296224449,4.0
2008,16,WAS,-2.798955296224449,4.0,0.004640568746253848,16.0
2008,16,TEN,0.0,0.0,0.0,0.0
2008,16,PIT,0.0,0.0,0.0,0.0
2008,16,LAC,0.0,0.0,0.0,0.0
2008,16,TB,0.0,0.0,0.0,0.0
2008,16,LA,-3.0422878459794447,14.0,5.48747102204363,8.0
2008,16,SF,5.48747102204363,8.0,-3.0422878459794447,14.0
2008,17,CAR,-0.9970211907057092,12.0,4.376489208827853,7.0
2008,17,NO,4.376489208827853,7.0,-0.9970211907057092,12.0
2008,17,HOU,1.6909306553425267,9.0,0.030623886301383907,1.0
2008,17,CHI,0.030623886301383907,1.0,1.6909306553425267,9.0
2008,17,CLE,0.0,0.0,0.0,0.0
2008,17,PIT,0.0,0.0,0.0,0.0
2008,17,PHI,0.0,0.0,0.0,0.0
2008,17,DAL,0.0,0.0,0.0,0.0
2008,17,LAC,0.0,0.0,0.0,0.0
2008,17,DEN,0.0,0.0,0.0,0.0
2008,17,GB,0.0,0.0,0.0,0.0
2008,17,DET,0.0,0.0,0.0,0.0
2008,17,JAX,0.0,0.0,0.0,0.0
2008,17,BAL,0.0,0.0,0.0,0.0
2008,17,KC,0.0,0.0,0.0,0.0
2008,17,CIN,0.0,0.0,0.0,0.0
2008,17,NYJ,-4.162528727261815,3.0,-0.5368033844279125,9.0
2008,17,MIA,-0.5368033844279125,9.0,-4.162528727261815,3.0
2008,17,BUF,0.0,0.0,0.0,0.0
2008,17,NE,0.0,0.0,0.0,0.0
2008,17,MIN,1.427698462153785,10.0,-4.629654659715015,3.0
2008,17,NYG,-4.629654659715015,3.0,1.427698462153785,10.0
2008,17,LV,0.48033948335796595,8.0,-0.30548818642273545,8.0
2008,17,TB,-0.30548818642273545,8.0,0.48033948335796595,8.0
2008,17,SEA,0.0,0.0,0.0,0.0
2008,17,ARI,0.0,0.0,0.0,0.0
2008,17,LA,-0.8290440407581627,7.0,5.467190260873768,7.0
2008,17,ATL,5.467190260873768,7.0,-0.8290440407581627,7.0
2008,17,IND,0.0,0.0,0.0,0.0
2008,17,TEN,0.0,0.0,0.0,0.0
2008,17,SF,2.456038310774602,9.0,5.116260541607288,12.0
2008,17,WAS,5.116260541607288,12.0,2.456038310774602,9.0
2008,18,ARI,-0.6335380550008267,10.0,0.030623886301383907,1.0
2008,18,ATL,0.030623886301383907,1.0,-0.6335380550008267,10.0
2008,18,BAL,0.0,0.0,0.0,0.0
2008,18,MIA,0.0,0.0,0.0,0.0
2008,18,LAC,-0.9788771175662987,13.0,-2.164604160876479,9.0
2008,18,IND,-2.164604160876479,9.0,-0.9788771175662987,13.0
2008,18,PHI,0.0,0.0,0.0,0.0
2008,18,MIN,0.0,0.0,0.0,0.0
2008,19,CAR,0.0,0.0,0.0,0.0
2008,19,ARI,0.0,0.0,0.0,0.0
2008,19,BAL,1.1733840952510945,13.0,-2.041276822448708,7.0
2008,19,TEN,-2.041276822448708,7.0,1.1733840952510945,13.0
2008,19,NYG,0.0,0.0,0.0,0.0
2008,19,PHI,0.0,0.0,0.0,0.0
2008,19,LAC,0.0,0.0,0.0,0.0
2008,19,PIT,0.0,0.0,0.0,0.0
2008,20,BAL,-6.676033598836511,1.0,0.01796074153821703,1.0
2008,20,PIT,0.01796074153821703,1.0,-6.676033598836511,1.0
2008,20,ARI,1.6590765224392525,9.0,-2.6059356665355153,10.0
2008,20,PHI,-2.6059356665355153,10.0,1.6590765224392525,9.0
2008,21,PIT,5.303298177201895,15.0,5.2598448021497,14.0
2008,21,ARI,5.2598448021497,14.0,5.303298177201895,15.0
2009,1,NE,1.7810551820732652,5.0,-4.038776108936872,7.0
2009,1,BUF,-4.038776108936872,7.0,1.7810551820732652,5.0
2009,1,GB,3.9959359252098947,9.0,-5.6315430827089585,7.0
2009,1,CHI,-5.6315430827089585,7.0,3.9959359252098947,9.0
2009,1,DAL,0.0,0.0,0.0,0.0
2009,1,TB,0.0,0.0,0.0,0.0
2009,1,DEN,5.883770459433552,4.0,6.977861002703093,11.0
2009,1,CIN,6.977861002703093,11.0,5.883770459433552,4.0
2009,1,NO,0.0,0.0,0.0,0.0
2009,1,DET,0.0,0.0,0.0,0.0
2009,1,IND,-5.704084150260314,9.0,-3.983052827883512,4.0
2009,1,JAX,-3.983052827883512,4.0,-5.704084150260314,9.0
2009,1,KC,-5.254962088307366,5.0,7.513246851977555,13.0
2009,1,BAL,7.513246851977555,13.0,-5.254962088307366,5.0
2009,1,ATL,0.0,0.0,0.0,0.0
2009,1,MIA,0.0,0.0,0.0,0.0
2009,1,CLE,0.0,0.0,0.0,0.0
2009,1,MIN,0.0,0.0,0.0,0.0
2009,1,HOU,0.0,0.0,0.0,0.0
2009,1,NYJ,0.0,0.0,0.0,0.0
2009,1,CAR,0.0,0.0,0.0,0.0
2009,1,PHI,0.0,0.0,0.0,0.0
2009,1,LV,5.6278823919753895,11.0,6.497224270952528,12.0
2009,1,LAC,6.497224270952528,12.0,5.6278823919753895,11.0
2009,1,ARI,-4.032716555404477,11.0,-3.1508335823891684,7.0
2009,1,SF,-3.1508335823891684,7.0,-4.032716555404477,11.0
2009,1,LA,0.0,0.0,0.0,0.0
2009,1,SEA,0.0,0.0,0.0,0.0
2009,1,PIT,-3.475909408996813,8.0,-2.6555118617252447,10.0
2009,1,TEN,-2.6555118617252447,10.0,-3.475909408996813,8.0
2009,1,NYG,-0.6024264327716082,4.0,0.01796074153821703,1.0
2009,1,WAS,0.01796074153821703,1.0,-0.6024264327716082,4.0
2009,2,ARI,0.0,0.0,0.0,0.0
2009,2,JAX,0.0,0.0,0.0,0.0
2009,2,LAC,-5.281862513103988,12.0,-1.5467209969065152,6.0
2009,2,BAL,-1.5467209969065152,6.0,-5.281862513103988,12.0
2009,2,CAR,-2.41685764331487,15.0,-0.4583673537999857,6.0
2009,2,ATL,-0.4583673537999857,6.0,-2.41685764331487,15.0
2009,2,GB,-3.8738522513303906,10.0,-2.5894426787272096,6.0
2009,2,CIN,-2.5894426787272096,6.0,-3.8738522513303906,10.0
2009,2,DEN,0.0,0.0,0.0,0.0
2009,2,CLE,0.0,0.0,0.0,0.0
2009,2,HOU,-4.202837961900514,8.0,-3.086357513384428,5.0
2009,2,TEN,-3.086357513384428,5.0,-4.202837961900514,8.0
2009,2,IND,6.473953656041657,6.0,-0.3025642949505709,17.0
2009,2,MIA,-0.3025642949505709,17.0,6.473953656041657,6.0
2009,2,MIN,0.0,0.0,0.0,0.0
2009,2,DET,0.0,0.0,0.0,0.0
2009,2,NE,-2.8966464867116883,12.0,-2.9304801455000415,7.0
2009,2,NYJ,-2.9304801455000415,7.0,-2.8966464867116883,12.0
2009,2,NO,0.0,0.0,0.0,0.0
2009,2,PHI,0.0,0.0,0.0,0.0
2009,2,DAL,4.380291314479165,3.0,2.463378955377266,13.0
2009,2,NYG,2.463378955377266,13.0,4.380291314479165,3.0
2009,2,LV,3.4596414608574824,17.0,1.640396115199791,11.0
2009,2,KC,1.640396115199791,11.0,3.4596414608574824,17.0
2009,2,CHI,0.3424141570867505,9.0,-5.199279950698838,9.0
2009,2,PIT,-5.199279950698838,9.0,0.3424141570867505,9.0
2009,2,SEA,0.0,0.0,0.0,0.0
2009,2,SF,0.0,0.0,0.0,0.0
2009,2,WAS,-7.857991037191823,10.0,-5.218155220791232,4.0
2009,2,LA,-5.218155220791232,4.0,-7.857991037191823,10.0
2009,2,TB,0.0,0.0,0.0,0.0
2009,2,BUF,0.0,0.0,0.0,0.0
2009,3,ATL,0.0,0.0,0.0,0.0
2009,3,NE,0.0,0.0,0.0,0.0
2009,3,DAL,0.0,0.0,0.0,0.0
2009,3,CAR,0.0,0.0,0.0,0.0
2009,3,CHI,7.170361708777025,7.0,-0.46116345888003707,12.0
2009,3,SEA,-0.46116345888003707,12.0,7.170361708777025,7.0
2009,3,CLE,0.0,0.0,0.0,0.0
2009,3,BAL,0.0,0.0,0.0,0.0
2009,3,LV,0.0,0.0,0.0,0.0
2009,3,DEN,0.0,0.0,0.0,0.0
2009,3,LA,0.0,0.0,0.0,0.0
2009,3,GB,0.0,0.0,0.0,0.0
2009,3,IND,0.0,0.0,0.0,0.0
2009,3,ARI,0.0,0.0,0.0,0.0
2009,3,HOU,-2.920835498487577,7.0,-4.2529932339675725,6.0
2009,3,JAX,-4.2529932339675725,6.0,-2.920835498487577,7.0
2009,3,PHI,0.0,0.0,0.0,0.0
2009,3,KC,0.0,0.0,0.0,0.0
2009,3,LAC,0.0,0.0,0.0,0.0
2009,3,MIA,0.0,0.0,0.0,0.0
2009,3,NO,0.0,0.0,0.0,0.0
2009,3,BUF,0.0,0.0,0.0,0.0
2009,3,NYG,0.0,0.0,0.0,0.0
2009,3,TB,0.0,0.0,0.0,0.0
2009,3,CIN,7.156834178182296,16.0,-0.01005226862616837,2.0
2009,3,PIT,-0.01005226862616837,2.0,7.156834178182296,16.0
2009,3,SF,-3.051742392301094,8.0,3.086794920489784,17.0
2009,3,MIN,3.086794920489784,17.0,-3.051742392301094,8.0
2009,3,NYJ,-4.767908752546646,8.0,-7.784321268554777,8.0
2009,3,TEN,-7.784321268554777,8.0,-4.767908752546646,8.0
2009,3,DET,-1.334621634625364,7.0,-0.4811772808403376,8.0
2009,3,WAS,-0.4811772808403376,8.0,-1.334621634625364,7.0
2009,4,BAL,-0.6736129315104336,13.0,-2.9462674779933877,4.0
2009,4,NE,-2.9462674779933877,4.0,-0.6736129315104336,13.0
2009,4,BUF,0.0,0.0,0.0,0.0
2009,4,MIA,0.0,0.0,0.0,0.0
2009,4,CIN,6.972942587341776,22.0,-3.2321366376709193,14.0
2009,4,CLE,-3.2321366376709193,14.0,6.972942587341776,22.0
2009,4,DAL,-3.2607258113566786,15.0,5.965504709635524,5.0
2009,4,DEN,5.965504709635524,5.0,-3.2607258113566786,15.0
2009,4,DET,0.0,0.0,0.0,0.0
2009,4,CHI,0.0,0.0,0.0,0.0
2009,4,GB,0.0,0.0,-0.47476667328737676,3.0
2009,4,MIN,-0.47476667328737676,3.0,0.0,0.0
2009,4,KC,0.0,0.0,0.0,0.0
2009,4,NYG,0.0,0.0,0.0,0.0
2009,4,NO,0.0,0.0,0.0,0.0
2009,4,NYJ,0.0,0.0,0.0,0.0
2009,4,HOU,0.0,0.0,0.0,0.0
2009,4,LV,0.0,0.0,0.0,0.0
2009,4,PIT,2.549657935509458,12.0,0.01796074153821703,1.0
2009,4,LAC,0.01796074153821703,1.0,2.549657935509458,12.0
2009,4,SEA,0.0,0.0,0.0,0.0
2009,4,IND,0.0,0.0,0.0,0.0
2009,4,LA,0.0,0.0,0.0,0.0
2009,4,SF,0.0,0.0,0.0,0.0
2009,4,WAS,-3.905884459731169,9.0,-3.3274051199578203,4.0
2009,4,TB,-3.3274051199578203,4.0,-3.905884459731169,9.0
2009,4,TEN,0.0,0.0,0.0,0.0
2009,4,JAX,0.0,0.0,0.0,0.0
2009,5,ATL,0.0,0.0,0.0,0.0
2009,5,SF,0.0,0.0,0.0,0.0
2009,5,CIN,6.523149990830233,15.0,-1.5393876628950238,10.0
2009,5,BAL,-1.5393876628950238,10.0,6.523149990830233,15.0
2009,5,CLE,2.4519306658767164,11.0,-1.527121567807626,8.0
2009,5,BUF,-1.527121567807626,8.0,2.4519306658767164,11.0
2009,5,DAL,5.577368645845808,7.0,1.4977623174243027,18.0
2009,5,KC,1.4977623174243027,18.0,5.577368645845808,7.0
2009,5,HOU,-8.041333813394886,13.0,0.24273285325403937,4.0
2009,5,ARI,0.24273285325403937,4.0,-8.041333813394886,13.0
2009,5,IND,0.0,0.0,0.0,0.0
2009,5,TEN,0.0,0.0,0.0,0.0
2009,5,SEA,0.0,0.0,0.0,0.0
2009,5,JAX,0.0,0.0,0.0,0.0
2009,5,MIN,0.0,0.0,0.0,0.0
2009,5,LA,0.0,0.0,0.0,0.0
2009,5,DEN,-4.01370479358593,8.0,-4.21207695879275,7.0
2009,5,NE,-4.21207695879275,7.0,-4.01370479358593,8.0
2009,5,MIA,5.592536131273618,14.0,0.005247472989140078,2.0
2009,5,NYJ,0.005247472989140078,2.0,5.592536131273618,14.0
2009,5,NYG,0.0,0.0,0.0,0.0
2009,5,LV,0.0,0.0,0.0,0.0
2009,5,PIT,-1.7912136245286092,7.0,-1.2321951236808673,9.0
2009,5,DET,-1.2321951236808673,9.0,-1.7912136245286092,7.0
2009,5,TB,0.0,0.0,0.0,0.0
2009,5,PHI,0.0,0.0,0.0,0.0
2009,5,CAR,-0.4543422288261354,7.0,0.0,0.0
2009,5,WAS,0.0,0.0,-0.4543422288261354,7.0
2009,6,ARI,0.0,0.0,0.0,0.0
2009,6,SEA,0.0,0.0,0.0,0.0
2009,6,MIN,-0.924566364614293,10.0,3.0755365838907993,13.0
2009,6,BAL,3.0755365838907993,13.0,-0.924566364614293,10.0
2009,6,NYJ,-1.1646194797940552,2.0,-1.6325334662105888,13.0
2009,6,BUF,-1.6325334662105888,13.0,-1.1646194797940552,2.0
2009,6,CAR,4.5698705061847695,11.0,-0.05557571881217882,3.0
2009,6,TB,-0.05557571881217882,3.0,4.5698705061847695,11.0
2009,6,ATL,2.612919282508675,6.0,-0.6867142694536597,16.0
2009,6,CHI,-0.6867142694536597,16.0,2.612919282508675,6.0
2009,6,PIT,0.0,0.0,0.0,0.0
2009,6,CLE,0.0,0.0,0.0,0.0
2009,6,LAC,0.0,0.0,1.9511069149011746,3.0
2009,6,DEN,1.9511069149011746,3.0,0.0,0.0
2009,6,GB,0.0,0.0,0.0,0.0
2009,6,DET,0.0,0.0,0.0,0.0
2009,6,CIN,0.0,0.0,0.0,0.0
2009,6,HOU,0.0,0.0,0.0,0.0
2009,6,KC,-0.49624609405873343,12.0,-5.368518952978775,7.0
2009,6,WAS,-5.368518952978775,7.0,-0.49624609405873343,12.0
2009,6,NO,0.0,0.0,0.0,0.0
2009,6,NYG,0.0,0.0,0.0,0.0
2009,6,LV,-3.5272878578398377,10.0,-2.3561034637968987,7.0
2009,6,PHI,-2.3561034637968987,7.0,-3.5272878578398377,10.0
2009,6,LA,2.5574169621147567,11.0,-1.7666894953247274,15.0
2009,6,JAX,-1.7666894953247274,15.0,2.5574169621147567,11.0
2009,6,TEN,0.0,0.0,0.0,0.0
2009,6,NE,0.0,0.0,0.0,0.0
2009,7,ARI,-2.4953886597650126,8.0,-2.287779480800964,13.0
2009,7,NYG,-2.287779480800964,13.0,-2.4953886597650126,8.0
2009,7,ATL,0.0,0.0,0.0,0.0
2009,7,DAL,0.0,0.0,0.0,0.0
2009,7,CAR,0.0,0.0,-0.33882153942249715,6.0
2009,7,BUF,-0.33882153942249715,6.0,0.0,0.0
2009,7,CIN,0.0,0.0,0.0,0.0
2009,7,CHI,0.0,0.0,0.0,0.0
2009,7,CLE,0.0,0.0,0.0,0.0
2009,7,GB,0.0,0.0,0.0,0.0
2009,7,IND,0.0,0.0,0.0,0.0
2009,7,LA,0.0,0.0,0.0,0.0
2009,7,MIN,-7.646610573166981,7.0,-1.5385367757407948,5.0
2009,7,PIT,-1.5385367757407948,5.0,-7.646610573166981,7.0
2009,7,TB,0.0,0.0,0.0,0.0
2009,7,NE,0.0,0.0,0.0,0.0
2009,7,NO,-2.3772705513983965,4.0,-7.531626255949959,9.0
2009,7,MIA,-7.531626255949959,9.0,-2.3772705513983965,4.0
2009,7,LV,0.0,0.0,0.0,0.0
2009,7,NYJ,0.0,0.0,0.0,0.0
2009,7,PHI,0.0,0.0,0.0,0.0
2009,7,WAS,0.0,0.0,0.0,0.0
2009,7,LAC,0.0,0.0,0.0,0.0
2009,7,KC,0.0,0.0,0.0,0.0
2009,7,HOU,-0.6069400615524501,10.0,0.03484453101196938,9.0
2009,7,SF,0.03484453101196938,9.0,-0.6069400615524501,10.0
2009,8,ATL,-0.30021991342073306,3.0,2.0815222772653215,7.0
2009,8,NO,2.0815222772653215,7.0,-0.30021991342073306,3.0
2009,8,CAR,0.0,0.0,0.0,0.0
2009,8,ARI,0.0,0.0,0.0,0.0
2009,8,CLE,0.0,0.0,0.0,0.0
2009,8,CHI,0.0,0.0,0.0,0.0
2009,8,DEN,0.0,0.0,0.0,0.0
2009,8,BAL,0.0,0.0,0.0,0.0
2009,8,HOU,0.0,0.0,0.0,0.0
2009,8,BUF,0.0,0.0,0.0,0.0
2009,8,TEN,0.0,0.0,0.0,0.0
2009,8,JAX,0.0,0.0,0.0,0.0
2009,8,NYJ,-1.6782011205796152,12.0,-1.8272013240493834,5.0
2009,8,MIA,-1.8272013240493834,5.0,-1.6782011205796152,12.0
2009,8,GB,0.0,0.0,2.3298181910067797,3.0
2009,8,MIN,2.3298181910067797,3.0,0.0,0.0
2009,8,PHI,0.0,0.0,0.0,0.0
2009,8,NYG,0.0,0.0,0.0,0.0
2009,8,LV,-1.656287875433918,12.0,-2.0831019720062613,4.0
2009,8,LAC,-2.0831019720062613,4.0,-1.656287875433918,12.0
2009,8,DAL,0.0,0.0,0.0,0.0
2009,8,SEA,0.0,0.0,0.0,0.0
2009,8,SF,0.0,0.0,-0.9217215513344854,11.0
2009,8,IND,-0.9217215513344854,11.0,0.0,0.0
2009,8,DET,-6.833442385948729,11.0,-1.4253525511099625,13.0
2009,8,LA,-1.4253525511099625,13.0,-6.833442385948729,11.0
2009,9,ARI,0.0,0.0,0.0,0.0
2009,9,CHI,0.0,0.0,0.0,0.0
2009,9,CIN,0.0,0.0,0.0,0.0
2009,9,BAL,0.0,0.0,0.0,0.0
2009,9,CAR,-9.969549017143436,9.0,-2.329780886298977,6.0
2009,9,NO,-2.329780886298977,6.0,-9.969549017143436,9.0
2009,9,DAL,-0.736058447510004,8.0,1.9026391423662001,1.0
2009,9,PHI,1.9026391423662001,1.0,-0.736058447510004,8.0
2009,9,DET,-8.90754022297915,11.0,-1.9176816841354594,8.0
2009,9,SEA,-1.9176816841354594,8.0,-8.90754022297915,11.0
2009,9,TB,0.2783205674933269,9.0,-10.394474750035442,10.0
2009,9,GB,-10.394474750035442,10.0,0.2783205674933269,9.0
2009,9,IND,-1.9785607117810287,5.0,-3.20900791202439,16.0
2009,9,HOU,-3.20900791202439,16.0,-1.9785607117810287,5.0
2009,9,KC,1.053,1.0,-0.46491696464363486,5.0
2009,9,JAX,-0.46491696464363486,5.0,1.053,1.0
2009,9,NE,-0.2757514624972828,11.0,-2.5701267293770798,7.0
2009,9,MIA,-2.5701267293770798,7.0,-0.2757514624972828,11.0
2009,9,DEN,0.0,0.0,0.0,0.0
2009,9,PIT,0.0,0.0,0.0,0.0
2009,9,NYG,-4.938508527207887,13.0,0.10646390208125833,12.0
2009,9,LAC,0.10646390208125833,12.0,-4.938508527207887,13.0
2009,9,TEN,0.18858627940062433,8.0,-7.667671640282834,3.0
2009,9,SF,-7.667671640282834,3.0,0.18858627940062433,8.0
2009,9,ATL,0.0,0.0,0.0,0.0
2009,9,WAS,0.0,0.0,0.0,0.0
2009,10,CAR,3.036604025929363,6.0,-4.209558815055061,1.0
2009,10,ATL,-4.209558815055061,1.0,3.036604025929363,6.0
2009,10,BAL,0.0,0.0,0.0,0.0
2009,10,CLE,0.0,0.0,0.0,0.0
2009,10,TEN,-0.3701424620230682,4.0,0.0,0.0
2009,10,BUF,0.0,0.0,-0.3701424620230682,4.0
2009,10,CHI,-0.6399218577425927,17.0,-2.7512039662105963,7.0
2009,10,SF,-2.7512039662105963,7.0,-0.6399218577425927,17.0
2009,10,CIN,-0.8459970461553894,13.0,-3.384041002544109,5.0
2009,10,PIT,-3.384041002544109,5.0,-0.8459970461553894,13.0
2009,10,GB,0.0,0.0,0.0,0.0
2009,10,DAL,0.0,0.0,0.0,0.0
2009,10,DEN,-3.9932307398412377,5.0,3.5990742117908203,9.0
2009,10,WAS,3.5990742117908203,9.0,-3.9932307398412377,5.0
2009,10,MIN,0.0,0.0,0.0,0.0
2009,10,DET,0.0,0.0,0.0,0.0
2009,10,NYJ,0.0,0.0,2.754781325813383,13.0
2009,10,JAX,2.754781325813383,13.0,0.0,0.0
2009,10,LV,0.07709179003722966,7.0,-1.4993752150330693,8.0
2009,10,KC,-1.4993752150330693,8.0,0.07709179003722966,7.0
2009,10,IND,4.703054374149472,6.0,-3.062038277013926,7.0
2009,10,NE,-3.062038277013926,7.0,4.703054374149472,6.0
2009,10,LA,-1.928357837561518,12.0,-1.9250115095637739,5.0
2009,10,NO,-1.9250115095637739,5.0,-1.928357837561518,12.0
2009,10,LAC,2.388956103590317,8.0,-0.05293560665450059,6.0
2009,10,PHI,-0.05293560665450059,6.0,2.388956103590317,8.0
2009,10,SEA,0.0,0.0,0.0,0.0
2009,10,ARI,0.0,0.0,0.0,0.0
2009,10,TB,1.317881922649348,14.0,-1.552994331868831,11.0
2009,10,MIA,-1.552994331868831,11.0,1.317881922649348,14.0
2009,11,ARI,-2.812596360279713,8.0,-6.288514921674505,11.0
2009,11,LA,-6.288514921674505,11.0,-2.812596360279713,8.0
2009,11,NYG,-2.3730257301358506,9.0,6.543660458763724,13.0
2009,11,ATL,6.543660458763724,13.0,-2.3730257301358506,9.0
2009,11,BUF,-0.3816543197608553,6.0,4.615715943204239,11.0
2009,11,JAX,4.615715943204239,11.0,-0.3816543197608553,6.0
2009,11,LV,5.572316469687165,16.0,-5.859634216903942,10.0
2009,11,CIN,-5.859634216903942,10.0,5.572316469687165,16.0
2009,11,CLE,-1.1204793704673648,7.0,3.9719862217229194,17.0
2009,11,DET,3.9719862217229194,17.0,-1.1204793704673648,7.0
2009,11,IND,-0.5060824817046523,9.0,-4.020486993715167,6.0
2009,11,BAL,-4.020486993715167,6.0,-0.5060824817046523,9.0
2009,11,CAR,-0.2278309300309047,5.0,5.538686281419359,8.0
2009,11,MIA,5.538686281419359,8.0,-0.2278309300309047,5.0
2009,11,NO,0.0,0.0,0.0,0.0
2009,11,TB,0.0,0.0,0.0,0.0
2009,11,NE,0.0,0.0,0.0,0.0
2009,11,NYJ,0.0,0.0,0.0,0.0
2009,11,PHI,-2.0604157399502583,9.0,-2.0192004186683334,9.0
2009,11,CHI,-2.0192004186683334,9.0,-2.0604157399502583,9.0
2009,11,KC,-0.26891619609819006,8.0,-1.621978355338797,13.0
2009,11,PIT,-1.621978355338797,13.0,-0.26891619609819006,8.0
2009,11,DEN,0.0,0.0,0.0,0.0
2009,11,LAC,0.0,0.0,0.0,0.0
2009,11,SEA,0.0,0.0,0.0,0.0
2009,11,MIN,0.0,0.0,0.0,0.0
2009,11,GB,0.3579152529127896,8.0,0.0,0.0
2009,11,SF,0.0,0.0,0.3579152529127896,8.0
2009,11,HOU,-1.005329611711204,12.0,3.0664215204305947,11.0
2009,11,TEN,3.0664215204305947,11.0,-1.005329611711204,12.0
2009,11,DAL,0.731619299072974,10.0,-3.446033671265468,6.0
2009,11,WAS,-3.446033671265468,6.0,0.731619299072974,10.0
2009,12,ARI,-0.8488241487648338,5.0,5.34650809818845,20.0
2009,12,TEN,5.34650809818845,20.0,-0.8488241487648338,5.0
2009,12,CAR,0.0,0.0,0.012298987712711096,2.0
2009,12,NYJ,0.012298987712711096,2.0,0.0,0.0
2009,12,MIN,0.0,0.0,0.0,0.0
2009,12,CHI,0.0,0.0,0.0,0.0
2009,12,CLE,0.0,0.0,0.0,0.0
2009,12,CIN,0.0,0.0,0.0,0.0
2009,12,GB,0.0,0.0,0.0,0.0
2009,12,DET,0.0,0.0,0.0,0.0
2009,12,HOU,-5.4576167349587195,2.0,3.5439934178139083,6.0
2009,12,IND,3.5439934178139083,6.0,-5.4576167349587195,2.0
2009,12,SF,0.0,0.0,0.0,0.0
2009,12,JAX,0.0,0.0,0.0,0.0
2009,12,LAC,0.0,0.0,0.0,0.0
2009,12,KC,0.0,0.0,0.0,0.0
2009,12,BUF,5.7104388395673595,4.0,-2.488731976656709,5.0
2009,12,MIA,-2.488731976656709,5.0,5.7104388395673595,4.0
2009,12,NO,0.0,0.0,0.0,0.0
2009,12,NE,0.0,0.0,0.0,0.0
2009,12,NYG,0.0,0.0,0.0,0.0
2009,12,DEN,0.0,0.0,0.0,0.0
2009,12,LV,0.0,0.0,0.0,0.0
2009,12,DAL,0.0,0.0,0.0,0.0
2009,12,PIT,-0.8281372626079246,5.0,1.3241586635122076,17.0
2009,12,BAL,1.3241586635122076,17.0,-0.8281372626079246,5.0
2009,12,SEA,0.0,0.0,0.0,0.0
2009,12,LA,0.0,0.0,0.0,0.0
2009,12,ATL,5.208356565263249,17.0,-3.627527292468585,10.0
2009,12,TB,-3.627527292468585,10.0,5.208356565263249,17.0
2009,12,WAS,-2.814411378640216,5.0,-0.4813863336457871,11.0
2009,12,PHI,-0.4813863336457871,11.0,-2.814411378640216,5.0
2009,13,GB,0.0,0.0,0.0,0.0
2009,13,BAL,0.0,0.0,0.0,0.0
2009,13,DAL,0.037277867132703646,2.0,-0.3270253973896615,3.0
2009,13,NYG,-0.3270253973896615,3.0,0.037277867132703646,2.0
2009,13,DEN,0.0,0.0,0.0,0.0
2009,13,KC,0.0,0.0,0.0,0.0
2009,13,DET,0.0,0.0,0.0,0.0
2009,13,CIN,0.0,0.0,0.0,0.0
2009,13,HOU,-0.947,1.0,-0.5180512650404125,11.0
2009,13,JAX,-0.5180512650404125,11.0,-0.947,1.0
2009,13,ARI,0.0,0.0,0.0,0.0
2009,13,MIN,0.0,0.0,0.0,0.0
2009,13,NE,-4.525459444441367,8.0,-2.327833329734858,12.0
2009,13,MIA,-2.327833329734858,12.0,-4.525459444441367,8.0
2009,13,NO,6.0044322023793475,12.0,-5.102278577920515,13.0
2009,13,WAS,-5.102278577920515,13.0,6.0044322023793475,12.0
2009,13,BUF,-2.062473157304339,2.0,-3.1096966039622203,10.0
2009,13,NYJ,-3.1096966039622203,10.0,-2.062473157304339,2.0
2009,13,PIT,5.071457269722258,10.0,6.502579912664031,14.0
2009,13,LV,6.502579912664031,14.0,5.071457269722258,10.0
2009,13,ATL,0.0,0.0,0.0,0.0
2009,13,PHI,0.0,0.0,0.0,0.0
2009,13,CLE,0.0,0.0,-0.14369394967798144,4.0
2009,13,LAC,-0.14369394967798144,4.0,0.0,0.0
2009,13,SEA,1.3845496245194227,15.0,0.5272896820679307,11.0
2009,13,SF,0.5272896820679307,11.0,1.3845496245194227,15.0
2009,13,CHI,-4.653155593550764,11.0,-3.7641735892975703,10.0
2009,13,LA,-3.7641735892975703,10.0,-4.653155593550764,11.0
2009,13,CAR,0.0,0.0,0.0,0.0
2009,13,TB,0.0,0.0,0.0,0.0
2009,13,IND,0.0,0.0,0.0,0.0
2009,13,TEN,0.0,0.0,0.0,0.0
2009,14,SF,0.0,0.0,0.0,0.0
2009,14,ARI,0.0,0.0,0.0,0.0
2009,14,KC,-3.1608814744395204,13.0,-0.9964470012346283,4.0
2009,14,BUF,-0.9964470012346283,4.0,-3.1608814744395204,13.0
2009,14,CAR,0.0,0.0,1.705921700282488,7.0
2009,14,NE,1.705921700282488,7.0,0.0,0.0
2009,14,CIN,0.0,0.0,0.0,0.0
2009,14,MIN,0.0,0.0,0.0,0.0
2009,14,IND,2.0470452929730527,7.0,0.0,0.0
2009,14,DEN,0.0,0.0,2.0470452929730527,7.0
2009,14,DET,0.0,0.0,0.0,0.0
2009,14,BAL,0.0,0.0,0.0,0.0
2009,14,CHI,-4.697159154980909,8.0,-5.044121992483269,7.0
2009,14,GB,-5.044121992483269,7.0,-4.697159154980909,8.0
2009,14,MIA,-4.023076825309545,7.0,-3.0159760932438076,6.0
2009,14,JAX,-3.0159760932438076,6.0,-4.023076825309545,7.0
2009,14,ATL,-4.852401392883621,11.0,-3.7000608162121646,9.0
2009,14,NO,-3.7000608162121646,9.0,-4.852401392883621,11.0
2009,14,TB,0.0,0.0,0.0,0.0
2009,14,NYJ,0.0,0.0,0.0,0.0
2009,14,PHI,-3.11592856849893,6.0,-2.6409434324261847,3.0
2009,14,NYG,-2.6409434324261847,3.0,-3.11592856849893,6.0
2009,14,CLE,-1.3989945322973654,4.0,-2.1757996877422556,9.0
2009,14,PIT,-2.1757996877422556,9.0,-1.3989945322973654,4.0
2009,14,DAL,0.030623886301383907,1.0,0.6863059834577143,10.0
2009,14,LAC,0.6863059834577143,10.0,0.030623886301383907,1.0
2009,14,HOU,0.0,0.0,0.0,0.0
2009,14,SEA,0.0,0.0,0.0,0.0
2009,14,LA,0.0,0.0,0.0,0.0
2009,14,TEN,0.0,0.0,0.0,0.0
2009,14,LV,0.0,0.0,0.0,0.0
2009,14,WAS,0.0,0.0,0.0,0.0
2009,15,DET,-0.9620952867640782,8.0,4.6768816478928885,9.0
2009,15,ARI,4.6768816478928885,9.0,-0.9620952867640782,8.0
2009,15,ATL,4.104297673042992,14.0,-5.9539822963419855,5.0
2009,15,NYJ,-5.9539822963419855,5.0,4.104297673042992,14.0
2009,15,CHI,0.0,0.0,0.0,0.0
2009,15,BAL,0.0,0.0,0.0,0.0
2009,15,LAC,2.734463752596639,7.0,1.860599592415383,10.0
2009,15,CIN,1.860599592415383,10.0,2.734463752596639,7.0
2009,15,CLE,1.5091527837837466,11.0,4.903462824357802,15.0
2009,15,KC,4.903462824357802,15.0,1.5091527837837466,11.0
2009,15,NO,-0.9672609604895115,11.0,-5.2093835094128735,7.0
2009,15,DAL,-5.2093835094128735,7.0,-0.9672609604895115,11.0
2009,15,GB,7.4120430540498345,8.0,7.531849384137558,20.0
2009,15,PIT,7.531849384137558,20.0,7.4120430540498345,8.0
2009,15,HOU,-0.33798540532194554,7.0,-1.238219156395644,6.0
2009,15,LA,-1.238219156395644,6.0,-0.33798540532194554,7.0
2009,15,IND,-2.4529118154314347,8.0,-2.660512097470928,14.0
2009,15,JAX,-2.660512097470928,14.0,-2.4529118154314347,8.0
2009,15,TEN,-0.08717405144125223,6.0,8.47128054911457,13.0
2009,15,MIA,8.47128054911457,13.0,-0.08717405144125223,6.0
2009,15,CAR,0.0,0.0,0.0,0.0
2009,15,MIN,0.0,0.0,0.0,0.0
2009,15,BUF,0.01796074153821703,1.0,-0.5809229072183371,8.0
2009,15,NE,-0.5809229072183371,8.0,0.01796074153821703,1.0
2009,15,NYG,0.0,0.0,0.0,0.0
2009,15,WAS,0.0,0.0,0.0,0.0
2009,15,LV,4.653682066364808,16.0,-2.1164615449961275,9.0
2009,15,DEN,-2.1164615449961275,9.0,4.653682066364808,16.0
2009,15,PHI,0.0,0.0,0.0,0.0
2009,15,SF,0.0,0.0,0.0,0.0
2009,15,SEA,0.0,0.0,0.0,0.0
2009,15,TB,0.0,0.0,0.0,0.0
2009,16,PIT,-1.3353021738585085,6.0,-3.4135486441664398,5.0
2009,16,BAL,-3.4135486441664398,5.0,-1.3353021738585085,6.0
2009,16,BUF,0.0,0.0,0.0,0.0
2009,16,ATL,0.0,0.0,0.0,0.0
2009,16,NYG,0.0,0.0,0.0,0.0
2009,16,CAR,0.0,0.0,0.0,0.0
2009,16,WAS,0.0,0.0,0.0,0.0
2009,16,DAL,0.0,0.0,0.0,0.0
2009,16,DEN,-2.3272398395783966,6.0,1.3143384644645266,12.0
2009,16,PHI,1.3143384644645266,12.0,-2.3272398395783966,6.0
2009,16,DET,0.0,0.0,0.0,0.0
2009,16,SF,0.0,0.0,0.0,0.0
2009,16,HOU,-0.37410376919433475,5.0,0.0,0.0
2009,16,MIA,0.0,0.0,-0.37410376919433475,5.0
2009,16,NE,0.0,0.0,0.0,0.0
2009,16,JAX,0.0,0.0,0.0,0.0
2009,16,KC,-1.0301596956560388,5.0,2.759605391944887,10.0
2009,16,CIN,2.759605391944887,10.0,-1.0301596956560388,5.0
2009,16,CHI,3.075102076695429,4.0,6.66951650137048,16.0
2009,16,MIN,6.66951650137048,16.0,3.075102076695429,4.0
2009,16,IND,0.0,0.0,0.0,0.0
2009,16,NYJ,0.0,0.0,0.0,0.0
2009,16,LV,0.0,0.0,0.0,0.0
2009,16,CLE,0.0,0.0,0.0,0.0
2009,16,LAC,0.0,0.0,0.0,0.0
2009,16,TEN,0.0,0.0,0.0,0.0
2009,16,GB,0.0,0.0,0.0,0.0
2009,16,SEA,0.0,0.0,0.0,0.0
2009,16,LA,0.0,0.0,0.0,0.0
2009,16,ARI,0.0,0.0,0.0,0.0
2009,16,TB,0.017174650324169205,2.0,-8.420046772807837,18.0
2009,16,NO,-8.420046772807837,18.0,0.017174650324169205,2.0
2009,17,ATL,2.603345722425729,9.0,-3.78818488313118,1.0
2009,17,TB,-3.78818488313118,1.0,2.603345722425729,9.0
2009,17,LV,-1.4860808909288608,5.0,-4.164156406768598,9.0
2009,17,BAL,-4.164156406768598,9.0,-1.4860808909288608,5.0
2009,17,CHI,6.39291440602392,7.0,-1.892821898451075,4.0
2009,17,DET,-1.892821898451075,4.0,6.39291440602392,7.0
2009,17,NYJ,0.0,0.0,0.0,0.0
2009,17,CIN,0.0,0.0,0.0,0.0
2009,17,GB,0.0,0.0,0.0,0.0
2009,17,ARI,0.0,0.0,0.0,0.0
2009,17,BUF,0.0,0.0,0.0,0.0
2009,17,IND,0.0,0.0,0.0,0.0
2009,17,CLE,0.0,0.0,0.01796074153821703,1.0
2009,17,JAX,0.01796074153821703,1.0,0.0,0.0
2009,17,DEN,0.0,0.0,0.0,0.0
2009,17,KC,0.0,0.0,0.0,0.0
2009,17,HOU,3.847625177128178,8.0,-4.751536470139399,13.0
2009,17,NE,-4.751536470139399,13.0,3.847625177128178,8.0
2009,17,CAR,0.0,0.0,0.0,0.0
2009,17,NO,0.0,0.0,0.0,0.0
2009,17,MIN,0.0,0.0,0.0,0.0
2009,17,NYG,0.0,0.0,0.0,0.0
2009,17,DAL,0.0,0.0,0.0,0.0
2009,17,PHI,0.0,0.0,0.0,0.0
2009,17,PIT,1.2449307402130216,15.0,-3.061784327845089,2.0
2009,17,MIA,-3.061784327845089,2.0,1.2449307402130216,15.0
2009,17,LA,0.0,0.0,2.1577100349240936,2.0
2009,17,SF,2.1577100349240936,2.0,0.0,0.0
2009,17,TEN,1.519150277196558,4.0,-0.5332175639923662,11.0
2009,17,SEA,-0.5332175639923662,11.0,1.519150277196558,4.0
2009,17,LAC,4.422556764683349,15.0,-2.811219963536132,7.0
2009,17,WAS,-2.811219963536132,7.0,4.422556764683349,15.0
2009,18,BAL,0.0,0.0,0.0,0.0
2009,18,NE,0.0,0.0,0.0,0.0
2009,18,GB,6.573653343632087,11.0,-0.5971256289303151,9.0
2009,18,ARI,-0.5971256289303151,9.0,6.573653343632087,11.0
2009,18,CIN,0.0,0.0,0.0,0.0
2009,18,NYJ,0.0,0.0,0.0,0.0
2009,18,DAL,0.0,0.0,0.0,0.0
2009,18,PHI,0.0,0.0,0.0,0.0
2009,19,ARI,0.0,0.0,0.0,0.0
2009,19,NO,0.0,0.0,0.0,0.0
2009,19,IND,0.0,0.0,0.0,0.0
2009,19,BAL,0.0,0.0,0.0,0.0
2009,19,DAL,0.0,0.0,0.0,0.0
2009,19,MIN,0.0,0.0,0.0,0.0
2009,19,LAC,0.01796074153821703,1.0,-0.6492608790285885,6.0
2009,19,NYJ,-0.6492608790285885,6.0,0.01796074153821703,1.0
2009,20,MIN,-0.9897786121378787,10.0,-1.6588893255393486,7.0
2009,20,NO,-1.6588893255393486,7.0,-0.9897786121378787,10.0
2009,20,IND,0.0,0.0,0.0,0.0
2009,20,NYJ,0.0,0.0,0.0,0.0
2009,21,NO,0.0,0.0,-8.22737746918574,5.0
2009,21,IND,-8.22737746918574,5.0,0.0,0.0
2010,1,ARI,-4.291011113673449,1.0,-6.155999526963569,21.0
2010,1,LA,-6.155999526963569,21.0,-4.291011113673449,1.0
2010,1,PIT,-4.459036872489378,11.0,-5.247453005402349,6.0
2010,1,ATL,-5.247453005402349,6.0,-4.459036872489378,11.0
2010,1,NYJ,-3.9907811107696034,11.0,-2.79902988584945,9.0
2010,1,BAL,-2.79902988584945,9.0,-3.9907811107696034,11.0
2010,1,CAR,0.0,0.0,0.0,0.0
2010,1,NYG,0.0,0.0,0.0,0.0
2010,1,CIN,0.0,0.0,0.0,0.0
2010,1,NE,0.0,0.0,0.0,0.0
2010,1,TB,-7.25529587912024,8.0,-4.245014597923728,12.0
2010,1,CLE,-4.245014597923728,12.0,-7.25529587912024,8.0
2010,1,DAL,-0.3722079994622618,14.0,1.3290842588758096,9.0
2010,1,WAS,1.3290842588758096,9.0,-0.3722079994622618,14.0
2010,1,JAX,-1.8929712704848498,8.0,-5.743723260296974,6.0
2010,1,DEN,-5.743723260296974,6.0,-1.8929712704848498,8.0
2010,1,CHI,3.540663274165243,12.0,-2.4411353258183226,13.0
2010,1,DET,-2.4411353258183226,13.0,3.540663274165243,12.0
2010,1,GB,-1.1506171990185976,5.0,-0.7297086102189496,6.0
2010,1,PHI,-0.7297086102189496,6.0,-1.1506171990185976,5.0
2010,1,IND,0.0,0.0,0.0,0.0
2010,1,HOU,0.0,0.0,0.0,0.0
2010,1,BUF,-1.680739055329468,9.0,-1.4298949022195302,13.0
2010,1,MIA,-1.4298949022195302,13.0,-1.680739055329468,9.0
2010,1,NO,0.0008906526491045952,10.0,0.0,0.0
2010,1,MIN,0.0,0.0,0.0008906526491045952,10.0
2010,1,LV,0.0,0.0,0.0,0.0
2010,1,TEN,0.0,0.0,0.0,0.0
2010,1,KC,0.0,1.0,-1.0532557875849307,10.0
2010,1,LAC,-1.0532557875849307,10.0,0.0,1.0
2010,1,SEA,0.0,0.0,0.0,0.0
2010,1,SF,0.0,0.0,0.0,0.0
2010,2,ATL,0.0,0.0,0.0,0.0
2010,2,ARI,0.0,0.0,0.0,0.0
2010,2,CIN,-4.9465313022374175,11.0,-7.858576945727691,10.0
2010,2,BAL,-7.858576945727691,10.0,-4.9465313022374175,11.0
2010,2,GB,0.0,0.0,0.0,0.0
2010,2,BUF,0.0,0.0,0.0,0.0
2010,2,CHI,-0.46973735000938177,4.0,0.0,0.0
2010,2,DAL,0.0,0.0,-0.46973735000938177,4.0
2010,2,WAS,-4.004939774749801,9.0,4.8589559253930465,16.0
2010,2,HOU,4.8589559253930465,16.0,-4.004939774749801,9.0
2010,2,LAC,0.0,0.0,0.0,0.0
2010,2,JAX,0.0,0.0,0.0,0.0
2010,2,CLE,-2.0999228863511235,4.0,-3.9667025164235383,9.0
2010,2,KC,-3.9667025164235383,9.0,-2.0999228863511235,4.0
2010,2,MIN,-6.331350144406315,12.0,-1.3745452392031439,7.0
2010,2,MIA,-1.3745452392031439,7.0,-6.331350144406315,12.0
2010,2,NE,0.0,0.0,0.0,0.0
2010,2,NYJ,0.0,0.0,0.0,0.0
2010,2,SF,7.212273092402145,10.0,1.4403745161835104,14.0
2010,2,NO,1.4403745161835104,14.0,7.212273092402145,10.0
2010,2,IND,0.0,0.0,0.0,0.0
2010,2,NYG,0.0,0.0,0.0,0.0
2010,2,DET,-2.954180047337897,5.0,-4.411312817595899,4.0
2010,2,PHI,-4.411312817595899,4.0,-2.954180047337897,5.0
2010,2,PIT,-0.7442394872196019,1.0,-0.48266189300920814,7.0
2010,2,TEN,-0.48266189300920814,7.0,-0.7442394872196019,1.0
2010,2,SEA,0.0,0.0,0.0,0.0
2010,2,DEN,0.0,0.0,0.0,0.0
2010,2,LV,-0.5284066761378199,10.0,0.01796074153821703,1.0
2010,2,LA,0.01796074153821703,1.0,-0.5284066761378199,10.0
2010,2,TB,0.0,0.0,0.0,0.0
2010,2,CAR,0.0,0.0,0.0,0.0
2010,3,ATL,-3.715787098335568,12.0,1.4611862011952326,11.0
2010,3,NO,1.4611862011952326,11.0,-3.715787098335568,12.0
2010,3,BUF,-2.713536116760224,1.0,-3.140371197136119,14.0
2010,3,NE,-3.140371197136119,14.0,-2.713536116760224,1.0
2010,3,CIN,0.0,0.0,0.0,0.0
2010,3,CAR,0.0,0.0,0.0,0.0
2010,3,BAL,-0.6795360730029643,9.0,-0.8118878440000117,3.0
2010,3,CLE,-0.8118878440000117,3.0,-0.6795360730029643,9.0
2010,3,DAL,0.0,0.0,0.0,0.0
2010,3,HOU,0.0,0.0,0.0,0.0
2010,3,DET,0.0,0.0,0.0,0.0
2010,3,MIN,0.0,0.0,0.0,0.0
2010,3,CHI,0.4134168143500574,11.0,-2.9283894786785822,6.0
2010,3,GB,-2.9283894786785822,6.0,0.4134168143500574,11.0
2010,3,DEN,0.0,0.0,3.3678617525147274,1.0
2010,3,IND,3.3678617525147274,1.0,0.0,0.0
2010,3,NYJ,4.715528095494618,12.0,-0.48431362700648606,9.0
2010,3,MIA,-0.48431362700648606,9.0,4.715528095494618,12.0
2010,3,ARI,-3.1090699542546645,4.0,-5.931439618463628,15.0
2010,3,LV,-5.931439618463628,15.0,-3.1090699542546645,4.0
2010,3,PHI,0.0,0.0,0.0,0.0
2010,3,JAX,0.0,0.0,0.0,0.0
2010,3,PIT,0.0,0.0,0.0,0.0
2010,3,TB,0.0,0.0,0.0,0.0
2010,3,LAC,-3.8376606896054,17.0,-1.8135495579335839,6.0
2010,3,SEA,-1.8135495579335839,6.0,-3.8376606896054,17.0
2010,3,KC,0.0,0.0,0.0,0.0
2010,3,SF,0.0,0.0,0.0,0.0
2010,3,NYG,0.0,0.0,0.0,0.0
2010,3,TEN,0.0,0.0,0.0,0.0
2010,3,LA,0.16205797120810184,1.0,0.0,0.0
2010,3,WAS,0.0,0.0,0.16205797120810184,1.0
2010,4,ARI,0.0,0.0,0.0,0.0
2010,4,LAC,0.0,0.0,0.0,0.0
2010,4,PIT,-3.4653105562902056,8.0,-0.4603643870752885,12.0
2010,4,BAL,-0.4603643870752885,12.0,-3.4653105562902056,8.0
2010,4,CAR,-0.6427980323787779,12.0,-2.628324293298647,5.0
2010,4,NO,-2.628324293298647,5.0,-0.6427980323787779,12.0
2010,4,CHI,0.0,0.0,0.8661386627354659,1.0
2010,4,NYG,0.8661386627354659,1.0,0.0,0.0
2010,4,CIN,-0.09329757024534047,1.0,-0.059272140730172396,10.0
2010,4,CLE,-0.059272140730172396,10.0,-0.09329757024534047,1.0
2010,4,TEN,-6.391226250038017,12.0,-0.5333280667503013,18.0
2010,4,DEN,-0.5333280667503013,18.0,-6.391226250038017,12.0
2010,4,GB,-1.6145268976688385,9.0,0.0,0.0
2010,4,DET,0.0,0.0,-1.6145268976688385,9.0
2010,4,LV,-3.2442499208264053,7.0,-4.296724709682167,9.0
2010,4,HOU,-4.296724709682167,9.0,-3.2442499208264053,7.0
2010,4,IND,6.467804935183039,10.0,4.982755315377971,14.0
2010,4,JAX,4.982755315377971,14.0,6.467804935183039,10.0
2010,4,MIA,0.0,0.0,0.0,0.0
2010,4,NE,0.0,0.0,0.0,0.0
2010,4,NYJ,0.0,0.0,0.0,0.0
2010,4,BUF,0.0,0.0,0.0,0.0
2010,4,LA,0.0,0.0,0.0,0.0
2010,4,SEA,0.0,0.0,0.0,0.0
2010,4,ATL,2.9623347085434943,19.0,-3.2355990129872225,4.0
2010,4,SF,-3.2355990129872225,4.0,2.9623347085434943,19.0
2010,4,PHI,-1.32627180074621,11.0,-0.840979071916081,11.0
2010,4,WAS,-0.840979071916081,11.0,-1.32627180074621,11.0
2010,5,CLE,-8.942582342075184,2.0,0.0,0.0
2010,5,ATL,0.0,0.0,-8.942582342075184,2.0
2010,5,CHI,0.0,0.0,0.0,0.0
2010,5,CAR,0.0,0.0,0.0,0.0
2010,5,BAL,0.0,0.0,0.0,0.0
2010,5,DEN,0.0,0.0,0.0,0.0
2010,5,GB,-0.6033885115175508,8.0,2.4530776651226915,8.0
2010,5,WAS,2.4530776651226915,8.0,-0.6033885115175508,8.0
2010,5,BUF,0.0,0.0,0.0,0.0
2010,5,JAX,0.0,0.0,0.0,0.0
2010,5,IND,2.521030224917922,3.0,0.0,0.0
2010,5,KC,0.0,0.0,2.521030224917922,3.0
2010,5,MIN,-7.158530930052849,5.0,2.976576508788183,11.0
2010,5,NYJ,2.976576508788183,11.0,-7.158530930052849,5.0
2010,5,ARI,-0.5149002241087146,5.0,-6.907777309210304,2.0
2010,5,NO,-6.907777309210304,2.0,-0.5149002241087146,5.0
2010,5,HOU,0.0,0.0,0.0,0.0
2010,5,NYG,0.0,0.0,0.0,0.0
2010,5,SF,-1.2328465784623868,6.0,-1.7951271494966932,8.0
2010,5,PHI,-1.7951271494966932,8.0,-1.2328465784623868,6.0
2010,5,LV,2.296270800511481,7.0,-8.59485610172851,17.0
2010,5,LAC,-8.59485610172851,17.0,2.296270800511481,7.0
2010,5,DET,0.0,0.0,0.0,0.0
2010,5,LA,0.0,0.0,0.0,0.0
2010,5,CIN,-5.551148336642655,12.0,4.496890897401271,12.0
2010,5,TB,4.496890897401271,12.0,-5.551148336642655,12.0
2010,5,TEN,1.08059720587704,10.0,-3.6708978444110376,12.0
2010,5,DAL,-3.6708978444110376,12.0,1.08059720587704,10.0
2010,6,ATL,0.0,0.0,0.0,0.0
2010,6,PHI,0.0,0.0,0.0,0.0
2010,6,BAL,-1.702214630204253,5.0,-2.5426454040571116,17.0
2010,6,NE,-2.5426454040571116,17.0,-1.702214630204253,5.0
2010,6,CLE,0.0,0.0,0.0,0.0
2010,6,PIT,0.0,0.0,0.0,0.0
2010,6,DAL,-1.5819065704126842,7.0,-1.8434978057048284,10.0
2010,6,MIN,-1.8434978057048284,10.0,-1.5819065704126842,7.0
2010,6,NYG,0.6202114636544138,8.0,-0.833310600486584,10.0
2010,6,DET,-0.833310600486584,10.0,0.6202114636544138,8.0
2010,6,IND,-4.691559484228492,11.0,-4.2183164198606855,6.0
2010,6,WAS,-4.2183164198606855,6.0,-4.691559484228492,11.0
2010,6,KC,-1.5753104712930508,10.0,6.354167237012119,11.0
2010,6,HOU,6.354167237012119,11.0,-1.5753104712930508,10.0
2010,6,GB,4.337206631204707,11.0,0.004261205642251298,3.0
2010,6,MIA,0.004261205642251298,3.0,4.337206631204707,11.0
2010,6,TB,0.0,0.0,0.0,0.0
2010,6,NO,0.0,0.0,0.0,0.0
2010,6,NYJ,4.684036803785374,14.0,-2.4237660306389444,9.0
2010,6,DEN,-2.4237660306389444,9.0,4.684036803785374,14.0
2010,6,LV,-4.26773557352135,3.0,-6.616923485358711,10.0
2010,6,SF,-6.616923485358711,10.0,-4.26773557352135,3.0
2010,6,LAC,0.017174650324169205,1.0,-1.6148647030931897,12.0
2010,6,LA,-1.6148647030931897,12.0,0.017174650324169205,1.0
2010,6,CHI,0.01796074153821703,1.0,-0.16505724715534598,4.0
2010,6,SEA,-0.16505724715534598,4.0,0.01796074153821703,1.0
2010,6,TEN,0.0,0.0,0.0,0.0
2010,6,JAX,0.0,0.0,0.0,0.0
2010,7,SEA,0.0,0.0,0.0,0.0
2010,7,ARI,0.0,0.0,0.0,0.0
2010,7,BAL,-2.769077855744399,6.0,2.8369139255955815,12.0
2010,7,BUF,2.8369139255955815,12.0,-2.769077855744399,6.0
2010,7,ATL,0.2750841488596052,7.0,0.11501887445630099,5.0
2010,7,CIN,0.11501887445630099,5.0,0.2750841488596052,7.0
2010,7,NO,0.0,0.0,0.0,0.0
2010,7,CLE,0.0,0.0,0.0,0.0
2010,7,JAX,0.0,0.0,1.7044346249313094,2.0
2010,7,KC,1.7044346249313094,2.0,0.0,0.0
2010,7,MIN,-1.1935551085043699,16.0,0.0,1.0
2010,7,GB,0.0,1.0,-1.1935551085043699,16.0
2010,7,LAC,-1.5764332728533654,7.0,-2.063632067234721,6.0
2010,7,NE,-2.063632067234721,6.0,-1.5764332728533654,7.0
2010,7,NYG,-0.17619234137237072,2.0,0.030623886301383907,1.0
2010,7,DAL,0.030623886301383907,1.0,-0.17619234137237072,2.0
2010,7,LV,0.0,0.0,0.0,0.0
2010,7,DEN,0.0,0.0,0.0,0.0
2010,7,TEN,2.453790808096528,12.0,-1.1035520436707884,3.0
2010,7,PHI,-1.1035520436707884,3.0,2.453790808096528,12.0
2010,7,MIA,-2.6044642000924796,5.0,-1.0403803695226088,10.0
2010,7,PIT,-1.0403803695226088,10.0,-2.6044642000924796,5.0
2010,7,CAR,6.99129825272098,16.0,-2.987781314877793,15.0
2010,7,SF,-2.987781314877793,15.0,6.99129825272098,16.0
2010,7,TB,5.656308401769027,17.0,-0.9101506187289488,3.0
2010,7,LA,-0.9101506187289488,3.0,5.656308401769027,17.0
2010,7,WAS,-1.7482867874205112,10.0,-0.7283462816849351,4.0
2010,7,CHI,-0.7283462816849351,4.0,-1.7482867874205112,10.0
2010,8,KC,-3.9385631086770445,16.0,3.0090262345663623,23.0
2010,8,BUF,3.0090262345663623,23.0,-3.9385631086770445,16.0
2010,8,LA,0.0,0.0,0.0,0.0
2010,8,CAR,0.0,0.0,0.0,0.0
2010,8,DEN,-1.5322776818604789,7.0,0.24570790491998196,9.0
2010,8,SF,0.24570790491998196,9.0,-1.5322776818604789,7.0
2010,8,GB,-1.5573031647363678,8.0,-7.509947336395271,7.0
2010,8,NYJ,-7.509947336395271,7.0,-1.5573031647363678,8.0
2010,8,IND,0.0,0.0,0.0,0.0
2010,8,HOU,0.0,0.0,0.0,0.0
2010,8,DAL,0.0,0.0,0.0,0.0
2010,8,JAX,0.0,0.0,0.0,0.0
2010,8,CIN,-1.6358416721923277,10.0,-0.5975418565794826,5.0
2010,8,MIA,-0.5975418565794826,5.0,-1.6358416721923277,10.0
2010,8,NE,4.993970912997611,9.0,0.0,0.0
2010,8,MIN,0.0,0.0,4.993970912997611,9.0
2010,8,PIT,0.0,0.0,4.463304431352299,5.0
2010,8,NO,4.463304431352299,5.0,0.0,0.0
2010,8,LV,0.0,0.0,0.0,0.0
2010,8,SEA,0.0,0.0,0.0,0.0
2010,8,ARI,-1.56684542784933,11.0,-4.95402176619973,9.0
2010,8,TB,-4.95402176619973,9.0,-1.56684542784933,11.0
2010,8,LAC,-1.3308298882329836,6.0,-2.1907997672678903,16.0
2010,8,TEN,-2.1907997672678903,16.0,-1.3308298882329836,6.0
2010,8,WAS,-16.06970889744116,9.0,3.360938217476476,13.0
2010,8,DET,3.360938217476476,13.0,-16.06970889744116,9.0
2010,9,ARI,-2.055923491541762,9.0,5.761231723922558,8.0
2010,9,MIN,5.761231723922558,8.0,-2.055923491541762,9.0
2010,9,CHI,-2.7441022451967,5.0,-4.333655820111744,11.0
2010,9,BUF,-4.333655820111744,11.0,-2.7441022451967,5.0
2010,9,DAL,0.0,0.0,0.0,0.0
2010,9,GB,0.0,0.0,0.0,0.0
2010,9,PHI,-0.7394303191686049,8.0,-0.13324384437442038,6.0
2010,9,IND,-0.13324384437442038,6.0,-0.7394303191686049,8.0
2010,9,LV,0.23173741262871772,15.0,-2.7528710954647977,8.0
2010,9,KC,-2.7528710954647977,8.0,0.23173741262871772,15.0
2010,9,BAL,0.0,0.0,0.0,0.0
2010,9,MIA,0.0,0.0,0.0,0.0
2010,9,CLE,0.0,0.0,0.0,0.0
2010,9,NE,0.0,0.0,0.0,0.0
2010,9,NO,0.0,0.0,0.0,0.0
2010,9,CAR,0.0,0.0,0.0,0.0
2010,9,SEA,0.0,0.0,0.0,0.0
2010,9,NYG,0.0,0.0,0.0,0.0
2010,9,DET,-1.4956203462788835,5.0,2.2663137786934486,10.0
2010,9,NYJ,2.2663137786934486,10.0,-1.4956203462788835,5.0
2010,9,CIN,-1.5103738041361794,14.0,-4.315020741079934,4.0
2010,9,PIT,-4.315020741079934,4.0,-1.5103738041361794,14.0
2010,9,LAC,-1.9229064696701244,7.0,-3.055480871349573,12.0
2010,9,HOU,-3.055480871349573,12.0,-1.9229064696701244,7.0
2010,9,ATL,-0.041001723846420646,4.0,-4.42405789141776,3.0
2010,9,TB,-4.42405789141776,3.0,-0.041001723846420646,4.0
2010,10,ATL,2.686793568937108,15.0,5.900263553360138,14.0
2010,10,BAL,5.900263553360138,14.0,2.686793568937108,15.0
2010,10,CAR,0.0,0.0,7.194616216700524,5.0
2010,10,TB,7.194616216700524,5.0,0.0,0.0
2010,10,IND,-4.0287501064594835,6.0,-3.514279997874781,5.0
2010,10,CIN,-3.514279997874781,5.0,-4.0287501064594835,6.0
2010,10,NYG,0.0,0.0,0.0,0.0
2010,10,DAL,0.0,0.0,0.0,0.0
2010,10,DET,5.984186653440818,17.0,-0.2364471856271848,7.0
2010,10,BUF,-0.2364471856271848,7.0,5.984186653440818,17.0
2010,10,HOU,1.506010399961041,11.0,5.343420264315454,14.0
2010,10,JAX,5.343420264315454,14.0,1.506010399961041,11.0
2010,10,DEN,0.0,0.0,0.0,0.0
2010,10,KC,0.0,0.0,0.0,0.0
2010,10,CHI,0.0,0.0,0.0,0.0
2010,10,MIN,0.0,0.0,0.0,0.0
2010,10,PIT,0.0,0.0,0.0,0.0
2010,10,NE,0.0,0.0,0.0,0.0
2010,10,CLE,3.2126530304128655,20.0,0.3587158613704915,17.0
2010,10,NYJ,0.3587158613704915,17.0,3.2126530304128655,20.0
2010,10,PHI,0.0,0.0,0.0,0.0
2010,10,WAS,0.0,0.0,0.0,0.0
2010,10,ARI,0.0,0.0,0.0,0.0
2010,10,SEA,0.0,0.0,0.0,0.0
2010,10,LA,2.572599536390044,14.0,6.4308824138759055,9.0
2010,10,SF,6.4308824138759055,9.0,2.572599536390044,14.0
2010,10,TEN,0.0,0.0,0.0,0.0
2010,10,MIA,0.0,0.0,0.0,0.0
2010,11,ARI,0.0,0.0,0.0,0.0
2010,11,KC,0.0,0.0,0.0,0.0
2010,11,LA,0.0,0.0,0.0,0.0
2010,11,ATL,0.0,0.0,0.0,0.0
2010,11,CAR,0.0,0.0,0.0,0.0
2010,11,BAL,0.0,0.0,0.0,0.0
2010,11,CIN,0.0,0.0,0.0,0.0
2010,11,BUF,0.0,0.0,0.0,0.0
2010,11,MIA,0.0,0.0,0.0,0.0
2010,11,CHI,0.0,0.0,0.0,0.0
2010,11,CLE,2.236466067028232,16.0,7.803278692279035,12.0
2010,11,JAX,7.803278692279035,12.0,2.236466067028232,16.0
2010,11,DEN,0.0,0.0,0.0,0.0
2010,11,LAC,0.0,0.0,0.0,0.0
2010,11,DET,0.0,0.0,0.0,0.0
2010,11,DAL,0.0,0.0,0.0,0.0
2010,11,MIN,0.0,0.0,0.0,0.0
2010,11,GB,0.0,0.0,0.0,0.0
2010,11,HOU,0.8097837893044462,11.0,1.4438004791197718,10.0
2010,11,NYJ,1.4438004791197718,10.0,0.8097837893044462,11.0
2010,11,IND,-0.8305790499973691,11.0,-1.3950557729694992,8.0
2010,11,NE,-1.3950557729694992,8.0,-0.8305790499973691,11.0
2010,11,NYG,-1.9640685276244767,6.0,8.591098631135655,10.0
2010,11,PHI,8.591098631135655,10.0,-1.9640685276244767,6.0
2010,11,PIT,0.0,0.0,0.0,0.0
2010,11,LV,0.0,0.0,0.0,0.0
2010,11,SEA,0.0,0.0,0.0,0.0
2010,11,NO,0.0,0.0,0.0,0.0
2010,11,TB,0.0,0.0,0.0,0.0
2010,11,SF,0.0,0.0,0.0,0.0
2010,11,WAS,-2.9908600312191993,13.0,-0.6581473619444296,8.0
2010,11,TEN,-0.6581473619444296,8.0,-2.9908600312191993,13.0
2010,12,CAR,-3.9701253074454144,13.0,-0.9812173030804843,10.0
2010,12,CLE,-0.9812173030804843,10.0,-3.9701253074454144,13.0
2010,12,CIN,0.0,0.0,0.0,0.0
2010,12,NYJ,0.0,0.0,0.0,0.0
2010,12,ATL,2.301882543019019,7.0,6.70769953080745,18.0
2010,12,GB,6.70769953080745,18.0,2.301882543019019,7.0
2010,12,NYG,1.9348817280886115,8.0,-3.0828876006999053,11.0
2010,12,JAX,-3.0828876006999053,11.0,1.9348817280886115,8.0
2010,12,KC,0.0,0.0,0.0,0.0
2010,12,SEA,0.0,0.0,0.0,0.0
2010,12,LV,0.0,0.0,-1.5422580410377122,3.0
2010,12,MIA,-1.5422580410377122,3.0,0.0,0.0
2010,12,WAS,0.0,0.0,-1.8815029590623453,10.0
2010,12,MIN,-1.8815029590623453,10.0,0.0,0.0
2010,12,DET,0.0,0.0,0.0,0.0
2010,12,NE,0.0,0.0,0.0,0.0
2010,12,NO,6.923989780862086,11.0,-2.4506235393928364,14.0
2010,12,DAL,-2.4506235393928364,14.0,6.923989780862086,11.0
2010,12,PHI,0.01796074153821703,1.0,-0.43130980990827084,4.0
2010,12,CHI,-0.43130980990827084,4.0,0.01796074153821703,1.0
2010,12,PIT,0.15520131739322096,15.0,0.6673121700878255,10.0
2010,12,BUF,0.6673121700878255,10.0,0.15520131739322096,15.0
2010,12,IND,0.0,0.0,0.0,0.0
2010,12,LAC,0.0,0.0,0.0,0.0
2010,12,SF,0.0,0.0,0.0,0.0
2010,12,ARI,0.0,0.0,0.0,0.0
2010,12,DEN,-2.2044183938371598,6.0,-2.7770307144965045,7.0
2010,12,LA,-2.7770307144965045,7.0,-2.2044183938371598,6.0
2010,12,TB,0.01796074153821703,1.0,-0.5439618211239576,8.0
2010,12,BAL,-0.5439618211239576,8.0,0.01796074153821703,1.0
2010,12,HOU,0.0,0.0,0.0,0.0
2010,12,TEN,0.0,0.0,0.0,0.0
2010,13,ATL,-0.07087174558114473,9.0,-3.3705204017460346,11.0
2010,13,TB,-3.3705204017460346,11.0,-0.07087174558114473,9.0
2010,13,MIN,0.0,0.0,0.0,0.0
2010,13,BUF,0.0,0.0,0.0,0.0
2010,13,CAR,0.0,0.0,0.0,0.0
2010,13,SEA,0.0,0.0,0.0,0.0
2010,13,DET,0.0,0.0,-1.2822667052969337,9.0
2010,13,CHI,-1.2822667052969337,9.0,0.0,0.0
2010,13,MIA,-7.597460246819537,7.0,-3.8555086950655095,12.0
2010,13,CLE,-3.8555086950655095,12.0,-7.597460246819537,7.0
2010,13,DAL,1.7926184879762586,10.0,6.055294742142052,12.0
2010,13,IND,6.055294742142052,12.0,1.7926184879762586,10.0
2010,13,DEN,-0.5729512867983431,6.0,-1.8460146482102573,9.0
2010,13,KC,-1.8460146482102573,9.0,-0.5729512867983431,6.0
2010,13,PHI,1.4063755044480786,2.0,0.0,0.0
2010,13,HOU,0.0,0.0,1.4063755044480786,2.0
2010,13,TEN,0.0,0.0,0.0,0.0
2010,13,JAX,0.0,0.0,0.0,0.0
2010,13,CIN,0.1418631443521008,5.0,6.382353961355647,10.0
2010,13,NO,6.382353961355647,10.0,0.1418631443521008,5.0
2010,13,NE,0.0,0.0,0.0,0.0
2010,13,NYJ,0.0,0.0,0.0,0.0
2010,13,LAC,0.0,0.0,2.4223805487854406,1.0
2010,13,LV,2.4223805487854406,1.0,0.0,0.0
2010,13,BAL,-6.566257093450986,15.0,1.9339606734035888,6.0
2010,13,PIT,1.9339606734035888,6.0,-6.566257093450986,15.0
2010,13,SF,0.0,0.0,0.0,0.0
2010,13,GB,0.0,0.0,0.0,0.0
2010,13,ARI,0.0,0.0,0.0,0.0
2010,13,LA,0.0,0.0,0.0,0.0
2010,13,NYG,0.0,0.0,0.0,0.0
2010,13,WAS,0.0,0.0,0.0,0.0
2010,14,CAR,0.0,0.0,0.0,0.0
2010,14,ATL,0.0,0.0,0.0,0.0
2010,14,HOU,7.5737524572033434,13.0,-1.4463898048561532,7.0
2010,14,BAL,-1.4463898048561532,7.0,7.5737524572033434,13.0
2010,14,CIN,0.0,0.0,0.0,0.0
2010,14,PIT,0.0,0.0,0.0,0.0
2010,14,CLE,-3.8960389202693477,3.0,-3.472842698567547,12.0
2010,14,BUF,-3.472842698567547,12.0,-3.8960389202693477,3.0
2010,14,DEN,0.0,0.0,0.0,0.0
2010,14,ARI,0.0,0.0,0.0,0.0
2010,14,DET,-3.775106839777436,8.0,-0.972076099133119,10.0
2010,14,GB,-0.972076099133119,10.0,-3.775106839777436,8.0
2010,14,IND,2.3331170957535505,6.0,-0.9554207822031922,3.0
2010,14,TEN,-0.9554207822031922,3.0,2.3331170957535505,6.0
2010,14,KC,0.0,0.0,0.0,0.0
2010,14,LAC,0.0,0.0,0.0,0.0
2010,14,NYJ,-4.354098587646149,13.0,-4.9359336835332215,10.0
2010,14,MIA,-4.9359336835332215,10.0,-4.354098587646149,13.0
2010,14,NE,0.0,0.0,0.0,0.0
2010,14,CHI,0.0,0.0,0.0,0.0
2010,14,NYG,0.0,0.0,0.0,0.0
2010,14,MIN,0.0,0.0,0.0,0.0
2010,14,LV,6.192295500081626,15.0,6.459706482132559,3.0
2010,14,JAX,6.459706482132559,3.0,6.192295500081626,15.0
2010,14,PHI,-0.5682722597848624,10.0,0.030623886301383907,1.0
2010,14,DAL,0.030623886301383907,1.0,-0.5682722597848624,10.0
2010,14,SF,0.0,0.0,0.0,0.0
2010,14,SEA,0.0,0.0,0.0,0.0
2010,14,NO,0.0,0.0,0.0,0.0
2010,14,LA,0.0,0.0,0.0,0.0
2010,14,TB,5.197963020895375,5.0,5.400699789989402,15.0
2010,14,WAS,5.400699789989402,15.0,5.197963020895375,5.0
2010,15,ARI,0.0,0.0,-0.2556830309331417,3.0
2010,15,CAR,-0.2556830309331417,3.0,0.0,0.0
2010,15,SEA,0.0,0.0,0.0,0.0
2010,15,ATL,0.0,0.0,0.0,0.0
2010,15,MIA,-1.7869474117178472,14.0,-3.05672744079493,7.0
2010,15,BUF,-3.05672744079493,7.0,-1.7869474117178472,14.0
2010,15,MIN,0.0,0.0,0.0,0.0
2010,15,CHI,0.0,0.0,0.0,0.0
2010,15,CLE,0.01796074153821703,1.0,-0.662008733022958,7.0
2010,15,CIN,-0.662008733022958,7.0,0.01796074153821703,1.0
2010,15,LV,0.0,0.0,0.0,0.0
2010,15,DEN,0.0,0.0,0.0,0.0
2010,15,TB,2.823136142687872,11.0,2.445720180752687,11.0
2010,15,DET,2.445720180752687,11.0,2.823136142687872,11.0
2010,15,NE,-1.666002752026543,4.0,-2.118282090756111,13.0
2010,15,GB,-2.118282090756111,13.0,-1.666002752026543,4.0
2010,15,TEN,0.0,0.0,0.0,0.0
2010,15,HOU,0.0,0.0,0.0,0.0
2010,15,IND,6.448316188761964,1.0,0.030623886301383907,1.0
2010,15,JAX,0.030623886301383907,1.0,6.448316188761964,1.0
2010,15,LA,0.017174650324169205,1.0,6.351653954945505,3.0
2010,15,KC,6.351653954945505,3.0,0.017174650324169205,1.0
2010,15,NO,-3.818025581771508,7.0,-2.2946032360196114,10.0
2010,15,BAL,-2.2946032360196114,10.0,-3.818025581771508,7.0
2010,15,NYJ,-3.0135196913033724,12.0,-2.318547818227671,16.0
2010,15,PIT,-2.318547818227671,16.0,-3.0135196913033724,12.0
2010,15,NYG,-10.322612563497387,12.0,6.704071656809445,10.0
2010,15,PHI,6.704071656809445,10.0,-10.322612563497387,12.0
2010,15,LAC,0.0,0.0,0.0,0.0
2010,15,SF,0.0,0.0,0.0,0.0
2010,15,DAL,1.4977644049795344,8.0,-1.8996811609831639,14.0
2010,15,WAS,-1.8996811609831639,14.0,1.4977644049795344,8.0
2010,16,CLE,0.0,0.0,0.0,0.0
2010,16,BAL,0.0,0.0,0.0,0.0
2010,16,CAR,0.0,0.0,0.0,0.0
2010,16,PIT,0.0,0.0,0.0,0.0
2010,16,ARI,3.036291111144237,13.0,5.385791154290984,13.0
2010,16,DAL,5.385791154290984,13.0,3.036291111144237,13.0
2010,16,DET,0.40093036730240605,6.0,-11.644721069023944,21.0
2010,16,MIA,-11.644721069023944,21.0,0.40093036730240605,6.0
2010,16,HOU,-0.6747348576318473,8.0,3.5632215585253553,12.0
2010,16,DEN,3.5632215585253553,12.0,-0.6747348576318473,8.0
2010,16,LV,0.01796074153821703,1.0,-0.308318377006799,6.0
2010,16,IND,-0.308318377006799,6.0,0.01796074153821703,1.0
2010,16,PHI,0.0,0.0,0.0,0.0
2010,16,MIN,0.0,0.0,0.0,0.0
2010,16,BUF,0.0,0.0,0.0,0.0
2010,16,NE,0.0,0.0,0.0,0.0
2010,16,NO,1.6930603982677084,11.0,-1.2075352862011641,6.0
2010,16,ATL,-1.2075352862011641,6.0,1.6930603982677084,11.0
2010,16,GB,0.0,0.0,0.0,0.0
2010,16,NYG,0.0,0.0,0.0,0.0
2010,16,CHI,-1.4074380655656569,11.0,-1.9125976096256636,6.0
2010,16,NYJ,-1.9125976096256636,6.0,-1.4074380655656569,11.0
2010,16,LAC,0.0,0.0,0.0,0.0
2010,16,CIN,0.0,0.0,0.0,0.0
2010,16,TB,0.0,0.0,0.0,0.0
2010,16,SEA,0.0,0.0,0.0,0.0
2010,16,LA,-4.0169324412127025,9.0,-3.0608701017918065,15.0
2010,16,SF,-3.0608701017918065,15.0,-4.0169324412127025,9.0
2010,16,KC,0.0,0.0,0.0,0.0
2010,16,TEN,0.0,0.0,0.0,0.0
2010,16,WAS,-3.3512023848015815,13.0,4.022712568873202,7.0
2010,16,JAX,4.022712568873202,7.0,-3.3512023848015815,13.0
2010,17,ARI,0.0,0.0,0.0,0.0
2010,17,SF,0.0,0.0,0.0,0.0
2010,17,BUF,0.0,0.0,0.0,0.0
2010,17,NYJ,0.0,0.0,0.0,0.0
2010,17,ATL,0.0,0.0,0.0,0.0
2010,17,CAR,0.0,0.0,0.0,0.0
2010,17,GB,-0.06198617571499199,2.0,0.6988192808348686,15.0
2010,17,CHI,0.6988192808348686,15.0,-0.06198617571499199,2.0
2010,17,CIN,-2.9732787750835996,11.0,-2.208459666435374,8.0
2010,17,BAL,-2.208459666435374,8.0,-2.9732787750835996,11.0
2010,17,DAL,3.9465245202925407,11.0,-4.5667805908597074,9.0
2010,17,PHI,-4.5667805908597074,9.0,3.9465245202925407,11.0
2010,17,HOU,0.0,0.0,0.0,0.0
2010,17,JAX,0.0,0.0,0.0,0.0
2010,17,MIA,0.0,0.0,0.0,0.0
2010,17,NE,0.0,0.0,0.0,0.0
2010,17,MIN,-0.018681818764889613,1.0,-0.7210100702068303,6.0
2010,17,DET,-0.7210100702068303,6.0,-0.018681818764889613,1.0
2010,17,NYG,-2.7896014807047322,9.0,-2.2145937086315826,6.0
2010,17,WAS,-2.2145937086315826,6.0,-2.7896014807047322,9.0
2010,17,KC,0.0,0.0,0.0,0.0
2010,17,LV,0.0,0.0,0.0,0.0
2010,17,CLE,0.0,0.0,0.0,0.0
2010,17,PIT,0.0,0.0,0.0,0.0
2010,17,LAC,-0.3832478135591373,1.0,-0.32981392874649007,4.0
2010,17,DEN,-0.32981392874649007,4.0,-0.3832478135591373,1.0
2010,17,SEA,-0.7239742698147893,10.0,0.0,0.0
2010,17,LA,0.0,0.0,-0.7239742698147893,10.0
2010,17,TB,-0.4070462948875502,4.0,0.0,0.0
2010,17,NO,0.0,0.0,-0.4070462948875502,4.0
2010,17,TEN,-6.2235394907183945,6.0,-3.9400792196393013,15.0
2010,17,IND,-3.9400792196393013,15.0,-6.2235394907183945,6.0
2010,18,BAL,0.0,0.0,0.0,0.0
2010,18,KC,0.0,0.0,0.0,0.0
2010,18,PHI,-2.0189686306547374,7.0,-1.4529281465802342,8.0
2010,18,GB,-1.4529281465802342,8.0,-2.0189686306547374,7.0
2010,18,NO,-2.0027662973878906,5.0,5.00977520539891,6.0
2010,18,SEA,5.00977520539891,6.0,-2.0027662973878906,5.0
2010,18,IND,2.326301290579646,9.0,1.1101478429045528,15.0
2010,18,NYJ,1.1101478429045528,15.0,2.326301290579646,9.0
2010,19,BAL,-3.917873686121311,8.0,5.050177564848808,15.0
2010,19,PIT,5.050177564848808,15.0,-3.917873686121311,8.0
2010,19,ATL,0.0,0.0,0.0,0.0
2010,19,GB,0.0,0.0,0.0,0.0
2010,19,NYJ,6.605007117294008,5.0,0.01796074153821703,1.0
2010,19,NE,0.01796074153821703,1.0,6.605007117294008,5.0
2010,19,SEA,0.0,0.0,0.0,0.0
2010,19,CHI,0.0,0.0,0.0,0.0
2010,20,GB,-1.5187979403417557,6.0,-1.038537429524923,13.0
2010,20,CHI,-1.038537429524923,13.0,-1.5187979403417557,6.0
2010,20,PIT,-0.6185757957864553,9.0,0.01796074153821703,1.0
2010,20,NYJ,0.01796074153821703,1.0,-0.6185757957864553,9.0
2010,21,PIT,-3.749073773389682,6.0,-3.437097547634039,8.0
2010,21,GB,-3.437097547634039,8.0,-3.749073773389682,6.0
2011,1,CHI,0.0,0.0,0.0,0.0
2011,1,ATL,0.0,0.0,0.0,0.0
2011,1,KC,0.0,0.0,0.0,0.0
2011,1,BUF,0.0,0.0,0.0,0.0
2011,1,CAR,-0.5450713969767094,9.0,-0.18802946619689465,9.0
2011,1,ARI,-0.18802946619689465,9.0,-0.5450713969767094,9.0
2011,1,CLE,-5.4092137372354046,10.0,7.124536188090814,10.0
2011,1,CIN,7.124536188090814,10.0,-5.4092137372354046,10.0
2011,1,DAL,-5.2244718555302825,13.0,-1.8568557620703823,12.0
2011,1,NYJ,-1.8568557620703823,12.0,-5.2244718555302825,13.0
2011,1,DET,-0.8639641203917563,5.0,-0.37533967895001386,10.0
2011,1,TB,-0.37533967895001386,10.0,-0.8639641203917563,5.0
2011,1,HOU,0.0,0.0,0.0,0.0
2011,1,IND,0.0,0.0,0.0,0.0
2011,1,MIN,-1.3517900164006278,3.0,-1.4326813659863546,11.0
2011,1,LAC,-1.4326813659863546,11.0,-1.3517900164006278,3.0
2011,1,MIA,0.0,0.0,0.0,0.0
2011,1,NE,0.0,0.0,0.0,0.0
2011,1,GB,-0.9087018101126887,5.0,-0.32280069432454184,8.0
2011,1,NO,-0.32280069432454184,8.0,-0.9087018101126887,5.0
2011,1,WAS,0.0,0.0,0.0,0.0
2011,1,NYG,0.0,0.0,0.0,0.0
2011,1,DEN,0.01796074153821703,1.0,-0.63010871456936,9.0
2011,1,LV,-0.63010871456936,9.0,0.01796074153821703,1.0
2011,1,LA,0.0,0.0,0.0,0.0
2011,1,PHI,0.0,0.0,0.0,0.0
2011,1,BAL,0.0,0.0,0.0,0.0
2011,1,PIT,0.0,0.0,0.0,0.0
2011,1,SEA,0.01796074153821703,1.0,6.520558401597326,2.0
2011,1,SF,6.520558401597326,2.0,0.01796074153821703,1.0
2011,1,TEN,0.07364270824905272,7.0,-0.4500060211867094,9.0
2011,1,JAX,-0.4500060211867094,9.0,0.07364270824905272,7.0
2011,2,WAS,-1.471311125322245,13.0,-4.917611368582584,5.0
2011,2,ARI,-4.917611368582584,5.0,-1.471311125322245,13.0
2011,2,BAL,0.0,0.0,0.0,0.0
2011,2,TEN,0.0,0.0,0.0,0.0
2011,2,CHI,0.0,0.0,0.0,0.0
2011,2,NO,0.0,0.0,0.0,0.0
2011,2,DEN,-2.7872573816857766,6.0,-5.277739363751607,13.0
2011,2,CIN,-5.277739363751607,13.0,-2.7872573816857766,6.0
2011,2,IND,0.0,0.0,2.9599987122346647,5.0
2011,2,CLE,2.9599987122346647,5.0,0.0,0.0
2011,2,DAL,2.384545741137117,10.0,-0.0789689130615443,3.0
2011,2,SF,-0.0789689130615443,3.0,2.384545741137117,10.0
2011,2,CAR,-4.104795643880835,4.0,7.147412799997255,4.0
2011,2,GB,7.147412799997255,4.0,-4.104795643880835,4.0
2011,2,HOU,0.0,0.0,0.0,0.0
2011,2,MIA,0.0,0.0,0.0,0.0
2011,2,NYJ,0.0,0.0,0.0,0.0
2011,2,JAX,0.0,0.0,0.0,0.0
2011,2,DET,0.0,0.0,0.0,0.0
2011,2,KC,0.0,0.0,0.0,0.0
2011,2,LV,6.701850925722055,11.0,8.528947149150097,19.0
2011,2,BUF,8.528947149150097,19.0,6.701850925722055,11.0
2011,2,PHI,-1.0372090638265945,11.0,0.6099300315167155,6.0
2011,2,ATL,0.6099300315167155,6.0,-1.0372090638265945,11.0
2011,2,LAC,0.0,0.0,6.8113468766678125,9.0
2011,2,NE,6.8113468766678125,9.0,0.0,0.0
2011,2,PIT,0.0,0.0,0.0,0.0
2011,2,SEA,0.0,0.0,0.0,0.0
2011,2,NYG,0.0,0.0,0.0,0.0
2011,2,LA,0.0,0.0,0.0,0.0
2011,2,TB,5.436381309168074,10.0,-1.96407207014272,7.0
2011,2,MIN,-1.96407207014272,7.0,5.436381309168074,10.0
2011,3,SEA,-3.180821602116339,10.0,-2.062616501003504,13.0
2011,3,ARI,-2.062616501003504,13.0,-3.180821602116339,10.0
2011,3,ATL,-1.6153088985593058,8.0,-0.41769648320041597,11.0
2011,3,TB,-0.41769648320041597,11.0,-1.6153088985593058,8.0
2011,3,LA,0.0,0.0,0.0,0.0
2011,3,BAL,0.0,0.0,0.0,0.0
2011,3,DEN,-1.8854050009977072,9.0,-0.09436458238201428,6.0
2011,3,TEN,-0.09436458238201428,6.0,-1.8854050009977072,9.0
2011,3,MIN,0.4553216496715322,13.0,-0.4984194377902895,12.0
2011,3,DET,-0.4984194377902895,12.0,0.4553216496715322,13.0
2011,3,GB,0.0,0.0,0.0,0.0
2011,3,CHI,0.0,0.0,0.0,0.0
2011,3,HOU,0.3172339667711741,12.0,2.4755248714210465,16.0
2011,3,NO,2.4755248714210465,16.0,0.3172339667711741,12.0
2011,3,CAR,2.2202658300958573,9.0,-2.478259392431937,10.0
2011,3,JAX,-2.478259392431937,10.0,2.2202658300958573,9.0
2011,3,KC,-1.9821230759800992,3.0,-2.5851103159366176,10.0
2011,3,LAC,-2.5851103159366176,10.0,-1.9821230759800992,3.0
2011,3,MIA,0.7197974284063093,10.0,6.50292642682757,17.0
2011,3,CLE,6.50292642682757,17.0,0.7197974284063093,10.0
2011,3,NE,0.7552535168113073,6.0,2.4652510846499354,10.0
2011,3,BUF,2.4652510846499354,10.0,0.7552535168113073,6.0
2011,3,NYG,3.9073080022935756,6.0,0.0,0.0
2011,3,PHI,0.0,0.0,3.9073080022935756,6.0
2011,3,LV,1.972633079974912,8.0,0.0,0.0
2011,3,NYJ,0.0,0.0,1.972633079974912,8.0
2011,3,PIT,2.348507159622386,11.0,6.771566996354578,12.0
2011,3,IND,6.771566996354578,12.0,2.348507159622386,11.0
2011,3,CIN,-5.116438525845297,8.0,-1.0795475477891623,13.0
2011,3,SF,-1.0795475477891623,13.0,-5.116438525845297,8.0
2011,3,WAS,-5.541231499693822,11.0,0.7104186100768857,10.0
2011,3,DAL,0.7104186100768857,10.0,-5.541231499693822,11.0
2011,4,SEA,-0.9486719404812902,10.0,-2.224419173784554,8.0
2011,4,ATL,-2.224419173784554,8.0,-0.9486719404812902,10.0
2011,4,CIN,4.806618881387066,11.0,-0.776654043700546,6.0
2011,4,BUF,-0.776654043700546,6.0,4.806618881387066,11.0
2011,4,CAR,-3.6598572423243896,7.0,1.3608796058688313,9.0
2011,4,CHI,1.3608796058688313,9.0,-3.6598572423243896,7.0
2011,4,DEN,0.0,0.0,0.0,0.0
2011,4,GB,0.0,0.0,0.0,0.0
2011,4,DET,4.498621395414431,14.0,-4.503086252254434,11.0
2011,4,DAL,-4.503086252254434,11.0,4.498621395414431,14.0
2011,4,IND,-2.039796408615075,5.0,2.983684618437791,12.0
2011,4,TB,2.983684618437791,12.0,-2.039796408615075,5.0
2011,4,LAC,-0.6001885425066575,2.0,0.0,0.0
2011,4,MIA,0.0,0.0,-0.6001885425066575,2.0
2011,4,MIN,-1.7377511999220587,8.0,-0.6388834340614267,5.0
2011,4,KC,-0.6388834340614267,5.0,-1.7377511999220587,8.0
2011,4,LV,0.0,0.0,0.0,0.0
2011,4,NE,0.0,0.0,0.0,0.0
2011,4,NO,0.0,0.0,0.0,0.0
2011,4,JAX,0.0,0.0,0.0,0.0
2011,4,NYG,4.774687892240875,7.0,-3.419446485466324,14.0
2011,4,ARI,-3.419446485466324,14.0,4.774687892240875,7.0
2011,4,BAL,0.0,0.0,0.0,0.0
2011,4,NYJ,0.0,0.0,0.0,0.0
2011,4,HOU,-4.970384794054553,8.0,-3.732355763670057,9.0
2011,4,PIT,-3.732355763670057,9.0,-4.970384794054553,8.0
2011,4,PHI,-1.7414347280282527,8.0,3.0388120146278643,12.0
2011,4,SF,3.0388120146278643,12.0,-1.7414347280282527,8.0
2011,4,CLE,0.0,0.0,0.0,0.0
2011,4,TEN,0.0,0.0,0.0,0.0
2011,4,LA,-5.069498574070167,9.0,-3.2142877313890494,9.0
2011,4,WAS,-3.2142877313890494,9.0,-5.069498574070167,9.0
2011,5,ARI,0.0,0.0,0.0,0.0
2011,5,MIN,0.0,0.0,0.0,0.0
2011,5,CHI,0.0,0.0,2.3391532325185835,9.0
2011,5,DET,2.3391532325185835,9.0,0.0,0.0
2011,5,CIN,-0.7450112223989445,11.0,-11.381061124877306,5.0
2011,5,JAX,-11.381061124877306,5.0,-0.7450112223989445,11.0
2011,5,ATL,0.0,0.0,0.7933063297532499,8.0
2011,5,GB,0.7933063297532499,8.0,0.0,0.0
2011,5,IND,-2.188117348239757,7.0,-1.668506631278433,7.0
2011,5,KC,-1.668506631278433,7.0,-2.188117348239757,7.0
2011,5,CAR,-0.3465963110793382,10.0,5.332864892673341,10.0
2011,5,NO,5.332864892673341,10.0,-0.3465963110793382,10.0
2011,5,NYJ,0.0,0.0,0.5213856264599599,9.0
2011,5,NE,0.5213856264599599,9.0,0.0,0.0
2011,5,LV,-1.5763846102636307,5.0,-0.017012099968269467,16.0
2011,5,HOU,-0.017012099968269467,16.0,-1.5763846102636307,5.0
2011,5,PHI,-2.5983062415616587,6.0,-1.473304922808893,6.0
2011,5,BUF,-1.473304922808893,6.0,-2.5983062415616587,6.0
2011,5,DEN,2.8410134037404786,9.0,-1.8460346261854284,11.0
2011,5,LAC,-1.8460346261854284,11.0,2.8410134037404786,9.0
2011,5,SEA,6.629159278357064,9.0,-7.554623304151116,8.0
2011,5,NYG,-7.554623304151116,8.0,6.629159278357064,9.0
2011,5,TB,0.0,0.0,0.0,0.0
2011,5,SF,0.0,0.0,0.0,0.0
2011,5,TEN,0.0,0.0,0.0,0.0
2011,5,PIT,0.0,0.0,0.0,0.0
2011,6,NYG,-0.6785224270424806,15.0,-8.026192274526693,7.0
2011,6,BUF,-8.026192274526693,7.0,-0.6785224270424806,15.0
2011,6,ATL,2.9887977788457647,6.0,0.0,0.0
2011,6,CAR,0.0,0.0,2.9887977788457647,6.0
2011,6,LV,-2.2421279526897706,2.0,-1.7239287768563836,5.0
2011,6,CLE,-1.7239287768563836,5.0,-2.2421279526897706,2.0
2011,6,DAL,-1.5607826854102314,9.0,4.028242280943913,14.0
2011,6,NE,4.028242280943913,14.0,-1.5607826854102314,9.0
2011,6,HOU,0.0,0.0,3.9659621564787813,3.0
2011,6,BAL,3.9659621564787813,3.0,0.0,0.0
2011,6,CIN,-2.1445661556208506,5.0,-8.207768753520213,1.0
2011,6,IND,-8.207768753520213,1.0,-2.1445661556208506,5.0
2011,6,JAX,0.7266426135561066,7.0,-0.9971789786359295,8.0
2011,6,PIT,-0.9971789786359295,8.0,0.7266426135561066,7.0
2011,6,NYJ,0.0,0.0,0.0,0.0
2011,6,MIA,0.0,0.0,0.0,0.0
2011,6,MIN,0.0,0.0,0.0,0.0
2011,6,CHI,0.0,0.0,0.0,0.0
2011,6,TB,-0.6612749577034265,7.0,-4.205496257694904,5.0
2011,6,NO,-4.205496257694904,5.0,-0.6612749577034265,7.0
2011,6,PHI,-0.5077111588325351,8.0,0.01796074153821703,1.0
2011,6,WAS,0.01796074153821703,1.0,-0.5077111588325351,8.0
2011,6,DET,-4.760513786692172,10.0,2.5402226677892132,12.0
2011,6,SF,2.5402226677892132,12.0,-4.760513786692172,10.0
2011,6,LA,0.0,0.0,0.0,0.0
2011,6,GB,0.0,0.0,0.0,0.0
2011,7,DET,-2.0948184648295864,10.0,-4.675254515022971,8.0
2011,7,ATL,-4.675254515022971,8.0,-2.0948184648295864,10.0
2011,7,BAL,-4.170223065181973,4.0,-1.3378499606624246,8.0
2011,7,JAX,-1.3378499606624246,8.0,-4.170223065181973,4.0
2011,7,CHI,-0.14954795443918556,9.0,-0.7656193592119962,7.0
2011,7,TB,-0.7656193592119962,7.0,-0.14954795443918556,9.0
2011,7,MIA,-1.9753395384759642,3.0,6.680048055524938,11.0
2011,7,DEN,6.680048055524938,11.0,-1.9753395384759642,3.0
2011,7,MIN,-0.3052458353340626,9.0,-0.8355927122756839,8.0
2011,7,GB,-0.8355927122756839,8.0,-0.3052458353340626,9.0
2011,7,HOU,0.0,0.0,0.0,0.0
2011,7,TEN,0.0,0.0,0.0,0.0
2011,7,IND,0.0,0.0,0.0,0.0
2011,7,NO,0.0,0.0,0.0,0.0
2011,7,LV,0.0,0.0,0.0,0.0
2011,7,KC,0.0,0.0,0.0,0.0
2011,7,ARI,0.0,0.0,0.0,0.0
2011,7,PIT,0.0,0.0,0.0,0.0
2011,7,NYJ,-0.2704501350526698,10.0,-0.7077104516210966,6.0
2011,7,LAC,-0.7077104516210966,6.0,-0.2704501350526698,10.0
2011,7,SEA,-3.1289306840626523,8.0,-5.779123271582648,11.0
2011,7,CLE,-5.779123271582648,11.0,-3.1289306840626523,8.0
2011,7,LA,0.0,0.0,0.0,0.0
2011,7,DAL,0.0,0.0,0.0,0.0
2011,7,CAR,0.0,0.0,0.0,0.0
2011,7,WAS,0.0,0.0,0.0,0.0
2011,8,ARI,-1.6600321647129022,8.0,-0.3431273820460774,11.0
2011,8,BAL,-0.3431273820460774,11.0,-1.6600321647129022,8.0
2011,8,CIN,0.0,0.0,-7.5823915139772,5.0
2011,8,SEA,-7.5823915139772,5.0,0.0,0.0
2011,8,CLE,0.0,0.0,2.331891236593947,9.0
2011,8,SF,2.331891236593947,9.0,0.0,0.0
2011,8,PHI,0.0,0.0,0.0,0.0
2011,8,DAL,0.0,0.0,0.0,0.0
2011,8,DEN,0.0,0.0,0.0,0.0
2011,8,DET,0.0,0.0,0.0,0.0
2011,8,IND,0.0,0.0,0.0,0.0
2011,8,TEN,0.0,0.0,0.0,0.0
2011,8,HOU,2.6512091571930796,8.0,0.0,0.0
2011,8,JAX,0.0,0.0,2.6512091571930796,8.0
2011,8,NYG,-3.375348973320797,8.0,-3.5631992707494646,7.0
2011,8,MIA,-3.5631992707494646,7.0,-3.375348973320797,8.0
2011,8,MIN,-1.1310653983382508,5.0,-0.5240737346466631,13.0
2011,8,CAR,-0.5240737346466631,13.0,-1.1310653983382508,5.0
2011,8,PIT,-0.8123811504628975,11.0,-2.0166938244030925,2.0
2011,8,NE,-2.0166938244030925,2.0,-0.8123811504628975,11.0
2011,8,LA,0.0,0.0,0.0,0.0
2011,8,NO,0.0,0.0,0.0,0.0
2011,8,LAC,-2.4475958922994323,11.0,-0.023247231089044362,5.0
2011,8,KC,-0.023247231089044362,5.0,-2.4475958922994323,11.0
2011,8,WAS,0.0,0.0,0.0,0.0
2011,8,BUF,0.0,0.0,0.0,0.0
2011,9,IND,0.0,0.0,0.0,0.0
2011,9,ATL,0.0,0.0,0.0,0.0
2011,9,BAL,4.291902028959838,19.0,-2.276412337373814,13.0
2011,9,PIT,-2.276412337373814,13.0,4.291902028959838,19.0
2011,9,CHI,-0.687409506586846,9.0,-1.5233347629546188,9.0
2011,9,PHI,-1.5233347629546188,9.0,-0.687409506586846,9.0
2011,9,TEN,-6.136011511320248,15.0,-1.603501440025866,9.0
2011,9,CIN,-1.603501440025866,9.0,-6.136011511320248,15.0
2011,9,HOU,0.0,0.0,0.0,0.0
2011,9,CLE,0.0,0.0,0.0,0.0
2011,9,LV,-1.7464591051684693,6.0,6.4419174182694405,5.0
2011,9,DEN,6.4419174182694405,5.0,-1.7464591051684693,6.0
2011,9,LAC,-6.699463933531661,15.0,-4.431060428440105,8.0
2011,9,GB,-4.431060428440105,8.0,-6.699463933531661,15.0
2011,9,KC,0.0,0.0,0.0,0.0
2011,9,MIA,0.0,0.0,0.0,0.0
2011,9,NYG,9.725718671681394,17.0,6.405854216635588,14.0
2011,9,NE,6.405854216635588,14.0,9.725718671681394,17.0
2011,9,BUF,0.0,0.0,0.0,0.0
2011,9,NYJ,0.0,0.0,0.0,0.0
2011,9,DAL,0.0,0.0,0.0,0.0
2011,9,SEA,0.0,0.0,0.0,0.0
2011,9,WAS,0.0,0.0,-0.2411462593008764,3.0
2011,9,SF,-0.2411462593008764,3.0,0.0,0.0
2011,9,LA,-2.5367464768351056,15.0,0.09181255742811278,7.0
2011,9,ARI,0.09181255742811278,7.0,-2.5367464768351056,15.0
2011,9,TB,0.0,0.0,1.4506817164365202,10.0
2011,9,NO,1.4506817164365202,10.0,0.0,0.0
2011,10,ARI,6.395527831865137,13.0,-0.5781102906912565,9.0
2011,10,PHI,-0.5781102906912565,9.0,6.395527831865137,13.0
2011,10,SEA,0.04284977610222995,10.0,0.0,0.0
2011,10,BAL,0.0,0.0,0.04284977610222995,10.0
2011,10,DAL,0.0,0.0,0.0,0.0
2011,10,BUF,0.0,0.0,0.0,0.0
2011,10,KC,0.0,0.0,0.0020315404108259827,2.0
2011,10,DEN,0.0020315404108259827,2.0,0.0,0.0
2011,10,DET,0.0,0.0,0.0,0.0
2011,10,CHI,0.0,0.0,0.0,0.0
2011,10,HOU,0.0,0.0,0.0,0.0
2011,10,TB,0.0,0.0,0.0,0.0
2011,10,IND,-5.153832850337494,1.0,1.7850782095338218,3.0
2011,10,JAX,1.7850782095338218,3.0,-5.153832850337494,1.0
2011,10,MIN,0.0,0.0,0.0,0.0
2011,10,GB,0.0,0.0,0.0,0.0
2011,10,NYJ,0.0,0.0,0.0,0.0
2011,10,NE,0.0,0.0,0.0,0.0
2011,10,ATL,2.655469961106438,16.0,-0.9878974652383476,10.0
2011,10,NO,-0.9878974652383476,10.0,2.655469961106438,16.0
2011,10,NYG,-1.1637292664963752,13.0,0.0,3.0
2011,10,SF,0.0,3.0,-1.1637292664963752,13.0
2011,10,LV,-1.0164323371718638,8.0,-2.667321197281126,11.0
2011,10,LAC,-2.667321197281126,11.0,-1.0164323371718638,8.0
2011,10,CIN,-3.7458652547211386,4.0,-3.0239340547122993,10.0
2011,10,PIT,-3.0239340547122993,10.0,-3.7458652547211386,4.0
2011,10,CLE,-4.964829083182849,5.0,-0.6368786003440619,5.0
2011,10,LA,-0.6368786003440619,5.0,-4.964829083182849,5.0
2011,10,CAR,0.0,0.0,0.0,0.0
2011,10,TEN,0.0,0.0,0.0,0.0
2011,10,WAS,0.0,0.0,0.0,0.0
2011,10,MIA,0.0,0.0,0.0,0.0
2011,11,ARI,0.0,0.0,0.0,0.0
2011,11,SF,0.0,0.0,0.0,0.0
2011,11,BUF,0.0,0.0,0.0,0.0
2011,11,MIA,0.0,0.0,0.0,0.0
2011,11,DET,9.300216813912275,12.0,-3.670189936950803,3.0
2011,11,CAR,-3.670189936950803,3.0,9.300216813912275,12.0
2011,11,CIN,-0.21746452478691936,8.0,-0.2776899025775492,6.0
2011,11,BAL,-0.2776899025775492,6.0,-0.21746452478691936,8.0
2011,11,DAL,-0.008715645177289844,2.0,5.744825257458387,14.0
2011,11,WAS,5.744825257458387,14.0,-0.008715645177289844,2.0
2011,11,CLE,-4.589460829505697,6.0,-1.073334898101166,16.0
2011,11,JAX,-1.073334898101166,16.0,-4.589460829505697,6.0
2011,11,KC,0.0,0.0,0.0,0.0
2011,11,NE,0.0,0.0,0.0,0.0
2011,11,DEN,6.144709309218114,11.0,-0.365416984714102,9.0
2011,11,NYJ,-0.365416984714102,9.0,6.144709309218114,11.0
2011,11,MIN,-3.575250467751175,7.0,-4.159571370342746,11.0
2011,11,LV,-4.159571370342746,11.0,-3.575250467751175,7.0
2011,11,PHI,2.6246325669969783,12.0,-1.3008628585375845,7.0
2011,11,NYG,-1.3008628585375845,7.0,2.6246325669969783,12.0
2011,11,CHI,0.0,0.0,0.0,0.0
2011,11,LAC,0.0,0.0,0.0,0.0
2011,11,SEA,0.0,0.0,0.0,0.0
2011,11,LA,0.0,0.0,0.0,0.0
2011,11,TB,0.01796074153821703,1.0,6.385688396757131,5.0
2011,11,GB,6.385688396757131,5.0,0.01796074153821703,1.0
2011,11,TEN,0.017174650324169205,1.0,-0.7500049511436373,8.0
2011,11,ATL,-0.7500049511436373,8.0,0.017174650324169205,1.0
2011,12,LA,-1.7685180199332535,5.0,-2.3876598012866452,12.0
2011,12,ARI,-2.3876598012866452,12.0,-1.7685180199332535,5.0
2011,12,NYJ,6.460821526711469,12.0,-0.44740817812271416,11.0
2011,12,BUF,-0.44740817812271416,11.0,6.460821526711469,12.0
2011,12,CAR,-1.7761455102590844,6.0,-4.848819404724054,13.0
2011,12,IND,-4.848819404724054,13.0,-1.7761455102590844,6.0
2011,12,LV,4.517185526667163,10.0,0.11721730011481579,7.0
2011,12,CHI,0.11721730011481579,7.0,4.517185526667163,10.0
2011,12,CLE,-4.56277688164846,14.0,-0.2875706484192051,9.0
2011,12,CIN,-0.2875706484192051,9.0,-4.56277688164846,14.0
2011,12,LAC,-5.421975294011645,10.0,4.226435793098062,14.0
2011,12,DEN,4.226435793098062,14.0,-5.421975294011645,10.0
2011,12,DET,0.0,0.0,0.0,0.0
2011,12,GB,0.0,0.0,0.0,0.0
2011,12,HOU,-1.3202535368036479,8.0,-0.9206228202674538,7.0
2011,12,JAX,-0.9206228202674538,7.0,-1.3202535368036479,8.0
2011,12,MIA,-2.295091191655956,4.0,1.2101064886664972,11.0
2011,12,DAL,1.2101064886664972,11.0,-2.295091191655956,4.0
2011,12,ATL,0.0,0.0,0.0,0.0
2011,12,MIN,0.0,0.0,0.0,0.0
2011,12,PHI,0.0,0.0,0.0,0.0
2011,12,NE,0.0,0.0,0.0,0.0
2011,12,NO,0.0,0.0,0.0,0.0
2011,12,NYG,0.0,0.0,0.0,0.0
2011,12,KC,-1.205771844717674,12.0,-1.0732247066916898,5.0
2011,12,PIT,-1.0732247066916898,5.0,-1.205771844717674,12.0
2011,12,BAL,-0.9092387336422689,4.0,0.0,0.0
2011,12,SF,0.0,0.0,-0.9092387336422689,4.0
2011,12,TB,-3.3518672810168937,11.0,3.2315138666933754,15.0
2011,12,TEN,3.2315138666933754,15.0,-3.3518672810168937,11.0
2011,12,WAS,-4.108267274219543,10.0,-7.651807631016709,11.0
2011,12,SEA,-7.651807631016709,11.0,-4.108267274219543,10.0
2011,13,ATL,-3.09036270173965,18.0,-1.4927005164208822,4.0
2011,13,HOU,-1.4927005164208822,4.0,-3.09036270173965,18.0
2011,13,CLE,0.0,0.0,0.0,0.0
2011,13,BAL,0.0,0.0,0.0,0.0
2011,13,CAR,0.0,0.0,0.0,0.0
2011,13,TB,0.0,0.0,0.0,0.0
2011,13,PIT,0.0,0.0,0.0,0.0
2011,13,CIN,0.0,0.0,0.0,0.0
2011,13,DAL,-3.340093458071351,14.0,-1.1190205852035433,5.0
2011,13,ARI,-1.1190205852035433,5.0,-3.340093458071351,14.0
2011,13,MIN,-4.3804605313926,8.0,0.8424541557906196,14.0
2011,13,DEN,0.8424541557906196,14.0,-4.3804605313926,8.0
2011,13,NO,0.0,0.0,0.0,0.0
2011,13,DET,0.0,0.0,0.0,0.0
2011,13,NYG,7.393243214741349,11.0,6.3073361254689635,11.0
2011,13,GB,6.3073361254689635,11.0,7.393243214741349,11.0
2011,13,IND,0.01796074153821703,1.0,-0.14699466159800068,2.0
2011,13,NE,-0.14699466159800068,2.0,0.01796074153821703,1.0
2011,13,KC,-3.844344020471908,9.0,-7.433272188180126,8.0
2011,13,CHI,-7.433272188180126,8.0,-3.844344020471908,9.0
2011,13,WAS,-5.426027012290433,4.0,12.507783307872842,6.0
2011,13,NYJ,12.507783307872842,6.0,-5.426027012290433,4.0
2011,13,LV,0.0,0.0,0.0,0.0
2011,13,MIA,0.0,0.0,0.0,0.0
2011,13,SEA,0.0,0.0,0.0,0.0
2011,13,PHI,0.0,0.0,0.0,0.0
2011,13,LAC,0.0,0.0,0.0,0.0
2011,13,JAX,0.0,0.0,0.0,0.0
2011,13,SF,0.0,0.0,0.0,0.0
2011,13,LA,0.0,0.0,0.0,0.0
2011,13,BUF,-0.9711754269621915,7.0,-1.4750639942940325,9.0
2011,13,TEN,-1.4750639942940325,9.0,-0.9711754269621915,7.0
2011,14,ATL,6.238466416839173,9.0,-1.2137012293096632,9.0
2011,14,CAR,-1.2137012293096632,9.0,6.238466416839173,9.0
2011,14,LAC,0.0,0.0,0.0,0.0
2011,14,BUF,0.0,0.0,0.0,0.0
2011,14,DEN,2.7750710541192793,9.0,-0.7937144600145984,7.0
2011,14,CHI,-0.7937144600145984,7.0,2.7750710541192793,9.0
2011,14,CLE,-6.101297246786999,3.0,6.34367784531787,2.0
2011,14,PIT,6.34367784531787,2.0,-6.101297246786999,3.0
2011,14,HOU,6.351678059091454,15.0,-0.7641977949242573,9.0
2011,14,CIN,-0.7641977949242573,9.0,6.351678059091454,15.0
2011,14,IND,0.0,0.0,0.0,0.0
2011,14,BAL,0.0,0.0,0.0,0.0
2011,14,NYJ,0.0,0.0,0.0,0.0
2011,14,KC,0.0,0.0,0.0,0.0
2011,14,DET,-2.1091253749327734,2.0,-0.568399022333324,19.0
2011,14,MIN,-0.568399022333324,19.0,-2.1091253749327734,2.0
2011,14,NE,0.0,1.0,-2.358721536700614,9.0
2011,14,WAS,-2.358721536700614,9.0,0.0,1.0
2011,14,NO,-1.5224066323135048,6.0,-3.0027312508318573,17.0
2011,14,TEN,-3.0027312508318573,17.0,-1.5224066323135048,6.0
2011,14,DAL,-2.7133101974613965,12.0,6.257309732103922,11.0
2011,14,NYG,6.257309732103922,11.0,-2.7133101974613965,12.0
2011,14,LV,0.0,0.0,0.0,0.0
2011,14,GB,0.0,0.0,0.0,0.0
2011,14,PHI,0.0,0.0,0.0,0.0
2011,14,MIA,0.0,0.0,0.0,0.0
2011,14,SF,-3.6541827859473415,8.0,-4.381882991001476,7.0
2011,14,ARI,-4.381882991001476,7.0,-3.6541827859473415,8.0
2011,14,SEA,0.0,0.0,0.0,0.0
2011,14,LA,0.0,0.0,0.0,0.0
2011,14,TB,0.0,0.0,0.0,0.0
2011,14,JAX,0.0,0.0,0.0,0.0
2011,15,BAL,0.0,0.0,0.0,0.0
2011,15,LAC,0.0,0.0,0.0,0.0
2011,15,HOU,0.0,0.0,0.0,0.0
2011,15,CAR,0.0,0.0,0.0,0.0
2011,15,LA,0.017174650324169205,1.0,-0.352608512097504,3.0
2011,15,CIN,-0.352608512097504,3.0,0.017174650324169205,1.0
2011,15,CLE,-3.145126255287323,8.0,-0.9458558314363472,13.0
2011,15,ARI,-0.9458558314363472,13.0,-3.145126255287323,8.0
2011,15,TB,0.0,0.0,0.0,0.0
2011,15,DAL,0.0,0.0,0.0,0.0
2011,15,LV,-0.6088566802209243,15.0,6.98451045307729,11.0
2011,15,DET,6.98451045307729,11.0,-0.6088566802209243,15.0
2011,15,KC,0.7646835042105522,9.0,0.01796074153821703,1.0
2011,15,GB,0.01796074153821703,1.0,0.7646835042105522,9.0
2011,15,ATL,0.0,0.0,0.0,0.0
2011,15,JAX,0.0,0.0,0.0,0.0
2011,15,BUF,-0.007704829447902739,1.0,-0.4601320509100333,5.0
2011,15,MIA,-0.4601320509100333,5.0,-0.007704829447902739,1.0
2011,15,DEN,0.0,0.0,0.0,0.0
2011,15,NE,0.0,0.0,0.0,0.0
2011,15,NO,0.0,0.0,0.0,0.0
2011,15,MIN,0.0,0.0,0.0,0.0
2011,15,PHI,0.0,0.0,0.0,0.0
2011,15,NYJ,0.0,0.0,0.0,0.0
2011,15,PIT,0.0,0.0,0.0,0.0
2011,15,SF,0.0,0.0,0.0,0.0
2011,15,CHI,0.0,0.0,0.0,0.0
2011,15,SEA,0.0,0.0,0.0,0.0
2011,15,IND,6.52979129482992,2.0,0.030623886301383907,1.0
2011,15,TEN,0.030623886301383907,1.0,6.52979129482992,2.0
2011,15,WAS,0.0,0.0,0.0,0.0
2011,15,NYG,0.0,0.0,0.0,0.0
2011,16,ARI,-4.934676304110326,9.0,-5.595951261813752,6.0
2011,16,CIN,-5.595951261813752,6.0,-4.934676304110326,9.0
2011,16,ATL,0.0,0.0,0.0,0.0
2011,16,NO,0.0,0.0,0.0,0.0
2011,16,GB,0.0,0.0,0.0,0.0
2011,16,CHI,0.0,0.0,0.0,0.0
2011,16,CLE,-3.180158117960673,4.0,-1.8271908142487518,7.0
2011,16,BAL,-1.8271908142487518,7.0,-3.180158117960673,4.0
2011,16,BUF,0.0,0.0,0.0,0.0
2011,16,DEN,0.0,0.0,0.0,0.0
2011,16,IND,6.243317521675691,16.0,0.1282157797832042,11.0
2011,16,HOU,0.1282157797832042,11.0,6.243317521675691,16.0
2011,16,TEN,-0.44733370328322053,9.0,0.01796074153821703,1.0
2011,16,JAX,0.01796074153821703,1.0,-0.44733370328322053,9.0
2011,16,MIA,0.01796074153821703,1.0,1.5923737878911197,11.0
2011,16,NE,1.5923737878911197,11.0,0.01796074153821703,1.0
2011,16,WAS,-0.7069460682105273,5.0,-1.835678789182566,7.0
2011,16,MIN,-1.835678789182566,7.0,-0.7069460682105273,5.0
2011,16,NYG,5.905850673792884,9.0,-2.287869995459914,1.0
2011,16,NYJ,-2.287869995459914,1.0,5.905850673792884,9.0
2011,16,LV,-1.487089307163842,8.0,6.398849741676485,10.0
2011,16,KC,6.398849741676485,10.0,-1.487089307163842,8.0
2011,16,PHI,0.0,0.0,0.0,0.0
2011,16,DAL,0.0,0.0,0.0,0.0
2011,16,DET,0.0,0.0,0.0,0.0
2011,16,LAC,0.0,0.0,0.0,0.0
2011,16,SEA,-3.174866038141772,10.0,-2.922477057785727,8.0
2011,16,SF,-2.922477057785727,8.0,-3.174866038141772,10.0
2011,16,LA,0.0,0.0,0.0,0.0
2011,16,PIT,0.0,0.0,0.0,0.0
2011,16,CAR,0.0,0.0,0.0,0.0
2011,16,TB,0.0,0.0,0.0,0.0
2011,17,BAL,-0.8335007561836392,7.0,-0.3287364994175732,7.0
2011,17,CIN,-0.3287364994175732,7.0,-0.8335007561836392,7.0
2011,17,BUF,0.0,0.0,0.0,0.0
2011,17,NE,0.0,0.0,0.0,0.0
2011,17,NO,0.0,0.0,0.0,0.0
2011,17,CAR,0.0,0.0,0.0,0.0
2011,17,MIN,-0.34597323602065444,8.0,-1.0943363558035344,8.0
2011,17,CHI,-1.0943363558035344,8.0,-0.34597323602065444,8.0
2011,17,DAL,0.0,0.0,0.0,0.0
2011,17,NYG,0.0,0.0,0.0,0.0
2011,17,GB,6.251152211455291,12.0,6.9818102697652185,13.0
2011,17,DET,6.9818102697652185,13.0,6.251152211455291,12.0
2011,17,IND,0.01796074153821703,1.0,-0.5275332841556519,8.0
2011,17,JAX,-0.5275332841556519,8.0,0.01796074153821703,1.0
2011,17,KC,-4.4014973940793425,9.0,-2.010648785508238,12.0
2011,17,DEN,-2.010648785508238,12.0,-4.4014973940793425,9.0
2011,17,NYJ,-4.097517001612915,9.0,-0.3136970212799497,7.0
2011,17,MIA,-0.3136970212799497,7.0,-4.097517001612915,9.0
2011,17,CLE,-0.6961187208071351,10.0,-0.7008733267430216,7.0
2011,17,PIT,-0.7008733267430216,7.0,-0.6961187208071351,10.0
2011,17,LV,0.0,0.0,0.0,0.0
2011,17,LAC,0.0,0.0,0.0,0.0
2011,17,SEA,-1.793937145266682,11.0,-1.4277133450377733,5.0
2011,17,ARI,-1.4277133450377733,5.0,-1.793937145266682,11.0
2011,17,SF,-3.850583498890046,11.0,-3.307075229656756,8.0
2011,17,LA,-3.307075229656756,8.0,-3.850583498890046,11.0
2011,17,ATL,0.0,0.0,0.0,0.0
2011,17,TB,0.0,0.0,0.0,0.0
2011,17,TEN,0.07391756025395946,9.0,2.298961756329052,15.0
2011,17,HOU,2.298961756329052,15.0,0.07391756025395946,9.0
2011,17,PHI,0.0,0.0,0.0,0.0
2011,17,WAS,0.0,0.0,0.0,0.0
2011,18,NYG,0.0,0.0,0.0,0.0
2011,18,ATL,0.0,0.0,0.0,0.0
2011,18,HOU,0.0,0.0,0.0,0.0
2011,18,CIN,0.0,0.0,0.0,0.0
2011,18,DET,0.0,0.0,0.0,0.0
2011,18,NO,0.0,0.0,0.0,0.0
2011,18,PIT,3.2500519690845513,12.0,-1.1788226624485105,7.0
2011,18,DEN,-1.1788226624485105,7.0,3.2500519690845513,12.0
2011,19,NE,0.0,0.0,0.0,0.0
2011,19,DEN,0.0,0.0,0.0,0.0
2011,19,HOU,-1.4710722571471706,8.0,-0.5743812338332646,11.0
2011,19,BAL,-0.5743812338332646,11.0,-1.4710722571471706,8.0
2011,19,NO,12.564184691659536,13.0,11.962307671365922,18.0
2011,19,SF,11.962307671365922,18.0,12.564184691659536,13.0
2011,19,NYG,0.0,0.0,0.0,0.0
2011,19,GB,0.0,0.0,0.0,0.0
2011,20,BAL,-5.319429878785741,14.0,-1.7552865323377773,5.0
2011,20,NE,-1.7552865323377773,5.0,-5.319429878785741,14.0
2011,20,SF,-3.697741436655633,11.0,-3.5281508046900854,14.0
2011,20,NYG,-3.5281508046900854,14.0,-3.697741436655633,11.0
2011,21,NYG,5.703263417046517,10.0,-3.5916937586152926,14.0
2011,21,NE,-3.5916937586152926,14.0,5.703263417046517,10.0
2012,1,ATL,0.0,0.0,0.0,0.0
2012,1,KC,0.0,0.0,0.0,0.0
2012,1,NYJ,0.0,0.0,0.0,0.0
2012,1,BUF,0.0,0.0,0.0,0.0
2012,1,CAR,0.0,0.0,-0.7070366360712796,8.0
2012,1,TB,-0.7070366360712796,8.0,0.0,0.0
2012,1,BAL,0.0,0.0,0.0,0.0
2012,1,CIN,0.0,0.0,0.0,0.0
2012,1,NYG,0.01796074153821703,1.0,-0.7394933367613703,8.0
2012,1,DAL,-0.7394933367613703,8.0,0.01796074153821703,1.0
2012,1,CHI,0.0,0.0,0.0,0.0
2012,1,IND,0.0,0.0,0.0,0.0
2012,1,MIN,1.8082214733585715,8.0,6.210650342793204,12.0
2012,1,JAX,6.210650342793204,12.0,1.8082214733585715,8.0
2012,1,MIA,0.0,0.0,0.0,0.0
2012,1,HOU,0.0,0.0,0.0,0.0
2012,1,TEN,0.0,0.0,0.0,0.0
2012,1,NE,0.0,0.0,0.0,0.0
2012,1,PHI,4.291946778602095,17.0,-2.8851746740401722,2.0
2012,1,CLE,-2.8851746740401722,2.0,4.291946778602095,17.0
2012,1,DEN,-0.970952887146268,7.0,-7.484073627041653,4.0
2012,1,PIT,-7.484073627041653,4.0,-0.970952887146268,7.0
2012,1,LV,0.0,0.0,-0.3463063824456185,6.0
2012,1,LAC,-0.3463063824456185,6.0,0.0,0.0
2012,1,SEA,-0.4623050335794687,21.0,1.9637022152638217,3.0
2012,1,ARI,1.9637022152638217,3.0,-0.4623050335794687,21.0
2012,1,SF,-2.4261741145746782,6.0,-0.42166227381676435,11.0
2012,1,GB,-0.42166227381676435,11.0,-2.4261741145746782,6.0
2012,1,DET,6.161727201534096,11.0,1.308127597469138,11.0
2012,1,LA,1.308127597469138,11.0,6.161727201534096,11.0
2012,1,NO,-7.038299741165247,5.0,-2.083461403788533,11.0
2012,1,WAS,-2.083461403788533,11.0,-7.038299741165247,5.0
2012,2,ARI,-2.791702466260176,7.0,2.5607335794339887,17.0
2012,2,NE,2.5607335794339887,17.0,-2.791702466260176,7.0
2012,2,PHI,4.322806562708819,14.0,-1.0320690517790208,10.0
2012,2,BAL,-1.0320690517790208,10.0,4.322806562708819,14.0
2012,2,GB,0.0,0.0,0.0,0.0
2012,2,CHI,0.0,0.0,0.0,0.0
2012,2,CLE,0.0,0.0,0.5630169667419977,9.0
2012,2,CIN,0.5630169667419977,9.0,0.0,0.0
2012,2,DAL,0.0,0.0,0.0,0.0
2012,2,SEA,0.0,0.0,0.0,0.0
2012,2,DEN,0.017174650324169205,1.0,-0.7879013225901872,8.0
2012,2,ATL,-0.7879013225901872,8.0,0.017174650324169205,1.0
2012,2,DET,0.0,0.0,3.951997090363875,9.0
2012,2,SF,3.951997090363875,9.0,0.0,0.0
2012,2,HOU,0.0,0.0,0.0,0.0
2012,2,JAX,0.0,0.0,0.0,0.0
2012,2,KC,0.0,0.0,0.0,0.0
2012,2,BUF,0.0,0.0,0.0,0.0
2012,2,MIN,4.758382254778609,14.0,0.3465215837350115,12.0
2012,2,IND,0.3465215837350115,12.0,4.758382254778609,14.0
2012,2,NO,-1.421594715618994,2.0,-1.9059083426254801,6.0
2012,2,CAR,-1.9059083426254801,6.0,-1.421594715618994,2.0
2012,2,PIT,0.0,0.0,0.0,0.0
2012,2,NYJ,0.0,0.0,0.0,0.0
2012,2,MIA,0.0,0.0,0.0,0.0
2012,2,LV,0.0,0.0,0.0,0.0
2012,2,NYG,11.244064615217072,12.0,6.423326015942393,11.0
2012,2,TB,6.423326015942393,11.0,11.244064615217072,12.0
2012,2,LAC,0.0,0.0,0.0,0.0
2012,2,TEN,0.0,0.0,0.0,0.0
2012,2,LA,-4.212153022876009,8.0,-4.789536154828966,12.0
2012,2,WAS,-4.789536154828966,12.0,-4.212153022876009,8.0
2012,3,ATL,0.0,0.0,0.0,0.0
2012,3,LAC,0.0,0.0,0.0,0.0
2012,3,CLE,0.0,0.0,0.0,0.0
2012,3,BUF,0.0,0.0,0.0,0.0
2012,3,CIN,-0.6962663807207718,6.0,-0.051695789439009765,10.0
2012,3,WAS,-0.051695789439009765,10.0,-0.6962663807207718,6.0
2012,3,DET,-2.821372828146652,15.0,4.746128510222433,4.0
2012,3,TEN,4.746128510222433,4.0,-2.821372828146652,15.0
2012,3,SEA,1.3199890048751959,13.0,-1.426396069524344,4.0
2012,3,GB,-1.426396069524344,4.0,1.3199890048751959,13.0
2012,3,DEN,0.0220790642240436,4.0,-0.5473397762398235,8.0
2012,3,HOU,-0.5473397762398235,8.0,0.0220790642240436,4.0
2012,3,JAX,2.0707500425488687,11.0,-4.58263743337011,21.0
2012,3,IND,-4.58263743337011,21.0,2.0707500425488687,11.0
2012,3,NO,-0.021764915145467967,2.0,1.987921154126525,13.0
2012,3,KC,1.987921154126525,13.0,-0.021764915145467967,2.0
2012,3,NE,-1.0321926842443645,11.0,2.3601425794229263,9.0
2012,3,BAL,2.3601425794229263,9.0,-1.0321926842443645,11.0
2012,3,NYG,0.0,0.0,0.0,0.0
2012,3,CAR,0.0,0.0,0.0,0.0
2012,3,NYJ,3.8589389619635304,12.0,2.346189650706947,14.0
2012,3,MIA,2.346189650706947,14.0,3.8589389619635304,12.0
2012,3,PHI,0.0,0.0,0.0,0.0
2012,3,ARI,0.0,0.0,0.0,0.0
2012,3,LV,2.085921816295013,9.0,-1.5539314579218626,6.0
2012,3,PIT,-1.5539314579218626,6.0,2.085921816295013,9.0
2012,3,MIN,0.0,0.0,0.0,0.0
2012,3,SF,0.0,0.0,0.0,0.0
2012,3,CHI,0.0,0.0,0.0,0.0
2012,3,LA,0.0,0.0,0.0,0.0
2012,3,DAL,-2.8371767211938277,9.0,-2.6698844565544277,1.0
2012,3,TB,-2.6698844565544277,1.0,-2.8371767211938277,9.0
2012,4,ATL,0.4466192229749182,11.0,-3.366812591732014,14.0
2012,4,CAR,-3.366812591732014,14.0,0.4466192229749182,11.0
2012,4,DAL,0.0,0.0,0.0,0.0
2012,4,CHI,0.0,0.0,0.0,0.0
2012,4,CIN,0.0,0.0,0.0,0.0
2012,4,JAX,0.0,0.0,0.0,0.0
2012,4,CLE,-0.03241499763680622,9.0,-0.5833611913840286,11.0
2012,4,BAL,-0.5833611913840286,11.0,-0.03241499763680622,9.0
2012,4,ARI,5.106474380099882,11.0,-3.729091207962483,5.0
2012,4,MIA,-3.729091207962483,5.0,5.106474380099882,11.0
2012,4,MIN,-0.8619202333502471,7.0,-0.22428507044386525,11.0
2012,4,DET,-0.22428507044386525,11.0,-0.8619202333502471,7.0
2012,4,BUF,0.0,0.0,0.0,0.0
2012,4,NE,0.0,0.0,0.0,0.0
2012,4,GB,-1.27365901786834,6.0,-2.6114323039073497,11.0
2012,4,NO,-2.6114323039073497,11.0,-1.27365901786834,6.0
2012,4,NYG,-0.460654987487942,12.0,0.5672203360591084,10.0
2012,4,PHI,0.5672203360591084,10.0,-0.460654987487942,12.0
2012,4,DEN,0.0,0.0,0.0,0.0
2012,4,LV,0.0,0.0,0.0,0.0
2012,4,LAC,0.0,0.0,0.0,0.0
2012,4,KC,0.0,0.0,0.0,0.0
2012,4,SEA,-2.8830128089757636,12.0,-2.877398566924967,6.0
2012,4,LA,-2.877398566924967,6.0,-2.8830128089757636,12.0
2012,4,SF,0.0,0.0,0.0,0.0
2012,4,NYJ,0.0,0.0,0.0,0.0
2012,4,HOU,0.0,0.0,0.0,0.0
2012,4,TEN,0.0,0.0,0.0,0.0
2012,4,TB,1.60679647984216,9.0,1.2316618472104892,13.0
2012,4,WAS,1.2316618472104892,13.0,1.60679647984216,9.0
2012,5,LA,0.0,0.0,0.0,0.0
2012,5,ARI,0.0,0.0,0.0,0.0
2012,5,ATL,0.41828321636853527,11.0,-5.130392595252488,5.0
2012,5,WAS,-5.130392595252488,5.0,0.41828321636853527,11.0
2012,5,KC,0.2816244273567148,1.0,-0.5035472777672112,9.0
2012,5,BAL,-0.5035472777672112,9.0,0.2816244273567148,1.0
2012,5,SF,0.0,0.0,0.0,0.0
2012,5,BUF,0.0,0.0,0.0,0.0
2012,5,CHI,0.0,0.0,0.0,0.0
2012,5,JAX,0.0,0.0,0.0,0.0
2012,5,NYG,0.0,0.0,0.0,0.0
2012,5,CLE,0.0,0.0,0.0,0.0
2012,5,DEN,0.0,0.0,0.0,0.0
2012,5,NE,0.0,0.0,0.0,0.0
2012,5,IND,7.0779871594132855,18.0,3.4217017025076784,9.0
2012,5,GB,3.4217017025076784,9.0,7.0779871594132855,18.0
2012,5,HOU,-3.478657952626236,6.0,-2.3823858704417944,8.0
2012,5,NYJ,-2.3823858704417944,8.0,-3.478657952626236,6.0
2012,5,MIA,-1.6347753851441666,9.0,-3.7636811399133876,9.0
2012,5,CIN,-3.7636811399133876,9.0,-1.6347753851441666,9.0
2012,5,PHI,0.0,0.0,1.6242200746200979,11.0
2012,5,PIT,1.6242200746200979,11.0,0.0,0.0
2012,5,LAC,-0.7071322379633784,15.0,-0.5733795897103846,7.0
2012,5,NO,-0.5733795897103846,7.0,-0.7071322379633784,15.0
2012,5,CAR,-5.753736569953617,5.0,-3.473481174034532,9.0
2012,5,SEA,-3.473481174034532,9.0,-5.753736569953617,5.0
2012,5,TEN,0.0,0.0,0.0,0.0
2012,5,MIN,0.0,0.0,0.0,0.0
2012,6,BUF,-5.445769892947283,8.0,1.233627716661431,15.0
2012,6,ARI,1.233627716661431,15.0,-5.445769892947283,8.0
2012,6,CIN,0.0,0.0,0.0,0.0
2012,6,CLE,0.0,0.0,0.0,0.0
2012,6,BAL,0.1561795412897018,6.0,4.680564222901128,28.0
2012,6,DAL,4.680564222901128,28.0,0.1561795412897018,6.0
2012,6,LAC,-7.3150142333470285,6.0,-2.33648742956575,5.0
2012,6,DEN,-2.33648742956575,5.0,-7.3150142333470285,6.0
2012,6,DET,1.8816750268495062,14.0,-1.748111936962232,6.0
2012,6,PHI,-1.748111936962232,6.0,1.8816750268495062,14.0
2012,6,HOU,0.0,0.0,0.0,0.0
2012,6,GB,0.0,0.0,0.0,0.0
2012,6,IND,0.0,0.0,0.0,0.0
2012,6,NYJ,0.0,0.0,0.0,0.0
2012,6,KC,0.0,0.0,0.0,0.0
2012,6,TB,0.0,0.0,0.0,0.0
2012,6,MIN,-0.947,1.0,6.521600873675197,4.0
2012,6,WAS,6.521600873675197,4.0,-0.947,1.0
2012,6,NE,-7.570876805984881,13.0,1.7541431822507993,11.0
2012,6,SEA,1.7541431822507993,11.0,-7.570876805984881,13.0
2012,6,SF,0.0,0.0,0.0,0.0
2012,6,NYG,0.0,0.0,0.0,0.0
2012,6,ATL,2.7010343103815204,9.0,-4.246929681723112,15.0
2012,6,LV,-4.246929681723112,15.0,2.7010343103815204,9.0
2012,6,TEN,4.104782598679548,12.0,-1.6250011196825653,10.0
2012,6,PIT,-1.6250011196825653,10.0,4.104782598679548,12.0
2012,6,LA,0.14277408900670707,9.0,0.1879255163948983,6.0
2012,6,MIA,0.1879255163948983,6.0,0.14277408900670707,9.0
2012,7,MIN,-0.6460964388679713,5.0,0.017174650324169205,1.0
2012,7,ARI,0.017174650324169205,1.0,-0.6460964388679713,5.0
2012,7,HOU,0.0,0.0,0.0,0.0
2012,7,BAL,0.0,0.0,0.0,0.0
2012,7,IND,-2.1102426412398927,8.0,-2.598388289741706,7.0
2012,7,CLE,-2.598388289741706,7.0,-2.1102426412398927,8.0
2012,7,CAR,-3.3739204479497857,13.0,-0.11915585515089333,11.0
2012,7,DAL,-0.11915585515089333,11.0,-3.3739204479497857,13.0
2012,7,DET,0.01796074153821703,1.0,-0.07943327096290886,2.0
2012,7,CHI,-0.07943327096290886,2.0,0.01796074153821703,1.0
2012,7,LA,0.0,0.0,3.927119784639217,3.0
2012,7,GB,3.927119784639217,3.0,0.0,0.0
2012,7,LV,3.7622387745693677,18.0,-1.9070612000650726,11.0
2012,7,JAX,-1.9070612000650726,11.0,3.7622387745693677,18.0
2012,7,NO,-0.980737849837169,8.0,-0.5802629893835283,11.0
2012,7,TB,-0.5802629893835283,11.0,-0.980737849837169,8.0
2012,7,NE,-2.8316447161487304,10.0,0.6508664710563608,10.0
2012,7,NYJ,0.6508664710563608,10.0,-2.8316447161487304,10.0
2012,7,PIT,-1.0956489748787135,7.0,-0.6414487196598202,3.0
2012,7,CIN,-0.6414487196598202,3.0,-1.0956489748787135,7.0
2012,7,SF,-3.9832506098318845,6.0,-5.063188775908202,11.0
2012,7,SEA,-5.063188775908202,11.0,-3.9832506098318845,6.0
2012,7,TEN,-1.483419537947385,12.0,-6.185053168563172,8.0
2012,7,BUF,-6.185053168563172,8.0,-1.483419537947385,12.0
2012,7,NYG,4.340197974878492,11.0,3.925816997598985,12.0
2012,7,WAS,3.925816997598985,12.0,4.340197974878492,11.0
2012,8,ATL,0.0,0.0,0.0,0.0
2012,8,PHI,0.0,0.0,0.0,0.0
2012,8,CAR,1.4580499551957473,8.0,2.2933126057032496,10.0
2012,8,CHI,2.2933126057032496,10.0,1.4580499551957473,8.0
2012,8,TEN,-0.5203053378500044,10.0,3.002271815149242,10.0
2012,8,IND,3.002271815149242,10.0,-0.5203053378500044,10.0
2012,8,JAX,-2.9261432194616646,5.0,1.1971309063956141,7.0
2012,8,GB,1.1971309063956141,7.0,-2.9261432194616646,5.0
2012,8,MIA,0.0,0.0,0.0,0.0
2012,8,NYJ,0.0,0.0,0.0,0.0
2012,8,LA,0.0,0.0,0.0,0.0
2012,8,NE,0.0,0.0,0.0,0.0
2012,8,NO,0.0,0.0,0.0,0.0
2012,8,DEN,0.0,0.0,0.0,0.0
2012,8,NYG,-1.4480389364762232,7.0,-1.391756874625571,21.0
2012,8,DAL,-1.391756874625571,21.0,-1.4480389364762232,7.0
2012,8,LV,0.0,0.0,0.0,0.0
2012,8,KC,0.0,0.0,0.0,0.0
2012,8,LAC,-0.2980531353969127,9.0,-2.7053763953153975,6.0
2012,8,CLE,-2.7053763953153975,6.0,-0.2980531353969127,9.0
2012,8,DET,5.567722070022147,16.0,-0.1038791376631707,3.0
2012,8,SEA,-0.1038791376631707,3.0,5.567722070022147,16.0
2012,8,SF,0.0,0.0,0.0,0.0
2012,8,ARI,0.0,0.0,0.0,0.0
2012,8,MIN,0.0,0.0,0.0,0.0
2012,8,TB,0.0,0.0,0.0,0.0
2012,8,PIT,0.0,0.0,0.0,0.0
2012,8,WAS,0.0,0.0,0.0,0.0
2012,9,ARI,0.0,0.0,0.0,0.0
2012,9,GB,0.0,0.0,0.0,0.0
2012,9,CLE,-4.137734898482449,5.0,4.111910227089655,7.0
2012,9,BAL,4.111910227089655,7.0,-4.137734898482449,5.0
2012,9,HOU,0.0,0.0,0.0,0.0
2012,9,BUF,0.0,0.0,0.0,0.0
2012,9,CAR,-0.5496615880983882,7.0,-0.003650560916867107,1.0
2012,9,WAS,-0.003650560916867107,1.0,-0.5496615880983882,7.0
2012,9,TEN,0.0,0.0,0.0,0.0
2012,9,CHI,0.0,0.0,0.0,0.0
2012,9,ATL,2.815631694160402,12.0,-0.056794829142745584,5.0
2012,9,DAL,-0.056794829142745584,5.0,2.815631694160402,12.0
2012,9,CIN,0.0,0.0,1.3053136569214985,5.0
2012,9,DEN,1.3053136569214985,5.0,0.0,0.0
2012,9,DET,0.0,0.0,0.0,0.0
2012,9,JAX,0.0,0.0,0.0,0.0
2012,9,LAC,0.0,0.0,0.0,0.0
2012,9,KC,0.0,0.0,0.0,0.0
2012,9,IND,-2.5924128181068227,7.0,-3.9506710023852065,13.0
2012,9,MIA,-3.9506710023852065,13.0,-2.5924128181068227,7.0
2012,9,MIN,0.0,0.0,0.0,0.0
2012,9,SEA,0.0,0.0,0.0,0.0
2012,9,PHI,0.0,0.0,0.0,0.0
2012,9,NO,0.0,0.0,0.0,0.0
2012,9,NYG,-1.370644495356828,5.0,-0.09695448714342181,10.0
2012,9,PIT,-0.09695448714342181,10.0,-1.370644495356828,5.0
2012,9,LV,-3.9363301082774997,3.0,1.4610149909276515,10.0
2012,9,TB,1.4610149909276515,10.0,-3.9363301082774997,3.0
2012,10,ATL,-3.128999986045528,13.0,-1.4560589136672206,5.0
2012,10,NO,-1.4560589136672206,5.0,-3.128999986045528,13.0
2012,10,BUF,-0.5698132767574862,11.0,-0.21841073274845257,11.0
2012,10,NE,-0.21841073274845257,11.0,-0.5698132767574862,11.0
2012,10,PHI,-8.042982885144056,3.0,-0.36921387689653784,5.0
2012,10,DAL,-0.36921387689653784,5.0,-8.042982885144056,3.0
2012,10,CAR,0.0,0.0,0.0,0.0
2012,10,DEN,0.0,0.0,0.0,0.0
2012,10,DET,0.0,0.0,0.0,0.0
2012,10,MIN,0.0,0.0,0.0,0.0
2012,10,HOU,-3.781480552181904,7.0,-5.338523300248198,10.0
2012,10,CHI,-5.338523300248198,10.0,-3.781480552181904,7.0
2012,10,IND,0.0,0.0,0.0,0.0
2012,10,JAX,0.0,0.0,0.0,0.0
2012,10,KC,2.1395472795702517,12.0,-0.27618187200278044,7.0
2012,10,PIT,-0.27618187200278044,7.0,2.1395472795702517,12.0
2012,10,CIN,0.0,0.0,0.0,0.0
2012,10,NYG,0.0,0.0,0.0,0.0
2012,10,NYJ,0.0,0.0,0.0,0.0
2012,10,SEA,0.0,0.0,0.0,0.0
2012,10,LV,0.0,0.0,0.0,0.0
2012,10,BAL,0.0,0.0,0.0,0.0
2012,10,LAC,-2.9946422417997383,2.0,-0.7949136556708254,9.0
2012,10,TB,-0.7949136556708254,9.0,-2.9946422417997383,2.0
2012,10,SF,0.5295366586069576,13.0,0.4073153836986867,27.0
2012,10,LA,0.4073153836986867,27.0,0.5295366586069576,13.0
2012,10,MIA,0.0,0.0,0.0,0.0
2012,10,TEN,0.0,0.0,0.0,0.0
2012,11,ATL,-5.534651025023777,7.0,-4.261822456319351,4.0
2012,11,ARI,-4.261822456319351,4.0,-5.534651025023777,7.0
2012,11,PIT,-2.4070658519049175,9.0,-0.3746898298850283,8.0
2012,11,BAL,-0.3746898298850283,8.0,-2.4070658519049175,9.0
2012,11,SF,0.0,0.0,0.0,0.0
2012,11,CHI,0.0,0.0,0.0,0.0
2012,11,KC,0.0,0.0,0.0,0.0
2012,11,CIN,0.0,0.0,0.0,0.0
2012,11,DAL,-1.447795860527549,15.0,0.5446485440807571,12.0
2012,11,CLE,0.5446485440807571,12.0,-1.447795860527549,15.0
2012,11,DET,-6.775782956334297,13.0,5.238911786457185,12.0
2012,11,GB,5.238911786457185,12.0,-6.775782956334297,13.0
2012,11,IND,0.0,0.0,0.0,0.0
2012,11,NE,0.0,0.0,0.0,0.0
2012,11,HOU,9.247636028365434,20.0,-6.810840291553177,16.0
2012,11,JAX,-6.810840291553177,16.0,9.247636028365434,20.0
2012,11,MIA,-1.8672544713772368,11.0,-1.5335850731644314,6.0
2012,11,BUF,-1.5335850731644314,6.0,-1.8672544713772368,11.0
2012,11,LV,0.0,0.0,0.0,0.0
2012,11,NO,0.0,0.0,0.0,0.0
2012,11,NYJ,0.0,0.0,0.0,0.0
2012,11,LA,0.0,0.0,0.0,0.0
2012,11,PHI,0.0,0.0,0.0,0.0
2012,11,WAS,0.0,0.0,0.0,0.0
2012,11,LAC,0.0443254407771283,3.0,-0.4070628166664392,6.0
2012,11,DEN,-0.4070628166664392,6.0,0.0443254407771283,3.0
2012,11,CAR,-0.8305279321502894,11.0,7.781303778218105,8.0
2012,11,TB,7.781303778218105,8.0,-0.8305279321502894,11.0
2012,12,ATL,-1.8805178569455165,8.0,-4.858217829518253,5.0
2012,12,TB,-4.858217829518253,5.0,-1.8805178569455165,8.0
2012,12,LAC,-1.953974966192618,5.0,4.850254732072016,27.0
2012,12,BAL,4.850254732072016,27.0,-1.953974966192618,5.0
2012,12,IND,0.0957944723777473,10.0,-2.5283396861632355,5.0
2012,12,BUF,-2.5283396861632355,5.0,0.0957944723777473,10.0
2012,12,PHI,-2.7554254898568615,1.0,-1.8317760534657745,13.0
2012,12,CAR,-1.8317760534657745,13.0,-2.7554254898568615,1.0
2012,12,KC,-0.006377913319738582,5.0,1.4553105363156646,10.0
2012,12,DEN,1.4553105363156646,10.0,-0.006377913319738582,5.0
2012,12,NYG,0.0,0.0,0.0,0.0
2012,12,GB,0.0,0.0,0.0,0.0
2012,12,DET,-4.174991398747041,10.0,7.337709035133604,17.0
2012,12,HOU,7.337709035133604,17.0,-4.174991398747041,10.0
2012,12,MIN,0.0,0.0,0.0,0.0
2012,12,CHI,0.0,0.0,0.0,0.0
2012,12,NE,0.0,0.0,0.0,0.0
2012,12,NYJ,0.0,0.0,0.0,0.0
2012,12,LV,0.0,0.0,0.0,0.0
2012,12,CIN,0.0,0.0,0.0,0.0
2012,12,CLE,-2.756213574699359,9.0,-3.5163336538535077,9.0
2012,12,PIT,-3.5163336538535077,9.0,-2.756213574699359,9.0
2012,12,SEA,-0.6328399784397334,9.0,2.6497855230700225,8.0
2012,12,MIA,2.6497855230700225,8.0,-0.6328399784397334,9.0
2012,12,NO,0.0,0.0,0.0,0.0
2012,12,SF,0.0,0.0,0.0,0.0
2012,12,LA,0.0,0.0,0.0,0.0
2012,12,ARI,0.0,0.0,0.0,0.0
2012,12,TEN,-4.111950807560107,6.0,-1.6671457418124191,12.0
2012,12,JAX,-1.6671457418124191,12.0,-4.111950807560107,6.0
2012,12,WAS,0.057686097105033696,9.0,0.0,0.0
2012,12,DAL,0.0,0.0,0.057686097105033696,9.0
2012,13,ARI,0.0,0.0,-3.161446771933697,11.0
2012,13,NYJ,-3.161446771933697,11.0,0.0,0.0
2012,13,KC,0.7717943246618799,9.0,-1.493558087386191,9.0
2012,13,CAR,-1.493558087386191,9.0,0.7717943246618799,9.0
2012,13,CIN,-0.23350458731442902,10.0,-6.030972038744949,15.0
2012,13,LAC,-6.030972038744949,15.0,-0.23350458731442902,10.0
2012,13,LV,0.01796074153821703,1.0,6.069962263311027,9.0
2012,13,CLE,6.069962263311027,9.0,0.01796074153821703,1.0
2012,13,HOU,0.0,0.0,0.0,0.0
2012,13,TEN,0.0,0.0,0.0,0.0
2012,13,DET,-1.4223336282302625,7.0,6.472110721207011,13.0
2012,13,IND,6.472110721207011,13.0,-1.4223336282302625,7.0
2012,13,JAX,0.0,0.0,0.0,0.0
2012,13,BUF,0.0,0.0,0.0,0.0
2012,13,GB,-1.354846228088718,4.0,0.0,0.0
2012,13,MIN,0.0,0.0,-1.354846228088718,4.0
2012,13,MIA,0.0,0.0,-0.7052312390878797,11.0
2012,13,NE,-0.7052312390878797,11.0,0.0,0.0
2012,13,ATL,2.1731351648915513,1.0,0.0,0.0
2012,13,NO,0.0,0.0,2.1731351648915513,1.0
2012,13,WAS,-0.7909393864683807,8.0,-2.4699962735176086,5.0
2012,13,NYG,-2.4699962735176086,5.0,-0.7909393864683807,8.0
2012,13,PHI,-7.929856525341049,5.0,-0.21663374803029,2.0
2012,13,DAL,-0.21663374803029,2.0,-7.929856525341049,5.0
2012,13,BAL,0.0,0.0,3.5862777661532164,11.0
2012,13,PIT,3.5862777661532164,11.0,0.0,0.0
2012,13,SEA,7.422696460624819,14.0,1.6783136437879875,7.0
2012,13,CHI,1.6783136437879875,7.0,7.422696460624819,14.0
2012,13,LA,3.425950971010141,20.0,-8.635301074478775,13.0
2012,13,SF,-8.635301074478775,13.0,3.425950971010141,20.0
2012,13,TB,0.0,0.0,-0.6855140456464142,6.0
2012,13,DEN,-0.6855140456464142,6.0,0.0,0.0
2012,14,ARI,0.0,0.0,0.0,0.0
2012,14,SEA,0.0,0.0,0.0,0.0
2012,14,CAR,0.0,0.0,0.0,0.0
2012,14,ATL,0.0,0.0,0.0,0.0
2012,14,WAS,7.466611194817349,16.0,4.513643129500223,5.0
2012,14,BAL,4.513643129500223,5.0,7.466611194817349,16.0
2012,14,MIN,-0.4335859431885183,4.0,0.017174650324169205,1.0
2012,14,CHI,0.017174650324169205,1.0,-0.4335859431885183,4.0
2012,14,DAL,2.389273370616138,13.0,-1.4036997284274548,2.0
2012,14,CIN,-1.4036997284274548,2.0,2.389273370616138,13.0
2012,14,LV,0.0,0.0,0.0,0.0
2012,14,DEN,0.0,0.0,0.0,0.0
2012,14,DET,0.0,0.0,-0.3987289620563388,5.0
2012,14,GB,-0.3987289620563388,5.0,0.0,0.0
2012,14,HOU,0.0,0.0,0.0,0.0
2012,14,NE,0.0,0.0,0.0,0.0
2012,14,KC,0.0,0.0,0.0,0.0
2012,14,CLE,0.0,0.0,0.0,0.0
2012,14,SF,5.72125741688069,5.0,-2.995520902215503,6.0
2012,14,MIA,-2.995520902215503,6.0,5.72125741688069,5.0
2012,14,NYG,0.0,0.0,0.0,0.0
2012,14,NO,0.0,0.0,0.0,0.0
2012,14,NYJ,-0.5317104293499142,8.0,-1.8846119035733864,15.0
2012,14,JAX,-1.8846119035733864,15.0,-0.5317104293499142,8.0
2012,14,PHI,4.761779196259228,17.0,-1.888955763191916,7.0
2012,14,TB,-1.888955763191916,7.0,4.761779196259228,17.0
2012,14,PIT,0.0,0.0,0.0,0.0
2012,14,LAC,0.0,0.0,0.0,0.0
2012,14,BUF,-1.9369462020113133,5.0,6.281141146944836,16.0
2012,14,LA,6.281141146944836,16.0,-1.9369462020113133,5.0
2012,14,TEN,-0.9314043610356748,7.0,-1.1084376015351154,10.0
2012,14,IND,-1.1084376015351154,10.0,-0.9314043610356748,7.0
2012,15,CAR,0.0,0.0,0.0,0.0
2012,15,LAC,0.0,0.0,0.0,0.0
2012,15,PHI,0.0,0.0,0.0,0.0
2012,15,CIN,0.0,0.0,0.0,0.0
2012,15,DEN,0.0,0.0,0.0,0.0
2012,15,BAL,0.0,0.0,0.0,0.0
2012,15,ARI,0.0,0.0,0.0,0.0
2012,15,DET,0.0,0.0,0.0,0.0
2012,15,CHI,-3.2371959104784764,9.0,-4.663152534107212,8.0
2012,15,GB,-4.663152534107212,8.0,-3.2371959104784764,9.0
2012,15,HOU,0.0,0.0,0.0,0.0
2012,15,IND,0.0,0.0,0.0,0.0
2012,15,JAX,0.0,0.0,0.0,0.0
2012,15,MIA,0.0,0.0,0.0,0.0
2012,15,LV,0.0,0.0,0.0,0.0
2012,15,KC,0.0,0.0,0.0,0.0
2012,15,LA,0.0,0.0,0.0,0.0
2012,15,MIN,0.0,0.0,0.0,0.0
2012,15,NYG,0.0,0.0,0.0,0.0
2012,15,ATL,0.0,0.0,0.0,0.0
2012,15,TEN,-3.0263633322902024,5.0,-2.5465463884174824,9.0
2012,15,NYJ,-2.5465463884174824,9.0,-3.0263633322902024,5.0
2012,15,PIT,-5.3187239080434665,10.0,-2.5716503199073486,8.0
2012,15,DAL,-2.5716503199073486,8.0,-5.3187239080434665,10.0
2012,15,SEA,0.0,0.0,0.0,0.0
2012,15,BUF,0.0,0.0,0.0,0.0
2012,15,NE,-4.507305424544029,4.0,-2.3697032444761135,10.0
2012,15,SF,-2.3697032444761135,10.0,-4.507305424544029,4.0
2012,15,NO,0.0,0.0,0.0,0.0
2012,15,TB,0.0,0.0,0.0,0.0
2012,15,WAS,0.0,0.0,0.0,0.0
2012,15,CLE,0.0,0.0,0.0,0.0
2012,16,DET,0.0,0.0,0.0,0.0
2012,16,ATL,0.0,0.0,0.0,0.0
2012,16,MIA,0.0,0.0,0.0,0.0
2012,16,BUF,0.0,0.0,0.0,0.0
2012,16,ARI,0.0,0.0,0.0,0.0
2012,16,CHI,0.0,0.0,0.0,0.0
2012,16,PIT,-4.398229095415445,11.0,-2.639255572692491,11.0
2012,16,CIN,-2.639255572692491,11.0,-4.398229095415445,11.0
2012,16,DEN,0.0,0.0,0.0,0.0
2012,16,CLE,0.0,0.0,0.0,0.0
2012,16,IND,0.6372724731961616,10.0,-1.6962756847497076,5.0
2012,16,KC,-1.6962756847497076,5.0,0.6372724731961616,10.0
2012,16,HOU,0.0,0.0,0.0,0.0
2012,16,MIN,0.0,0.0,0.0,0.0
2012,16,NE,-1.0052780292462558,7.0,-6.370663475623587,15.0
2012,16,JAX,-6.370663475623587,15.0,-1.0052780292462558,7.0
2012,16,NO,-1.7434055979829282,9.0,5.933092541825429,9.0
2012,16,DAL,5.933092541825429,9.0,-1.7434055979829282,9.0
2012,16,NYG,0.0,0.0,0.0,0.0
2012,16,BAL,0.0,0.0,0.0,0.0
2012,16,CAR,2.5898307736497372,7.0,0.0,0.0
2012,16,LV,0.0,0.0,2.5898307736497372,7.0
2012,16,NYJ,0.0,0.0,0.0,0.0
2012,16,LAC,0.0,0.0,0.0,0.0
2012,16,SF,0.0,0.0,0.0,0.0
2012,16,SEA,0.0,0.0,0.0,0.0
2012,16,TB,0.0,0.0,0.0,0.0
2012,16,LA,0.0,0.0,0.0,0.0
2012,16,TEN,0.0,0.0,0.0,0.0
2012,16,GB,0.0,0.0,0.0,0.0
2012,16,PHI,-0.37078611040487885,16.0,-1.228334897896275,2.0
2012,16,WAS,-1.228334897896275,2.0,-0.37078611040487885,16.0
2012,17,ARI,0.0,0.0,0.0,0.0
2012,17,SF,0.0,0.0,0.0,0.0
2012,17,BAL,0.0,0.0,-0.4052257116418332,3.0
2012,17,CIN,-0.4052257116418332,3.0,0.0,0.0
2012,17,CAR,-0.5804466091794893,7.0,0.017174650324169205,1.0
2012,17,NO,0.017174650324169205,1.0,-0.5804466091794893,7.0
2012,17,DET,-1.6223017014563084,4.0,-2.6468421068275347,10.0
2012,17,CHI,-2.6468421068275347,10.0,-1.6223017014563084,4.0
2012,17,PIT,2.8013399476767518,4.0,0.0,0.0
2012,17,CLE,0.0,0.0,2.8013399476767518,4.0
2012,17,WAS,-0.27379875630140305,11.0,-3.9583000178681687,2.0
2012,17,DAL,-3.9583000178681687,2.0,-0.27379875630140305,11.0
2012,17,MIN,2.1581003544852138,9.0,4.961990937465463,6.0
2012,17,GB,4.961990937465463,6.0,2.1581003544852138,9.0
2012,17,IND,0.0,0.0,0.0,0.0
2012,17,HOU,0.0,0.0,0.0,0.0
2012,17,TEN,0.0,0.0,0.0,0.0
2012,17,JAX,0.0,0.0,0.0,0.0
2012,17,KC,0.0,0.0,0.0,0.0
2012,17,DEN,0.0,0.0,0.0,0.0
2012,17,NE,0.0,0.0,0.0,0.0
2012,17,MIA,0.0,0.0,0.0,0.0
2012,17,NYJ,0.0,0.0,0.0,0.0
2012,17,BUF,0.0,0.0,0.0,0.0
2012,17,LAC,-0.2951841603498906,4.0,0.01796074153821703,1.0
2012,17,LV,0.01796074153821703,1.0,-0.2951841603498906,4.0
2012,17,NYG,0.0,0.0,0.0,0.0
2012,17,PHI,0.0,0.0,0.0,0.0
2012,17,LA,-0.4617271653842181,11.0,6.675362163576891,11.0
2012,17,SEA,6.675362163576891,11.0,-0.4617271653842181,11.0
2012,17,ATL,-3.9084478190052323,7.0,-4.878847436455544,7.0
2012,17,TB,-4.878847436455544,7.0,-3.9084478190052323,7.0
2012,18,HOU,-1.0495214961702004,7.0,-1.7609056907240301,7.0
2012,18,CIN,-1.7609056907240301,7.0,-1.0495214961702004,7.0
2012,18,IND,0.0,0.0,0.0,0.0
2012,18,BAL,0.0,0.0,0.0,0.0
2012,18,MIN,0.0,0.0,0.0,0.0
2012,18,GB,0.0,0.0,0.0,0.0
2012,18,WAS,0.0,0.0,0.0,0.0
2012,18,SEA,0.0,0.0,0.0,0.0
2012,19,BAL,2.464238609366247,15.0,-3.826425740495324,15.0
2012,19,DEN,-3.826425740495324,15.0,2.464238609366247,15.0
2012,19,SF,0.0,0.0,0.0,0.0
2012,19,GB,0.0,0.0,0.0,0.0
2012,19,HOU,0.0,0.0,0.0,0.0
2012,19,NE,0.0,0.0,0.0,0.0
2012,19,ATL,-0.3414673455990851,8.0,5.4041747084615155,12.0
2012,19,SEA,5.4041747084615155,12.0,-0.3414673455990851,8.0
2012,20,NE,0.0,0.0,0.0,0.0
2012,20,BAL,0.0,0.0,0.0,0.0
2012,20,SF,-0.33960718067828566,5.0,-2.165214470587671,8.0
2012,20,ATL,-2.165214470587671,8.0,-0.33960718067828566,5.0
2012,21,SF,-0.441078620380722,11.0,-2.034456229826901,7.0
2012,21,BAL,-2.034456229826901,7.0,-0.441078620380722,11.0
2013,1,LA,1.5628941159229726,12.0,-2.2699357408564538,8.0
2013,1,ARI,-2.2699357408564538,8.0,1.5628941159229726,12.0
2013,1,ATL,-0.622793349204585,11.0,-1.481429876643233,5.0
2013,1,NO,-1.481429876643233,5.0,-0.622793349204585,11.0
2013,1,BAL,0.0,0.0,0.0,0.0
2013,1,DEN,0.0,0.0,0.0,0.0
2013,1,CHI,-1.4303865359397605,8.0,0.0,0.0
2013,1,CIN,0.0,0.0,-1.4303865359397605,8.0
2013,1,GB,0.2452622937853448,5.0,1.7155826915986836,11.0
2013,1,SF,1.7155826915986836,11.0,0.2452622937853448,5.0
2013,1,HOU,1.4412216671044007,9.0,-1.3033665510592982,3.0
2013,1,LAC,-1.3033665510592982,3.0,1.4412216671044007,9.0
2013,1,KC,0.0,0.0,0.0,0.0
2013,1,JAX,0.0,0.0,0.0,0.0
2013,1,CLE,0.0,0.0,0.0,0.0
2013,1,MIA,0.0,0.0,0.0,0.0
2013,1,DET,0.0,0.0,0.0,0.0
2013,1,MIN,0.0,0.0,0.0,0.0
2013,1,NE,1.7304527766536921,13.0,0.034370101580861956,3.0
2013,1,BUF,0.034370101580861956,3.0,1.7304527766536921,13.0
2013,1,NYG,-7.384735875497371,5.0,-1.5397838064236566,6.0
2013,1,DAL,-1.5397838064236566,6.0,-7.384735875497371,5.0
2013,1,LV,-0.8047116966918111,10.0,0.0,2.0
2013,1,IND,0.0,2.0,-0.8047116966918111,10.0
2013,1,PHI,-0.2655708898091689,3.0,0.01796074153821703,1.0
2013,1,WAS,0.01796074153821703,1.0,-0.2655708898091689,3.0
2013,1,CAR,0.0,0.0,1.2648275366518646,11.0
2013,1,SEA,1.2648275366518646,11.0,0.0,0.0
2013,1,TB,0.33268564013997093,15.0,0.5352403994183987,10.0
2013,1,NYJ,0.5352403994183987,10.0,0.33268564013997093,15.0
2013,1,TEN,-0.25537293497473,3.0,0.01796074153821703,1.0
2013,1,PIT,0.01796074153821703,1.0,-0.25537293497473,3.0
2013,2,CAR,1.0786210590740666,10.0,6.359446916384285,12.0
2013,2,BUF,6.359446916384285,12.0,1.0786210590740666,10.0
2013,2,BAL,-2.7213305658078752,10.0,-2.000740210234653,5.0
2013,2,CLE,-2.000740210234653,5.0,-2.7213305658078752,10.0
2013,2,KC,-0.5392672242305707,14.0,1.3080000906775242,9.0
2013,2,DAL,1.3080000906775242,9.0,-0.5392672242305707,14.0
2013,2,DEN,0.0,0.0,0.0,0.0
2013,2,NYG,0.0,0.0,0.0,0.0
2013,2,DET,-3.6738084829994477,9.0,2.159596257945057,11.0
2013,2,ARI,2.159596257945057,11.0,-3.6738084829994477,9.0
2013,2,LV,0.0,0.0,0.0,0.0
2013,2,JAX,0.0,0.0,0.0,0.0
2013,2,IND,-1.3059097053483129,10.0,-2.8178606540896,9.0
2013,2,MIA,-2.8178606540896,9.0,-1.3059097053483129,10.0
2013,2,MIN,-2.0016690652410034,6.0,4.476726721860131,14.0
2013,2,CHI,4.476726721860131,14.0,-2.0016690652410034,6.0
2013,2,NO,2.4470596227329224,5.0,-1.5633065293077377,8.0
2013,2,TB,-1.5633065293077377,8.0,2.4470596227329224,5.0
2013,2,NE,-6.038823606213555,8.0,-7.147049355669878,3.0
2013,2,NYJ,-7.147049355669878,3.0,-6.038823606213555,8.0
2013,2,PIT,0.0,0.0,0.0,0.0
2013,2,CIN,0.0,0.0,0.0,0.0
2013,2,PHI,2.3436299706809223,12.0,5.338910934868863,14.0
2013,2,LAC,5.338910934868863,14.0,2.3436299706809223,12.0
2013,2,SF,0.0,0.0,0.0,0.0
2013,2,SEA,0.0,0.0,0.0,0.0
2013,2,ATL,-1.0956561162602156,7.0,0.017174650324169205,1.0
2013,2,LA,0.017174650324169205,1.0,-1.0956561162602156,7.0
2013,2,HOU,4.857121529683471,22.0,-2.9642557562000897,10.0
2013,2,TEN,-2.9642557562000897,10.0,4.857121529683471,22.0
2013,2,GB,0.0,0.0,0.0,0.0
2013,2,WAS,0.0,0.0,0.0,0.0
2013,3,ARI,0.0,0.0,0.0,0.0
2013,3,NO,0.0,0.0,0.0,0.0
2013,3,ATL,-6.422721234644996,5.0,4.542296323027357,15.0
2013,3,MIA,4.542296323027357,15.0,-6.422721234644996,5.0
2013,3,NYJ,-2.8939710282429587,11.0,-4.074612596275983,11.0
2013,3,BUF,-4.074612596275983,11.0,-2.8939710282429587,11.0
2013,3,CHI,0.0,0.0,0.0,0.0
2013,3,PIT,0.0,0.0,0.0,0.0
2013,3,MIN,-2.5089650482404977,12.0,5.709308204232376,13.0
2013,3,CLE,5.709308204232376,13.0,-2.5089650482404977,12.0
2013,3,DET,2.9624686863389798,9.0,-0.20062517165206373,4.0
2013,3,WAS,-0.20062517165206373,4.0,2.9624686863389798,9.0
2013,3,CIN,0.01796074153821703,3.0,-8.815009918645956,16.0
2013,3,GB,-8.815009918645956,16.0,0.01796074153821703,3.0
2013,3,HOU,0.0,0.0,0.0,0.0
2013,3,BAL,0.0,0.0,0.0,0.0
2013,3,IND,1.621229114534799,2.0,0.0,0.0
2013,3,SF,0.0,0.0,1.621229114534799,2.0
2013,3,SEA,0.0,0.0,0.0,0.0
2013,3,JAX,0.0,0.0,0.0,0.0
2013,3,KC,0.26243835710920393,5.0,0.0,0.0
2013,3,PHI,0.0,0.0,0.26243835710920393,5.0
2013,3,NYG,0.0,0.0,0.0,0.0
2013,3,CAR,0.0,0.0,0.0,0.0
2013,3,LV,0.0,0.0,0.0,0.0
2013,3,DEN,0.0,0.0,0.0,0.0
2013,3,TEN,6.630559533955192,11.0,-1.0544699252932332,10.0
2013,3,LAC,-1.0544699252932332,10.0,6.630559533955192,11.0
2013,3,LA,0.0,0.0,0.0,0.0
2013,3,DAL,0.0,0.0,0.0,0.0
2013,3,NE,0.0,0.0,0.0,0.0
2013,3,TB,0.0,0.0,0.0,0.0
2013,4,ARI,0.37698491506011944,12.0,-9.963245366991032,12.0
2013,4,TB,-9.963245366991032,12.0,0.37698491506011944,12.0
2013,4,BAL,-2.3325123314280063,9.0,-1.7867471320787445,10.0
2013,4,BUF,-1.7867471320787445,10.0,-2.3325123314280063,9.0
2013,4,DET,-0.38794552767649293,4.0,0.0,0.0
2013,4,CHI,0.0,0.0,-0.38794552767649293,4.0
2013,4,CLE,1.0622189308633097,1.0,0.0,0.0
2013,4,CIN,0.0,0.0,1.0622189308633097,1.0
2013,4,DAL,0.0,0.0,0.0,0.0
2013,4,LAC,0.0,0.0,0.0,0.0
2013,4,IND,0.0,0.0,0.0,0.0
2013,4,JAX,0.0,0.0,0.0,0.0
2013,4,NO,0.0,0.0,0.0,0.0
2013,4,MIA,0.0,0.0,0.0,0.0
2013,4,ATL,-1.429690819582902,5.0,-2.079738739761524,7.0
2013,4,NE,-2.079738739761524,7.0,-1.429690819582902,5.0
2013,4,KC,0.0,0.0,0.0,0.0
2013,4,NYG,0.0,0.0,0.0,0.0
2013,4,NYJ,0.0,0.0,0.0,0.0
2013,4,TEN,0.0,0.0,0.0,0.0
2013,4,PHI,0.0,0.0,0.0,0.0
2013,4,DEN,0.0,0.0,0.0,0.0
2013,4,MIN,-0.9344167476519942,9.0,-0.5865843584761024,11.0
2013,4,PIT,-0.5865843584761024,11.0,-0.9344167476519942,9.0
2013,4,HOU,-10.158333893166855,13.0,1.997995134708673,7.0
2013,4,SEA,1.997995134708673,7.0,-10.158333893166855,13.0
2013,4,LA,0.0,0.0,0.0,0.0
2013,4,SF,0.0,0.0,0.0,0.0
2013,4,WAS,0.0,0.0,0.0,0.0
2013,4,LV,0.0,0.0,0.0,0.0
2013,5,MIA,-1.883830867591314,12.0,1.6313943896675482,8.0
2013,5,BAL,1.6313943896675482,8.0,-1.883830867591314,12.0
2013,5,CLE,0.26745413930621,5.0,-7.572241158457473,5.0
2013,5,BUF,-7.572241158457473,5.0,0.26745413930621,5.0
2013,5,ARI,0.7463774721836671,2.0,0.0,0.0
2013,5,CAR,0.0,0.0,0.7463774721836671,2.0
2013,5,DAL,-4.6993318135500886,3.0,2.700264140996352,14.0
2013,5,DEN,2.700264140996352,14.0,-4.6993318135500886,3.0
2013,5,DET,0.0,0.0,0.0,0.0
2013,5,GB,0.0,0.0,0.0,0.0
2013,5,HOU,0.0,0.0,0.0,0.0
2013,5,SF,0.0,0.0,0.0,0.0
2013,5,JAX,0.0,0.0,0.0,0.0
2013,5,LA,0.0,0.0,0.0,0.0
2013,5,KC,-1.9398331256234087,8.0,-3.6572402004967444,5.0
2013,5,TEN,-3.6572402004967444,5.0,-1.9398331256234087,8.0
2013,5,NE,-2.7612214862019755,13.0,-4.205804865050595,8.0
2013,5,CIN,-4.205804865050595,8.0,-2.7612214862019755,13.0
2013,5,CHI,-0.03488752950215712,1.0,-0.5411592276650481,6.0
2013,5,NO,-0.5411592276650481,6.0,-0.03488752950215712,1.0
2013,5,ATL,2.683315475229766,9.0,2.5578376607736573,9.0
2013,5,NYJ,2.5578376607736573,9.0,2.683315475229766,9.0
2013,5,PHI,0.0,0.0,0.0,0.0
2013,5,NYG,0.0,0.0,0.0,0.0
2013,5,LV,1.6269194178919992,1.0,0.0,0.0
2013,5,LAC,0.0,0.0,1.6269194178919992,1.0
2013,5,IND,1.117686462646816,8.0,-0.5174090082291514,7.0
2013,5,SEA,-0.5174090082291514,7.0,1.117686462646816,8.0
2013,6,ARI,0.0,0.0,0.0,0.0
2013,6,SF,0.0,0.0,0.0,0.0
2013,6,MIN,0.0,0.0,0.0,0.0
2013,6,CAR,0.0,0.0,0.0,0.0
2013,6,CIN,-2.197254794416949,10.0,6.838148786341434,9.0
2013,6,BUF,6.838148786341434,9.0,-2.197254794416949,10.0
2013,6,DET,4.608689791173674,9.0,-5.121200072404463,1.0
2013,6,CLE,-5.121200072404463,1.0,4.608689791173674,9.0
2013,6,GB,-1.5352109205559827,11.0,0.01796074153821703,1.0
2013,6,BAL,0.01796074153821703,1.0,-1.5352109205559827,11.0
2013,6,IND,-2.0104767701704986,4.0,1.6832515439600684,7.0
2013,6,LAC,1.6832515439600684,7.0,-2.0104767701704986,4.0
2013,6,JAX,0.0,0.0,0.0,0.0
2013,6,DEN,0.0,0.0,0.0,0.0
2013,6,NE,0.773722999966366,16.0,1.9404775507325658,15.0
2013,6,NO,1.9404775507325658,15.0,0.773722999966366,16.0
2013,6,NYG,-1.5300136872101575,8.0,-0.848576253047213,6.0
2013,6,CHI,-0.848576253047213,6.0,-1.5300136872101575,8.0
2013,6,KC,-2.230724857246969,10.0,-3.993988877220545,3.0
2013,6,LV,-3.993988877220545,3.0,-2.230724857246969,10.0
2013,6,PHI,-0.5562660782597959,7.0,0.0,0.0
2013,6,TB,0.0,0.0,-0.5562660782597959,7.0
2013,6,PIT,0.0,0.0,0.0,0.0
2013,6,NYJ,0.0,0.0,0.0,0.0
2013,6,LA,0.0,0.0,0.0,0.0
2013,6,HOU,0.0,0.0,0.0,0.0
2013,6,TEN,0.0,0.0,-0.6767638276796788,9.0
2013,6,SEA,-0.6767638276796788,9.0,0.0,0.0
2013,6,DAL,0.0,0.0,0.0,0.0
2013,6,WAS,0.0,0.0,0.0,0.0
2013,7,PIT,2.4656652107369155,9.0,3.6462487225696796,9.0
2013,7,BAL,3.6462487225696796,9.0,2.4656652107369155,9.0
2013,7,MIA,-5.295904139231425,7.0,-0.3124503624276258,9.0
2013,7,BUF,-0.3124503624276258,9.0,-5.295904139231425,7.0
2013,7,WAS,6.400560081125831,14.0,2.0214740335984507,8.0
2013,7,CHI,2.0214740335984507,8.0,6.400560081125831,14.0
2013,7,DET,-1.5159389243926853,6.0,1.656176075572148,11.0
2013,7,CIN,1.656176075572148,11.0,-1.5159389243926853,6.0
2013,7,CLE,0.0,0.0,0.0,0.0
2013,7,GB,0.0,0.0,0.0,0.0
2013,7,PHI,0.0,0.0,0.0,0.0
2013,7,DAL,0.0,0.0,0.0,0.0
2013,7,IND,-0.03265464084688574,2.0,0.0,0.0
2013,7,DEN,0.0,0.0,-0.03265464084688574,2.0
2013,7,KC,-7.013959615433123,10.0,-7.22597499092808,4.0
2013,7,HOU,-7.22597499092808,4.0,-7.013959615433123,10.0
2013,7,NYG,0.0,0.0,0.0,0.0
2013,7,MIN,0.0,0.0,0.0,0.0
2013,7,NYJ,-0.8385008950135671,9.0,3.037624000804499,12.0
2013,7,NE,3.037624000804499,12.0,-0.8385008950135671,9.0
2013,7,LAC,0.0,0.0,0.0,0.0
2013,7,JAX,0.0,0.0,0.0,0.0
2013,7,ARI,0.0,0.0,0.0,0.0
2013,7,SEA,0.0,0.0,0.0,0.0
2013,7,TEN,0.0,0.0,0.0,0.0
2013,7,SF,0.0,0.0,0.0,0.0
2013,7,LA,0.0,0.0,0.0,0.0
2013,7,CAR,0.0,0.0,0.0,0.0
2013,7,ATL,-0.42090015462599695,4.0,0.0,0.0
2013,7,TB,0.0,0.0,-0.42090015462599695,4.0
2013,8,ATL,0.0,0.0,0.0,0.0
2013,8,ARI,0.0,0.0,0.0,0.0
2013,8,BUF,0.0,0.0,0.0,0.0
2013,8,NO,0.0,0.0,0.0,0.0
2013,8,TB,0.0,0.0,0.0,0.0
2013,8,CAR,0.0,0.0,0.0,0.0
2013,8,KC,-1.9758831876679324,8.0,-2.305306534341071,12.0
2013,8,CLE,-2.305306534341071,12.0,-1.9758831876679324,8.0
2013,8,DET,1.6835314713942553,13.0,-2.4325674136925954,12.0
2013,8,DAL,-2.4325674136925954,12.0,1.6835314713942553,13.0
2013,8,MIN,0.0,0.0,0.0,0.0
2013,8,GB,0.0,0.0,0.0,0.0
2013,8,MIA,0.0,0.0,0.0,0.0
2013,8,NE,0.0,0.0,0.0,0.0
2013,8,NYG,-0.4443428980302997,10.0,0.0007377499132417142,2.0
2013,8,PHI,0.0007377499132417142,2.0,-0.4443428980302997,10.0
2013,8,CIN,0.0,0.0,0.0,0.0
2013,8,NYJ,0.0,0.0,0.0,0.0
2013,8,LV,-0.43704959101160057,6.0,1.1343768088992219,2.0
2013,8,PIT,1.1343768088992219,2.0,-0.43704959101160057,6.0
2013,8,LA,-1.3005109458463266,11.0,0.0,0.0
2013,8,SEA,0.0,0.0,-1.3005109458463266,11.0
2013,8,SF,0.0,0.0,0.0,0.0
2013,8,JAX,0.0,0.0,0.0,0.0
2013,8,WAS,0.0,0.0,0.0,0.0
2013,8,DEN,0.0,0.0,0.0,0.0
2013,9,ATL,0.0,0.0,0.0,0.0
2013,9,CAR,0.0,0.0,0.0,0.0
2013,9,CLE,0.07844032434513792,11.0,0.003293282730737701,3.0
2013,9,BAL,0.003293282730737701,3.0,0.07844032434513792,11.0
2013,9,GB,-0.18768278427887708,4.0,0.1470271895523183,10.0
2013,9,CHI,0.1470271895523183,10.0,-0.18768278427887708,4.0
2013,9,MIA,1.0352312214672565,15.0,2.107813321665162,11.0
2013,9,CIN,2.107813321665162,11.0,1.0352312214672565,15.0
2013,9,HOU,-1.2503440445289016,11.0,2.4497836212250403,8.0
2013,9,IND,2.4497836212250403,8.0,-1.2503440445289016,11.0
2013,9,KC,-0.64319148438517,4.0,0.0,0.0
2013,9,BUF,0.0,0.0,-0.64319148438517,4.0
2013,9,MIN,-3.707870759011712,11.0,3.7514612907871756,12.0
2013,9,DAL,3.7514612907871756,12.0,-3.707870759011712,11.0
2013,9,NO,-5.027740509482101,5.0,-5.571702330606058,8.0
2013,9,NYJ,-5.571702330606058,8.0,-5.027740509482101,5.0
2013,9,LV,0.0,0.0,0.0,0.0
2013,9,PHI,0.0,0.0,0.0,0.0
2013,9,PIT,0.0,0.0,0.0,0.0
2013,9,NE,0.0,0.0,0.0,0.0
2013,9,LAC,3.0139410892777496,16.0,-0.5399071037245449,9.0
2013,9,WAS,-0.5399071037245449,9.0,3.0139410892777496,16.0
2013,9,SEA,4.345602246762382,9.0,-0.3800371293909848,8.0
2013,9,TB,-0.3800371293909848,8.0,4.345602246762382,9.0
2013,9,TEN,-1.6510748079250235,10.0,-6.854856021469459,15.0
2013,9,LA,-6.854856021469459,15.0,-1.6510748079250235,10.0
2013,10,PIT,0.0,0.0,0.0,0.0
2013,10,BUF,0.0,0.0,0.0,0.0
2013,10,SF,-1.4178092585061677,7.0,-2.819369008357171,8.0
2013,10,CAR,-2.819369008357171,8.0,-1.4178092585061677,7.0
2013,10,BAL,-6.8284612611168995,7.0,3.043277077497577,13.0
2013,10,CIN,3.043277077497577,13.0,-6.8284612611168995,7.0
2013,10,NO,0.0,0.0,0.0,0.0
2013,10,DAL,0.0,0.0,0.0,0.0
2013,10,LAC,-2.363048747414723,4.0,-0.4973591445013881,9.0
2013,10,DEN,-0.4973591445013881,9.0,-2.363048747414723,4.0
2013,10,CHI,5.211627418568358,13.0,5.103697811024857,11.0
2013,10,DET,5.103697811024857,11.0,5.211627418568358,13.0
2013,10,HOU,-2.4105780964854953,6.0,-3.0665983587969095,10.0
2013,10,ARI,-3.0665983587969095,10.0,-2.4105780964854953,6.0
2013,10,TEN,-7.920097317072306,5.0,-1.430406247028487,8.0
2013,10,JAX,-1.430406247028487,8.0,-7.920097317072306,5.0
2013,10,TB,-2.5037789556663483,8.0,-0.9330050930147991,7.0
2013,10,MIA,-0.9330050930147991,7.0,-2.5037789556663483,8.0
2013,10,NYG,-2.617298261495307,8.0,-3.804654932813719,5.0
2013,10,LV,-3.804654932813719,5.0,-2.617298261495307,8.0
2013,10,PHI,0.0,0.0,0.0,0.0
2013,10,GB,0.0,0.0,0.0,0.0
2013,10,ATL,0.0,0.0,0.0,0.0
2013,10,SEA,0.0,0.0,0.0,0.0
2013,10,IND,0.0,0.0,0.0,0.0
2013,10,LA,0.0,0.0,0.0,0.0
2013,10,MIN,-0.2804593308828771,6.0,-0.6734396999236196,15.0
2013,10,WAS,-0.6734396999236196,15.0,-0.2804593308828771,6.0
2013,11,ARI,0.0,0.0,0.0,0.0
2013,11,JAX,0.0,0.0,0.0,0.0
2013,11,TB,0.0,0.0,0.0,0.0
2013,11,ATL,0.0,0.0,0.0,0.0
2013,11,CHI,-1.1315551940642763,3.0,2.9894103137776256,15.0
2013,11,BAL,2.9894103137776256,15.0,-1.1315551940642763,3.0
2013,11,CIN,0.0,0.0,0.0,0.0
2013,11,CLE,0.0,0.0,0.0,0.0
2013,11,DET,-3.6000024808454327,4.0,4.880276151471434,7.0
2013,11,PIT,4.880276151471434,7.0,-3.6000024808454327,4.0
2013,11,NYG,0.0,0.0,0.0,0.0
2013,11,GB,0.0,0.0,0.0,0.0
2013,11,TEN,0.01796074153821703,1.0,4.354515079467092,11.0
2013,11,IND,4.354515079467092,11.0,0.01796074153821703,1.0
2013,11,KC,0.0,0.0,0.0,0.0
2013,11,DEN,0.0,0.0,0.0,0.0
2013,11,MIN,0.0,0.0,0.0,0.0
2013,11,SEA,0.0,0.0,0.0,0.0
2013,11,CAR,5.902023041974416,12.0,-0.4103064702358097,13.0
2013,11,NE,-0.4103064702358097,13.0,5.902023041974416,12.0
2013,11,NYJ,0.0,0.0,0.0,0.0
2013,11,BUF,0.0,0.0,0.0,0.0
2013,11,HOU,-1.2270009079948068,9.0,-2.2223883832339197,8.0
2013,11,LV,-2.2223883832339197,8.0,-1.2270009079948068,9.0
2013,11,MIA,0.006937921978533268,7.0,-2.935645784251392,11.0
2013,11,LAC,-2.935645784251392,11.0,0.006937921978533268,7.0
2013,11,SF,-2.5036900773411617,5.0,1.4903894444578327,14.0
2013,11,NO,1.4903894444578327,14.0,-2.5036900773411617,5.0
2013,11,WAS,0.2868115280289203,18.0,0.36362980445846915,3.0
2013,11,PHI,0.36362980445846915,3.0,0.2868115280289203,18.0
2013,12,MIA,-1.0702360024442896,12.0,6.536352624771779,14.0
2013,12,CAR,6.536352624771779,14.0,-1.0702360024442896,12.0
2013,12,LA,3.2351898314082064,4.0,0.0,0.0
2013,12,CHI,0.0,0.0,3.2351898314082064,4.0
2013,12,DAL,2.686394098214805,16.0,2.7437299554150085,2.0
2013,12,NYG,2.7437299554150085,2.0,2.686394098214805,16.0
2013,12,DEN,2.2567104979577826,16.0,0.7645566555438563,15.0
2013,12,NE,0.7645566555438563,15.0,2.2567104979577826,16.0
2013,12,ARI,0.0,0.0,0.0,0.0
2013,12,IND,0.0,0.0,0.0,0.0
2013,12,JAX,-1.6869340036064386,8.0,-1.4750455853063613,9.0
2013,12,HOU,-1.4750455853063613,9.0,-1.6869340036064386,8.0
2013,12,GB,-0.5077857313692684,27.0,-4.67831788273179,19.0
2013,12,MIN,-4.67831788273179,19.0,-0.5077857313692684,27.0
2013,12,NO,-1.8705512360902503,9.0,-3.8056136743398383,8.0
2013,12,ATL,-3.8056136743398383,8.0,-1.8705512360902503,9.0
2013,12,NYJ,0.0,0.0,0.0,0.0
2013,12,BAL,0.0,0.0,0.0,0.0
2013,12,PIT,0.0,0.0,0.0,0.0
2013,12,CLE,0.0,0.0,0.0,0.0
2013,12,KC,4.981652346560394,11.0,4.819852252029476,13.0
2013,12,LAC,4.819852252029476,13.0,4.981652346560394,11.0
2013,12,WAS,0.0,0.0,0.0,0.0
2013,12,SF,0.0,0.0,0.0,0.0
2013,12,DET,-1.8345624870853499,10.0,-5.284496424370445,6.0
2013,12,TB,-5.284496424370445,6.0,-1.8345624870853499,10.0
2013,12,LV,-0.014017188688740134,3.0,5.205421606548724,12.0
2013,12,TEN,5.205421606548724,12.0,-0.014017188688740134,3.0
2013,13,ARI,-4.377345292184374,5.0,-4.828278483997565,15.0
2013,13,PHI,-4.828278483997565,15.0,-4.377345292184374,5.0
2013,13,ATL,5.930752482402032,16.0,-0.7036377177282702,8.0
2013,13,BUF,-0.7036377177282702,8.0,5.930752482402032,16.0
2013,13,MIN,-3.168474944657646,20.0,-7.8404112557764165,10.0
2013,13,CHI,-7.8404112557764165,10.0,-3.168474944657646,20.0
2013,13,LAC,0.0,0.0,-0.29210169753059745,12.0
2013,13,CIN,-0.29210169753059745,12.0,0.0,0.0
2013,13,KC,-0.2615783748915419,11.0,-0.916923325159587,13.0
2013,13,DEN,-0.916923325159587,13.0,-0.2615783748915419,11.0
2013,13,DET,0.0,0.0,0.0,0.0
2013,13,GB,0.0,0.0,0.0,0.0
2013,13,JAX,5.960586368692701,14.0,6.309265553489921,13.0
2013,13,CLE,6.309265553489921,13.0,5.960586368692701,14.0
2013,13,MIA,0.0,0.0,0.0,0.0
2013,13,NYJ,0.0,0.0,0.0,0.0
2013,13,HOU,-2.802302619878901,9.0,-1.9767008801281918,8.0
2013,13,NE,-1.9767008801281918,8.0,-2.802302619878901,9.0
2013,13,NO,0.0,0.0,0.0,0.0
2013,13,SEA,0.0,0.0,0.0,0.0
2013,13,WAS,-2.0431833850452676,9.0,-0.5493071536766365,7.0
2013,13,NYG,-0.5493071536766365,7.0,-2.0431833850452676,9.0
2013,13,DAL,1.1754950853646733,11.0,0.0,0.0
2013,13,LV,0.0,0.0,1.1754950853646733,11.0
2013,13,PIT,4.4439665865357965,13.0,-0.3311305632814765,4.0
2013,13,BAL,-0.3311305632814765,4.0,4.4439665865357965,13.0
2013,13,LA,0.0,0.0,0.0,0.0
2013,13,SF,0.0,0.0,0.0,0.0
2013,13,CAR,0.0,0.0,0.0,0.0
2013,13,TB,0.0,0.0,0.0,0.0
2013,13,IND,5.560445560990103,10.0,-0.41164326202124357,6.0
2013,13,TEN,-0.41164326202124357,6.0,5.560445560990103,10.0
2013,14,ATL,-1.2493118652782869,14.0,-1.5452764979272615,6.0
2013,14,GB,-1.5452764979272615,6.0,-1.2493118652782869,14.0
2013,14,TB,0.0,0.0,0.0,0.0
2013,14,BUF,0.0,0.0,0.0,0.0
2013,14,CAR,0.0,0.0,0.0,0.0
2013,14,NO,0.0,0.0,0.0,0.0
2013,14,CLE,1.4251565309241414,14.0,4.086617999408988,5.0
2013,14,NE,4.086617999408988,5.0,1.4251565309241414,14.0
2013,14,DAL,0.0,0.0,0.0,0.0
2013,14,CHI,0.0,0.0,0.0,0.0
2013,14,DET,0.0,0.0,4.5535597708658315,3.0
2013,14,PHI,4.5535597708658315,3.0,0.0,0.0
2013,14,HOU,-8.24951214628527,8.0,-0.9878353874082677,10.0
2013,14,JAX,-0.9878353874082677,10.0,-8.24951214628527,8.0
2013,14,IND,0.0,0.0,0.0,0.0
2013,14,CIN,0.0,0.0,0.0,0.0
2013,14,KC,0.0,0.0,0.0,0.0
2013,14,WAS,0.0,0.0,0.0,0.0
2013,14,PIT,-6.900640195526648,12.0,4.956516160808632,9.0
2013,14,MIA,4.956516160808632,9.0,-6.900640195526648,12.0
2013,14,BAL,17.763336807716428,18.0,13.127018752312777,10.0
2013,14,MIN,13.127018752312777,10.0,17.763336807716428,18.0
2013,14,NYG,0.0,0.0,0.0,0.0
2013,14,LAC,0.0,0.0,0.0,0.0
2013,14,NYJ,0.0,0.0,0.0,0.0
2013,14,LV,0.0,0.0,0.0,0.0
2013,14,SEA,-0.035473143274430186,2.0,2.3256496186368167,10.0
2013,14,SF,2.3256496186368167,10.0,-0.035473143274430186,2.0
2013,14,ARI,0.0,0.0,0.0,0.0
2013,14,LA,0.0,0.0,0.0,0.0
2013,14,TEN,0.0,0.0,0.0,0.0
2013,14,DEN,0.0,0.0,0.0,0.0
2013,15,ARI,-1.0714779715344775,3.0,6.052292312557937,6.0
2013,15,TEN,6.052292312557937,6.0,-1.0714779715344775,3.0
2013,15,DET,1.6239027255652472,9.0,0.6288234920939431,10.0
2013,15,BAL,0.6288234920939431,10.0,1.6239027255652472,9.0
2013,15,BUF,-4.069497057062108,6.0,-7.669091266172472,9.0
2013,15,JAX,-7.669091266172472,9.0,-4.069497057062108,6.0
2013,15,CHI,6.097749100183137,8.0,-1.7523033671270705,5.0
2013,15,CLE,-1.7523033671270705,5.0,6.097749100183137,8.0
2013,15,PIT,0.0,0.0,0.0,0.0
2013,15,CIN,0.0,0.0,0.0,0.0
2013,15,DAL,-6.718599808809813,9.0,0.8478489627779617,13.0
2013,15,GB,0.8478489627779617,13.0,-6.718599808809813,9.0
2013,15,IND,0.0,0.0,0.0,0.0
2013,15,HOU,0.0,0.0,0.0,0.0
2013,15,LV,0.0,0.0,0.0,0.0
2013,15,KC,0.0,0.0,0.0,0.0
2013,15,MIA,6.490650795288047,12.0,3.8877949790373796,19.0
2013,15,NE,3.8877949790373796,19.0,6.490650795288047,12.0
2013,15,LA,0.0,0.0,0.0,0.0
2013,15,NO,0.0,0.0,0.0,0.0
2013,15,CAR,0.0,0.0,0.0,0.0
2013,15,NYJ,0.0,0.0,0.0,0.0
2013,15,MIN,0.0,0.0,0.0,0.0
2013,15,PHI,0.0,0.0,0.0,0.0
2013,15,DEN,0.0,0.0,-0.9712506848736666,7.0
2013,15,LAC,-0.9712506848736666,7.0,0.0,0.0
2013,15,SEA,0.0,0.0,0.0,0.0
2013,15,NYG,0.0,0.0,0.0,0.0
2013,15,TB,0.0,0.0,0.06458673920943658,1.0
2013,15,SF,0.06458673920943658,1.0,0.0,0.0
2013,15,ATL,-0.1085891718394123,5.0,5.46292636163719,16.0
2013,15,WAS,5.46292636163719,16.0,-0.1085891718394123,5.0
2013,16,ARI,4.199033008233644,9.0,-2.7497309680329636,2.0
2013,16,SEA,-2.7497309680329636,2.0,4.199033008233644,9.0
2013,16,ATL,-10.320841494303068,4.0,-3.9954283900442533,1.0
2013,16,SF,-3.9954283900442533,1.0,-10.320841494303068,4.0
2013,16,CHI,0.0,0.0,0.0,0.0
2013,16,PHI,0.0,0.0,0.0,0.0
2013,16,CLE,0.0,0.0,3.622453150921501,4.0
2013,16,NYJ,3.622453150921501,4.0,0.0,0.0
2013,16,WAS,-5.101678192266263,9.0,3.62965877901729,11.0
2013,16,DAL,3.62965877901729,11.0,-5.101678192266263,9.0
2013,16,HOU,0.0,0.0,0.0,0.0
2013,16,DEN,0.0,0.0,0.0,0.0
2013,16,IND,0.0,0.0,0.0,0.0
2013,16,KC,0.0,0.0,0.0,0.0
2013,16,MIA,0.0,0.0,0.0,0.0
2013,16,BUF,0.0,0.0,0.0,0.0
2013,16,MIN,0.0,0.0,0.0,0.0
2013,16,CIN,0.0,0.0,0.0,0.0
2013,16,NE,0.0,0.0,0.0,0.0
2013,16,BAL,0.0,0.0,0.0,0.0
2013,16,CAR,4.6787847846323976,10.0,-3.0044032535515726,13.0
2013,16,NO,-3.0044032535515726,13.0,4.6787847846323976,10.0
2013,16,DET,-2.908717301324941,11.0,-2.208155441805128,10.0
2013,16,NYG,-2.208155441805128,10.0,-2.908717301324941,11.0
2013,16,LV,0.0,0.0,0.0,0.0
2013,16,LAC,0.0,0.0,0.0,0.0
2013,16,GB,-4.732946629112121,9.0,2.7507257332952113,12.0
2013,16,PIT,2.7507257332952113,12.0,-4.732946629112121,9.0
2013,16,TB,0.0,0.0,-0.5687446449301206,3.0
2013,16,LA,-0.5687446449301206,3.0,0.0,0.0
2013,16,TEN,-2.1972019860404544,10.0,-1.9120435057557188,2.0
2013,16,JAX,-1.9120435057557188,2.0,-2.1972019860404544,10.0
2013,17,CIN,0.0,0.0,0.0,0.0
2013,17,BAL,0.0,0.0,0.0,0.0
2013,17,NE,6.565878509078175,3.0,0.0,0.0
2013,17,BUF,0.0,0.0,6.565878509078175,3.0
2013,17,ATL,-3.086537597584538,12.0,-4.467817012569867,8.0
2013,17,CAR,-4.467817012569867,8.0,-3.086537597584538,12.0
2013,17,CLE,0.0,0.0,0.0,0.0
2013,17,PIT,0.0,0.0,0.0,0.0
2013,17,LV,0.0,0.0,0.0,0.0
2013,17,DEN,0.0,0.0,0.0,0.0
2013,17,MIN,-0.3340184101834893,8.0,0.0,0.0
2013,17,DET,0.0,0.0,-0.3340184101834893,8.0
2013,17,CHI,-0.20690827682847157,5.0,6.703346827227622,13.0
2013,17,GB,6.703346827227622,13.0,-0.20690827682847157,5.0
2013,17,HOU,-1.641092426260002,1.0,-2.3220793112413958,8.0
2013,17,TEN,-2.3220793112413958,8.0,-1.641092426260002,1.0
2013,17,JAX,0.0,0.0,0.0,0.0
2013,17,IND,0.0,0.0,0.0,0.0
2013,17,KC,-0.9541264729341492,18.0,-2.2033379775530193,5.0
2013,17,LAC,-2.2033379775530193,5.0,-0.9541264729341492,18.0
2013,17,MIA,0.0,0.0,-0.16995377698913217,2.0
2013,17,NYJ,-0.16995377698913217,2.0,0.0,0.0
2013,17,PHI,-4.874312346859369,9.0,-1.2206256191856228,6.0
2013,17,DAL,-1.2206256191856228,6.0,-4.874312346859369,9.0
2013,17,ARI,5.572265341445074,14.0,5.258882013207767,13.0
2013,17,SF,5.258882013207767,13.0,5.572265341445074,14.0
2013,17,SEA,0.0,0.0,0.0,0.0
2013,17,LA,0.0,0.0,0.0,0.0
2013,17,NO,0.0,0.0,0.0,0.0
2013,17,TB,0.0,0.0,0.0,0.0
2013,17,WAS,0.0,0.0,0.0,0.0
2013,17,NYG,0.0,0.0,0.0,0.0
2013,18,KC,-0.8300595059990883,7.0,7.259470834429577,6.0
2013,18,IND,7.259470834429577,6.0,-0.8300595059990883,7.0
2013,18,NO,2.6152822701260448,11.0,1.5928174006446616,2.0
2013,18,PHI,1.5928174006446616,2.0,2.6152822701260448,11.0
2013,18,LAC,0.0,0.0,0.0,0.0
2013,18,CIN,0.0,0.0,0.0,0.0
2013,18,GB,0.0,0.0,1.7387294039363042,13.0
2013,18,SF,1.7387294039363042,13.0,0.0,0.0
2013,19,IND,0.0,0.0,0.0,0.0
2013,19,NE,0.0,0.0,0.0,0.0
2013,19,NO,-5.691030126559781,7.0,4.978338769200491,5.0
2013,19,SEA,4.978338769200491,5.0,-5.691030126559781,7.0
2013,19,LAC,0.0,0.0,-0.5104931013192981,12.0
2013,19,DEN,-0.5104931013192981,12.0,0.0,0.0
2013,19,SF,0.0,0.0,0.0,0.0
2013,19,CAR,0.0,0.0,0.0,0.0
2013,20,NE,0.0,0.0,0.0,0.0
2013,20,DEN,0.0,0.0,0.0,0.0
2013,20,SEA,0.933171923214104,5.0,-0.5571559753734618,10.0
2013,20,SF,-0.5571559753734618,10.0,0.933171923214104,5.0
2013,21,DEN,0.0,0.0,0.0,0.0
2013,21,SEA,0.0,0.0,0.0,0.0
2014,1,BUF,-0.4654217789066024,4.0,2.2407323063816875,13.0
2014,1,CHI,2.2407323063816875,13.0,-0.4654217789066024,4.0
2014,1,CAR,-2.8772634595516138,10.0,-5.250166146647022,7.0
2014,1,TB,-5.250166146647022,7.0,-2.8772634595516138,10.0
2014,1,CIN,1.053,3.0,-0.5980078920256346,14.0
2014,1,BAL,-0.5980078920256346,14.0,1.053,3.0
2014,1,PIT,0.6383013523300178,11.0,-5.467816470365506,9.0
2014,1,CLE,-5.467816470365506,9.0,0.6383013523300178,11.0
2014,1,GB,0.0,0.0,0.0,0.0
2014,1,SEA,0.0,0.0,0.0,0.0
2014,1,IND,-1.7115398931585482,8.0,-2.3938294568797573,8.0
2014,1,DEN,-2.3938294568797573,8.0,-1.7115398931585482,8.0
2014,1,JAX,0.0,0.0,1.3126189981703646,5.0
2014,1,PHI,1.3126189981703646,5.0,0.0,0.0
2014,1,MIN,0.0,0.0,0.0,0.0
2014,1,LA,0.0,0.0,0.0,0.0
2014,1,NE,0.0,0.0,1.5894429357722402,3.0
2014,1,MIA,1.5894429357722402,3.0,0.0,0.0
2014,1,NO,6.237767257165519,12.0,6.425020128974115,14.0
2014,1,ATL,6.425020128974115,14.0,6.237767257165519,12.0
2014,1,DET,0.0,0.0,0.0,0.0
2014,1,NYG,0.0,0.0,0.0,0.0
2014,1,NYJ,-0.4949802025221288,3.0,0.010720833107992322,1.0
2014,1,LV,0.010720833107992322,1.0,-0.4949802025221288,3.0
2014,1,ARI,2.2554130864883772,12.0,-3.125243754882831,6.0
2014,1,LAC,-3.125243754882831,6.0,2.2554130864883772,12.0
2014,1,DAL,0.0,0.0,0.0,0.0
2014,1,SF,0.0,0.0,0.0,0.0
2014,1,KC,0.0,0.0,0.0,0.0
2014,1,TEN,0.0,0.0,0.0,0.0
2014,1,HOU,0.5497279684641398,8.0,0.0,0.0
2014,1,WAS,0.0,0.0,0.5497279684641398,8.0
2014,2,ARI,-1.8051193323917687,10.0,-9.521670328394976,6.0
2014,2,NYG,-9.521670328394976,6.0,-1.8051193323917687,10.0
2014,2,ATL,0.0,0.0,0.0,0.0
2014,2,CIN,0.0,0.0,0.0,0.0
2014,2,CHI,0.0,2.0,-2.039562307065353,12.0
2014,2,SF,-2.039562307065353,12.0,0.0,2.0
2014,2,DAL,0.0,0.0,0.0,0.0
2014,2,TEN,0.0,0.0,0.0,0.0
2014,2,DET,0.0,0.0,0.0,0.0
2014,2,CAR,0.0,0.0,0.0,0.0
2014,2,LV,0.0,0.0,0.0,0.0
2014,2,HOU,0.0,0.0,0.0,0.0
2014,2,WAS,0.0,0.0,0.0,0.0
2014,2,JAX,0.0,0.0,0.0,0.0
2014,2,DEN,-2.6194442650012206,4.0,-0.7002675759140402,15.0
2014,2,KC,-0.7002675759140402,15.0,-2.6194442650012206,4.0
2014,2,BUF,0.0,0.0,0.0,0.0
2014,2,MIA,0.0,0.0,0.0,0.0
2014,2,MIN,0.0,0.0,0.0,0.0
2014,2,NE,0.0,0.0,0.0,0.0
2014,2,NO,-3.2584331067919265,4.0,2.7181961647002026,15.0
2014,2,CLE,2.7181961647002026,15.0,-3.2584331067919265,4.0
2014,2,GB,-0.7867028310429305,5.0,-4.498450478480663,4.0
2014,2,NYJ,-4.498450478480663,4.0,-0.7867028310429305,5.0
2014,2,IND,-2.23372098361142,5.0,7.933384574159344,9.0
2014,2,PHI,7.933384574159344,9.0,-2.23372098361142,5.0
2014,2,PIT,0.0,0.0,0.0,0.0
2014,2,BAL,0.0,0.0,0.0,0.0
2014,2,SEA,-5.709996271994896,4.0,-5.334337185660843,8.0
2014,2,LAC,-5.334337185660843,8.0,-5.709996271994896,4.0
2014,2,TB,-0.1557328447815962,4.0,2.5166755546815693,11.0
2014,2,LA,2.5166755546815693,11.0,-0.1557328447815962,4.0
2014,3,BAL,-0.21622188022593036,12.0,-3.9142019269638695,9.0
2014,3,CLE,-3.9142019269638695,9.0,-0.21622188022593036,12.0
2014,3,NYJ,-0.6880816416814923,15.0,-0.8398703515995294,7.0
2014,3,CHI,-0.8398703515995294,7.0,-0.6880816416814923,15.0
2014,3,LA,-0.7579581356641079,5.0,-1.521689343266189,9.0
2014,3,DAL,-1.521689343266189,9.0,-0.7579581356641079,5.0
2014,3,SEA,-0.27371358789969236,7.0,4.440156663928181,15.0
2014,3,DEN,4.440156663928181,15.0,-0.27371358789969236,7.0
2014,3,DET,0.0,0.0,0.0,0.0
2014,3,GB,0.0,0.0,0.0,0.0
2014,3,NYG,0.0,0.0,0.0,0.0
2014,3,HOU,0.0,0.0,0.0,0.0
2014,3,IND,0.0,0.0,0.0,0.0
2014,3,JAX,0.0,0.0,0.0,0.0
2014,3,MIA,0.0,0.0,1.161262070556404,2.0
2014,3,KC,1.161262070556404,2.0,0.0,0.0
2014,3,NO,0.0,0.0,0.0,0.0
2014,3,MIN,0.0,0.0,0.0,0.0
2014,3,LV,-1.4407737900037318,8.0,-2.0064460998401046,7.0
2014,3,NE,-2.0064460998401046,7.0,-1.4407737900037318,8.0
2014,3,PIT,0.0,0.0,0.0,0.0
2014,3,CAR,0.0,0.0,0.0,0.0
2014,3,BUF,0.0,0.0,0.0,0.0
2014,3,LAC,0.0,0.0,0.0,0.0
2014,3,ARI,1.116607844189275,10.0,-1.9885271759121679,3.0
2014,3,SF,-1.9885271759121679,3.0,1.116607844189275,10.0
2014,3,ATL,0.0,0.0,0.0,0.0
2014,3,TB,0.0,0.0,0.0,0.0
2014,3,TEN,0.0,0.0,0.0,0.0
2014,3,CIN,0.0,0.0,0.0,0.0
2014,3,WAS,-4.52464663811617,5.0,-5.260586103249807,10.0
2014,3,PHI,-5.260586103249807,10.0,-4.52464663811617,5.0
2014,4,ATL,0.0,0.0,0.5398811755585484,3.0
2014,4,MIN,0.5398811755585484,3.0,0.0,0.0
2014,4,BUF,-3.0237278817221522,10.0,-2.6214070356218144,11.0
2014,4,HOU,-2.6214070356218144,11.0,-3.0237278817221522,10.0
2014,4,CAR,0.0,0.0,0.0,0.0
2014,4,BAL,0.0,0.0,0.0,0.0
2014,4,NYJ,-1.0845468854531646,4.0,-0.5697550142649561,8.0
2014,4,DET,-0.5697550142649561,8.0,-1.0845468854531646,4.0
2014,4,CHI,0.0,0.0,0.0,0.0
2014,4,GB,0.0,0.0,0.0,0.0
2014,4,JAX,0.0,0.0,0.0,0.0
2014,4,LAC,0.0,0.0,0.0,0.0
2014,4,LV,0.0,0.0,0.0,0.0
2014,4,MIA,0.0,0.0,0.0,0.0
2014,4,KC,0.0,0.0,0.0,0.0
2014,4,NE,0.0,0.0,0.0,0.0
2014,4,DAL,0.0,0.0,0.0,0.0
2014,4,NO,0.0,0.0,0.0,0.0
2014,4,NYG,0.0,0.0,0.0,0.0
2014,4,WAS,0.0,0.0,0.0,0.0
2014,4,PHI,-3.5702016254654154,16.0,-2.1797196025727317,5.0
2014,4,SF,-2.1797196025727317,5.0,-3.5702016254654154,16.0
2014,4,PIT,-2.0983400467666797,7.0,3.757920142341103,16.0
2014,4,TB,3.757920142341103,16.0,-2.0983400467666797,7.0
2014,4,IND,0.0,0.0,0.0,0.0
2014,4,TEN,0.0,0.0,0.0,0.0
2014,5,ARI,0.0,0.0,0.0,0.0
2014,5,DEN,0.0,0.0,0.0,0.0
2014,5,NYG,-1.3375963207799941,7.0,-4.652456862619147,3.0
2014,5,ATL,-4.652456862619147,3.0,-1.3375963207799941,7.0
2014,5,IND,-4.342620688083116,8.0,-1.3416159297339618,8.0
2014,5,BAL,-1.3416159297339618,8.0,-4.342620688083116,8.0
2014,5,BUF,-2.6492025427578483,12.0,-3.251646760996664,14.0
2014,5,DET,-3.251646760996664,14.0,-2.6492025427578483,12.0
2014,5,CAR,-1.2537997220445654,11.0,-9.06213107710937,10.0
2014,5,CHI,-9.06213107710937,10.0,-1.2537997220445654,11.0
2014,5,NE,0.0,0.0,0.0,0.0
2014,5,CIN,0.0,0.0,0.0,0.0
2014,5,TEN,-3.7647357676760294,15.0,4.473266930280882,6.0
2014,5,CLE,4.473266930280882,6.0,-3.7647357676760294,15.0
2014,5,HOU,4.569088522543961,5.0,-3.6317569263628684,14.0
2014,5,DAL,-3.6317569263628684,14.0,4.569088522543961,5.0
2014,5,KC,-2.6841471975203604,3.0,-1.6291915146284737,13.0
2014,5,SF,-1.6291915146284737,13.0,-2.6841471975203604,3.0
2014,5,GB,0.0,0.0,0.0,0.0
2014,5,MIN,0.0,0.0,0.0,0.0
2014,5,NYJ,0.0,0.0,0.0,0.0
2014,5,LAC,0.0,0.0,0.0,0.0
2014,5,PIT,-1.4145890477811918,10.0,-2.253568147891201,3.0
2014,5,JAX,-2.253568147891201,3.0,-1.4145890477811918,10.0
2014,5,SEA,2.37694716732949,9.0,0.010720833107992322,1.0
2014,5,WAS,0.010720833107992322,1.0,2.37694716732949,9.0
2014,5,LA,-1.9260233108455544,7.0,-2.674438050016761,9.0
2014,5,PHI,-2.674438050016761,9.0,-1.9260233108455544,7.0
2014,5,NO,-2.6645175570447464,10.0,-2.324822754104389,9.0
2014,5,TB,-2.324822754104389,9.0,-2.6645175570447464,10.0
2014,6,BAL,0.0,0.0,0.0,0.0
2014,6,TB,0.0,0.0,0.0,0.0
2014,6,CAR,0.7902807913684988,26.0,4.766777127302415,19.0
2014,6,CIN,4.766777127302415,19.0,0.7902807913684988,26.0
2014,6,CHI,0.0,0.0,0.0,0.0
2014,6,ATL,0.0,0.0,0.0,0.0
2014,6,SEA,-4.119381633994635,8.0,6.639963698185678,12.0
2014,6,DAL,6.639963698185678,12.0,-4.119381633994635,8.0
2014,6,DEN,-0.9335455116233788,10.0,-6.9579662486794405,3.0
2014,6,NYJ,-6.9579662486794405,3.0,-0.9335455116233788,10.0
2014,6,DET,0.0,0.0,0.0,0.0
2014,6,MIN,0.0,0.0,0.0,0.0
2014,6,GB,4.513460474632378,14.0,-2.3903289449517615,11.0
2014,6,MIA,-2.3903289449517615,11.0,4.513460474632378,14.0
2014,6,HOU,-8.1624881082098,5.0,-5.244285374938045,10.0
2014,6,IND,-5.244285374938045,10.0,-8.1624881082098,5.0
2014,6,JAX,-0.6070229016280032,6.0,-0.7455898480257019,2.0
2014,6,TEN,-0.7455898480257019,2.0,-0.6070229016280032,6.0
2014,6,BUF,0.0,0.0,5.519426301820204,6.0
2014,6,NE,5.519426301820204,6.0,0.0,0.0
2014,6,PHI,0.0,0.0,0.0,0.0
2014,6,NYG,0.0,0.0,0.0,0.0
2014,6,PIT,0.0,0.0,0.0,0.0
2014,6,CLE,0.0,0.0,0.0,0.0
2014,6,LV,-2.276069324288983,6.0,3.6669940569406267,12.0
2014,6,LAC,3.6669940569406267,12.0,-2.276069324288983,6.0
2014,6,LA,-7.247994923614897,2.0,-1.2148695334326476,6.0
2014,6,SF,-1.2148695334326476,6.0,-7.247994923614897,2.0
2014,6,ARI,-0.8670546918874606,6.0,-7.048330349823164,2.0
2014,6,WAS,-7.048330349823164,2.0,-0.8670546918874606,6.0
2014,7,LV,0.0,0.0,1.708478111308068,10.0
2014,7,ARI,1.708478111308068,10.0,0.0,0.0
2014,7,ATL,0.0,0.0,0.0,0.0
2014,7,BAL,0.0,0.0,0.0,0.0
2014,7,GB,0.0,0.0,0.0,0.0
2014,7,CAR,0.0,0.0,0.0,0.0
2014,7,IND,0.0,0.0,0.0,0.0
2014,7,CIN,0.0,0.0,0.0,0.0
2014,7,CLE,0.0,0.0,0.0,0.0
2014,7,JAX,0.0,0.0,0.0,0.0
2014,7,PIT,-0.6396491583436728,4.0,0.010720833107992322,1.0
2014,7,HOU,0.010720833107992322,1.0,-0.6396491583436728,4.0
2014,7,LAC,2.5486576062394306,11.0,1.3824154614121653,12.0
2014,7,KC,1.3824154614121653,12.0,2.5486576062394306,11.0
2014,7,MIA,0.0,0.0,0.0,0.0
2014,7,CHI,0.0,0.0,0.0,0.0
2014,7,MIN,-3.098856994503876,6.0,6.320688115336164,17.0
2014,7,BUF,6.320688115336164,17.0,-3.098856994503876,6.0
2014,7,DET,0.04094014882483776,10.0,-8.412008782004705,15.0
2014,7,NO,-8.412008782004705,15.0,0.04094014882483776,10.0
2014,7,DAL,2.978156104683876,9.0,0.0,0.0
2014,7,NYG,0.0,0.0,2.978156104683876,9.0
2014,7,NE,-1.0063875446794555,5.0,3.185722703332547,16.0
2014,7,NYJ,3.185722703332547,16.0,-1.0063875446794555,5.0
2014,7,LA,-0.9345501277130097,9.0,0.003636931438354196,1.0
2014,7,SEA,0.003636931438354196,1.0,-0.9345501277130097,9.0
2014,7,SF,0.0,0.0,0.0,0.0
2014,7,DEN,0.0,0.0,0.0,0.0
2014,7,WAS,2.307364832609892,13.0,-1.105921211419627,4.0
2014,7,TEN,-1.105921211419627,4.0,2.307364832609892,13.0
2014,8,CIN,4.210790815899312,13.0,-2.0183275435701944,8.0
2014,8,BAL,-2.0183275435701944,8.0,4.210790815899312,13.0
2014,8,NYJ,0.0,0.0,0.0,0.0
2014,8,BUF,0.0,0.0,0.0,0.0
2014,8,CHI,0.0,0.0,0.0,0.0
2014,8,NE,0.0,0.0,0.0,0.0
2014,8,ATL,-0.81692522787489,10.0,3.1477532432037405,15.0
2014,8,DET,3.1477532432037405,15.0,-0.81692522787489,10.0
2014,8,GB,0.0,0.0,0.0,0.0
2014,8,NO,0.0,0.0,0.0,0.0
2014,8,HOU,0.0,0.0,0.0,0.0
2014,8,TEN,0.0,0.0,0.0,0.0
2014,8,IND,0.0,0.0,0.0,0.0
2014,8,PIT,0.0,0.0,0.0,0.0
2014,8,MIA,0.0,0.0,0.0,0.0
2014,8,JAX,0.0,0.0,0.0,0.0
2014,8,TB,5.084835803272366,9.0,2.2651331909000874,11.0
2014,8,MIN,2.2651331909000874,11.0,5.084835803272366,9.0
2014,8,LV,0.0,0.0,0.0,0.0
2014,8,CLE,0.0,0.0,0.0,0.0
2014,8,PHI,-1.9793288975488394,19.0,6.206701374288013,5.0
2014,8,ARI,6.206701374288013,5.0,-1.9793288975488394,19.0
2014,8,DEN,0.0,0.0,0.0,0.0
2014,8,LAC,0.0,0.0,0.0,0.0
2014,8,SEA,2.1996234635786855,13.0,-3.252006297434731,7.0
2014,8,CAR,-3.252006297434731,7.0,2.1996234635786855,13.0
2014,8,LA,0.0,0.0,0.0,0.0
2014,8,KC,0.0,0.0,0.0,0.0
2014,8,DAL,-0.07144710049033165,7.0,-1.8610715379472822,8.0
2014,8,WAS,-1.8610715379472822,8.0,-0.07144710049033165,7.0
2014,9,ARI,0.0,0.0,0.0,0.0
2014,9,DAL,0.0,0.0,0.0,0.0
2014,9,BAL,0.0,0.0,0.0,0.0
2014,9,PIT,0.0,0.0,0.0,0.0
2014,9,DEN,0.0,0.0,0.0,0.0
2014,9,NE,0.0,0.0,0.0,0.0
2014,9,NYG,0.0,0.0,0.0,0.0
2014,9,IND,0.0,0.0,0.0,0.0
2014,9,JAX,0.0,0.0,0.0,0.0
2014,9,CIN,0.0,0.0,0.0,0.0
2014,9,NO,0.0,0.0,0.0,0.0
2014,9,CAR,0.0,0.0,0.0,0.0
2014,9,KC,0.0,0.0,0.0,0.0
2014,9,NYJ,0.0,0.0,0.0,0.0
2014,9,LV,0.010720833107992322,1.0,-0.5281925592571497,4.0
2014,9,SEA,-0.5281925592571497,4.0,0.010720833107992322,1.0
2014,9,PHI,2.594900096359197,4.0,0.0,0.0
2014,9,HOU,0.0,0.0,2.594900096359197,4.0
2014,9,LAC,0.0,0.0,0.0,0.0
2014,9,MIA,0.0,0.0,0.0,0.0
2014,9,SF,-2.722068177885376,16.0,-1.9908454817486927,5.0
2014,9,LA,-1.9908454817486927,5.0,-2.722068177885376,16.0
2014,9,TB,-2.8976138053112663,6.0,-3.506762745731976,9.0
2014,9,CLE,-3.506762745731976,9.0,-2.8976138053112663,6.0
2014,9,MIN,-0.3943956167348661,8.0,-3.165647427988006,11.0
2014,9,WAS,-3.165647427988006,11.0,-0.3943956167348661,8.0
2014,10,TB,0.0,0.0,0.2462210753600398,1.0
2014,10,ATL,0.2462210753600398,1.0,0.0,0.0
2014,10,CAR,0.0,0.0,0.0,0.0
2014,10,PHI,0.0,0.0,0.0,0.0
2014,10,CHI,0.0,0.0,0.0,0.0
2014,10,GB,0.0,0.0,0.0,0.0
2014,10,CIN,0.0,0.0,0.0,0.0
2014,10,CLE,0.0,0.0,0.0,0.0
2014,10,DAL,0.0,0.0,0.0,0.0
2014,10,JAX,0.0,0.0,0.0,0.0
2014,10,LV,0.0,0.0,0.0,0.0
2014,10,DEN,0.0,0.0,0.0,0.0
2014,10,KC,-2.304370577883674,8.0,-4.595366305409698,9.0
2014,10,BUF,-4.595366305409698,9.0,-2.304370577883674,8.0
2014,10,DET,4.292821749133413,19.0,-3.8401761169952806,11.0
2014,10,MIA,-3.8401761169952806,11.0,4.292821749133413,19.0
2014,10,NYG,0.0,0.0,0.0,0.0
2014,10,SEA,0.0,0.0,0.0,0.0
2014,10,NYJ,-0.5853988658636808,4.0,0.010720833107992322,1.0
2014,10,PIT,0.010720833107992322,1.0,-0.5853988658636808,4.0
2014,10,NO,3.096594055843429,14.0,2.413470366038382,9.0
2014,10,SF,2.413470366038382,9.0,3.096594055843429,14.0
2014,10,LA,0.0,0.0,0.0,0.0
2014,10,ARI,0.0,0.0,0.0,0.0
2014,10,TEN,0.0,0.0,0.0,0.0
2014,10,BAL,0.0,0.0,0.0,0.0
2014,11,ATL,-0.6898685170453973,12.0,-2.1275961909559555,12.0
2014,11,CAR,-2.1275961909559555,12.0,-0.6898685170453973,12.0
2014,11,MIA,0.0,0.0,0.0,0.0
2014,11,BUF,0.0,0.0,0.0,0.0
2014,11,NO,0.0,0.0,0.0,0.0
2014,11,CIN,0.0,0.0,0.0,0.0
2014,11,LA,0.0,0.0,0.0,0.0
2014,11,DEN,0.0,0.0,0.0,0.0
2014,11,ARI,-4.488451985409483,9.0,-1.9009334241272882,6.0
2014,11,DET,-1.9009334241272882,6.0,-4.488451985409483,9.0
2014,11,HOU,0.0,0.0,0.0,0.0
2014,11,CLE,0.0,0.0,0.0,0.0
2014,11,MIN,-1.368075612001121,5.0,-2.0623121904209256,8.0
2014,11,CHI,-2.0623121904209256,8.0,-1.368075612001121,5.0
2014,11,IND,0.0,0.0,0.0,0.0
2014,11,NE,0.0,0.0,0.0,0.0
2014,11,LV,-0.1546050144243054,6.0,-0.7599685270688497,10.0
2014,11,LAC,-0.7599685270688497,10.0,-0.1546050144243054,6.0
2014,11,GB,0.0,0.0,0.0,0.0
2014,11,PHI,0.0,0.0,0.0,0.0
2014,11,PIT,-1.7030659910524264,8.0,0.0,0.0
2014,11,TEN,0.0,0.0,-1.7030659910524264,8.0
2014,11,SEA,-6.683220366190653,9.0,-4.96537545620231,6.0
2014,11,KC,-4.96537545620231,6.0,-6.683220366190653,9.0
2014,11,SF,-2.7646442983532324,8.0,-8.109071452345233,7.0
2014,11,NYG,-8.109071452345233,7.0,-2.7646442983532324,8.0
2014,11,WAS,0.0,0.0,0.0,0.0
2014,11,TB,0.0,0.0,0.0,0.0
2014,12,ARI,0.0,0.0,0.0,0.0
2014,12,SEA,0.0,0.0,0.0,0.0
2014,12,NO,0.003636931438354196,1.0,3.9185622317017987,7.0
2014,12,BAL,3.9185622317017987,7.0,0.003636931438354196,1.0
2014,12,CIN,1.5963459415361285,9.0,0.0,0.0
2014,12,HOU,0.0,0.0,1.5963459415361285,9.0
2014,12,ATL,-0.4418225376866758,13.0,-6.499802133708727,13.0
2014,12,CLE,-6.499802133708727,13.0,-0.4418225376866758,13.0
2014,12,DAL,3.076866825713008,11.0,-1.8931629519013917,11.0
2014,12,NYG,-1.8931629519013917,11.0,3.076866825713008,11.0
2014,12,DET,0.0,0.0,0.0,0.0
2014,12,NE,0.0,0.0,0.0,0.0
2014,12,GB,-0.6511927922256291,8.0,1.348807207774371,1.0
2014,12,MIN,1.348807207774371,1.0,-0.6511927922256291,8.0
2014,12,IND,0.0,0.0,0.0,0.0
2014,12,JAX,0.0,0.0,0.0,0.0
2014,12,LV,2.680630114880554,12.0,-1.8725865892483853,9.0
2014,12,KC,-1.8725865892483853,9.0,2.680630114880554,12.0
2014,12,MIA,-4.842894373214105,4.0,0.9463021055271383,7.0
2014,12,DEN,0.9463021055271383,7.0,-4.842894373214105,4.0
2014,12,NYJ,0.0,0.0,0.0,0.0
2014,12,BUF,0.0,0.0,0.0,0.0
2014,12,LAC,-3.5026360389892943,8.0,-2.59574865937822,6.0
2014,12,LA,-2.59574865937822,6.0,-3.5026360389892943,8.0
2014,12,CHI,-4.83403272027499,10.0,-4.144168350234395,6.0
2014,12,TB,-4.144168350234395,6.0,-4.83403272027499,10.0
2014,12,PHI,0.0,0.0,0.0,0.0
2014,12,TEN,0.0,0.0,0.0,0.0
2014,12,WAS,-6.315080128901172,9.0,-0.25256495298009796,11.0
2014,12,SF,-0.25256495298009796,11.0,-6.315080128901172,9.0
2014,13,ATL,0.0,0.0,0.0,0.0
2014,13,ARI,0.0,0.0,0.0,0.0
2014,13,CAR,0.0,0.0,0.0,0.0
2014,13,MIN,0.0,0.0,0.0,0.0
2014,13,DET,0.0,0.0,0.0,0.0
2014,13,CHI,0.0,0.0,0.0,0.0
2014,13,CIN,-1.5132679976522923,10.0,-3.1488419054076076,14.0
2014,13,TB,-3.1488419054076076,14.0,-1.5132679976522923,10.0
2014,13,CLE,0.0,0.0,0.0,0.0
2014,13,BUF,0.0,0.0,0.0,0.0
2014,13,KC,0.0,0.0,0.0,0.0
2014,13,DEN,0.0,0.0,0.0,0.0
2014,13,NYJ,-0.6230400684289634,7.0,0.718866940937005,9.0
2014,13,MIA,0.718866940937005,9.0,-0.6230400684289634,7.0
2014,13,GB,-1.6643501445651054,6.0,-5.175364181224722,5.0
2014,13,NE,-5.175364181224722,5.0,-1.6643501445651054,6.0
2014,13,PIT,1.053,1.0,0.0,0.0
2014,13,NO,0.0,0.0,1.053,1.0
2014,13,NYG,-4.741330832737731,7.0,-1.5808053954970092,15.0
2014,13,JAX,-1.5808053954970092,15.0,-4.741330832737731,7.0
2014,13,LV,0.0,0.0,0.0,0.0
2014,13,LA,0.0,0.0,0.0,0.0
2014,13,PHI,0.0,0.0,0.0,0.0
2014,13,DAL,0.0,0.0,0.0,0.0
2014,13,BAL,2.1731546411756426,12.0,6.0534413415401715,13.0
2014,13,LAC,6.0534413415401715,13.0,2.1731546411756426,12.0
2014,13,SF,0.0,0.0,0.0,0.0
2014,13,SEA,0.0,0.0,0.0,0.0
2014,13,HOU,0.0,0.0,0.0,0.0
2014,13,TEN,0.0,0.0,0.0,0.0
2014,13,IND,0.0,0.0,0.0,0.0
2014,13,WAS,0.0,0.0,0.0,0.0
2014,14,GB,-1.006828653626144,9.0,0.010720833107992322,1.0
2014,14,ATL,0.010720833107992322,1.0,-1.006828653626144,9.0
2014,14,BAL,6.1546780075877905,4.0,0.0,0.0
2014,14,MIA,0.0,0.0,6.1546780075877905,4.0
2014,14,BUF,0.010720833107992322,1.0,-0.3841923710424453,3.0
2014,14,DEN,-0.3841923710424453,3.0,0.010720833107992322,1.0
2014,14,CAR,0.0,0.0,0.0,0.0
2014,14,NO,0.0,0.0,0.0,0.0
2014,14,DAL,0.0,0.0,0.0,0.0
2014,14,CHI,0.0,0.0,0.0,0.0
2014,14,HOU,0.0,0.0,0.0,0.0
2014,14,JAX,0.0,0.0,0.0,0.0
2014,14,CLE,-1.4606099781231023,7.0,6.046932468583807,14.0
2014,14,IND,6.046932468583807,14.0,-1.4606099781231023,7.0
2014,14,ARI,-1.7331694183812942,9.0,-1.6524477029161062,8.0
2014,14,KC,-1.6524477029161062,8.0,-1.7331694183812942,9.0
2014,14,LAC,0.0,0.0,0.0,0.0
2014,14,NE,0.0,0.0,0.0,0.0
2014,14,NYG,0.0,0.0,0.0,0.0
2014,14,TEN,0.0,0.0,0.0,0.0
2014,14,NYJ,1.3129480846691877,11.0,-1.6908782238024287,8.0
2014,14,MIN,-1.6908782238024287,8.0,1.3129480846691877,11.0
2014,14,PIT,0.0,0.0,0.0,0.0
2014,14,CIN,0.0,0.0,0.0,0.0
2014,14,SEA,0.0,0.0,0.0,0.0
2014,14,PHI,0.0,0.0,0.0,0.0
2014,14,LV,0.0,0.0,0.0,0.0
2014,14,SF,0.0,0.0,0.0,0.0
2014,14,WAS,0.0,0.0,0.0,0.0
2014,14,LA,0.0,0.0,0.0,0.0
2014,14,DET,0.0,0.0,0.0,0.0
2014,14,TB,0.0,0.0,0.0,0.0
2014,15,ARI,-4.0720026574563235,9.0,-2.6686851399717852,12.0
2014,15,LA,-2.6686851399717852,12.0,-4.0720026574563235,9.0
2014,15,CIN,0.0,0.0,0.0,0.0
2014,15,CLE,0.0,0.0,0.0,0.0
2014,15,PHI,0.0,0.0,1.4850945938603144,1.0
2014,15,DAL,1.4850945938603144,1.0,0.0,0.0
2014,15,DEN,1.4658378505245242,1.0,0.0,0.0
2014,15,LAC,0.0,0.0,1.4658378505245242,1.0
2014,15,GB,-2.315327269723639,1.0,-1.4966703597456217,15.0
2014,15,BUF,-1.4966703597456217,15.0,-2.315327269723639,1.0
2014,15,IND,-2.9770207528490573,8.0,-2.4129311608849093,8.0
2014,15,HOU,-2.4129311608849093,8.0,-2.9770207528490573,8.0
2014,15,JAX,-5.202279112825636,10.0,1.5421762064797804,9.0
2014,15,BAL,1.5421762064797804,9.0,-5.202279112825636,10.0
2014,15,MIA,0.0,0.0,0.0,0.0
2014,15,NE,0.0,0.0,0.0,0.0
2014,15,DET,-4.173559879302047,8.0,-3.2549075036658905,14.0
2014,15,MIN,-3.2549075036658905,14.0,-4.173559879302047,8.0
2014,15,CHI,0.0,0.0,0.0,0.0
2014,15,NO,0.0,0.0,0.0,0.0
2014,15,TEN,-2.1240606463397853,13.0,1.6427196427104063,12.0
2014,15,NYJ,1.6427196427104063,12.0,-2.1240606463397853,13.0
2014,15,KC,0.0,0.0,0.0,0.0
2014,15,LV,0.0,0.0,0.0,0.0
2014,15,PIT,-1.3361845330800861,10.0,-0.5582733403425664,1.0
2014,15,ATL,-0.5582733403425664,1.0,-1.3361845330800861,10.0
2014,15,SF,0.0,0.0,0.0,0.0
2014,15,SEA,0.0,0.0,0.0,0.0
2014,15,CAR,-2.051896567689255,9.0,-1.2681442500127709,3.0
2014,15,TB,-1.2681442500127709,3.0,-2.051896567689255,9.0
2014,15,NYG,1.5427650133497082,2.0,0.0,0.0
2014,15,WAS,0.0,0.0,1.5427650133497082,2.0
2014,16,NO,-5.390280227700714,2.0,-4.88651511707576,8.0
2014,16,ATL,-4.88651511707576,8.0,-5.390280227700714,2.0
2014,16,HOU,0.0,0.0,0.0,0.0
2014,16,BAL,0.0,0.0,0.0,0.0
2014,16,LV,2.936685180253047,8.0,0.010720833107992322,1.0
2014,16,BUF,0.010720833107992322,1.0,2.936685180253047,8.0
2014,16,CAR,-0.8511254431214184,7.0,-2.4449142531957477,3.0
2014,16,CLE,-2.4449142531957477,3.0,-0.8511254431214184,7.0
2014,16,CIN,-3.211297093055979,5.0,-7.541103249881417,3.0
2014,16,DEN,-7.541103249881417,3.0,-3.211297093055979,5.0
2014,16,CHI,-1.013365930877626,7.0,0.2995327782118693,12.0
2014,16,DET,0.2995327782118693,12.0,-1.013365930877626,7.0
2014,16,GB,0.0,0.0,0.0,0.0
2014,16,TB,0.0,0.0,0.0,0.0
2014,16,IND,0.0,0.0,0.0,0.0
2014,16,DAL,0.0,0.0,0.0,0.0
2014,16,PIT,-2.435635401052423,8.0,0.0,0.0
2014,16,KC,0.0,0.0,-2.435635401052423,8.0
2014,16,MIA,-0.06655200743472633,21.0,1.5359536361118549,11.0
2014,16,MIN,1.5359536361118549,11.0,-0.06655200743472633,21.0
2014,16,NYJ,0.0,0.0,-1.6348698562942445,11.0
2014,16,NE,-1.6348698562942445,11.0,0.0,0.0
2014,16,NYG,0.0,0.0,0.0,0.0
2014,16,LA,0.0,0.0,0.0,0.0
2014,16,PHI,-2.195593349286355,9.0,-0.7871821294538677,13.0
2014,16,WAS,-0.7871821294538677,13.0,-2.195593349286355,9.0
2014,16,SF,-3.4603794032591395,11.0,6.235938876072108,16.0
2014,16,LAC,6.235938876072108,16.0,-3.4603794032591395,11.0
2014,16,SEA,0.0,0.0,0.0,0.0
2014,16,ARI,0.0,0.0,0.0,0.0
2014,16,TEN,-0.4200353840715252,7.0,-1.9535307798651047,9.0
2014,16,JAX,-1.9535307798651047,9.0,-0.4200353840715252,7.0
2014,17,ARI,-3.1837674985290505,2.0,-3.0076429341570474,14.0
2014,17,SF,-3.0076429341570474,14.0,-3.1837674985290505,2.0
2014,17,BUF,-3.026917351526208,13.0,-3.5271060538943857,5.0
2014,17,NE,-3.5271060538943857,5.0,-3.026917351526208,13.0
2014,17,CAR,0.0,0.0,0.0,0.0
2014,17,ATL,0.0,0.0,0.0,0.0
2014,17,CHI,-2.478067931777332,8.0,-6.481696900271345,10.0
2014,17,MIN,-6.481696900271345,10.0,-2.478067931777332,8.0
2014,17,PIT,5.58802337013185,4.0,-3.421129198279232,2.0
2014,17,CIN,-3.421129198279232,2.0,5.58802337013185,4.0
2014,17,BAL,1.1562588863016572,2.0,0.0,0.0
2014,17,CLE,0.0,0.0,1.1562588863016572,2.0
2014,17,DAL,0.0,0.0,0.0,0.0
2014,17,WAS,0.0,0.0,0.0,0.0
2014,17,DET,0.0,0.0,0.0,0.0
2014,17,GB,0.0,0.0,0.0,0.0
2014,17,TEN,0.0,0.0,0.0,0.0
2014,17,IND,0.0,0.0,0.0,0.0
2014,17,JAX,-0.6463575011584908,10.0,-1.4941873780917376,8.0
2014,17,HOU,-1.4941873780917376,8.0,-0.6463575011584908,10.0
2014,17,TB,-2.6599980185274035,5.0,4.5268628334358105,10.0
2014,17,NO,4.5268628334358105,10.0,-2.6599980185274035,5.0
2014,17,MIA,0.0,0.0,5.729730074759573,4.0
2014,17,NYJ,5.729730074759573,4.0,0.0,0.0
2014,17,LV,0.0,0.0,0.0,0.0
2014,17,DEN,0.0,0.0,0.0,0.0
2014,17,NYG,-5.663902849366423,2.0,-4.499767385132145,9.0
2014,17,PHI,-4.499767385132145,9.0,-5.663902849366423,2.0
2014,17,LAC,0.0,0.0,0.0,0.0
2014,17,KC,0.0,0.0,0.0,0.0
2014,17,LA,0.0,0.0,0.0,0.0
2014,17,SEA,0.0,0.0,0.0,0.0
2014,18,ARI,0.0,0.0,0.0,0.0
2014,18,CAR,0.0,0.0,0.0,0.0
2014,18,PIT,0.0,0.0,0.0,0.0
2014,18,BAL,0.0,0.0,0.0,0.0
2014,18,IND,0.0,0.0,0.0,0.0
2014,18,CIN,0.0,0.0,0.0,0.0
2014,18,DAL,1.0130065459770319,11.0,-2.7154669761657715,12.0
2014,18,DET,-2.7154669761657715,12.0,1.0130065459770319,11.0
2014,19,BAL,-0.8239579686487559,10.0,-0.2001162065716926,4.0
2014,19,NE,-0.2001162065716926,4.0,-0.8239579686487559,10.0
2014,19,CAR,0.0,0.0,0.0,0.0
2014,19,SEA,0.0,0.0,0.0,0.0
2014,19,DAL,-3.3166073720203713,1.0,-1.442784492741339,10.0
2014,19,GB,-1.442784492741339,10.0,-3.3166073720203713,1.0
2014,19,IND,-0.9549905444728211,2.0,0.0,0.0
2014,19,DEN,0.0,0.0,-0.9549905444728211,2.0
2014,20,GB,-0.843877166567836,9.0,5.6066579136584656,8.0
2014,20,SEA,5.6066579136584656,8.0,-0.843877166567836,9.0
2014,20,IND,0.0,0.0,0.0,0.0
2014,20,NE,0.0,0.0,0.0,0.0
2014,21,NE,3.8921254310070705,12.0,-0.634149776538834,8.0
2014,21,SEA,-0.634149776538834,8.0,3.8921254310070705,12.0
2015,1,BAL,-0.6845654402859509,16.0,-1.4042704438325018,5.0
2015,1,DEN,-1.4042704438325018,5.0,-0.6845654402859509,16.0
2015,1,CAR,-0.2282123808399774,4.0,0.0,0.0
2015,1,JAX,0.0,0.0,-0.2282123808399774,4.0
2015,1,LV,0.0,0.0,0.0,0.0
2015,1,CIN,0.0,0.0,0.0,0.0
2015,1,NYJ,0.0,0.0,0.0,0.0
2015,1,CLE,0.0,0.0,0.0,0.0
2015,1,DET,0.06757300310763314,1.0,5.122679986292496,8.0
2015,1,LAC,5.122679986292496,8.0,0.06757300310763314,1.0
2015,1,CHI,-4.591072304581758,2.0,4.390014147851616,8.0
2015,1,GB,4.390014147851616,8.0,-4.591072304581758,2.0
2015,1,IND,0.0,0.0,0.0,0.0
2015,1,BUF,0.0,0.0,0.0,0.0
2015,1,KC,-0.3013109697494656,3.0,0.0,0.0
2015,1,HOU,0.0,0.0,-0.3013109697494656,3.0
2015,1,WAS,-2.248960734345019,9.0,-0.796582346316427,6.0
2015,1,MIA,-0.796582346316427,6.0,-2.248960734345019,9.0
2015,1,SF,0.0,0.0,0.0,0.0
2015,1,MIN,0.0,0.0,0.0,0.0
2015,1,ARI,4.292198925104458,7.0,-1.5716527470503934,4.0
2015,1,NO,-1.5716527470503934,4.0,4.292198925104458,7.0
2015,1,DAL,6.175052959448967,8.0,2.364650010713376,15.0
2015,1,NYG,2.364650010713376,15.0,6.175052959448967,8.0
2015,1,PHI,-7.110187037382275,10.0,-5.678683489793912,7.0
2015,1,ATL,-5.678683489793912,7.0,-7.110187037382275,10.0
2015,1,PIT,0.06757300310763314,1.0,0.007388420635834336,1.0
2015,1,NE,0.007388420635834336,1.0,0.06757300310763314,1.0
2015,1,SEA,-1.5026530767771187,9.0,-1.8390014640152226,17.0
2015,1,LA,-1.8390014640152226,17.0,-1.5026530767771187,9.0
2015,1,TEN,0.0,0.0,0.0,0.0
2015,1,TB,0.0,0.0,0.0,0.0
2015,2,ARI,0.0,0.0,0.0,0.0
2015,2,CHI,0.0,0.0,0.0,0.0
2015,2,ATL,1.528197770342182,11.0,-4.721737888758071,12.0
2015,2,NYG,-4.721737888758071,12.0,1.528197770342182,11.0
2015,2,LV,6.120567778693463,14.0,-0.593669910042081,10.0
2015,2,BAL,-0.593669910042081,10.0,6.120567778693463,14.0
2015,2,DAL,0.0,0.0,0.0,0.0
2015,2,PHI,0.0,0.0,0.0,0.0
2015,2,DEN,4.065777524462804,16.0,-1.9766313422145814,12.0
2015,2,KC,-1.9766313422145814,12.0,4.065777524462804,16.0
2015,2,MIN,0.0,0.0,0.0,0.0
2015,2,DET,0.0,0.0,0.0,0.0
2015,2,CAR,-4.861204108106904,5.0,-1.5015958109870553,14.0
2015,2,HOU,-1.5015958109870553,14.0,-4.861204108106904,5.0
2015,2,MIA,-3.1372617098968476,9.0,-2.4994298645760864,14.0
2015,2,JAX,-2.4994298645760864,14.0,-3.1372617098968476,9.0
2015,2,BUF,-1.8304155676300193,3.0,0.7295634557958692,11.0
2015,2,NE,0.7295634557958692,11.0,-1.8304155676300193,3.0
2015,2,NYJ,0.0,0.0,0.0,0.0
2015,2,IND,0.0,0.0,0.0,0.0
2015,2,CIN,-2.884073148132302,9.0,-2.985472199696116,3.0
2015,2,LAC,-2.985472199696116,3.0,-2.884073148132302,9.0
2015,2,GB,-0.3635125244036317,5.0,0.0,0.0
2015,2,SEA,0.0,0.0,-0.3635125244036317,5.0
2015,2,PIT,0.0,0.0,0.0,0.0
2015,2,SF,0.0,0.0,0.0,0.0
2015,2,LA,0.0,0.0,2.485486961202696,4.0
2015,2,WAS,2.485486961202696,4.0,0.0,0.0
2015,2,NO,-5.541562072583474,14.0,-2.8204949888167903,9.0
2015,2,TB,-2.8204949888167903,9.0,-5.541562072583474,14.0
2015,2,TEN,0.0,0.0,5.288721454562619,4.0
2015,2,CLE,5.288721454562619,4.0,0.0,0.0
2015,3,DAL,0.0,0.0,1.9586673196754418,3.0
2015,3,ATL,1.9586673196754418,3.0,0.0,0.0
2015,3,MIA,0.0,0.0,0.0,0.0
2015,3,BUF,0.0,0.0,0.0,0.0
2015,3,CHI,0.0,0.0,0.0,0.0
2015,3,SEA,0.0,0.0,0.0,0.0
2015,3,BAL,-2.035795428222094,12.0,1.6831064461008158,12.0
2015,3,CIN,1.6831064461008158,12.0,-2.035795428222094,12.0
2015,3,DET,-5.20147152163554,3.0,4.815140255494043,5.0
2015,3,DEN,4.815140255494043,5.0,-5.20147152163554,3.0
2015,3,TEN,5.295168630706146,13.0,4.240768997508518,9.0
2015,3,IND,4.240768997508518,9.0,5.295168630706146,13.0
2015,3,JAX,0.0,0.0,0.0,0.0
2015,3,NE,0.0,0.0,0.0,0.0
2015,3,GB,0.0,0.0,0.0,0.0
2015,3,KC,0.0,0.0,0.0,0.0
2015,3,NO,-2.634998029810842,14.0,-2.4864313795114867,10.0
2015,3,CAR,-2.4864313795114867,10.0,-2.634998029810842,14.0
2015,3,LV,1.1765006817877293,8.0,-0.05015022633597255,11.0
2015,3,CLE,-0.05015022633597255,11.0,1.1765006817877293,8.0
2015,3,NYJ,0.0,0.0,-0.4845994682982564,8.0
2015,3,PHI,-0.4845994682982564,8.0,0.0,0.0
2015,3,PIT,-5.328213323082309,11.0,-6.820309615635779,7.0
2015,3,LA,-6.820309615635779,7.0,-5.328213323082309,11.0
2015,3,MIN,0.0,0.0,0.0,0.0
2015,3,LAC,0.0,0.0,0.0,0.0
2015,3,ARI,0.0,0.0,0.0,0.0
2015,3,SF,0.0,0.0,0.0,0.0
2015,3,HOU,1.0320387572282925,11.0,0.0,0.0
2015,3,TB,0.0,0.0,1.0320387572282925,11.0
2015,3,WAS,0.0,0.0,0.0,0.0
2015,3,NYG,0.0,0.0,0.0,0.0
2015,4,PIT,-7.945005255867727,11.0,-5.846275839663576,12.0
2015,4,BAL,-5.846275839663576,12.0,-7.945005255867727,11.0
2015,4,TB,0.0,0.0,0.0,0.0
2015,4,CAR,0.0,0.0,0.0,0.0
2015,4,CLE,4.560133696810342,7.0,2.187930861255154,10.0
2015,4,LAC,2.187930861255154,10.0,4.560133696810342,7.0
2015,4,NO,-1.4450983167625964,14.0,6.835241813389235,10.0
2015,4,DAL,6.835241813389235,10.0,-1.4450983167625964,14.0
2015,4,DET,-2.1175136445090175,7.0,-0.6834083064459264,5.0
2015,4,SEA,-0.6834083064459264,5.0,-2.1175136445090175,7.0
2015,4,GB,0.0,0.0,0.0,0.0
2015,4,SF,0.0,0.0,0.0,0.0
2015,4,ATL,0.0,0.0,0.0,0.0
2015,4,HOU,0.0,0.0,0.0,0.0
2015,4,IND,-2.9997173256025342,9.0,-2.452936668705661,14.0
2015,4,JAX,-2.452936668705661,14.0,-2.9997173256025342,9.0
2015,4,CIN,0.0,0.0,0.0,0.0
2015,4,KC,0.0,0.0,0.0,0.0
2015,4,MIN,-2.5167038117651828,7.0,-0.864015297673177,10.0
2015,4,DEN,-0.864015297673177,10.0,-2.5167038117651828,7.0
2015,4,BUF,0.0,0.0,0.0,0.0
2015,4,NYG,0.0,0.0,0.0,0.0
2015,4,MIA,0.0,0.0,0.0,0.0
2015,4,NYJ,0.0,0.0,0.0,0.0
2015,4,CHI,2.1621445594355464,13.0,-0.1822570364747662,8.0
2015,4,LV,-0.1822570364747662,8.0,2.1621445594355464,13.0
2015,4,WAS,5.716007367577355,16.0,-0.18705492559820414,5.0
2015,4,PHI,-0.18705492559820414,5.0,5.716007367577355,16.0
2015,4,ARI,-3.4073482080359647,6.0,-4.1154258189490065,10.0
2015,4,LA,-4.1154258189490065,10.0,-3.4073482080359647,6.0
2015,5,DET,0.0,0.0,0.0,0.0
2015,5,ARI,0.0,0.0,0.0,0.0
2015,5,TEN,-2.103329601115547,6.0,-2.4645182479871437,7.0
2015,5,BUF,-2.4645182479871437,7.0,-2.103329601115547,6.0
2015,5,CHI,3.5677420118302106,11.0,-2.414195477264002,9.0
2015,5,KC,-2.414195477264002,9.0,3.5677420118302106,11.0
2015,5,BAL,2.316973785404116,12.0,5.772102361879777,12.0
2015,5,CLE,5.772102361879777,12.0,2.316973785404116,12.0
2015,5,LV,0.0,0.0,-0.6500044678105041,5.0
2015,5,DEN,-0.6500044678105041,5.0,0.0,0.0
2015,5,HOU,-1.9780160796362907,5.0,-3.291756687220186,11.0
2015,5,IND,-3.291756687220186,11.0,-1.9780160796362907,5.0
2015,5,TB,-0.4225558820180595,3.0,0.06757300310763314,1.0
2015,5,JAX,0.06757300310763314,1.0,-0.4225558820180595,3.0
2015,5,DAL,0.0,0.0,0.0,0.0
2015,5,NE,0.0,0.0,0.0,0.0
2015,5,PHI,0.0,0.0,0.0,0.0
2015,5,NO,0.0,0.0,0.0,0.0
2015,5,PIT,6.397574724033426,14.0,0.8975360079784875,6.0
2015,5,LAC,0.8975360079784875,6.0,6.397574724033426,14.0
2015,5,CIN,1.7617812842805383,11.0,-1.582642164081335,5.0
2015,5,SEA,-1.582642164081335,5.0,1.7617812842805383,11.0
2015,5,SF,6.414433072190683,14.0,6.33226174360478,12.0
2015,5,NYG,6.33226174360478,12.0,6.414433072190683,14.0
2015,5,LA,0.0,0.0,0.0,0.0
2015,5,GB,0.0,0.0,0.0,0.0
2015,5,WAS,0.5536090243258514,9.0,5.955474822725751,12.0
2015,5,ATL,5.955474822725751,12.0,0.5536090243258514,9.0
2015,6,ARI,-3.602407952770591,4.0,6.54601287515834,2.0
2015,6,PIT,6.54601287515834,2.0,-3.602407952770591,4.0
2015,6,NO,0.0,0.0,0.0,0.0
2015,6,ATL,0.0,0.0,0.0,0.0
2015,6,SF,-0.6671574153588153,8.0,-0.4351248217863031,8.0
2015,6,BAL,-0.4351248217863031,8.0,-0.6671574153588153,8.0
2015,6,SEA,-1.7449090242153034,13.0,5.2920794719549775,10.0
2015,6,CAR,5.2920794719549775,10.0,-1.7449090242153034,13.0
2015,6,DET,6.558899646044825,19.0,0.14714731098501943,10.0
2015,6,CHI,0.14714731098501943,10.0,6.558899646044825,19.0
2015,6,BUF,0.0,0.0,0.0,0.0
2015,6,CIN,0.0,0.0,0.0,0.0
2015,6,DEN,-2.095101671538815,12.0,-0.30590635613771155,15.0
2015,6,CLE,-0.30590635613771155,15.0,-2.095101671538815,12.0
2015,6,HOU,0.0,0.0,0.0,0.0
2015,6,JAX,0.0,0.0,0.0,0.0
2015,6,MIN,-5.56598489661701,10.0,-5.491146791377105,8.0
2015,6,KC,-5.491146791377105,8.0,-5.56598489661701,10.0
2015,6,MIA,0.0,0.0,0.0,0.0
2015,6,TEN,0.0,0.0,0.0,0.0
2015,6,IND,-0.9314286490200722,1.0,-0.3863781309919432,3.0
2015,6,NE,-0.3863781309919432,3.0,-0.9314286490200722,1.0
2015,6,NYG,0.0,0.0,0.0,0.0
2015,6,PHI,0.0,0.0,0.0,0.0
2015,6,LAC,-0.6939673291053623,12.0,-1.3764705493231304,8.0
2015,6,GB,-1.3764705493231304,8.0,-0.6939673291053623,12.0
2015,6,WAS,0.0,0.0,0.0,0.0
2015,6,NYJ,0.0,0.0,0.0,0.0
2015,7,TEN,-6.5116141031030566,8.0,-6.145253030583262,7.0
2015,7,ATL,-6.145253030583262,7.0,-6.5116141031030566,8.0
2015,7,ARI,-1.6037143595749512,12.0,-0.7930909033166245,11.0
2015,7,BAL,-0.7930909033166245,11.0,-1.6037143595749512,12.0
2015,7,BUF,-3.1611433865036815,7.0,3.049297035657752,12.0
2015,7,JAX,3.049297035657752,12.0,-3.1611433865036815,7.0
2015,7,LA,0.0,0.0,0.0,0.0
2015,7,CLE,0.0,0.0,0.0,0.0
2015,7,NYG,-0.9924394716508687,7.0,-3.389110165531747,8.0
2015,7,DAL,-3.389110165531747,8.0,-0.9924394716508687,7.0
2015,7,HOU,0.0,0.0,0.0,0.0
2015,7,MIA,0.0,0.0,0.0,0.0
2015,7,DET,0.0,0.0,0.0,0.0
2015,7,MIN,0.0,0.0,0.0,0.0
2015,7,NO,-0.6046157779637724,8.0,0.06857135097992784,1.0
2015,7,IND,0.06857135097992784,1.0,-0.6046157779637724,8.0
2015,7,NYJ,-0.647947168268729,2.0,4.875165463134181,10.0
2015,7,NE,4.875165463134181,10.0,-0.647947168268729,2.0
2015,7,LAC,0.0,0.0,-0.009616208815714344,2.0
2015,7,LV,-0.009616208815714344,2.0,0.0,0.0
2015,7,PHI,-4.705256353714503,7.0,-3.279873203486204,9.0
2015,7,CAR,-3.279873203486204,9.0,-4.705256353714503,7.0
2015,7,PIT,0.0,0.0,0.0,0.0
2015,7,KC,0.0,0.0,0.0,0.0
2015,7,SF,0.0,0.0,0.0,0.0
2015,7,SEA,0.0,0.0,0.0,0.0
2015,7,WAS,6.51830913392822,15.0,2.2064559592690784,10.0
2015,7,TB,2.2064559592690784,10.0,6.51830913392822,15.0
2015,8,ARI,0.0,0.0,0.0,0.0
2015,8,CLE,0.0,0.0,0.0,0.0
2015,8,PIT,-5.04239754070295,14.0,4.558388019141226,11.0
2015,8,CIN,4.558388019141226,11.0,-5.04239754070295,14.0
2015,8,DET,0.0,0.0,0.0,0.0
2015,8,KC,0.0,0.0,0.0,0.0
2015,8,DEN,0.0,0.0,0.0,0.0
2015,8,GB,0.0,0.0,0.0,0.0
2015,8,IND,1.5163008664827307,17.0,-2.3047490469180048,5.0
2015,8,CAR,-2.3047490469180048,5.0,1.5163008664827307,17.0
2015,8,NE,0.0,0.0,0.0,0.0
2015,8,MIA,0.0,0.0,0.0,0.0
2015,8,MIN,8.3077175170043,14.0,-0.022734949728522746,7.0
2015,8,CHI,-0.022734949728522746,7.0,8.3077175170043,14.0
2015,8,NO,7.03111920577887,12.0,-2.5993955808600315,5.0
2015,8,NYG,-2.5993955808600315,5.0,7.03111920577887,12.0
2015,8,LV,0.0,0.0,0.0,0.0
2015,8,NYJ,0.0,0.0,0.0,0.0
2015,8,LAC,2.3327264986000955,10.0,2.8999869330878814,13.0
2015,8,BAL,2.8999869330878814,13.0,2.3327264986000955,10.0
2015,8,SEA,0.529755229363218,13.0,-1.7458813270786777,7.0
2015,8,DAL,-1.7458813270786777,7.0,0.529755229363218,13.0
2015,8,SF,0.0,0.0,0.0,0.0
2015,8,LA,0.0,0.0,0.0,0.0
2015,8,ATL,4.313854038688238,7.0,-3.6352975595218595,10.0
2015,8,TB,-3.6352975595218595,10.0,4.313854038688238,7.0
2015,8,HOU,0.0,0.0,0.0,0.0
2015,8,TEN,0.0,0.0,0.0,0.0
2015,9,SF,-0.7046372962649912,8.0,-2.136359167518094,4.0
2015,9,ATL,-2.136359167518094,4.0,-0.7046372962649912,8.0
2015,9,CHI,3.0066370066925883,8.0,-3.061283274902962,10.0
2015,9,LAC,-3.061283274902962,10.0,3.0066370066925883,8.0
2015,9,CLE,0.0,0.0,0.0,0.0
2015,9,CIN,0.0,0.0,0.0,0.0
2015,9,DEN,0.0,0.0,-3.0881795152672566,13.0
2015,9,IND,-3.0881795152672566,13.0,0.0,0.0
2015,9,CAR,-4.77052463113796,6.0,-4.190901485388167,10.0
2015,9,GB,-4.190901485388167,10.0,-4.77052463113796,6.0
2015,9,NYJ,2.36796478764154,13.0,-3.139105453053538,2.0
2015,9,JAX,-3.139105453053538,2.0,2.36796478764154,13.0
2015,9,BUF,0.0,0.0,0.0,0.0
2015,9,MIA,0.0,0.0,0.0,0.0
2015,9,NYG,2.3300965069793165,10.0,-7.052050079510082,3.0
2015,9,TB,-7.052050079510082,3.0,2.3300965069793165,10.0
2015,9,PIT,0.023720252444036305,17.0,1.3006303826847092,13.0
2015,9,LV,1.3006303826847092,13.0,0.023720252444036305,17.0
2015,9,PHI,2.280283622065326,9.0,2.3277331750723533,20.0
2015,9,DAL,2.3277331750723533,20.0,2.280283622065326,9.0
2015,9,LA,-0.41713795566465706,14.0,-2.680343522282783,6.0
2015,9,MIN,-2.680343522282783,6.0,-0.41713795566465706,14.0
2015,9,TEN,-2.841255998297129,14.0,-2.2989150141947903,8.0
2015,9,NO,-2.2989150141947903,8.0,-2.841255998297129,14.0
2015,9,NE,0.0,0.0,0.0,0.0
2015,9,WAS,0.0,0.0,0.0,0.0
2015,10,ARI,6.344230415532365,10.0,0.0,0.0
2015,10,SEA,0.0,0.0,6.344230415532365,10.0
2015,10,NYJ,-6.05129147451953,4.0,-0.5991984567954205,9.0
2015,10,BUF,-0.5991984567954205,9.0,-6.05129147451953,4.0
2015,10,TEN,0.0,0.0,0.0,0.0
2015,10,CAR,0.0,0.0,0.0,0.0
2015,10,LA,0.0,0.0,0.0,0.0
2015,10,CHI,0.0,0.0,0.0,0.0
2015,10,PIT,0.0,0.0,0.0,0.0
2015,10,CLE,0.0,0.0,0.0,0.0
2015,10,DAL,-0.8286015064222738,7.0,4.993091751108828,13.0
2015,10,TB,4.993091751108828,13.0,-0.8286015064222738,7.0
2015,10,GB,4.514482173006516,17.0,3.4644649235857163,8.0
2015,10,DET,3.4644649235857163,8.0,4.514482173006516,17.0
2015,10,CIN,-0.7225910159759223,10.0,-1.002986513543874,4.0
2015,10,HOU,-1.002986513543874,4.0,-0.7225910159759223,10.0
2015,10,JAX,0.47985909081762657,12.0,-1.1846256834105588,8.0
2015,10,BAL,-1.1846256834105588,8.0,0.47985909081762657,12.0
2015,10,DEN,0.0,0.0,0.0,0.0
2015,10,KC,0.0,0.0,0.0,0.0
2015,10,MIA,-2.1776377769419923,11.0,-7.47728388584801,8.0
2015,10,PHI,-7.47728388584801,8.0,-2.1776377769419923,11.0
2015,10,LV,0.0,0.0,-0.8119961982010864,3.0
2015,10,MIN,-0.8119961982010864,3.0,0.0,0.0
2015,10,NE,2.321122204652056,13.0,3.1702451219025534,14.0
2015,10,NYG,3.1702451219025534,14.0,2.321122204652056,13.0
2015,10,WAS,0.0,0.0,0.0,0.0
2015,10,NO,0.0,0.0,0.0,0.0
2015,11,BUF,-0.4325979739660397,9.0,-1.0952007320011035,5.0
2015,11,NE,-1.0952007320011035,5.0,-0.4325979739660397,9.0
2015,11,ARI,1.2875621918356046,13.0,2.761374709653628,11.0
2015,11,CIN,2.761374709653628,11.0,1.2875621918356046,13.0
2015,11,MIA,0.0,0.0,0.0,0.0
2015,11,DAL,0.0,0.0,0.0,0.0
2015,11,CHI,2.384465704133734,14.0,-3.7136464421637356,7.0
2015,11,DEN,-3.7136464421637356,7.0,2.384465704133734,14.0
2015,11,MIN,0.0,0.0,0.0,0.0
2015,11,GB,0.0,0.0,0.0,0.0
2015,11,IND,2.423482928890735,9.0,-0.43133691913681105,8.0
2015,11,ATL,-0.43133691913681105,8.0,2.423482928890735,9.0
2015,11,KC,0.0,0.0,0.0,0.0
2015,11,LAC,0.0,0.0,0.0,0.0
2015,11,HOU,-8.290732472436503,14.0,-7.412648557708289,8.0
2015,11,NYJ,-7.412648557708289,8.0,-8.290732472436503,14.0
2015,11,DET,-3.600608294829726,9.0,0.0,0.0
2015,11,LV,0.0,0.0,-3.600608294829726,9.0
2015,11,SF,0.0,0.0,0.0,0.0
2015,11,SEA,0.0,0.0,0.0,0.0
2015,11,LA,-5.610683973820414,12.0,-1.7760793412453495,10.0
2015,11,BAL,-1.7760793412453495,10.0,-5.610683973820414,12.0
2015,11,PHI,0.0,0.0,0.0,0.0
2015,11,TB,0.0,0.0,0.0,0.0
2015,11,TEN,-10.451165399281308,17.0,0.5030845549050231,6.0
2015,11,JAX,0.5030845549050231,6.0,-10.451165399281308,17.0
2015,11,CAR,0.0,0.0,0.0,0.0
2015,11,WAS,0.0,0.0,0.0,0.0
2015,12,SF,-1.5431699230102822,9.0,1.689938817159224,9.0
2015,12,ARI,1.689938817159224,9.0,-1.5431699230102822,9.0
2015,12,BAL,-6.762590591635555,10.0,-6.042407036423732,15.0
2015,12,CLE,-6.042407036423732,15.0,-6.762590591635555,10.0
2015,12,BUF,-2.9179467884241603,7.0,-2.8359256322146393,7.0
2015,12,KC,-2.8359256322146393,7.0,-2.9179467884241603,7.0
2015,12,DAL,0.0,0.0,0.0,0.0
2015,12,CAR,0.0,0.0,0.0,0.0
2015,12,GB,-3.0634525576606393,17.0,-2.753657397115603,7.0
2015,12,CHI,-2.753657397115603,7.0,-3.0634525576606393,17.0
2015,12,NYJ,0.0,0.0,0.0,0.0
2015,12,MIA,0.0,0.0,0.0,0.0
2015,12,MIN,0.0,0.0,0.0,0.0
2015,12,ATL,0.0,0.0,0.0,0.0
2015,12,DEN,3.775718023986507,11.0,0.4399322682293132,15.0
2015,12,NE,0.4399322682293132,15.0,3.775718023986507,11.0
2015,12,NO,0.0,0.0,0.0,0.0
2015,12,HOU,0.0,0.0,0.0,0.0
2015,12,NYG,0.10926973101675386,5.0,-0.5841638312267605,11.0
2015,12,WAS,-0.5841638312267605,11.0,0.10926973101675386,5.0
2015,12,TEN,1.7907852529175092,9.0,6.455224119694854,13.0
2015,12,LV,6.455224119694854,13.0,1.7907852529175092,9.0
2015,12,PHI,0.0,0.0,0.0,0.0
2015,12,DET,0.0,0.0,0.0,0.0
2015,12,PIT,-1.4770350546459667,5.0,6.2842715348675355,5.0
2015,12,SEA,6.2842715348675355,5.0,-1.4770350546459667,5.0
2015,12,LAC,1.4393253607559018,4.0,-0.9324269968923669,1.0
2015,12,JAX,-0.9324269968923669,1.0,1.4393253607559018,4.0
2015,12,LA,0.0,0.0,0.0,0.0
2015,12,CIN,0.0,0.0,0.0,0.0
2015,12,IND,0.0,0.0,0.0,0.0
2015,12,TB,0.0,0.0,0.0,0.0
2015,13,ARI,0.0,0.0,0.0,0.0
2015,13,LA,0.0,0.0,0.0,0.0
2015,13,TB,1.3843334675626342,15.0,-3.4020622180541977,2.0
2015,13,ATL,-3.4020622180541977,2.0,1.3843334675626342,15.0
2015,13,MIA,-6.068018766178284,8.0,-5.334664671507198,9.0
2015,13,BAL,-5.334664671507198,9.0,-6.068018766178284,8.0
2015,13,NO,-1.2510409904061817,8.0,4.671019825038616,12.0
2015,13,CAR,4.671019825038616,12.0,-1.2510409904061817,8.0
2015,13,CIN,0.0,0.0,0.0,0.0
2015,13,CLE,0.0,0.0,0.0,0.0
2015,13,WAS,4.357675281164653,12.0,8.487609905977163,16.0
2015,13,DAL,8.487609905977163,16.0,4.357675281164653,12.0
2015,13,DEN,0.0,0.0,0.0,0.0
2015,13,LAC,0.0,0.0,0.0,0.0
2015,13,GB,5.883956466032308,6.0,-1.1374071936006658,9.0
2015,13,DET,-1.1374071936006658,9.0,5.883956466032308,6.0
2015,13,HOU,-6.20169579400681,9.0,1.0407719905348007,14.0
2015,13,BUF,1.0407719905348007,14.0,-6.20169579400681,9.0
2015,13,PIT,0.0,0.0,0.0,0.0
2015,13,IND,0.0,0.0,0.0,0.0
2015,13,JAX,-5.509651885688072,4.0,-7.299208235781407,13.0
2015,13,TEN,-7.299208235781407,13.0,-5.509651885688072,4.0
2015,13,LV,-7.414787521585822,3.0,-1.6665088741574436,3.0
2015,13,KC,-1.6665088741574436,3.0,-7.414787521585822,3.0
2015,13,NYJ,5.868566098026882,11.0,-2.0068834752892144,9.0
2015,13,NYG,-2.0068834752892144,9.0,5.868566098026882,11.0
2015,13,PHI,-3.003188355185557,8.0,-2.225336787246682,8.0
2015,13,NE,-2.225336787246682,8.0,-3.003188355185557,8.0
2015,13,SEA,0.0,0.0,0.0,0.0
2015,13,MIN,0.0,0.0,0.0,0.0
2015,13,SF,6.469003101447548,8.0,2.27538746465924,10.0
2015,13,CHI,2.27538746465924,10.0,6.469003101447548,8.0
2015,14,CAR,0.0,0.0,0.0,0.0
2015,14,ATL,0.0,0.0,0.0,0.0
2015,14,BUF,-3.563118371530436,10.0,-0.9146787313511595,12.0
2015,14,PHI,-0.9146787313511595,12.0,-3.563118371530436,10.0
2015,14,GB,4.213420580374077,1.0,0.0,0.0
2015,14,DAL,0.0,0.0,4.213420580374077,1.0
2015,14,LA,-5.493217502254993,6.0,-4.375145155061386,5.0
2015,14,DET,-4.375145155061386,5.0,-5.493217502254993,6.0
2015,14,IND,0.0,0.0,0.0,0.0
2015,14,JAX,0.0,0.0,0.0,0.0
2015,14,ARI,2.2708525457419455,14.0,2.323889751546394,12.0
2015,14,MIN,2.323889751546394,12.0,2.2708525457419455,14.0
2015,14,HOU,0.0,0.0,0.0,0.0
2015,14,NE,0.0,0.0,0.0,0.0
2015,14,TB,-2.3862108815228567,4.0,-0.18210337590426207,10.0
2015,14,NO,-0.18210337590426207,10.0,-2.3862108815228567,4.0
2015,14,MIA,-0.5584607239579782,1.0,-0.6128429789096117,10.0
2015,14,NYG,-0.6128429789096117,10.0,-0.5584607239579782,1.0
2015,14,DEN,-7.950223030115012,9.0,-6.737923304375727,8.0
2015,14,LV,-6.737923304375727,8.0,-7.950223030115012,9.0
2015,14,PIT,0.0,0.0,0.0,0.0
2015,14,CIN,0.0,0.0,0.0,0.0
2015,14,LAC,0.030359581345692277,20.0,0.0,0.0
2015,14,KC,0.0,0.0,0.030359581345692277,20.0
2015,14,BAL,0.0,0.0,0.0,0.0
2015,14,SEA,0.0,0.0,0.0,0.0
2015,14,CLE,0.0,0.0,0.0,0.0
2015,14,SF,0.0,0.0,0.0,0.0
2015,14,NYJ,0.0,0.0,0.0,0.0
2015,14,TEN,0.0,0.0,0.0,0.0
2015,14,WAS,-3.131855627987534,11.0,-2.385921539971605,6.0
2015,14,CHI,-2.385921539971605,6.0,-3.131855627987534,11.0
2015,15,ARI,0.0,0.0,0.0,0.0
2015,15,PHI,0.0,0.0,0.0,0.0
2015,15,ATL,-0.6544115261058323,12.0,-2.4881374851684086,7.0
2015,15,JAX,-2.4881374851684086,7.0,-0.6544115261058323,12.0
2015,15,WAS,0.0,0.0,0.0,0.0
2015,15,BUF,0.0,0.0,0.0,0.0
2015,15,NYG,5.455761144272934,8.0,1.4292313831392676,11.0
2015,15,CAR,1.4292313831392676,11.0,5.455761144272934,8.0
2015,15,CHI,0.0,0.0,0.0,0.0
2015,15,MIN,0.0,0.0,0.0,0.0
2015,15,SF,0.0,0.0,0.0,0.0
2015,15,CIN,0.0,0.0,0.0,0.0
2015,15,CLE,0.0,0.0,0.0,0.0
2015,15,SEA,0.0,0.0,0.0,0.0
2015,15,PIT,-2.3788983768458034,12.0,-10.517278153565712,13.0
2015,15,DEN,-10.517278153565712,13.0,-2.3788983768458034,12.0
2015,15,NO,-0.09801386191975325,2.0,-0.8651379095390439,7.0
2015,15,DET,-0.8651379095390439,7.0,-0.09801386191975325,2.0
2015,15,LV,0.0,0.0,-2.0899683218449354,4.0
2015,15,GB,-2.0899683218449354,4.0,0.0,0.0
2015,15,HOU,-3.841894395882264,11.0,-6.724752997048199,4.0
2015,15,IND,-6.724752997048199,4.0,-3.841894395882264,11.0
2015,15,KC,0.0,0.0,0.0,0.0
2015,15,BAL,0.0,0.0,0.0,0.0
2015,15,MIA,0.0,0.0,0.0,0.0
2015,15,LAC,0.0,0.0,0.0,0.0
2015,15,DAL,2.0789832024020143,9.0,2.4857083428651094,10.0
2015,15,NYJ,2.4857083428651094,10.0,2.0789832024020143,9.0
2015,15,LA,-0.725292147602886,4.0,0.0,0.0
2015,15,TB,0.0,0.0,-0.725292147602886,4.0
2015,15,TEN,0.0,0.0,0.0,0.0
2015,15,NE,0.0,0.0,0.0,0.0
2015,16,CAR,-7.369178677676246,9.0,-1.7271011739503592,13.0
2015,16,ATL,-1.7271011739503592,13.0,-7.369178677676246,9.0
2015,16,CHI,0.004139705502893776,1.0,0.06757300310763314,1.0
2015,16,TB,0.06757300310763314,1.0,0.004139705502893776,1.0
2015,16,CIN,-1.5554238995537162,7.0,-4.39665336732287,10.0
2015,16,DEN,-4.39665336732287,10.0,-1.5554238995537162,7.0
2015,16,KC,-2.312812961055897,4.0,-3.8525311263510957,17.0
2015,16,CLE,-3.8525311263510957,17.0,-2.312812961055897,4.0
2015,16,DAL,0.0,0.0,6.348615858703852,6.0
2015,16,BUF,6.348615858703852,6.0,0.0,0.0
2015,16,ARI,0.0,0.0,0.0,0.0
2015,16,GB,0.0,0.0,0.0,0.0
2015,16,TEN,0.0,0.0,0.0,0.0
2015,16,HOU,0.0,0.0,0.0,0.0
2015,16,IND,-2.0113844524603337,9.0,-0.93895059148781,12.0
2015,16,MIA,-0.93895059148781,12.0,-2.0113844524603337,9.0
2015,16,NO,0.0,0.0,0.0,0.0
2015,16,JAX,0.0,0.0,0.0,0.0
2015,16,NYJ,-0.7406604036223143,10.0,4.339564157752271,10.0
2015,16,NE,4.339564157752271,10.0,-0.7406604036223143,10.0
2015,16,MIN,0.0,0.0,0.0,0.0
2015,16,NYG,0.0,0.0,0.0,0.0
2015,16,PIT,-3.623040350707015,7.0,-6.152148022752954,8.0
2015,16,BAL,-6.152148022752954,8.0,-3.623040350707015,7.0
2015,16,LV,1.5354423418031073,7.0,2.4194383756257594,13.0
2015,16,LAC,2.4194383756257594,13.0,1.5354423418031073,7.0
2015,16,SF,0.0,0.0,0.0,0.0
2015,16,DET,0.0,0.0,0.0,0.0
2015,16,LA,-0.07460666832048446,2.0,0.06757300310763314,1.0
2015,16,SEA,0.06757300310763314,1.0,-0.07460666832048446,2.0
2015,16,PHI,0.0,0.0,0.0,0.0
2015,16,WAS,0.0,0.0,0.0,0.0
2015,17,CIN,-4.02289038914023,7.0,-3.256941389234271,2.0
2015,17,BAL,-3.256941389234271,2.0,-4.02289038914023,7.0
2015,17,DET,-3.2480569067411125,11.0,-3.0909590953961015,4.0
2015,17,CHI,-3.0909590953961015,4.0,-3.2480569067411125,11.0
2015,17,JAX,0.0,0.0,0.0,0.0
2015,17,HOU,0.0,0.0,0.0,0.0
2015,17,MIN,-1.8237997446558438,4.0,-3.631126379186753,15.0
2015,17,GB,-3.631126379186753,15.0,-1.8237997446558438,4.0
2015,17,MIA,-0.08020958391716704,9.0,-0.6686715017422102,1.0
2015,17,NE,-0.6686715017422102,1.0,-0.08020958391716704,9.0
2015,17,NO,-2.2625319942599162,10.0,-6.63916946714744,6.0
2015,17,ATL,-6.63916946714744,6.0,-2.2625319942599162,10.0
2015,17,NYJ,-3.32885749603156,11.0,-3.22305092017632,8.0
2015,17,BUF,-3.22305092017632,8.0,-3.32885749603156,11.0
2015,17,KC,-1.3239941739011556,5.0,-0.3050178542174886,8.0
2015,17,LV,-0.3050178542174886,8.0,-1.3239941739011556,5.0
2015,17,PHI,-3.0223546042107046,10.0,-2.207857465953566,11.0
2015,17,NYG,-2.207857465953566,11.0,-3.0223546042107046,10.0
2015,17,PIT,0.0,0.0,0.0,0.0
2015,17,CLE,0.0,0.0,0.0,0.0
2015,17,DEN,1.2378376695420106,7.0,-2.24835537141189,11.0
2015,17,LAC,-2.24835537141189,11.0,1.2378376695420106,7.0
2015,17,ARI,0.0,0.0,0.0,0.0
2015,17,SEA,0.0,0.0,0.0,0.0
2015,17,LA,-4.915107299994872,11.0,-1.6951531787926797,19.0
2015,17,SF,-1.6951531787926797,19.0,-4.915107299994872,11.0
2015,17,CAR,0.0,0.0,0.0,0.0
2015,17,TB,0.0,0.0,0.0,0.0
2015,17,IND,-3.037957061547786,10.0,-3.0218870682874694,8.0
2015,17,TEN,-3.0218870682874694,8.0,-3.037957061547786,10.0
2015,17,DAL,0.0,0.0,0.0,0.0
2015,17,WAS,0.0,0.0,0.0,0.0
2015,18,GB,0.0,0.0,0.0,0.0
2015,18,WAS,0.0,0.0,0.0,0.0
2015,18,KC,0.0,0.0,0.0,0.0
2015,18,HOU,0.0,0.0,0.0,0.0
2015,18,PIT,-4.841524079383817,15.0,-0.42785436719702563,11.0
2015,18,CIN,-0.42785436719702563,11.0,-4.841524079383817,15.0
2015,18,MIN,-3.0842498484416865,13.0,-4.353224339371081,7.0
2015,18,SEA,-4.353224339371081,7.0,-3.0842498484416865,13.0
2015,19,ARI,1.886616336100578,9.0,1.9714878237925766,14.0
2015,19,GB,1.9714878237925766,14.0,1.886616336100578,9.0
2015,19,NE,-0.6341273409780115,6.0,0.06757300310763314,1.0
2015,19,KC,0.06757300310763314,1.0,-0.6341273409780115,6.0
2015,19,PIT,-3.9592303169774823,6.0,2.894438895702595,11.0
2015,19,DEN,2.894438895702595,11.0,-3.9592303169774823,6.0
2015,19,CAR,-0.45813230564817786,4.0,0.0,0.0
2015,19,SEA,0.0,0.0,-0.45813230564817786,4.0
2015,20,ARI,0.0,0.0,0.0,0.0
2015,20,CAR,0.0,0.0,0.0,0.0
2015,20,NE,2.1862297082990407,19.0,-2.487926019792212,7.0
2015,20,DEN,-2.487926019792212,7.0,2.1862297082990407,19.0
2015,21,DEN,1.7470459966862109,5.0,-6.545647316524992,3.0
2015,21,CAR,-6.545647316524992,3.0,1.7470459966862109,5.0
2016,1,BAL,-1.8478821450844407,8.0,-1.7993526274804026,2.0
2016,1,BUF,-1.7993526274804026,2.0,-1.8478821450844407,8.0
2016,1,DEN,-2.59270600869786,6.0,-2.383441387093626,17.0
2016,1,CAR,-2.383441387093626,17.0,-2.59270600869786,6.0
2016,1,HOU,0.0,0.0,0.0,0.0
2016,1,CHI,0.0,0.0,0.0,0.0
2016,1,CIN,-0.5481003213208169,11.0,-4.474862092582043,7.0
2016,1,NYJ,-4.474862092582043,7.0,-0.5481003213208169,11.0
2016,1,PHI,0.0,0.0,0.0,0.0
2016,1,CLE,0.0,0.0,0.0,0.0
2016,1,IND,4.0766159973052165,11.0,6.086646325921484,10.0
2016,1,DET,6.086646325921484,10.0,4.0766159973052165,11.0
2016,1,GB,-2.44191907485947,5.0,-1.624285320751369,12.0
2016,1,JAX,-1.624285320751369,12.0,-2.44191907485947,5.0
2016,1,LA,0.0,0.0,0.0,0.0
2016,1,SF,0.0,0.0,0.0,0.0
2016,1,SEA,5.200984277399208,16.0,3.1177388661750105,8.0
2016,1,MIA,3.1177388661750105,8.0,5.200984277399208,16.0
2016,1,TEN,0.0,0.0,0.0,0.0
2016,1,MIN,0.0,0.0,0.0,0.0
2016,1,ARI,-1.0181246580323204,13.0,-1.3914055801578797,6.0
2016,1,NE,-1.3914055801578797,6.0,-1.0181246580323204,13.0
2016,1,DAL,-3.0324427763116546,14.0,-1.2417214341112413,8.0
2016,1,NYG,-1.2417214341112413,8.0,-3.0324427763116546,14.0
2016,1,NO,-0.41331894660834223,7.0,6.407608805573545,12.0
2016,1,LV,6.407608805573545,12.0,-0.41331894660834223,7.0
2016,1,WAS,0.0,0.0,0.0,0.0
2016,1,PIT,0.0,0.0,0.0,0.0
2016,1,KC,4.7288326464336805,5.0,-4.102987285936251,12.0
2016,1,LAC,-4.102987285936251,12.0,4.7288326464336805,5.0
2016,1,ATL,-2.96289343299577,5.0,-3.8552760286838748,12.0
2016,1,TB,-3.8552760286838748,12.0,-2.96289343299577,5.0
2016,2,LV,0.07807711344556667,2.0,0.9732782105274964,9.0
2016,2,ATL,0.9732782105274964,9.0,0.07807711344556667,2.0
2016,2,CLE,-0.6751908402366098,10.0,0.22511131307692267,6.0
2016,2,BAL,0.22511131307692267,6.0,-0.6751908402366098,10.0
2016,2,PIT,-4.152698757709004,10.0,-3.243686643545516,6.0
2016,2,CIN,-3.243686643545516,6.0,-4.152698757709004,10.0
2016,2,DAL,-1.5640808912716362,6.0,-4.046915935177822,16.0
2016,2,WAS,-4.046915935177822,16.0,-1.5640808912716362,6.0
2016,2,MIN,-1.7810935604502447,10.0,-2.122261918208096,9.0
2016,2,GB,-2.122261918208096,9.0,-1.7810935604502447,10.0
2016,2,DEN,2.1461138405138627,11.0,-7.798708553323571,3.0
2016,2,IND,-7.798708553323571,3.0,2.1461138405138627,11.0
2016,2,LAC,0.0,0.0,0.0,0.0
2016,2,JAX,0.0,0.0,0.0,0.0
2016,2,HOU,0.07887466752436012,11.0,0.0,0.0
2016,2,KC,0.0,0.0,0.07887466752436012,11.0
2016,2,NE,-2.2320716894464567,12.0,-0.5670863062841818,7.0
2016,2,MIA,-0.5670863062841818,7.0,-2.2320716894464567,12.0
2016,2,NO,-0.08159559447085485,7.0,1.9097034784499556,13.0
2016,2,NYG,1.9097034784499556,13.0,-0.08159559447085485,7.0
2016,2,NYJ,1.6850613732240163,7.0,0.09042468101014167,2.0
2016,2,BUF,0.09042468101014167,2.0,1.6850613732240163,7.0
2016,2,CHI,0.0,0.0,0.0,0.0
2016,2,PHI,0.0,0.0,0.0,0.0
2016,2,LA,-0.9135653334669769,12.0,-0.22845913958735764,5.0
2016,2,SEA,-0.22845913958735764,5.0,-0.9135653334669769,12.0
2016,2,CAR,0.19163384899729863,2.0,0.0,0.0
2016,2,SF,0.0,0.0,0.19163384899729863,2.0
2016,2,ARI,0.0,0.0,0.0,0.0
2016,2,TB,0.0,0.0,0.0,0.0
2016,2,TEN,2.7127712486982345,12.0,-2.5873846692265943,7.0
2016,2,DET,-2.5873846692265943,7.0,2.7127712486982345,12.0
2016,3,BUF,0.0,0.0,0.0,0.0
2016,3,ARI,0.0,0.0,0.0,0.0
2016,3,NO,0.0,0.0,0.0,0.0
2016,3,ATL,0.0,0.0,0.0,0.0
2016,3,BAL,-5.05817484378349,11.0,-11.704396863642614,11.0
2016,3,JAX,-11.704396863642614,11.0,-5.05817484378349,11.0
2016,3,DAL,0.0,0.0,0.0,0.0
2016,3,CHI,0.0,0.0,0.0,0.0
2016,3,MIA,-3.9758575613959692,8.0,-1.6253722586552612,14.0
2016,3,CLE,-1.6253722586552612,14.0,-3.9758575613959692,8.0
2016,3,DEN,5.632380217080936,2.0,0.0,0.0
2016,3,CIN,0.0,0.0,5.632380217080936,2.0
2016,3,GB,-1.0119386524893343,9.0,0.06757300310763314,1.0
2016,3,DET,0.06757300310763314,1.0,-1.0119386524893343,9.0
2016,3,HOU,0.0,0.0,0.0,0.0
2016,3,NE,0.0,0.0,0.0,0.0
2016,3,LA,1.9703259885427542,6.0,-2.7565877860905603,12.0
2016,3,TB,-2.7565877860905603,12.0,1.9703259885427542,6.0
2016,3,CAR,0.0,0.0,0.0,0.0
2016,3,MIN,0.0,0.0,0.0,0.0
2016,3,NYJ,0.0,0.0,0.0,0.0
2016,3,KC,0.0,0.0,0.0,0.0
2016,3,TEN,-2.288522961200215,11.0,-1.6768837023992091,10.0
2016,3,LV,-1.6768837023992091,10.0,-2.288522961200215,11.0
2016,3,PIT,0.0,0.0,0.0,0.0
2016,3,PHI,0.0,0.0,0.0,0.0
2016,3,IND,2.9395122159331804,12.0,-5.023290358731174,11.0
2016,3,LAC,-5.023290358731174,11.0,2.9395122159331804,12.0
2016,3,SEA,0.0,0.0,0.0,0.0
2016,3,SF,0.0,0.0,0.0,0.0
2016,3,NYG,-3.1401959321228787,6.0,-2.125964627135545,8.0
2016,3,WAS,-2.125964627135545,8.0,-3.1401959321228787,6.0
2016,4,NE,0.0,0.0,0.0,0.0
2016,4,BUF,0.0,0.0,0.0,0.0
2016,4,CAR,-7.768967631040141,1.0,3.958820291562006,7.0
2016,4,ATL,3.958820291562006,7.0,-7.768967631040141,1.0
2016,4,WAS,0.6218645579065196,2.0,0.0,0.0
2016,4,CLE,0.0,0.0,0.6218645579065196,2.0
2016,4,DAL,-2.5355325500131585,8.0,-2.399462505010888,8.0
2016,4,SF,-2.399462505010888,8.0,-2.5355325500131585,8.0
2016,4,TB,0.0,0.0,0.0,0.0
2016,4,DEN,0.0,0.0,0.0,0.0
2016,4,CHI,-0.669869830366224,4.0,1.053,1.0
2016,4,DET,1.053,1.0,-0.669869830366224,4.0
2016,4,IND,-2.899438971725807,11.0,-3.840989912103396,10.0
2016,4,JAX,-3.840989912103396,10.0,-2.899438971725807,11.0
2016,4,KC,0.0,0.0,0.0,0.0
2016,4,PIT,0.0,0.0,0.0,0.0
2016,4,ARI,-3.236129142343998,14.0,0.6547589894387237,9.0
2016,4,LA,0.6547589894387237,9.0,-3.236129142343998,14.0
2016,4,CIN,0.0,0.0,0.0,0.0
2016,4,MIA,0.0,0.0,0.0,0.0
2016,4,NO,0.49176208992246107,12.0,-8.560969528567512,7.0
2016,4,LAC,-8.560969528567512,7.0,0.49176208992246107,12.0
2016,4,NYG,0.0,0.0,0.0,0.0
2016,4,MIN,0.0,0.0,0.0,0.0
2016,4,LV,4.494716714180491,10.0,0.5679143926100805,13.0
2016,4,BAL,0.5679143926100805,13.0,4.494716714180491,10.0
2016,4,NYJ,0.0,0.0,0.0,0.0
2016,4,SEA,0.0,0.0,0.0,0.0
2016,4,HOU,-4.307313269862789,6.0,-2.8068019379716134,10.0
2016,4,TEN,-2.8068019379716134,10.0,-4.307313269862789,6.0
2016,5,ARI,0.0,0.0,0.0,0.0
2016,5,SF,0.0,0.0,0.0,0.0
2016,5,ATL,-0.06720877936459146,2.0,0.0,0.0
2016,5,DEN,0.0,0.0,-0.06720877936459146,2.0
2016,5,LA,-4.381627849594224,4.0,2.1017386239836924,6.0
2016,5,BUF,2.1017386239836924,6.0,-4.381627849594224,4.0
2016,5,CHI,-6.224134071380831,11.0,2.1100335308353713,12.0
2016,5,IND,2.1100335308353713,12.0,-6.224134071380831,11.0
2016,5,DAL,0.0,0.0,0.0,0.0
2016,5,CIN,0.0,0.0,0.0,0.0
2016,5,MIN,0.0,0.0,0.0,0.0
2016,5,HOU,0.0,0.0,0.0,0.0
2016,5,CLE,0.0,0.0,0.0,0.0
2016,5,NE,0.0,0.0,0.0,0.0
2016,5,GB,-1.0651201074942946,7.0,0.06757300310763314,1.0
2016,5,NYG,0.06757300310763314,1.0,-1.0651201074942946,7.0
2016,5,NYJ,0.0,0.0,0.0,0.0
2016,5,PIT,0.0,0.0,0.0,0.0
2016,5,DET,-0.29726455360651016,10.0,-4.798679264611565,8.0
2016,5,PHI,-4.798679264611565,8.0,-0.29726455360651016,10.0
2016,5,LV,-1.8288599075458478,6.0,-2.5364593967969995,8.0
2016,5,LAC,-2.5364593967969995,8.0,-1.8288599075458478,6.0
2016,5,TB,-2.1718869445612654,15.0,-1.7942394318524748,4.0
2016,5,CAR,-1.7942394318524748,4.0,-2.1718869445612654,15.0
2016,5,TEN,0.0,0.0,0.0,0.0
2016,5,MIA,0.0,0.0,0.0,0.0
2016,5,BAL,-0.5573071525432169,14.0,-0.7291789958253503,7.0
2016,5,WAS,-0.7291789958253503,7.0,-0.5573071525432169,14.0
2016,6,SEA,-2.9801329840405866,12.0,-7.7448912937543355,9.0
2016,6,ATL,-7.7448912937543355,9.0,-2.9801329840405866,12.0
2016,6,BAL,6.700806732159059,19.0,5.999764639288138,6.0
2016,6,NYG,5.999764639288138,6.0,6.700806732159059,19.0
2016,6,NO,1.860673000686802,12.0,6.0592679234251845,9.0
2016,6,CAR,6.0592679234251845,9.0,1.860673000686802,12.0
2016,6,NE,0.0,0.0,0.0,0.0
2016,6,CIN,0.0,0.0,0.0,0.0
2016,6,TEN,-0.2207430120324716,2.0,0.06757300310763314,1.0
2016,6,CLE,0.06757300310763314,1.0,-0.2207430120324716,2.0
2016,6,DAL,0.0,0.0,0.0,0.0
2016,6,GB,0.0,0.0,0.0,0.0
2016,6,LAC,-0.9357153724413365,1.0,-0.7149723604088649,4.0
2016,6,DEN,-0.7149723604088649,4.0,-0.9357153724413365,1.0
2016,6,HOU,5.274782200181543,6.0,-3.102483195194509,12.0
2016,6,IND,-3.102483195194509,12.0,5.274782200181543,6.0
2016,6,CHI,-4.840799794765189,15.0,4.323317743008907,8.0
2016,6,JAX,4.323317743008907,8.0,-4.840799794765189,15.0
2016,6,LV,0.0,0.0,0.0,0.0
2016,6,KC,0.0,0.0,0.0,0.0
2016,6,DET,0.7994255763478577,10.0,-0.9088672279613093,3.0
2016,6,LA,-0.9088672279613093,3.0,0.7994255763478577,10.0
2016,6,ARI,0.0,0.0,0.0,0.0
2016,6,NYJ,0.0,0.0,0.0,0.0
2016,6,PHI,-2.175157768651843,9.0,-2.5748707556631416,8.0
2016,6,WAS,-2.5748707556631416,8.0,-2.175157768651843,9.0
2016,6,PIT,0.0,0.0,6.297665480175056,2.0
2016,6,MIA,6.297665480175056,2.0,0.0,0.0
2016,6,SF,0.0,0.0,0.0,0.0
2016,6,BUF,0.0,0.0,0.0,0.0
2016,7,BAL,-2.797001000144519,9.0,-6.28894433361711,8.0
2016,7,NYJ,-6.28894433361711,8.0,-2.797001000144519,9.0
2016,7,MIA,7.944317927359295,9.0,-1.1089427921250463,6.0
2016,7,BUF,-1.1089427921250463,6.0,7.944317927359295,9.0
2016,7,CHI,0.0,0.0,0.0,0.0
2016,7,GB,0.0,0.0,0.0,0.0
2016,7,CIN,0.0,0.0,0.0,0.0
2016,7,CLE,0.0,0.0,0.0,0.0
2016,7,HOU,0.0,0.0,0.0,0.0
2016,7,DEN,0.0,0.0,0.0,0.0
2016,7,TEN,-7.983419547439553,2.0,2.8917247427603674,15.0
2016,7,IND,2.8917247427603674,15.0,-7.983419547439553,2.0
2016,7,PHI,0.0,0.0,0.0,0.0
2016,7,MIN,0.0,0.0,0.0,0.0
2016,7,PIT,0.0,0.0,0.0,0.0
2016,7,NE,0.0,0.0,0.0,0.0
2016,7,KC,2.0272998821455985,7.0,-0.09492338816873014,6.0
2016,7,NO,-0.09492338816873014,6.0,2.0272998821455985,7.0
2016,7,NYG,-1.3516964872833341,5.0,-3.5493295579217374,16.0
2016,7,LA,-3.5493295579217374,16.0,-1.3516964872833341,5.0
2016,7,LV,0.0,0.0,0.0,0.0
2016,7,JAX,0.0,0.0,0.0,0.0
2016,7,LAC,1.46848783781752,12.0,-4.98689461813774,9.0
2016,7,ATL,-4.98689461813774,9.0,1.46848783781752,12.0
2016,7,ARI,-11.724552168772789,15.0,-2.718091469607316,18.0
2016,7,SEA,-2.718091469607316,18.0,-11.724552168772789,15.0
2016,7,SF,0.0,0.0,0.0,0.0
2016,7,TB,0.0,0.0,0.0,0.0
2016,7,DET,6.017644643261679,8.0,6.427203077097307,14.0
2016,7,WAS,6.427203077097307,14.0,6.017644643261679,8.0
2016,8,ARI,0.0,0.0,0.0,0.0
2016,8,CAR,0.0,0.0,0.0,0.0
2016,8,DET,0.0,0.0,-1.9875438926974311,10.0
2016,8,HOU,-1.9875438926974311,10.0,0.0,0.0
2016,8,ATL,3.7718350821543716,14.0,0.14801554816961282,8.0
2016,8,GB,0.14801554816961282,8.0,3.7718350821543716,14.0
2016,8,TEN,0.0,0.0,0.0,0.0
2016,8,JAX,0.0,0.0,0.0,0.0
2016,8,KC,0.0,0.0,0.0,0.0
2016,8,IND,0.0,0.0,0.0,0.0
2016,8,MIN,0.0,0.0,0.0,0.0
2016,8,CHI,0.0,0.0,0.0,0.0
2016,8,BUF,0.0,0.0,0.0,0.0
2016,8,NE,0.0,0.0,0.0,0.0
2016,8,CLE,1.053,1.0,-1.5650182161771227,5.0
2016,8,NYJ,-1.5650182161771227,5.0,1.053,1.0
2016,8,TB,-1.3546891920994968,12.0,10.088845184349871,24.0
2016,8,LV,10.088845184349871,24.0,-1.3546891920994968,12.0
2016,8,DAL,4.165226872521762,15.0,-3.632673264015466,10.0
2016,8,PHI,-3.632673264015466,10.0,4.165226872521762,15.0
2016,8,DEN,-3.7673710642848164,6.0,-5.404950586962514,15.0
2016,8,LAC,-5.404950586962514,15.0,-3.7673710642848164,6.0
2016,8,NO,1.7236304967664182,10.0,-0.9304997698636726,10.0
2016,8,SEA,-0.9304997698636726,10.0,1.7236304967664182,10.0
2016,8,WAS,-3.537734644021839,24.0,-5.27970056340564,19.0
2016,8,CIN,-5.27970056340564,19.0,-3.537734644021839,24.0
2016,9,TB,0.0,0.0,0.0,0.0
2016,9,ATL,0.0,0.0,0.0,0.0
2016,9,SEA,-2.2651585047133267,5.0,-5.0061499087605625,13.0
2016,9,BUF,-5.0061499087605625,13.0,-2.2651585047133267,5.0
2016,9,LA,0.06757300310763314,1.0,-1.429934025683906,6.0
2016,9,CAR,-1.429934025683906,6.0,0.06757300310763314,1.0
2016,9,CLE,0.0,0.0,0.0,0.0
2016,9,DAL,0.0,0.0,0.0,0.0
2016,9,DEN,0.0,0.0,0.0,0.0
2016,9,LV,0.0,0.0,0.0,0.0
2016,9,MIN,6.13420568773488,15.0,1.8852060836507007,7.0
2016,9,DET,1.8852060836507007,7.0,6.13420568773488,15.0
2016,9,IND,-0.927493866533041,10.0,0.06757300310763314,1.0
2016,9,GB,0.06757300310763314,1.0,-0.927493866533041,10.0
2016,9,JAX,-2.706925471909393,7.0,-3.7781253741122782,10.0
2016,9,KC,-3.7781253741122782,10.0,-2.706925471909393,7.0
2016,9,NO,0.0,0.0,0.0,0.0
2016,9,SF,0.0,0.0,0.0,0.0
2016,9,NYJ,-2.3977270179311745,3.0,-1.9495335621177219,7.0
2016,9,MIA,-1.9495335621177219,7.0,-2.3977270179311745,3.0
2016,9,NYG,-4.125299061066471,8.0,-3.928395606635604,8.0
2016,9,PHI,-3.928395606635604,8.0,-4.125299061066471,8.0
2016,9,PIT,0.06757300310763314,1.0,-0.3710765887517482,3.0
2016,9,BAL,-0.3710765887517482,3.0,0.06757300310763314,1.0
2016,9,LAC,-1.1052231205394492,9.0,0.0,0.0
2016,9,TEN,0.0,0.0,-1.1052231205394492,9.0
2016,10,ATL,-4.621618126286194,5.0,-3.036460267030634,7.0
2016,10,PHI,-3.036460267030634,7.0,-4.621618126286194,5.0
2016,10,CHI,0.0,0.0,0.0,0.0
2016,10,TB,0.0,0.0,0.0,0.0
2016,10,NYG,-1.80579406558536,7.0,-1.2188798391725868,5.0
2016,10,CIN,-1.2188798391725868,5.0,-1.80579406558536,7.0
2016,10,BAL,0.0,0.0,0.0,0.0
2016,10,CLE,0.0,0.0,0.0,0.0
2016,10,DAL,8.20790178657649,13.0,5.1176613329299725,10.0
2016,10,PIT,5.1176613329299725,10.0,8.20790178657649,13.0
2016,10,NO,-2.463972626543022,11.0,-3.5222352461423725,12.0
2016,10,DEN,-3.5222352461423725,12.0,-2.463972626543022,11.0
2016,10,GB,0.0,0.0,0.0,0.0
2016,10,TEN,0.0,0.0,0.0,0.0
2016,10,HOU,-0.9987899044062942,7.0,1.053,1.0
2016,10,JAX,1.053,1.0,-0.9987899044062942,7.0
2016,10,CAR,-3.3932778987218626,8.0,-0.7500332380295731,11.0
2016,10,KC,-0.7500332380295731,11.0,-3.3932778987218626,8.0
2016,10,LA,-3.557521995215211,10.0,-5.516223982733209,7.0
2016,10,NYJ,-5.516223982733209,7.0,-3.557521995215211,10.0
2016,10,LAC,-2.5722575049289063,12.0,2.317598514594089,8.0
2016,10,MIA,2.317598514594089,8.0,-2.5722575049289063,12.0
2016,10,MIN,-1.0582533580018207,13.0,-0.8321435065590777,7.0
2016,10,WAS,-0.8321435065590777,7.0,-1.0582533580018207,13.0
2016,10,NE,-1.009355249319924,14.0,2.3609308197193313,4.0
2016,10,SEA,2.3609308197193313,4.0,-1.009355249319924,14.0
2016,10,ARI,-1.1112781291594729,16.0,5.2505327870373915,8.0
2016,10,SF,5.2505327870373915,8.0,-1.1112781291594729,16.0
2016,11,ARI,-5.627729027008172,11.0,-4.898699140932877,6.0
2016,11,MIN,-4.898699140932877,6.0,-5.627729027008172,11.0
2016,11,DAL,-0.12048341811168939,8.0,0.0,0.0
2016,11,BAL,0.0,0.0,-0.12048341811168939,8.0
2016,11,CIN,-2.6585427056998014,15.0,-2.289901482872665,6.0
2016,11,BUF,-2.289901482872665,6.0,-2.6585427056998014,15.0
2016,11,CHI,-2.9794690856942907,11.0,-2.7642318591242656,8.0
2016,11,NYG,-2.7642318591242656,8.0,-2.9794690856942907,11.0
2016,11,GB,0.0,0.0,5.062950679915957,3.0
2016,11,WAS,5.062950679915957,3.0,0.0,0.0
2016,11,HOU,-1.6325080511160195,8.0,3.068626755252432,10.0
2016,11,LV,3.068626755252432,10.0,-1.6325080511160195,8.0
2016,11,DET,-0.9272725204355083,12.0,-1.6932854771148413,4.0
2016,11,JAX,-1.6932854771148413,4.0,-0.9272725204355083,12.0
2016,11,LA,-2.1429066507262178,12.0,6.147784376954562,9.0
2016,11,MIA,6.147784376954562,9.0,-2.1429066507262178,12.0
2016,11,SF,0.0,0.0,0.0,0.0
2016,11,NE,0.0,0.0,0.0,0.0
2016,11,NO,0.08701723768953018,4.0,-0.8713017119735014,8.0
2016,11,CAR,-0.8713017119735014,8.0,0.08701723768953018,4.0
2016,11,SEA,0.0,0.0,0.0,0.0
2016,11,PHI,0.0,0.0,0.0,0.0
2016,11,CLE,-7.270841846242547,2.0,-0.6036193002946675,3.0
2016,11,PIT,-0.6036193002946675,3.0,-7.270841846242547,2.0
2016,11,KC,0.08382553907802204,4.0,-0.9687806605070364,8.0
2016,11,TB,-0.9687806605070364,8.0,0.08382553907802204,4.0
2016,11,TEN,-3.219860870274715,6.0,-0.778099252609536,6.0
2016,11,IND,-0.778099252609536,6.0,-3.219860870274715,6.0
2016,12,ARI,0.0,0.0,0.0,0.0
2016,12,ATL,0.0,0.0,0.0,0.0
2016,12,LV,2.0993664254201576,13.0,-2.45060925220605,7.0
2016,12,CAR,-2.45060925220605,7.0,2.0993664254201576,13.0
2016,12,BAL,-2.315003065741621,6.0,-1.2111482325708494,13.0
2016,12,CIN,-1.2111482325708494,13.0,-2.315003065741621,6.0
2016,12,GB,0.0,0.0,0.0,0.0
2016,12,PHI,0.0,0.0,0.0,0.0
2016,12,JAX,-4.406906689109746,5.0,-1.7009363276301883,7.0
2016,12,BUF,-1.7009363276301883,7.0,-4.406906689109746,5.0
2016,12,DEN,5.9694803393654965,18.0,7.483413873516954,26.0
2016,12,KC,7.483413873516954,26.0,5.9694803393654965,18.0
2016,12,LA,0.0,0.0,0.0,0.0
2016,12,NO,0.0,0.0,0.0,0.0
2016,12,DET,2.6945467859623022,11.0,-4.066122562682722,5.0
2016,12,MIN,-4.066122562682722,5.0,2.6945467859623022,11.0
2016,12,NE,2.979226062583737,15.0,-4.114319481886923,3.0
2016,12,NYJ,-4.114319481886923,3.0,2.979226062583737,15.0
2016,12,NYG,0.0,0.0,0.0,0.0
2016,12,CLE,0.0,0.0,0.0,0.0
2016,12,IND,0.0,0.0,0.0,0.0
2016,12,PIT,0.0,0.0,0.0,0.0
2016,12,LAC,-1.0478043540206272,1.0,-0.9765604950371198,2.0
2016,12,HOU,-0.9765604950371198,2.0,-1.0478043540206272,1.0
2016,12,TB,0.0,0.0,0.0,0.0
2016,12,SEA,0.0,0.0,0.0,0.0
2016,12,MIA,-2.6545696968678385,5.0,-1.5112199254799634,12.0
2016,12,SF,-1.5112199254799634,12.0,-2.6545696968678385,5.0
2016,12,CHI,-1.32498452418023,9.0,-2.3328110122820362,6.0
2016,12,TEN,-2.3328110122820362,6.0,-1.32498452418023,9.0
2016,12,DAL,-0.932587469695136,6.0,0.06857135097992784,1.0
2016,12,WAS,0.06857135097992784,1.0,-0.932587469695136,6.0
2016,13,LV,0.0,0.0,0.0,0.0
2016,13,BUF,0.0,0.0,0.0,0.0
2016,13,CAR,0.0,0.0,0.0,0.0
2016,13,SEA,0.0,0.0,0.0,0.0
2016,13,DAL,-3.3068650822970085,8.0,2.408182310042437,18.0
2016,13,MIN,2.408182310042437,18.0,-3.3068650822970085,8.0
2016,13,DEN,-3.2048283633193932,11.0,-6.750447616388556,6.0
2016,13,JAX,-6.750447616388556,6.0,-3.2048283633193932,11.0
2016,13,NO,0.0,0.0,0.0,0.0
2016,13,DET,0.0,0.0,0.0,0.0
2016,13,HOU,-0.8632613739895656,2.0,0.3212321961473208,6.0
2016,13,GB,0.3212321961473208,6.0,-0.8632613739895656,2.0
2016,13,NYJ,0.0,0.0,0.0,0.0
2016,13,IND,0.0,0.0,0.0,0.0
2016,13,ATL,-1.6705931341419928,3.0,-1.0735267780255526,9.0
2016,13,KC,-1.0735267780255526,9.0,-1.6705931341419928,3.0
2016,13,NE,0.0,0.0,0.0,0.0
2016,13,LA,0.0,0.0,0.0,0.0
2016,13,BAL,0.0,0.0,0.0,0.0
2016,13,MIA,0.0,0.0,0.0,0.0
2016,13,PIT,0.0,0.0,0.0,0.0
2016,13,NYG,0.0,0.0,0.0,0.0
2016,13,PHI,0.0,0.0,0.0,0.0
2016,13,CIN,0.0,0.0,0.0,0.0
2016,13,SF,0.0,0.0,0.0,0.0
2016,13,CHI,0.0,0.0,0.0,0.0
2016,13,LAC,-3.11324481543852,4.0,-0.7085813705343753,6.0
2016,13,TB,-0.7085813705343753,6.0,-3.11324481543852,4.0
2016,13,ARI,6.348210681788933,9.0,-0.7751936668064445,9.0
2016,13,WAS,-0.7751936668064445,9.0,6.348210681788933,9.0
2016,14,ARI,2.6015388306551612,11.0,-0.9912730723735876,11.0
2016,14,MIA,-0.9912730723735876,11.0,2.6015388306551612,11.0
2016,14,LA,0.0,0.0,0.0,0.0
2016,14,ATL,0.0,0.0,0.0,0.0
2016,14,NE,-1.1554752450902015,7.0,0.0,0.0
2016,14,BAL,0.0,0.0,-1.1554752450902015,7.0
2016,14,DET,4.580336921326467,7.0,-0.9980565588921309,15.0
2016,14,CHI,-0.9980565588921309,15.0,4.580336921326467,7.0
2016,14,CIN,0.0,0.0,0.0,0.0
2016,14,CLE,0.0,0.0,0.0,0.0
2016,14,NYG,-10.549919607990887,12.0,-10.84332061134046,11.0
2016,14,DAL,-10.84332061134046,11.0,-10.549919607990887,12.0
2016,14,DEN,-2.911309234856162,9.0,-3.1026124031632207,10.0
2016,14,TEN,-3.1026124031632207,10.0,-2.911309234856162,9.0
2016,14,HOU,-0.01071252190740779,10.0,-1.2509179949993268,7.0
2016,14,IND,-1.2509179949993268,7.0,-0.01071252190740779,10.0
2016,14,MIN,4.738495226819019,10.0,0.0,0.0
2016,14,JAX,0.0,0.0,4.738495226819019,10.0
2016,14,TB,-3.743183212238364,7.0,-1.5008871373720467,6.0
2016,14,NO,-1.5008871373720467,6.0,-3.743183212238364,7.0
2016,14,NYJ,1.322486209741328,12.0,-4.036942704231478,10.0
2016,14,SF,-4.036942704231478,10.0,1.322486209741328,12.0
2016,14,LV,-2.3387903979746625,10.0,-0.7156117465347052,5.0
2016,14,KC,-0.7156117465347052,5.0,-2.3387903979746625,10.0
2016,14,PIT,-0.8842322584241629,4.0,0.06757300310763314,1.0
2016,14,BUF,0.06757300310763314,1.0,-0.8842322584241629,4.0
2016,14,LAC,0.0,0.0,0.0,0.0
2016,14,CAR,0.0,0.0,0.0,0.0
2016,14,GB,0.0,0.0,0.0,0.0
2016,14,SEA,0.0,0.0,0.0,0.0
2016,14,PHI,-0.8554677099455148,11.0,5.03732136233896,11.0
2016,14,WAS,5.03732136233896,11.0,-0.8554677099455148,11.0
2016,15,CAR,2.249581032199785,8.0,0.0,0.0
2016,15,WAS,0.0,0.0,2.249581032199785,8.0
2016,15,CLE,0.0,0.0,0.0,0.0
2016,15,BUF,0.0,0.0,0.0,0.0
2016,15,NYG,0.0,0.0,0.0,0.0
2016,15,DET,0.0,0.0,0.0,0.0
2016,15,GB,2.3736616944661364,6.0,1.5970705627696589,14.0
2016,15,CHI,1.5970705627696589,14.0,2.3736616944661364,6.0
2016,15,IND,0.0,0.0,0.0,0.0
2016,15,MIN,0.0,0.0,0.0,0.0
2016,15,HOU,-1.5743586094697641,15.0,-6.09400502598146,9.0
2016,15,JAX,-6.09400502598146,9.0,-1.5743586094697641,15.0
2016,15,LA,0.0,0.0,0.0,0.0
2016,15,SEA,0.0,0.0,0.0,0.0
2016,15,NYJ,0.0,0.0,0.0,0.0
2016,15,MIA,0.0,0.0,0.0,0.0
2016,15,NE,0.0,0.0,0.0,0.0
2016,15,DEN,0.0,0.0,0.0,0.0
2016,15,ARI,0.06857135097992784,1.0,3.0918313213041984,11.0
2016,15,NO,3.0918313213041984,11.0,0.06857135097992784,1.0
2016,15,LAC,-5.762628278404009,5.0,-4.497443540836684,8.0
2016,15,LV,-4.497443540836684,8.0,-5.762628278404009,5.0
2016,15,PHI,4.5596468737786635,12.0,-2.52517345736851,7.0
2016,15,BAL,-2.52517345736851,7.0,4.5596468737786635,12.0
2016,15,CIN,0.0,0.0,-0.9125729997176677,12.0
2016,15,PIT,-0.9125729997176677,12.0,0.0,0.0
2016,15,SF,0.0,0.0,0.0,0.0
2016,15,ATL,0.0,0.0,0.0,0.0
2016,15,DAL,-3.1939478619606234,10.0,-2.7555980250472203,10.0
2016,15,TB,-2.7555980250472203,10.0,-3.1939478619606234,10.0
2016,15,TEN,3.95690791115351,11.0,-1.3622685194713995,5.0
2016,15,KC,-1.3622685194713995,5.0,3.95690791115351,11.0
2016,16,ARI,-0.6536169770988636,14.0,3.850489268400609,8.0
2016,16,SEA,3.850489268400609,8.0,-0.6536169770988636,14.0
2016,16,ATL,0.0,0.0,0.0,0.0
2016,16,CAR,0.0,0.0,0.0,0.0
2016,16,BAL,5.3892136030632045,13.0,6.236576586564659,13.0
2016,16,PIT,6.236576586564659,13.0,5.3892136030632045,13.0
2016,16,CIN,-0.46650583459995687,13.0,-2.5316621294477955,4.0
2016,16,HOU,-2.5316621294477955,4.0,-0.46650583459995687,13.0
2016,16,DEN,0.0,0.0,0.0,0.0
2016,16,KC,0.0,0.0,0.0,0.0
2016,16,DAL,0.0,0.0,0.0,0.0
2016,16,DET,0.0,0.0,0.0,0.0
2016,16,LV,-1.0869289780966938,7.0,0.0,0.0
2016,16,IND,0.0,0.0,-1.0869289780966938,7.0
2016,16,BUF,6.202098768830716,17.0,3.207919334876351,17.0
2016,16,MIA,3.207919334876351,17.0,6.202098768830716,17.0
2016,16,GB,0.0,0.0,0.0,0.0
2016,16,MIN,0.0,0.0,0.0,0.0
2016,16,NYG,-3.02307216078043,19.0,-3.180588277755305,8.0
2016,16,PHI,-3.180588277755305,8.0,-3.02307216078043,19.0
2016,16,NYJ,0.0,0.0,0.0,0.0
2016,16,NE,0.0,0.0,0.0,0.0
2016,16,LAC,-5.004682124883402,15.0,-2.7374520907760598,8.0
2016,16,CLE,-2.7374520907760598,8.0,-5.004682124883402,15.0
2016,16,SF,7.727366586041171,16.0,-2.6662399130291305,7.0
2016,16,LA,-2.6662399130291305,7.0,7.727366586041171,16.0
2016,16,NO,-1.1980400152970105,7.0,0.0,0.0
2016,16,TB,0.0,0.0,-1.1980400152970105,7.0
2016,16,TEN,0.0,0.0,0.0,0.0
2016,16,JAX,0.0,0.0,0.0,0.0
2016,16,WAS,0.0,0.0,0.0,0.0
2016,16,CHI,0.0,0.0,0.0,0.0
2016,17,ARI,0.0,0.0,0.0,0.0
2016,17,LA,0.0,0.0,0.0,0.0
2016,17,BAL,0.0,0.0,0.0,0.0
2016,17,CIN,0.0,0.0,0.0,0.0
2016,17,BUF,0.0,0.0,0.0,0.0
2016,17,NYJ,0.0,0.0,0.0,0.0
2016,17,TB,3.645335580557536,8.0,5.212966637846082,12.0
2016,17,CAR,5.212966637846082,12.0,3.645335580557536,8.0
2016,17,MIN,0.0,0.0,0.0,0.0
2016,17,CHI,0.0,0.0,0.0,0.0
2016,17,CLE,4.535654002611942,6.0,0.5344227647292428,18.0
2016,17,PIT,0.5344227647292428,18.0,4.535654002611942,6.0
2016,17,DAL,-6.0521673582843505,5.0,1.1820567771792412,8.0
2016,17,PHI,1.1820567771792412,8.0,-6.0521673582843505,5.0
2016,17,DET,0.05117156607063911,1.0,3.2187077675480396,7.0
2016,17,GB,3.2187077675480396,7.0,0.05117156607063911,1.0
2016,17,TEN,-3.238093249325175,10.0,-2.2593466424872655,6.0
2016,17,HOU,-2.2593466424872655,6.0,-3.238093249325175,10.0
2016,17,IND,0.498898436385537,16.0,-5.960182225884637,11.0
2016,17,JAX,-5.960182225884637,11.0,0.498898436385537,16.0
2016,17,LAC,0.0,0.0,0.0,0.0
2016,17,KC,0.0,0.0,0.0,0.0
2016,17,NE,0.0,0.0,0.0,0.0
2016,17,MIA,0.0,0.0,0.0,0.0
2016,17,NO,0.05117156607063911,1.0,-0.30203441937919706,2.0
2016,17,ATL,-0.30203441937919706,2.0,0.05117156607063911,1.0
2016,17,WAS,-10.379712792055216,7.0,0.8775540383649059,10.0
2016,17,NYG,0.8775540383649059,10.0,-10.379712792055216,7.0
2016,17,DEN,0.0,0.0,0.0,0.0
2016,17,LV,0.0,0.0,0.0,0.0
2016,17,SF,0.0,0.0,0.19131957460194826,11.0
2016,17,SEA,0.19131957460194826,11.0,0.0,0.0
2016,18,DET,0.0,0.0,0.0,0.0
2016,18,SEA,0.0,0.0,0.0,0.0
2016,18,PIT,0.0,0.0,0.0,0.0
2016,18,MIA,0.0,0.0,0.0,0.0
2016,18,NYG,0.0,0.0,0.0,0.0
2016,18,GB,0.0,0.0,0.0,0.0
2016,18,HOU,0.0,0.0,0.0,0.0
2016,18,LV,0.0,0.0,0.0,0.0
2016,19,DAL,5.010816938695032,11.0,4.634952911408618,17.0
2016,19,GB,4.634952911408618,17.0,5.010816938695032,11.0
2016,19,HOU,0.0,0.0,0.0,0.0
2016,19,NE,0.0,0.0,0.0,0.0
2016,19,PIT,-0.8971011319663376,7.0,2.9814005917725153,8.0
2016,19,KC,2.9814005917725153,8.0,-0.8971011319663376,7.0
2016,19,SEA,0.0,0.0,0.0,0.0
2016,19,ATL,0.0,0.0,0.0,0.0
2016,20,GB,0.0,0.0,0.0,0.0
2016,20,ATL,0.0,0.0,0.0,0.0
2016,20,NE,0.0,0.0,0.0,0.0
2016,20,PIT,0.0,0.0,0.0,0.0
2016,21,NE,7.8387530500914435,12.0,-2.6733429716841783,12.0
2016,21,ATL,-2.6733429716841783,12.0,7.8387530500914435,12.0
2017,1,ARI,0.0,0.0,4.518529465072788,1.0
2017,1,DET,4.518529465072788,1.0,0.0,0.0
2017,1,ATL,-1.079035354370717,5.0,-0.8442494842456654,17.0
2017,1,CHI,-0.8442494842456654,17.0,-1.079035354370717,5.0
2017,1,CIN,0.0,0.0,0.0,0.0
2017,1,BAL,0.0,0.0,0.0,0.0
2017,1,CAR,0.0,0.0,0.0,0.0
2017,1,SF,0.0,0.0,0.0,0.0
2017,1,LA,0.0,0.0,0.0,0.0
2017,1,IND,0.0,0.0,0.0,0.0
2017,1,JAX,0.0,0.0,0.0,0.0
2017,1,HOU,0.0,0.0,0.0,0.0
2017,1,NE,-0.3217931450344622,3.0,6.454545084387064,2.0
2017,1,KC,6.454545084387064,2.0,-0.3217931450344622,3.0
2017,1,DEN,-6.582313452207018,7.0,-3.6011180646019056,14.0
2017,1,LAC,-3.6011180646019056,14.0,-6.582313452207018,7.0
2017,1,NO,0.0,0.0,0.0,0.0
2017,1,MIN,0.0,0.0,0.0,0.0
2017,1,DAL,0.0,0.0,0.0,0.0
2017,1,NYG,0.0,0.0,0.0,0.0
2017,1,BUF,0.0,0.0,0.0,0.0
2017,1,NYJ,0.0,0.0,0.0,0.0
2017,1,LV,2.1492287593428046,10.0,0.0,0.0
2017,1,TEN,0.0,0.0,2.1492287593428046,10.0
2017,1,WAS,-7.864391677896492,3.0,-0.8502444291952997,4.0
2017,1,PHI,-0.8502444291952997,4.0,-7.864391677896492,3.0
2017,1,CLE,1.053,1.0,-0.8046418221201748,8.0
2017,1,PIT,-0.8046418221201748,8.0,1.053,1.0
2017,1,SEA,0.0,0.0,-0.43638581805862486,13.0
2017,1,GB,-0.43638581805862486,13.0,0.0,0.0
2017,2,ARI,-0.20328770007472485,15.0,-2.8948877861257643,10.0
2017,2,IND,-2.8948877861257643,10.0,-0.20328770007472485,15.0
2017,2,CAR,-1.4365326215629466,7.0,-0.8188505177386105,13.0
2017,2,BUF,-0.8188505177386105,13.0,-1.4365326215629466,7.0
2017,2,TB,0.0,0.0,0.0,0.0
2017,2,CHI,0.0,0.0,0.0,0.0
2017,2,CLE,0.0,0.0,0.0,0.0
2017,2,BAL,0.0,0.0,0.0,0.0
2017,2,DAL,0.0,0.0,0.0,0.0
2017,2,DEN,0.0,0.0,0.0,0.0
2017,2,DET,0.0,0.0,0.0,0.0
2017,2,NYG,0.0,0.0,0.0,0.0
2017,2,ATL,0.0,0.0,0.0,0.0
2017,2,GB,0.0,0.0,0.0,0.0
2017,2,HOU,-2.565212061017519,12.0,-3.446613620297285,8.0
2017,2,CIN,-3.446613620297285,8.0,-2.565212061017519,12.0
2017,2,LAC,-3.4122342754271813,12.0,0.884545520239044,6.0
2017,2,MIA,0.884545520239044,6.0,-3.4122342754271813,12.0
2017,2,PIT,0.0,0.0,0.0,0.0
2017,2,MIN,0.0,0.0,0.0,0.0
2017,2,NE,0.0,0.0,0.0,0.0
2017,2,NO,0.0,0.0,0.0,0.0
2017,2,LV,0.0,0.0,0.0,0.0
2017,2,NYJ,0.0,0.0,0.0,0.0
2017,2,KC,4.22812537685968,6.0,-0.8970216945885237,2.0
2017,2,PHI,-0.8970216945885237,2.0,4.22812537685968,6.0
2017,2,SEA,-0.4284908245317638,8.0,0.5929575003683567,1.0
2017,2,SF,0.5929575003683567,1.0,-0.4284908245317638,8.0
2017,2,TEN,0.0,0.0,0.0,0.0
2017,2,JAX,0.0,0.0,0.0,0.0
2017,2,LA,-4.881126492633484,2.0,1.1260041834180687,11.0
2017,2,WAS,1.1260041834180687,11.0,-4.881126492633484,2.0
2017,3,ATL,-4.403226277325302,8.0,-4.061594091355801,19.0
2017,3,DET,-4.061594091355801,19.0,-4.403226277325302,8.0
2017,3,BAL,0.0,0.0,0.0,0.0
2017,3,JAX,0.0,0.0,0.0,0.0
2017,3,CIN,-0.545085909543559,4.0,6.065281276460688,15.0
2017,3,GB,6.065281276460688,15.0,-0.545085909543559,4.0
2017,3,CLE,0.09695469507163568,4.0,-0.5695748628058936,5.0
2017,3,IND,-0.5695748628058936,5.0,0.09695469507163568,4.0
2017,3,ARI,0.0,0.0,0.0,0.0
2017,3,DAL,0.0,0.0,0.0,0.0
2017,3,DEN,0.0,0.0,-1.5168296719202772,5.0
2017,3,BUF,-1.5168296719202772,5.0,0.0,0.0
2017,3,HOU,0.0882134402054362,9.0,6.901121940623969,11.0
2017,3,NE,6.901121940623969,11.0,0.0882134402054362,9.0
2017,3,LAC,-1.5244794951286167,6.0,6.3408279763534665,4.0
2017,3,KC,6.3408279763534665,4.0,-1.5244794951286167,6.0
2017,3,SF,-3.7217377211926506,13.0,-6.599908926524222,5.0
2017,3,LA,-6.599908926524222,5.0,-3.7217377211926506,13.0
2017,3,NYJ,0.0,0.0,0.0,0.0
2017,3,MIA,0.0,0.0,0.0,0.0
2017,3,CAR,0.0,0.0,0.0,0.0
2017,3,NO,0.0,0.0,0.0,0.0
2017,3,PHI,4.662613162654452,13.0,1.5911033665761352,14.0
2017,3,NYG,1.5911033665761352,14.0,4.662613162654452,13.0
2017,3,LV,0.0,0.0,0.0,0.0
2017,3,WAS,0.0,0.0,0.0,0.0
2017,3,PIT,-1.0209865455399267,7.0,-0.3501926685567014,9.0
2017,3,CHI,-0.3501926685567014,9.0,-1.0209865455399267,7.0
2017,3,TEN,-0.9492905162042007,6.0,0.06757300310763314,1.0
2017,3,SEA,0.06757300310763314,1.0,-0.9492905162042007,6.0
2017,3,MIN,0.0,0.0,0.0,0.0
2017,3,TB,0.0,0.0,0.0,0.0
2017,4,ATL,-5.713544672878925,19.0,0.14778998569818214,8.0
2017,4,BUF,0.14778998569818214,8.0,-5.713544672878925,19.0
2017,4,NE,1.528706839468747,5.0,2.1912547410465777,12.0
2017,4,CAR,2.1912547410465777,12.0,1.528706839468747,5.0
2017,4,GB,0.0,0.0,0.0,0.0
2017,4,CHI,0.0,0.0,0.0,0.0
2017,4,CLE,0.0,0.0,0.0,0.0
2017,4,CIN,0.0,0.0,0.0,0.0
2017,4,DET,-3.6119051558198407,8.0,-7.791389630234335,6.0
2017,4,MIN,-7.791389630234335,6.0,-3.6119051558198407,8.0
2017,4,IND,0.0,0.0,0.0,0.0
2017,4,SEA,0.0,0.0,0.0,0.0
2017,4,NYJ,-4.53945094399387,19.0,-3.67284192860825,12.0
2017,4,JAX,-3.67284192860825,12.0,-4.53945094399387,19.0
2017,4,DAL,-0.9695516199572012,11.0,0.13664072408573702,9.0
2017,4,LA,0.13664072408573702,9.0,-0.9695516199572012,11.0
2017,4,MIA,0.0,0.0,0.0,0.0
2017,4,NO,0.0,0.0,0.0,0.0
2017,4,NYG,0.8963516179937869,4.0,2.151676492765546,10.0
2017,4,TB,2.151676492765546,10.0,0.8963516179937869,4.0
2017,4,DEN,-1.1550659936619923,5.0,-1.8883661235449836,8.0
2017,4,LV,-1.8883661235449836,8.0,-1.1550659936619923,5.0
2017,4,LAC,0.0,0.0,-1.4278285029577091,10.0
2017,4,PHI,-1.4278285029577091,10.0,0.0,0.0
2017,4,BAL,0.0,0.0,0.0,0.0
2017,4,PIT,0.0,0.0,0.0,0.0
2017,4,ARI,0.8331611516186967,22.0,-5.292637277569156,20.0
2017,4,SF,-5.292637277569156,20.0,0.8331611516186967,22.0
2017,4,TEN,0.0,0.0,0.0,0.0
2017,4,HOU,0.0,0.0,0.0,0.0
2017,4,WAS,-4.907162724703085,13.0,2.724134701643748,8.0
2017,4,KC,2.724134701643748,8.0,-4.907162724703085,13.0
2017,5,ARI,0.0,0.0,0.0,0.0
2017,5,PHI,0.0,0.0,0.0,0.0
2017,5,BAL,0.0,0.0,0.0,0.0
2017,5,LV,0.0,0.0,0.0,0.0
2017,5,CIN,-2.9279343228554353,10.0,-3.482813201728277,4.0
2017,5,BUF,-3.482813201728277,4.0,-2.9279343228554353,10.0
2017,5,DET,0.05117156607063911,1.0,-1.0992767689749599,7.0
2017,5,CAR,-1.0992767689749599,7.0,0.05117156607063911,1.0
2017,5,DAL,3.9292960111404134,13.0,6.351542613795337,11.0
2017,5,GB,6.351542613795337,11.0,3.9292960111404134,13.0
2017,5,JAX,0.0,0.0,0.0,0.0
2017,5,PIT,0.0,0.0,0.0,0.0
2017,5,KC,0.0,0.0,0.0,0.0
2017,5,HOU,0.0,0.0,0.0,0.0
2017,5,LAC,1.2489076054631245,9.0,-6.994686246733181,16.0
2017,5,NYG,-6.994686246733181,16.0,1.2489076054631245,9.0
2017,5,CHI,-3.8001634281827137,3.0,-2.7315444204141386,12.0
2017,5,MIN,-2.7315444204141386,12.0,-3.8001634281827137,3.0
2017,5,NE,2.0646977613214403,5.0,-0.5109661250748228,9.0
2017,5,TB,-0.5109661250748228,9.0,2.0646977613214403,5.0
2017,5,NYJ,-0.5076461404096335,4.0,0.06757300310763314,1.0
2017,5,CLE,0.06757300310763314,1.0,-0.5076461404096335,4.0
2017,5,SEA,-3.6900315048987977,8.0,-4.554830930370372,12.0
2017,5,LA,-4.554830930370372,12.0,-3.6900315048987977,8.0
2017,5,IND,2.1248499270295724,10.0,5.365906116995339,20.0
2017,5,SF,5.365906116995339,20.0,2.1248499270295724,10.0
2017,5,TEN,-1.621502485446399,7.0,-0.6954708929115441,7.0
2017,5,MIA,-0.6954708929115441,7.0,-1.621502485446399,7.0
2017,6,BAL,0.7813497970202006,2.0,-7.2802090480108745,16.0
2017,6,CHI,-7.2802090480108745,16.0,0.7813497970202006,2.0
2017,6,HOU,0.0,0.0,0.0,0.0
2017,6,CLE,0.0,0.0,0.0,0.0
2017,6,NO,0.0,0.0,0.0,0.0
2017,6,DET,0.0,0.0,0.0,0.0
2017,6,GB,0.0,0.0,0.0,0.0
2017,6,MIN,0.0,0.0,0.0,0.0
2017,6,TEN,6.393752897623926,5.0,-1.5191694449167699,7.0
2017,6,IND,-1.5191694449167699,7.0,6.393752897623926,5.0
2017,6,LAC,3.1706406800076365,11.0,0.5417274283245206,1.0
2017,6,LV,0.5417274283245206,1.0,3.1706406800076365,11.0
2017,6,LA,-0.6972702969796956,7.0,0.0,0.0
2017,6,JAX,0.0,0.0,-0.6972702969796956,7.0
2017,6,ATL,-1.0836097032297403,10.0,0.014956370578147471,6.0
2017,6,MIA,0.014956370578147471,6.0,-1.0836097032297403,10.0
2017,6,NYJ,-0.9024814107688144,8.0,-1.7086702353553846,7.0
2017,6,NE,-1.7086702353553846,7.0,-0.9024814107688144,8.0
2017,6,DEN,0.0,0.0,0.0,0.0
2017,6,NYG,0.0,0.0,0.0,0.0
2017,6,PHI,-2.0046309168683365,6.0,-3.4394213566556573,14.0
2017,6,CAR,-3.4394213566556573,14.0,-2.0046309168683365,6.0
2017,6,PIT,2.7139248103927334,10.0,-1.933870640466921,6.0
2017,6,KC,-1.933870640466921,6.0,2.7139248103927334,10.0
2017,6,WAS,1.8566756024956703,11.0,-0.183025742312942,10.0
2017,6,SF,-0.183025742312942,10.0,1.8566756024956703,11.0
2017,6,ARI,-0.8622454617870972,4.0,0.06857135097992784,1.0
2017,6,TB,0.06857135097992784,1.0,-0.8622454617870972,4.0
2017,7,ARI,0.0,0.0,0.0,0.0
2017,7,LA,0.0,0.0,0.0,0.0
2017,7,NE,0.0,0.0,0.0,0.0
2017,7,ATL,0.0,0.0,0.0,0.0
2017,7,BAL,0.0,0.0,0.0,0.0
2017,7,MIN,0.0,0.0,0.0,0.0
2017,7,CAR,0.0,0.0,0.0,0.0
2017,7,CHI,0.0,0.0,0.0,0.0
2017,7,PIT,0.0,0.0,0.0,0.0
2017,7,CIN,0.0,0.0,0.0,0.0
2017,7,DAL,0.0,0.0,0.0,0.0
2017,7,SF,0.0,0.0,0.0,0.0
2017,7,DEN,0.0,0.0,0.0,0.0
2017,7,LAC,0.0,0.0,0.0,0.0
2017,7,JAX,0.0,0.0,0.0,0.0
2017,7,IND,0.0,0.0,0.0,0.0
2017,7,KC,-2.1711513025220484,4.0,6.358521739356171,17.0
2017,7,LV,6.358521739356171,17.0,-2.1711513025220484,4.0
2017,7,GB,0.0,0.0,1.5123104613017735,2.0
2017,7,NO,1.5123104613017735,2.0,0.0,0.0
2017,7,NYJ,-5.381264046300203,6.0,-1.3731942561571486,12.0
2017,7,MIA,-1.3731942561571486,12.0,-5.381264046300203,6.0
2017,7,SEA,0.0,0.0,0.0,0.0
2017,7,NYG,0.0,0.0,0.0,0.0
2017,7,TB,-1.8399116777431241,10.0,5.717618797717101,12.0
2017,7,BUF,5.717618797717101,12.0,-1.8399116777431241,10.0
2017,7,TEN,-0.302419419051148,12.0,1.3707105909707025,11.0
2017,7,CLE,1.3707105909707025,11.0,-0.302419419051148,12.0
2017,7,WAS,0.0,0.0,0.0,0.0
2017,7,PHI,0.0,0.0,0.0,0.0
2017,8,NYJ,-1.0605978048406541,10.0,-0.7627291698008776,7.0
2017,8,ATL,-0.7627291698008776,7.0,-1.0605978048406541,10.0
2017,8,TB,0.0,0.0,0.0,0.0
2017,8,CAR,0.0,0.0,0.0,0.0
2017,8,NO,-4.86132911889581,11.0,-8.66951461847918,9.0
2017,8,CHI,-8.66951461847918,9.0,-4.86132911889581,11.0
2017,8,DAL,-0.9700802364968695,10.0,-8.043181921544068,3.0
2017,8,WAS,-8.043181921544068,3.0,-0.9700802364968695,10.0
2017,8,DEN,0.0,0.0,0.0,0.0
2017,8,KC,0.0,0.0,0.0,0.0
2017,8,HOU,-1.0333501425479095,10.0,5.161583946188863,14.0
2017,8,SEA,5.161583946188863,14.0,-1.0333501425479095,10.0
2017,8,IND,-1.0409449741709977,7.0,-2.7199996440904215,6.0
2017,8,CIN,-2.7199996440904215,6.0,-1.0409449741709977,7.0
2017,8,LAC,-1.9407853671582416,13.0,1.3737436735536903,12.0
2017,8,NE,1.3737436735536903,12.0,-1.9407853671582416,13.0
2017,8,MIA,0.0,0.0,0.0,0.0
2017,8,BAL,0.0,0.0,0.0,0.0
2017,8,MIN,0.0,0.0,0.0,0.0
2017,8,CLE,0.0,0.0,0.0,0.0
2017,8,LV,0.0,0.0,0.0,0.0
2017,8,BUF,0.0,0.0,0.0,0.0
2017,8,PIT,0.07769572315737605,8.0,-0.4042935464531183,10.0
2017,8,DET,-0.4042935464531183,10.0,0.07769572315737605,8.0
2017,8,SF,0.0,0.0,0.0,0.0
2017,8,PHI,0.0,0.0,0.0,0.0
2017,9,ARI,0.0,0.0,0.0,0.0
2017,9,SF,0.0,0.0,0.0,0.0
2017,9,ATL,-4.986688802032781,5.0,-5.903201205888763,9.0
2017,9,CAR,-5.903201205888763,9.0,-4.986688802032781,5.0
2017,9,TEN,1.8930626321525779,5.0,0.06757300310763314,1.0
2017,9,BAL,0.06757300310763314,1.0,1.8930626321525779,5.0
2017,9,NYJ,0.0,0.0,0.0,0.0
2017,9,BUF,0.0,0.0,0.0,0.0
2017,9,CIN,0.0,0.0,0.0,0.0
2017,9,JAX,0.0,0.0,0.0,0.0
2017,9,DEN,0.0,0.0,0.0,0.0
2017,9,PHI,0.0,0.0,0.0,0.0
2017,9,GB,0.0,0.0,0.0,0.0
2017,9,DET,0.0,0.0,0.0,0.0
2017,9,HOU,-0.925352098653093,13.0,-2.2667845501564443,6.0
2017,9,IND,-2.2667845501564443,6.0,-0.925352098653093,13.0
2017,9,DAL,0.0,0.0,0.0,0.0
2017,9,KC,0.0,0.0,0.0,0.0
2017,9,NYG,0.0,0.0,0.0,0.0
2017,9,LA,0.0,0.0,0.0,0.0
2017,9,LV,5.8625570924486965,7.0,1.053,1.0
2017,9,MIA,1.053,1.0,5.8625570924486965,7.0
2017,9,NO,0.0,0.0,0.0,0.0
2017,9,TB,0.0,0.0,0.0,0.0
2017,9,WAS,3.9117476683901136,13.0,4.395357683228329,14.0
2017,9,SEA,4.395357683228329,14.0,3.9117476683901136,13.0
2017,10,CIN,-0.3976695970632136,7.0,5.9879714756831035,14.0
2017,10,TEN,5.9879714756831035,14.0,-0.3976695970632136,7.0
2017,10,DET,5.34071758936625,2.0,0.0,0.0
2017,10,CLE,0.0,0.0,5.34071758936625,2.0
2017,10,DAL,0.0,0.0,0.0,0.0
2017,10,ATL,0.0,0.0,0.0,0.0
2017,10,CHI,-1.5790468544582836,5.0,-2.526728709170129,12.0
2017,10,GB,-2.526728709170129,12.0,-1.5790468544582836,5.0
2017,10,HOU,0.0,0.0,0.0,0.0
2017,10,LA,0.0,0.0,0.0,0.0
2017,10,LAC,-9.63000595199992,12.0,-6.438859481713735,19.0
2017,10,JAX,-6.438859481713735,19.0,-9.63000595199992,12.0
2017,10,MIA,0.0,0.0,0.0,0.0
2017,10,CAR,0.0,0.0,0.0,0.0
2017,10,WAS,0.0,0.0,-0.490547260036692,3.0
2017,10,MIN,-0.490547260036692,3.0,0.0,0.0
2017,10,NE,0.0,0.0,0.0,0.0
2017,10,DEN,0.0,0.0,0.0,0.0
2017,10,BUF,0.0,0.0,0.0,0.0
2017,10,NO,0.0,0.0,0.0,0.0
2017,10,SF,0.0,0.0,0.0,0.0
2017,10,NYG,0.0,0.0,0.0,0.0
2017,10,NYJ,0.06757300310763314,1.0,-0.14458027482032776,2.0
2017,10,TB,-0.14458027482032776,2.0,0.06757300310763314,1.0
2017,10,PIT,2.5553288555238396,10.0,-2.1771364043233916,5.0
2017,10,IND,-2.1771364043233916,5.0,2.5553288555238396,10.0
2017,10,SEA,-0.21516762155806646,2.0,-0.9314286490200722,1.0
2017,10,ARI,-0.9314286490200722,1.0,-0.21516762155806646,2.0
2017,11,ARI,0.0,0.0,0.0,0.0
2017,11,HOU,0.0,0.0,0.0,0.0
2017,11,ATL,-4.458450469537638,10.0,0.13688140227179968,11.0
2017,11,SEA,0.13688140227179968,11.0,-4.458450469537638,10.0
2017,11,GB,0.0,0.0,0.0,0.0
2017,11,BAL,0.0,0.0,0.0,0.0
2017,11,BUF,0.0,0.0,0.0,0.0
2017,11,LAC,0.0,0.0,0.0,0.0
2017,11,DEN,-3.227356139512267,4.0,-4.348163679649588,12.0
2017,11,CIN,-4.348163679649588,12.0,-3.227356139512267,4.0
2017,11,CHI,-1.1823290209285915,12.0,2.3266540630720556,11.0
2017,11,DET,2.3266540630720556,11.0,-1.1823290209285915,12.0
2017,11,CLE,-10.232537824544124,9.0,-2.9320870325318538,8.0
2017,11,JAX,-2.9320870325318538,8.0,-10.232537824544124,9.0
2017,11,KC,-1.8544694142765366,15.0,-0.17106335057178512,18.0
2017,11,NYG,-0.17106335057178512,18.0,-1.8544694142765366,15.0
2017,11,LA,0.0,0.0,0.0,0.0
2017,11,MIN,0.0,0.0,0.0,0.0
2017,11,LV,0.0,0.0,0.0,0.0
2017,11,NE,0.0,0.0,0.0,0.0
2017,11,DAL,0.0,0.0,0.0,0.0
2017,11,PHI,0.0,0.0,0.0,0.0
2017,11,TB,0.6388506728690118,12.0,-0.8533056965820052,7.0
2017,11,MIA,-0.8533056965820052,7.0,0.6388506728690118,12.0
2017,11,PIT,0.0,0.0,0.0,0.0
2017,11,TEN,0.0,0.0,0.0,0.0
2017,11,NO,7.43481849848479,6.0,-2.2482635966152884,11.0
2017,11,WAS,-2.2482635966152884,11.0,7.43481849848479,6.0
2017,12,BUF,-6.717980301298667,6.0,-8.819227639061864,12.0
2017,12,KC,-8.819227639061864,12.0,-6.717980301298667,6.0
2017,12,CAR,2.270995237166062,11.0,-0.10076821863185614,4.0
2017,12,NYJ,-0.10076821863185614,4.0,2.270995237166062,11.0
2017,12,PHI,0.0,0.0,0.0,0.0
2017,12,CHI,0.0,0.0,0.0,0.0
2017,12,CLE,0.0,0.0,4.546696686069481,5.0
2017,12,CIN,4.546696686069481,5.0,0.0,0.0
2017,12,LV,-0.8892568689770997,7.0,0.06757300310763314,1.0
2017,12,DEN,0.06757300310763314,1.0,-0.8892568689770997,7.0
2017,12,PIT,1.1655923905782402,12.0,2.2242063868767095,11.0
2017,12,GB,2.2242063868767095,11.0,1.1655923905782402,12.0
2017,12,BAL,-1.2966419246513397,11.0,-8.296578740468249,4.0
2017,12,HOU,-8.296578740468249,4.0,-1.2966419246513397,11.0
2017,12,JAX,-3.6411688532680273,10.0,-1.5262222111341543,10.0
2017,12,ARI,-1.5262222111341543,10.0,-3.6411688532680273,10.0
2017,12,DAL,0.0,0.0,0.0,0.0
2017,12,LAC,0.0,0.0,0.0,0.0
2017,12,NE,0.0,0.0,0.0,0.0
2017,12,MIA,0.0,0.0,0.0,0.0
2017,12,DET,-5.563456249074079,5.0,-3.639407718204893,12.0
2017,12,MIN,-3.639407718204893,12.0,-5.563456249074079,5.0
2017,12,LA,-0.616515408270061,4.0,0.06757300310763314,1.0
2017,12,NO,0.06757300310763314,1.0,-0.616515408270061,4.0
2017,12,NYG,-5.189759728207719,6.0,1.1690197824942392,7.0
2017,12,WAS,1.1690197824942392,7.0,-5.189759728207719,6.0
2017,12,SEA,0.0,0.0,0.0,0.0
2017,12,SF,0.0,0.0,0.0,0.0
2017,12,TB,0.0,0.0,6.0350755009567365,7.0
2017,12,ATL,6.0350755009567365,7.0,0.0,0.0
2017,12,IND,-1.9913099044933915,4.0,-1.024058341048658,10.0
2017,12,TEN,-1.024058341048658,10.0,-1.9913099044933915,4.0
2017,13,NO,0.0,0.0,0.0,0.0
2017,13,CAR,0.0,0.0,0.0,0.0
2017,13,CLE,0.0,0.0,0.0,0.0
2017,13,LAC,0.0,0.0,0.0,0.0
2017,13,MIA,0.0,0.0,0.0,0.0
2017,13,DEN,0.0,0.0,0.0,0.0
2017,13,BAL,0.0,0.0,0.0,0.0
2017,13,DET,0.0,0.0,0.0,0.0
2017,13,HOU,-2.3216516611282714,13.0,4.557709087850526,8.0
2017,13,TEN,4.557709087850526,8.0,-2.3216516611282714,13.0
2017,13,IND,0.0,0.0,0.0,0.0
2017,13,JAX,0.0,0.0,0.0,0.0
2017,13,KC,-1.1630834036041051,10.0,3.961811875793617,12.0
2017,13,NYJ,3.961811875793617,12.0,-1.1630834036041051,10.0
2017,13,LA,0.0,0.0,0.0,0.0
2017,13,ARI,0.0,0.0,0.0,0.0
2017,13,MIN,-1.4309509603772312,9.0,0.0,0.0
2017,13,ATL,0.0,0.0,-1.4309509603772312,9.0
2017,13,BUF,0.0,0.0,0.0,0.0
2017,13,NE,0.0,0.0,0.0,0.0
2017,13,NYG,0.0,0.0,0.8781161832157522,8.0
2017,13,LV,0.8781161832157522,8.0,0.0,0.0
2017,13,SEA,0.0,0.0,0.0,0.0
2017,13,PHI,0.0,0.0,0.0,0.0
2017,13,PIT,4.154085779606781,13.0,-2.6322781874332577,5.0
2017,13,CIN,-2.6322781874332577,5.0,4.154085779606781,13.0
2017,13,SF,2.4799736542627215,13.0,-0.003000963421072811,1.0
2017,13,CHI,-0.003000963421072811,1.0,2.4799736542627215,13.0
2017,13,TB,-1.9520490001305006,6.0,0.2480165982269682,11.0
2017,13,GB,0.2480165982269682,11.0,-1.9520490001305006,6.0
2017,13,DAL,0.0,0.0,0.0,0.0
2017,13,WAS,0.0,0.0,0.0,0.0
2017,14,BAL,-2.028672818269115,11.0,2.350393034387331,11.0
2017,14,PIT,2.350393034387331,11.0,-2.028672818269115,11.0
2017,14,CIN,0.0,0.0,0.0,0.0
2017,14,CHI,0.0,0.0,0.0,0.0
2017,14,DAL,6.925343942828476,3.0,-1.8455460768891498,2.0
2017,14,NYG,-1.8455460768891498,2.0,6.925343942828476,3.0
2017,14,DET,1.6912092312704772,11.0,-1.2761664252029732,9.0
2017,14,TB,-1.2761664252029732,9.0,1.6912092312704772,11.0
2017,14,GB,3.6148771684825864,8.0,-5.020518303383142,7.0
2017,14,CLE,-5.020518303383142,7.0,3.6148771684825864,8.0
2017,14,BUF,1.4622877149959095,11.0,-0.23443353314454018,20.0
2017,14,IND,-0.23443353314454018,20.0,1.4622877149959095,11.0
2017,14,MIN,-7.602035954478197,9.0,-3.8965090736886974,11.0
2017,14,CAR,-3.8965090736886974,11.0,-7.602035954478197,9.0
2017,14,MIA,-0.42521902377484366,3.0,0.0,0.0
2017,14,NE,0.0,0.0,-0.42521902377484366,3.0
2017,14,NO,-1.7948269310873002,11.0,-1.709356717125047,8.0
2017,14,ATL,-1.709356717125047,8.0,-1.7948269310873002,11.0
2017,14,DEN,0.0,0.0,0.0,0.0
2017,14,NYJ,0.0,0.0,0.0,0.0
2017,14,LV,0.0,0.0,0.0,0.0
2017,14,KC,0.0,0.0,0.0,0.0
2017,14,PHI,-2.4593469429963735,10.0,-8.728607052151347,6.0
2017,14,LA,-8.728607052151347,6.0,-2.4593469429963735,10.0
2017,14,SEA,-4.035793815869887,5.0,-5.027150801033713,13.0
2017,14,JAX,-5.027150801033713,13.0,-4.035793815869887,5.0
2017,14,SF,-0.7925916157546453,3.0,0.0,0.0
2017,14,HOU,0.0,0.0,-0.7925916157546453,3.0
2017,14,TEN,-5.395427202689461,12.0,-4.928851311153267,8.0
2017,14,ARI,-4.928851311153267,8.0,-5.395427202689461,12.0
2017,14,LAC,0.0,0.0,0.0,0.0
2017,14,WAS,0.0,0.0,0.0,0.0
2017,15,ARI,-3.564954315777868,17.0,-3.7252312979544513,7.0
2017,15,WAS,-3.7252312979544513,7.0,-3.564954315777868,17.0
2017,15,ATL,-1.3800166562432423,8.0,-0.4307512308145429,7.0
2017,15,TB,-0.4307512308145429,7.0,-1.3800166562432423,8.0
2017,15,BAL,0.0,0.0,0.0,0.0
2017,15,CLE,0.0,0.0,0.0,0.0
2017,15,DET,0.0,0.0,0.0,0.0
2017,15,CHI,0.0,0.0,0.0,0.0
2017,15,MIN,0.0,0.0,0.0,0.0
2017,15,CIN,0.0,0.0,0.0,0.0
2017,15,DAL,1.3213794191833586,8.0,-0.9786635547643527,10.0
2017,15,LV,-0.9786635547643527,10.0,1.3213794191833586,8.0
2017,15,DEN,0.0,0.0,0.0,0.0
2017,15,IND,0.0,0.0,0.0,0.0
2017,15,GB,-1.839771094746005,6.0,-2.728506920277141,4.0
2017,15,CAR,-2.728506920277141,4.0,-1.839771094746005,6.0
2017,15,HOU,0.0,0.0,0.0,0.0
2017,15,JAX,0.0,0.0,0.0,0.0
2017,15,LAC,0.0,0.0,0.0,0.0
2017,15,KC,0.0,0.0,0.0,0.0
2017,15,SEA,0.0,0.0,0.0,0.0
2017,15,LA,0.0,0.0,0.0,0.0
2017,15,BUF,-2.2829173614736646,2.0,-1.921564179006964,1.0
2017,15,MIA,-1.921564179006964,1.0,-2.2829173614736646,2.0
2017,15,PIT,-2.4265892748953775,10.0,7.982408863186836,12.0
2017,15,NE,7.982408863186836,12.0,-2.4265892748953775,10.0
2017,15,NO,5.952052315929905,3.0,-0.947,1.0
2017,15,NYJ,-0.947,1.0,5.952052315929905,3.0
2017,15,NYG,-1.3755041406257078,18.0,-0.7242690746788867,6.0
2017,15,PHI,-0.7242690746788867,6.0,-1.3755041406257078,18.0
2017,15,SF,0.4890473281266168,14.0,1.9451398488599807,12.0
2017,15,TEN,1.9451398488599807,12.0,0.4890473281266168,14.0
2017,16,ATL,0.0,0.0,0.0,0.0
2017,16,NO,0.0,0.0,0.0,0.0
2017,16,NE,0.0,0.0,0.0,0.0
2017,16,BUF,0.0,0.0,0.0,0.0
2017,16,CLE,0.0,0.0,0.0,0.0
2017,16,CHI,0.0,0.0,0.0,0.0
2017,16,DEN,0.0,0.0,0.0,0.0
2017,16,WAS,0.0,0.0,0.0,0.0
2017,16,CIN,4.104841675769954,11.0,-3.9590969575801864,7.0
2017,16,DET,-3.9590969575801864,7.0,4.104841675769954,11.0
2017,16,IND,-3.453718075819779,6.0,-4.465971949102823,11.0
2017,16,BAL,-4.465971949102823,11.0,-3.453718075819779,6.0
2017,16,SF,6.046342997229658,6.0,-0.9324269968923669,1.0
2017,16,JAX,-0.9324269968923669,1.0,6.046342997229658,6.0
2017,16,LAC,-0.21724199532764032,10.0,-3.328673992480617,8.0
2017,16,NYJ,-3.328673992480617,8.0,-0.21724199532764032,10.0
2017,16,LA,-5.090059823007323,7.0,-2.4489074766170233,8.0
2017,16,TEN,-2.4489074766170233,8.0,-5.090059823007323,7.0
2017,16,MIA,0.0,0.0,0.0,0.0
2017,16,KC,0.0,0.0,0.0,0.0
2017,16,GB,0.0,0.0,0.0,0.0
2017,16,MIN,0.0,0.0,0.0,0.0
2017,16,NYG,0.0,0.0,0.0,0.0
2017,16,ARI,0.0,0.0,0.0,0.0
2017,16,PHI,-2.2104060564306565,11.0,-13.74634112912463,11.0
2017,16,LV,-13.74634112912463,11.0,-2.2104060564306565,11.0
2017,16,PIT,0.0,0.0,0.0,0.0
2017,16,HOU,0.0,0.0,0.0,0.0
2017,16,DAL,0.0,0.0,0.0,0.0
2017,16,SEA,0.0,0.0,0.0,0.0
2017,16,TB,-8.683601101743989,10.0,0.9105375020158921,14.0
2017,16,CAR,0.9105375020158921,14.0,-8.683601101743989,10.0
2017,17,ARI,0.9971916596405208,6.0,-0.6670773378573358,8.0
2017,17,SEA,-0.6670773378573358,8.0,0.9971916596405208,6.0
2017,17,MIA,-1.228690939969432,6.0,-2.153513258206658,3.0
2017,17,BUF,-2.153513258206658,3.0,-1.228690939969432,6.0
2017,17,ATL,0.0,0.0,0.0,0.0
2017,17,CAR,0.0,0.0,0.0,0.0
2017,17,CHI,0.0,0.0,0.0,0.0
2017,17,MIN,0.0,0.0,0.0,0.0
2017,17,CIN,5.253620805146589,16.0,-4.575733359204605,9.0
2017,17,BAL,-4.575733359204605,9.0,5.253620805146589,16.0
2017,17,PIT,-1.73179914674256,9.0,-1.2451368283946067,8.0
2017,17,CLE,-1.2451368283946067,8.0,-1.73179914674256,9.0
2017,17,PHI,-0.01702979500987567,4.0,-2.1437642750388477,11.0
2017,17,DAL,-2.1437642750388477,11.0,-0.01702979500987567,4.0
2017,17,DET,0.0,0.0,0.0,0.0
2017,17,GB,0.0,0.0,0.0,0.0
2017,17,IND,-0.49710306362248957,10.0,0.0,0.0
2017,17,HOU,0.0,0.0,-0.49710306362248957,10.0
2017,17,JAX,-2.8316165519645438,4.0,-1.963781134574674,11.0
2017,17,TEN,-1.963781134574674,11.0,-2.8316165519645438,4.0
2017,17,KC,2.1490347404032946,13.0,3.7914180160010678,8.0
2017,17,DEN,3.7914180160010678,8.0,2.1490347404032946,13.0
2017,17,TB,8.041999768858776,18.0,-1.3467685117502697,13.0
2017,17,NO,-1.3467685117502697,13.0,8.041999768858776,18.0
2017,17,NE,0.0,0.0,0.0,0.0
2017,17,NYJ,0.0,0.0,0.0,0.0
2017,17,LV,0.0,0.0,0.0,0.0
2017,17,LAC,0.0,0.0,0.0,0.0
2017,17,SF,0.0,0.0,0.0,0.0
2017,17,LA,0.0,0.0,0.0,0.0
2017,17,NYG,-5.619423108873889,10.0,-4.510256941430271,2.0
2017,17,WAS,-4.510256941430271,2.0,-5.619423108873889,10.0
2017,18,LA,0.0,0.0,0.0,0.0
2017,18,ATL,0.0,0.0,0.0,0.0
2017,18,BUF,-4.778276775905397,11.0,-6.427614012092818,9.0
2017,18,JAX,-6.427614012092818,9.0,-4.778276775905397,11.0
2017,18,NO,-2.7574566086404957,9.0,-1.6065763832282978,10.0
2017,18,CAR,-1.6065763832282978,10.0,-2.7574566086404957,9.0
2017,18,KC,-3.9662067556055263,8.0,-1.862943309592083,7.0
2017,18,TEN,-1.862943309592083,7.0,-3.9662067556055263,8.0
2017,19,PHI,0.011960198753513396,5.0,-1.6948690364370123,12.0
2017,19,ATL,-1.6948690364370123,12.0,0.011960198753513396,5.0
2017,19,JAX,4.681030690902844,7.0,0.1351460062152663,2.0
2017,19,PIT,0.1351460062152663,2.0,4.681030690902844,7.0
2017,19,NO,4.90896591200924,16.0,7.43521230218187,17.0
2017,19,MIN,7.43521230218187,17.0,4.90896591200924,16.0
2017,19,NE,0.0,0.0,0.0,0.0
2017,19,TEN,0.0,0.0,0.0,0.0
2017,20,NE,1.2554149214853045,12.0,-2.8061474923742935,7.0
2017,20,JAX,-2.8061474923742935,7.0,1.2554149214853045,12.0
2017,20,MIN,0.0,0.0,0.0,0.0
2017,20,PHI,0.0,0.0,0.0,0.0
2017,21,PHI,3.560980411290191,12.0,-5.126723818597384,13.0
2017,21,NE,-5.126723818597384,13.0,3.560980411290191,12.0
2018,1,ATL,-0.6877761285286397,14.0,5.987839891153388,9.0
2018,1,PHI,5.987839891153388,9.0,-0.6877761285286397,14.0
2018,1,BAL,0.0,0.0,0.0,0.0
2018,1,BUF,0.0,0.0,0.0,0.0
2018,1,GB,3.206152247862143,11.0,-2.1722057286824565,19.0
2018,1,CHI,-2.1722057286824565,19.0,3.206152247862143,11.0
2018,1,CIN,-1.5148799915332347,4.0,-8.016615198808722,14.0
2018,1,IND,-8.016615198808722,14.0,-1.5148799915332347,4.0
2018,1,DAL,-7.755175231664907,13.0,-7.063643936475273,8.0
2018,1,CAR,-7.063643936475273,8.0,-7.755175231664907,13.0
2018,1,NE,-0.9319635811843909,7.0,0.21731417176541656,7.0
2018,1,HOU,0.21731417176541656,7.0,-0.9319635811843909,7.0
2018,1,JAX,-2.6892913032788783,9.0,-1.6591778779402375,7.0
2018,1,NYG,-1.6591778779402375,7.0,-2.6892913032788783,9.0
2018,1,LAC,0.0,0.0,0.0,0.0
2018,1,KC,0.0,0.0,0.0,0.0
2018,1,LA,0.0,0.0,0.0,0.0
2018,1,LV,0.0,0.0,0.0,0.0
2018,1,NYJ,0.0,0.0,0.0,0.0
2018,1,DET,0.0,0.0,0.0,0.0
2018,1,PIT,-9.571307011821773,24.0,-1.6764015783113915,19.0
2018,1,CLE,-1.6764015783113915,19.0,-9.571307011821773,24.0
2018,1,DEN,-0.664465353358537,8.0,-0.5404392066411674,8.0
2018,1,SEA,-0.5404392066411674,8.0,-0.664465353358537,8.0
2018,1,MIN,-6.563114103395492,12.0,-4.907998801325448,2.0
2018,1,SF,-4.907998801325448,2.0,-6.563114103395492,12.0
2018,1,NO,0.0,0.0,-0.8489249569829553,7.0
2018,1,TB,-0.8489249569829553,7.0,0.0,0.0
2018,1,TEN,0.0,0.0,0.25744343793485314,4.0
2018,1,MIA,0.25744343793485314,4.0,0.0,0.0
2018,1,WAS,0.0,0.0,0.0,0.0
2018,1,ARI,0.0,0.0,0.0,0.0
2018,2,LA,0.0,0.0,0.0,0.0
2018,2,ARI,0.0,0.0,0.0,0.0
2018,2,BAL,-4.401340760057792,4.0,-0.9454940257128328,7.0
2018,2,CIN,-0.9454940257128328,7.0,-4.401340760057792,4.0
2018,2,CAR,-0.35369548716085797,10.0,-1.6360899929422885,5.0
2018,2,ATL,-1.6360899929422885,5.0,-0.35369548716085797,10.0
2018,2,CLE,4.42658334004425,12.0,5.363906522616278,13.0
2018,2,NO,5.363906522616278,13.0,4.42658334004425,12.0
2018,2,DET,-1.4257317321165952,8.0,-2.350942825025413,10.0
2018,2,SF,-2.350942825025413,10.0,-1.4257317321165952,8.0
2018,2,HOU,-0.46962362783961,6.0,0.5272107932250947,11.0
2018,2,TEN,0.5272107932250947,11.0,-0.46962362783961,6.0
2018,2,IND,0.0,0.0,0.0,0.0
2018,2,WAS,0.0,0.0,0.0,0.0
2018,2,PIT,0.06757300310763314,1.0,-0.6685759933898225,8.0
2018,2,KC,-0.6685759933898225,8.0,0.06757300310763314,1.0
2018,2,LAC,0.0,0.0,0.0,0.0
2018,2,BUF,0.0,0.0,0.0,0.0
2018,2,MIA,-2.2610216512111947,10.0,0.0,0.0
2018,2,NYJ,0.0,0.0,-2.2610216512111947,10.0
2018,2,GB,-4.3748443973308895,20.0,1.7629532274587545,21.0
2018,2,MIN,1.7629532274587545,21.0,-4.3748443973308895,20.0
2018,2,NE,0.0,0.0,0.0,0.0
2018,2,JAX,0.0,0.0,0.0,0.0
2018,2,DAL,-0.09669898496940732,2.0,0.0,0.0
2018,2,NYG,0.0,0.0,-0.09669898496940732,2.0
2018,2,LV,-2.524393762665568,11.0,2.3971274083014578,11.0
2018,2,DEN,2.3971274083014578,11.0,-2.524393762665568,11.0
2018,2,TB,-0.8040323084569536,11.0,0.08731344393216789,4.0
2018,2,PHI,0.08731344393216789,4.0,-0.8040323084569536,11.0
2018,2,SEA,0.06757300310763314,1.0,-0.04006916767684743,2.0
2018,2,CHI,-0.04006916767684743,2.0,0.06757300310763314,1.0
2018,3,BUF,0.0,0.0,0.0,0.0
2018,3,MIN,0.0,0.0,0.0,0.0
2018,3,ARI,-2.49429715576116,14.0,-0.644805285637156,5.0
2018,3,CHI,-0.644805285637156,5.0,-2.49429715576116,14.0
2018,3,CAR,-1.4079917456256226,9.0,-2.655134426546283,2.0
2018,3,CIN,-2.655134426546283,2.0,-1.4079917456256226,9.0
2018,3,DAL,0.0,0.0,0.0,0.0
2018,3,SEA,0.0,0.0,0.0,0.0
2018,3,BAL,0.0,0.0,0.0,0.0
2018,3,DEN,0.0,0.0,0.0,0.0
2018,3,WAS,0.0,0.0,0.0,0.0
2018,3,GB,0.0,0.0,0.0,0.0
2018,3,IND,-1.3860198196489364,18.0,4.303448779436245,10.0
2018,3,PHI,4.303448779436245,10.0,-1.3860198196489364,18.0
2018,3,LA,0.0,0.0,0.0,0.0
2018,3,LAC,0.0,0.0,0.0,0.0
2018,3,NE,0.0,0.0,0.0,0.0
2018,3,DET,0.0,0.0,0.0,0.0
2018,3,NO,6.773869298782975,15.0,-0.9235733246896416,7.0
2018,3,ATL,-0.9235733246896416,7.0,6.773869298782975,15.0
2018,3,HOU,0.06857135097992784,1.0,4.245483336679172,7.0
2018,3,NYG,4.245483336679172,7.0,0.06857135097992784,1.0
2018,3,CLE,1.3406801625829634,13.0,-3.6118406389141455,10.0
2018,3,NYJ,-3.6118406389141455,10.0,1.3406801625829634,13.0
2018,3,LV,-2.3375134431989864,5.0,6.065776225994341,4.0
2018,3,MIA,6.065776225994341,4.0,-2.3375134431989864,5.0
2018,3,PIT,-4.492243539658375,13.0,-2.0571125500136986,4.0
2018,3,TB,-2.0571125500136986,4.0,-4.492243539658375,13.0
2018,3,SF,0.0,0.0,0.0,0.0
2018,3,KC,0.0,0.0,0.0,0.0
2018,3,TEN,-2.5764526384300552,10.0,-1.6456435482250527,8.0
2018,3,JAX,-1.6456435482250527,8.0,-2.5764526384300552,10.0
2018,4,BAL,-1.1876428771647625,5.0,0.0,0.0
2018,4,PIT,0.0,0.0,-1.1876428771647625,5.0
2018,4,BUF,0.0,0.0,0.0,0.0
2018,4,GB,0.0,0.0,0.0,0.0
2018,4,ATL,-2.2750200133305043,9.0,4.787692251309752,19.0
2018,4,CIN,4.787692251309752,19.0,-2.2750200133305043,9.0
2018,4,LV,7.7678495920118875,28.0,1.9247037526300816,11.0
2018,4,CLE,1.9247037526300816,11.0,7.7678495920118875,28.0
2018,4,DET,5.487836854043726,5.0,1.7914241668768227,10.0
2018,4,DAL,1.7914241668768227,10.0,5.487836854043726,5.0
2018,4,IND,4.369464236821048,19.0,1.8500911958981305,23.0
2018,4,HOU,1.8500911958981305,23.0,4.369464236821048,19.0
2018,4,DEN,-1.3798388006398454,11.0,5.3890519650745645,12.0
2018,4,KC,5.3890519650745645,12.0,-1.3798388006398454,11.0
2018,4,MIA,0.0,0.0,0.0,0.0
2018,4,NE,0.0,0.0,0.0,0.0
2018,4,MIN,-3.8188875580672175,4.0,-4.695846039801836,7.0
2018,4,LA,-4.695846039801836,7.0,-3.8188875580672175,4.0
2018,4,NO,6.170685856603086,8.0,0.0,0.0
2018,4,NYG,0.0,0.0,6.170685856603086,8.0
2018,4,NYJ,0.0,0.0,0.0,0.0
2018,4,JAX,0.0,0.0,0.0,0.0
2018,4,TEN,3.0756039628759027,21.0,-1.292808094935026,12.0
2018,4,PHI,-1.292808094935026,12.0,3.0756039628759027,21.0
2018,4,SEA,1.333570427610539,7.0,-4.77007043530466,7.0
2018,4,ARI,-4.77007043530466,7.0,1.333570427610539,7.0
2018,4,LAC,-6.552331181708723,7.0,-4.015857369813602,3.0
2018,4,SF,-4.015857369813602,3.0,-6.552331181708723,7.0
2018,4,CHI,0.0,0.0,0.0,0.0
2018,4,TB,0.0,0.0,0.0,0.0
2018,5,SF,-8.20395692391321,1.0,0.06757300310763314,1.0
2018,5,ARI,0.06757300310763314,1.0,-8.20395692391321,1.0
2018,5,PIT,0.0,0.0,0.0,0.0
2018,5,ATL,0.0,0.0,0.0,0.0
2018,5,BAL,-2.2926007045898587,19.0,-0.7164034769521095,23.0
2018,5,CLE,-0.7164034769521095,23.0,-2.2926007045898587,19.0
2018,5,DAL,-3.18355230812449,6.0,0.7085000214865431,16.0
2018,5,HOU,0.7085000214865431,16.0,-3.18355230812449,6.0
2018,5,DEN,0.0,0.0,0.0,0.0
2018,5,NYJ,0.0,0.0,0.0,0.0
2018,5,DET,-0.083894511917606,2.0,0.0,0.0
2018,5,GB,0.0,0.0,-0.083894511917606,2.0
2018,5,NE,0.0,0.0,0.0,0.0
2018,5,IND,0.0,0.0,0.0,0.0
2018,5,JAX,0.0,0.0,0.0,0.0
2018,5,KC,0.0,0.0,0.0,0.0
2018,5,LA,-1.0484173870645463,7.0,-3.594657993526198,6.0
2018,5,SEA,-3.594657993526198,6.0,-1.0484173870645463,7.0
2018,5,MIA,-7.856823083944619,5.0,-1.9556585787795484,4.0
2018,5,CIN,-1.9556585787795484,4.0,-7.856823083944619,5.0
2018,5,MIN,-0.5097636168356985,7.0,0.06757300310763314,1.0
2018,5,PHI,0.06757300310763314,1.0,-0.5097636168356985,7.0
2018,5,NYG,5.8903389008924805,7.0,2.9490332542918622,16.0
2018,5,CAR,2.9490332542918622,16.0,5.8903389008924805,7.0
2018,5,LAC,0.0,0.0,0.0,0.0
2018,5,LV,0.0,0.0,0.0,0.0
2018,5,TEN,1.5459021882669481,1.0,2.0825460248161107,12.0
2018,5,BUF,2.0825460248161107,12.0,1.5459021882669481,1.0
2018,5,WAS,0.0,0.0,0.0,0.0
2018,5,NO,0.0,0.0,0.0,0.0
2018,6,ARI,0.0,0.0,0.0,0.0
2018,6,MIN,0.0,0.0,0.0,0.0
2018,6,TEN,0.0,0.0,0.0,0.0
2018,6,BAL,0.0,0.0,0.0,0.0
2018,6,BUF,-13.454939968069084,11.0,0.0006597068629523584,13.0
2018,6,HOU,0.0006597068629523584,13.0,-13.454939968069084,11.0
2018,6,CAR,-1.0037498802412301,13.0,-1.7072467188118026,5.0
2018,6,WAS,-1.7072467188118026,5.0,-1.0037498802412301,13.0
2018,6,MIA,5.447188436272505,13.0,-1.2936325139739107,17.0
2018,6,CHI,-1.2936325139739107,17.0,5.447188436272505,13.0
2018,6,IND,0.0,0.0,-0.6650592111982405,4.0
2018,6,NYJ,-0.6650592111982405,4.0,0.0,0.0
2018,6,JAX,0.0,0.0,0.0,0.0
2018,6,DAL,0.0,0.0,0.0,0.0
2018,6,NE,4.536712912493385,13.0,5.180110202855381,6.0
2018,6,KC,5.180110202855381,6.0,4.536712912493385,13.0
2018,6,CLE,0.0,0.0,0.0,0.0
2018,6,LAC,0.0,0.0,0.0,0.0
2018,6,DEN,0.06757300310763314,1.0,-1.6343904946697876,9.0
2018,6,LA,-1.6343904946697876,9.0,0.06757300310763314,1.0
2018,6,NYG,0.0,0.0,0.0,0.0
2018,6,PHI,0.0,0.0,0.0,0.0
2018,6,PIT,5.477011387804057,13.0,6.343742614627068,15.0
2018,6,CIN,6.343742614627068,15.0,5.477011387804057,13.0
2018,6,SEA,0.0,0.0,0.0,0.0
2018,6,LV,0.0,0.0,0.0,0.0
2018,6,SF,-3.5128247888642363,8.0,5.802864225741892,20.0
2018,6,GB,5.802864225741892,20.0,-3.5128247888642363,8.0
2018,6,TB,-0.4531493799525017,9.0,1.8385087446076795,9.0
2018,6,ATL,1.8385087446076795,9.0,-0.4531493799525017,9.0
2018,7,IND,0.0,0.0,0.0,0.0
2018,7,BUF,0.0,0.0,0.0,0.0
2018,7,PHI,-2.8656873772852123,11.0,6.89967699002656,13.0
2018,7,CAR,6.89967699002656,13.0,-2.8656873772852123,11.0
2018,7,CIN,0.0,0.0,0.0,0.0
2018,7,KC,0.0,0.0,0.0,0.0
2018,7,CLE,-0.3657272777776721,4.0,-2.646484102413524,26.0
2018,7,TB,-2.646484102413524,26.0,-0.3657272777776721,4.0
2018,7,DAL,-1.165992063018542,9.0,-2.134605117724277,5.0
2018,7,WAS,-2.134605117724277,5.0,-1.165992063018542,9.0
2018,7,ARI,0.0,0.0,0.0,0.0
2018,7,DEN,0.0,0.0,0.0,0.0
2018,7,MIA,0.0,0.0,0.5891533662797883,7.0
2018,7,DET,0.5891533662797883,7.0,0.0,0.0
2018,7,HOU,0.0,0.0,0.0,0.0
2018,7,JAX,0.0,0.0,0.0,0.0
2018,7,LA,0.0,0.0,0.0,0.0
2018,7,SF,0.0,0.0,0.0,0.0
2018,7,MIN,0.0,0.0,0.0,0.0
2018,7,NYJ,0.0,0.0,0.0,0.0
2018,7,NE,-0.9498722411808558,10.0,-0.0099120749650079,6.0
2018,7,CHI,-0.0099120749650079,6.0,-0.9498722411808558,10.0
2018,7,NO,1.5543053379375,11.0,3.001685706302475,21.0
2018,7,BAL,3.001685706302475,21.0,1.5543053379375,11.0
2018,7,ATL,2.0129013911355287,13.0,0.10599999999999998,2.0
2018,7,NYG,0.10599999999999998,2.0,2.0129013911355287,13.0
2018,7,TEN,6.163234695719555,15.0,-0.7809641832136549,3.0
2018,7,LAC,-0.7809641832136549,3.0,6.163234695719555,15.0
2018,8,BAL,0.0,0.0,0.0,0.0
2018,8,CAR,0.0,0.0,0.0,0.0
2018,8,CLE,0.0,0.0,0.0,0.0
2018,8,PIT,0.0,0.0,0.0,0.0
2018,8,DEN,0.047923143312800676,1.0,-0.5978048259275965,6.0
2018,8,KC,-0.5978048259275965,6.0,0.047923143312800676,1.0
2018,8,GB,-4.636969276878517,1.0,-3.6801454192609526,11.0
2018,8,LA,-3.6801454192609526,11.0,-4.636969276878517,1.0
2018,8,IND,3.329464355367236,4.0,0.0,0.0
2018,8,LV,0.0,0.0,3.329464355367236,4.0
2018,8,MIA,0.0,0.0,0.0,0.0
2018,8,HOU,0.0,0.0,0.0,0.0
2018,8,NE,0.0,0.0,0.0,0.0
2018,8,BUF,0.0,0.0,0.0,0.0
2018,8,NO,0.0,0.0,0.0,0.0
2018,8,MIN,0.0,0.0,0.0,0.0
2018,8,NYJ,0.0,0.0,0.0,0.0
2018,8,CHI,0.0,0.0,0.0,0.0
2018,8,PHI,-2.2978356462554075,7.0,-3.8753542404738255,7.0
2018,8,JAX,-3.8753542404738255,7.0,-2.2978356462554075,7.0
2018,8,SEA,0.0,0.0,0.0,0.0
2018,8,DET,0.0,0.0,0.0,0.0
2018,8,SF,-3.5266725722467527,13.0,3.8466340143205597,15.0
2018,8,ARI,3.8466340143205597,15.0,-3.5266725722467527,13.0
2018,8,CIN,-0.13332186418119818,15.0,7.441002410065383,11.0
2018,8,TB,7.441002410065383,11.0,-0.13332186418119818,15.0
2018,8,WAS,6.202432852238417,6.0,0.06757300310763314,1.0
2018,8,NYG,0.06757300310763314,1.0,6.202432852238417,6.0
2018,9,WAS,0.0,0.0,0.0,0.0
2018,9,ATL,0.0,0.0,0.0,0.0
2018,9,CHI,0.0,0.0,0.0,0.0
2018,9,BUF,0.0,0.0,0.0,0.0
2018,9,MIN,0.0,0.0,0.0,0.0
2018,9,DET,0.0,0.0,0.0,0.0
2018,9,NE,0.0,0.0,0.0,0.0
2018,9,GB,0.0,0.0,0.0,0.0
2018,9,HOU,-1.6139570021769032,5.0,-0.2500171293504536,16.0
2018,9,DEN,-0.2500171293504536,16.0,-1.6139570021769032,5.0
2018,9,CLE,0.0,0.0,0.0,0.0
2018,9,KC,0.0,0.0,0.0,0.0
2018,9,SEA,-0.6505162722896785,10.0,-1.347793446853757,5.0
2018,9,LAC,-1.347793446853757,5.0,-0.6505162722896785,10.0
2018,9,NO,6.016691889730282,3.0,0.18042152479756624,1.0
2018,9,LA,0.18042152479756624,1.0,6.016691889730282,3.0
2018,9,MIA,-2.7500464885379188,6.0,-2.9207952434080653,12.0
2018,9,NYJ,-2.9207952434080653,12.0,-2.7500464885379188,6.0
2018,9,LV,0.0,0.0,0.0,0.0
2018,9,SF,0.0,0.0,0.0,0.0
2018,9,BAL,-0.29344271682202816,6.0,-0.864587361458689,9.0
2018,9,PIT,-0.864587361458689,9.0,-0.29344271682202816,6.0
2018,9,TB,0.0,0.0,0.0,0.0
2018,9,CAR,0.0,0.0,0.0,0.0
2018,9,DAL,0.0,0.0,2.4674018748337403,2.0
2018,9,TEN,2.4674018748337403,2.0,0.0,0.0
2018,10,KC,0.0,0.0,0.0,0.0
2018,10,ARI,0.0,0.0,0.0,0.0
2018,10,CLE,0.0,0.0,0.0,0.0
2018,10,ATL,0.0,0.0,0.0,0.0
2018,10,BUF,0.0,0.0,0.0,0.0
2018,10,NYJ,0.0,0.0,0.0,0.0
2018,10,CAR,0.0,0.0,0.0,0.0
2018,10,PIT,0.0,0.0,0.0,0.0
2018,10,PHI,-2.175830522319302,14.0,0.7761735827521865,8.0
2018,10,DAL,0.7761735827521865,8.0,-2.175830522319302,14.0
2018,10,CHI,0.0,0.0,0.0,0.0
2018,10,DET,0.0,0.0,0.0,0.0
2018,10,IND,-3.0181797228287905,9.0,-2.5251494869589806,9.0
2018,10,JAX,-2.5251494869589806,9.0,-3.0181797228287905,9.0
2018,10,LV,0.0,0.0,0.0,0.0
2018,10,LAC,0.0,0.0,0.0,0.0
2018,10,MIA,0.0,0.0,0.0,0.0
2018,10,GB,0.0,0.0,0.0,0.0
2018,10,TEN,0.0,0.0,0.0,0.0
2018,10,NE,0.0,0.0,0.0,0.0
2018,10,NO,0.0,0.0,0.0,0.0
2018,10,CIN,0.0,0.0,0.0,0.0
2018,10,NYG,5.959400194100986,15.0,-1.5130211162613705,14.0
2018,10,SF,-1.5130211162613705,14.0,5.959400194100986,15.0
2018,10,SEA,-0.6021775193652625,8.0,-1.4205334545113146,7.0
2018,10,LA,-1.4205334545113146,7.0,-0.6021775193652625,8.0
2018,10,TB,0.0,0.0,0.0,0.0
2018,10,WAS,0.0,0.0,0.0,0.0
2018,11,CAR,3.7709025809746235,10.0,-2.776875455863774,7.0
2018,11,DET,-2.776875455863774,7.0,3.7709025809746235,10.0
2018,11,CIN,-6.9142212375300005,9.0,-3.590086456912104,8.0
2018,11,BAL,-3.590086456912104,8.0,-6.9142212375300005,9.0
2018,11,ATL,5.561077022203554,7.0,0.11786088603548706,14.0
2018,11,DAL,0.11786088603548706,14.0,5.561077022203554,7.0
2018,11,DEN,0.7074704841943458,13.0,-0.7383517288835719,7.0
2018,11,LAC,-0.7383517288835719,7.0,0.7074704841943458,13.0
2018,11,SEA,-0.6237658632453531,7.0,-1.3494566699955612,2.0
2018,11,GB,-1.3494566699955612,2.0,-0.6237658632453531,7.0
2018,11,WAS,-1.805548083211761,8.0,-3.133971806091722,11.0
2018,11,HOU,-3.133971806091722,11.0,-1.805548083211761,8.0
2018,11,LA,4.890457600981414,14.0,6.064471093050621,15.0
2018,11,KC,6.064471093050621,15.0,4.890457600981414,14.0
2018,11,MIN,-0.947,1.0,2.0281632764963433,12.0
2018,11,CHI,2.0281632764963433,12.0,-0.947,1.0
2018,11,ARI,-4.914217797166202,9.0,-2.812486713810358,17.0
2018,11,LV,-2.812486713810358,17.0,-4.914217797166202,9.0
2018,11,PHI,0.0,0.0,0.0,0.0
2018,11,NO,0.0,0.0,0.0,0.0
2018,11,PIT,5.800884397672392,11.0,-2.2043102917959914,7.0
2018,11,JAX,-2.2043102917959914,7.0,5.800884397672392,11.0
2018,11,NYG,5.251347154669929,11.0,0.020160253320306243,2.0
2018,11,TB,0.020160253320306243,2.0,5.251347154669929,11.0
2018,11,TEN,0.0,0.0,0.0,0.0
2018,11,IND,0.0,0.0,0.0,0.0
2018,12,ARI,0.0,0.0,0.0,0.0
2018,12,LAC,0.0,0.0,0.0,0.0
2018,12,NO,0.0,0.0,0.0,0.0
2018,12,ATL,0.0,0.0,0.0,0.0
2018,12,DET,-2.6301955113885924,9.0,-0.7893047642428428,4.0
2018,12,CHI,-0.7893047642428428,4.0,-2.6301955113885924,9.0
2018,12,CLE,0.0,0.0,0.0,0.0
2018,12,CIN,0.0,0.0,0.0,0.0
2018,12,MIN,-1.1320588880917057,6.0,0.0,0.0
2018,12,GB,0.0,0.0,-1.1320588880917057,6.0
2018,12,BUF,-2.3224717269768007,8.0,0.06757300310763314,1.0
2018,12,JAX,0.06757300310763314,1.0,-2.3224717269768007,8.0
2018,12,MIA,-2.954792022588663,5.0,3.0380385640080383,9.0
2018,12,IND,3.0380385640080383,9.0,-2.954792022588663,5.0
2018,12,NYJ,0.0,0.0,0.0,0.0
2018,12,NE,0.0,0.0,0.0,0.0
2018,12,NYG,-0.10964403548859991,4.0,0.564276811433956,8.0
2018,12,PHI,0.564276811433956,8.0,-0.10964403548859991,4.0
2018,12,LV,0.0,0.0,0.0,0.0
2018,12,BAL,0.0,0.0,0.0,0.0
2018,12,DEN,-0.31001543754246086,5.0,-1.9380465227877721,10.0
2018,12,PIT,-1.9380465227877721,10.0,-0.31001543754246086,5.0
2018,12,SEA,6.20492992269336,12.0,-2.6909278291277587,9.0
2018,12,CAR,-2.6909278291277587,9.0,6.20492992269336,12.0
2018,12,TB,0.0,0.0,0.0,0.0
2018,12,SF,0.0,0.0,0.0,0.0
2018,12,TEN,0.0,0.0,0.0,0.0
2018,12,HOU,0.0,0.0,0.0,0.0
2018,12,DAL,-0.7225245989393443,3.0,0.0,0.0
2018,12,WAS,0.0,0.0,-0.7225245989393443,3.0
2018,13,GB,-0.9575779946753755,13.0,3.5257777217775583,11.0
2018,13,ARI,3.5257777217775583,11.0,-0.9575779946753755,13.0
2018,13,ATL,0.0,0.0,0.0,0.0
2018,13,BAL,0.0,0.0,0.0,0.0
2018,13,MIA,-2.651196211227216,6.0,-4.8609679318615235,10.0
2018,13,BUF,-4.8609679318615235,10.0,-2.651196211227216,6.0
2018,13,TB,-3.3808605513186194,8.0,-2.918063905846793,14.0
2018,13,CAR,-2.918063905846793,14.0,-3.3808605513186194,8.0
2018,13,CHI,1.167806382684454,18.0,-6.942955427453853,12.0
2018,13,NYG,-6.942955427453853,12.0,1.167806382684454,18.0
2018,13,HOU,0.0,0.0,0.0,0.0
2018,13,CLE,0.0,0.0,0.0,0.0
2018,13,DEN,0.0,0.0,0.0,0.0
2018,13,CIN,0.0,0.0,0.0,0.0
2018,13,JAX,-1.6037034917389974,4.0,-3.5167282458860427,14.0
2018,13,IND,-3.5167282458860427,14.0,-1.6037034917389974,4.0
2018,13,LV,0.0,0.0,5.656051206809934,12.0
2018,13,KC,5.656051206809934,12.0,0.0,0.0
2018,13,LAC,2.046934340381995,14.0,2.4544457827438113,3.0
2018,13,PIT,2.4544457827438113,3.0,2.046934340381995,14.0
2018,13,LA,5.9167050127871335,6.0,0.0,0.0
2018,13,DET,0.0,0.0,5.9167050127871335,6.0
2018,13,MIN,0.0,0.0,0.0,0.0
2018,13,NE,0.0,0.0,0.0,0.0
2018,13,DAL,-9.460644217033405,11.0,-5.123800753324758,2.0
2018,13,NO,-5.123800753324758,2.0,-9.460644217033405,11.0
2018,13,TEN,5.359868626911144,14.0,-2.7950660305214114,12.0
2018,13,NYJ,-2.7950660305214114,12.0,5.359868626911144,14.0
2018,13,SF,0.0,0.0,0.0,0.0
2018,13,SEA,0.0,0.0,0.0,0.0
2018,13,PHI,0.0,0.0,0.0,0.0
2018,13,WAS,0.0,0.0,0.0,0.0
2018,14,ATL,0.0,0.0,0.0,0.0
2018,14,GB,0.0,0.0,0.0,0.0
2018,14,KC,2.801826613941181,20.0,-2.42061432865686,19.0
2018,14,BAL,-2.42061432865686,19.0,2.801826613941181,20.0
2018,14,CAR,-5.530439112975728,6.0,-2.152044800983276,8.0
2018,14,CLE,-2.152044800983276,8.0,-5.530439112975728,6.0
2018,14,LAC,2.128916924353689,5.0,3.0835012606550007,13.0
2018,14,CIN,3.0835012606550007,13.0,2.128916924353689,5.0
2018,14,SF,-0.8021236335043795,12.0,-0.02258121066498786,2.0
2018,14,DEN,-0.02258121066498786,2.0,-0.8021236335043795,12.0
2018,14,DET,1.6221042415127158,2.0,0.0,0.0
2018,14,ARI,0.0,0.0,1.6221042415127158,2.0
2018,14,IND,-1.083242391468957,9.0,0.06857135097992784,1.0
2018,14,HOU,0.06857135097992784,1.0,-1.083242391468957,9.0
2018,14,TEN,0.0,0.0,0.0,0.0
2018,14,JAX,0.0,0.0,0.0,0.0
2018,14,CHI,0.0,0.0,0.0,0.0
2018,14,LA,0.0,0.0,0.0,0.0
2018,14,MIN,0.0,0.0,5.821408314397559,6.0
2018,14,SEA,5.821408314397559,6.0,0.0,0.0
2018,14,NE,1.8819348644465208,13.0,5.078845470328815,4.0
2018,14,MIA,5.078845470328815,4.0,1.8819348644465208,13.0
2018,14,TB,0.0,0.0,0.0,0.0
2018,14,NO,0.0,0.0,0.0,0.0
2018,14,WAS,0.0,0.0,0.0,0.0
2018,14,NYG,0.0,0.0,0.0,0.0
2018,14,BUF,-0.3212236653198488,9.0,4.734434259168289,12.0
2018,14,NYJ,4.734434259168289,12.0,-0.3212236653198488,9.0
2018,14,DAL,7.6089117750877815,19.0,9.546450587525651,15.0
2018,14,PHI,9.546450587525651,15.0,7.6089117750877815,19.0
2018,14,LV,5.952901376164469,10.0,5.52339586116485,10.0
2018,14,PIT,5.52339586116485,10.0,5.952901376164469,10.0
2018,15,ATL,0.0,0.0,0.0,0.0
2018,15,ARI,0.0,0.0,0.0,0.0
2018,15,DEN,-2.1231404644940644,10.0,-3.2453283926588483,10.0
2018,15,CLE,-3.2453283926588483,10.0,-2.1231404644940644,10.0
2018,15,DAL,0.0,0.0,0.0,0.0
2018,15,IND,0.0,0.0,0.0,0.0
2018,15,BUF,-1.4278495039325207,10.0,-1.962043397128582,4.0
2018,15,DET,-1.962043397128582,4.0,-1.4278495039325207,10.0
2018,15,CHI,-0.040255388244986534,2.0,0.0,0.0
2018,15,GB,0.0,0.0,-0.040255388244986534,2.0
2018,15,NYJ,-6.6195598695916615,11.0,3.577924764933947,15.0
2018,15,HOU,3.577924764933947,15.0,-6.6195598695916615,11.0
2018,15,LAC,6.277293482475866,12.0,-2.5742874840507284,7.0
2018,15,KC,-2.5742874840507284,7.0,6.277293482475866,12.0
2018,15,MIN,0.0,0.0,0.0,0.0
2018,15,MIA,0.0,0.0,0.0,0.0
2018,15,PIT,2.7326916088350117,10.0,-1.4532164270058274,13.0
2018,15,NE,-1.4532164270058274,13.0,2.7326916088350117,10.0
2018,15,CAR,-2.47235639434075,7.0,-5.553825026086997,9.0
2018,15,NO,-5.553825026086997,9.0,-2.47235639434075,7.0
2018,15,LV,0.0,0.0,2.5662032670807093,2.0
2018,15,CIN,2.5662032670807093,2.0,0.0,0.0
2018,15,LA,-1.1641182488669197,8.0,-1.9511539319064468,11.0
2018,15,PHI,-1.9511539319064468,11.0,-1.1641182488669197,8.0
2018,15,SF,-3.7082848508725874,12.0,-3.0075181163847446,13.0
2018,15,SEA,-3.0075181163847446,13.0,-3.7082848508725874,12.0
2018,15,TB,0.0,0.0,-1.982827651372645,8.0
2018,15,BAL,-1.982827651372645,8.0,0.0,0.0
2018,15,TEN,0.0,0.0,0.0,0.0
2018,15,NYG,0.0,0.0,0.0,0.0
2018,15,WAS,1.0521641097730026,8.0,-4.021078439545818,5.0
2018,15,JAX,-4.021078439545818,5.0,1.0521641097730026,8.0
2018,16,CAR,0.0,0.0,0.0,0.0
2018,16,ATL,0.0,0.0,0.0,0.0
2018,16,LAC,-9.801054166804533,3.0,-2.427364736038726,4.0
2018,16,BAL,-2.427364736038726,4.0,-9.801054166804533,3.0
2018,16,BUF,0.0,0.0,0.0,0.0
2018,16,NE,0.0,0.0,0.0,0.0
2018,16,CHI,-0.5610305338632315,9.0,-0.8066272994037718,6.0
2018,16,SF,-0.8066272994037718,6.0,-0.5610305338632315,9.0
2018,16,CLE,-0.49447647959459573,7.0,0.0,0.0
2018,16,CIN,0.0,0.0,-0.49447647959459573,7.0
2018,16,LV,0.0,0.0,0.0,0.0
2018,16,DEN,0.0,0.0,0.0,0.0
2018,16,NYJ,2.105661347624846,14.0,7.232964124487014,15.0
2018,16,GB,7.232964124487014,15.0,2.105661347624846,14.0
2018,16,HOU,6.3918942648171395,10.0,0.8713797843083739,17.0
2018,16,PHI,0.8713797843083739,17.0,6.3918942648171395,10.0
2018,16,MIA,0.0,0.0,0.0,0.0
2018,16,JAX,0.0,0.0,0.0,0.0
2018,16,KC,1.053,1.0,5.653112295549363,13.0
2018,16,SEA,5.653112295549363,13.0,1.053,1.0
2018,16,LA,0.0,0.0,0.0,0.0
2018,16,ARI,0.0,0.0,0.0,0.0
2018,16,DET,0.0,0.0,0.0,0.0
2018,16,MIN,0.0,0.0,0.0,0.0
2018,16,IND,5.033861247974292,12.0,-0.48815004114294425,6.0
2018,16,NYG,-0.48815004114294425,6.0,5.033861247974292,12.0
2018,16,PIT,-3.7531276258523576,12.0,4.147963723286171,14.0
2018,16,NO,4.147963723286171,14.0,-3.7531276258523576,12.0
2018,16,TB,0.06857135097992784,1.0,-0.6420343194622546,5.0
2018,16,DAL,-0.6420343194622546,5.0,0.06857135097992784,1.0
2018,16,WAS,-8.547106045123655,10.0,0.14419622604381077,6.0
2018,16,TEN,0.14419622604381077,6.0,-8.547106045123655,10.0
2018,17,ARI,0.213791606889572,6.0,2.2549801159184426,9.0
2018,17,SEA,2.2549801159184426,9.0,0.213791606889572,6.0
2018,17,TB,0.0,0.0,2.6282919654622674,12.0
2018,17,ATL,2.6282919654622674,12.0,0.0,0.0
2018,17,CAR,0.0,0.0,0.0,0.0
2018,17,NO,0.0,0.0,0.0,0.0
2018,17,MIN,0.0,0.0,0.0,0.0
2018,17,CHI,0.0,0.0,0.0,0.0
2018,17,PIT,-1.2106875267345458,12.0,-2.5883548739366233,6.0
2018,17,CIN,-2.5883548739366233,6.0,-1.2106875267345458,12.0
2018,17,CLE,-0.7895174777508269,9.0,-1.6337272933451459,7.0
2018,17,BAL,-1.6337272933451459,7.0,-0.7895174777508269,9.0
2018,17,NYG,-1.889321711772403,14.0,-0.5848578799194657,16.0
2018,17,DAL,-0.5848578799194657,16.0,-1.889321711772403,14.0
2018,17,DET,0.0,0.0,0.0,0.0
2018,17,GB,0.0,0.0,0.0,0.0
2018,17,TEN,0.0,0.0,-1.6174055444425903,3.0
2018,17,IND,-1.6174055444425903,3.0,0.0,0.0
2018,17,HOU,0.0,0.0,0.0,0.0
2018,17,JAX,0.0,0.0,0.0,0.0
2018,17,LAC,0.0,0.0,0.0,0.0
2018,17,DEN,0.0,0.0,0.0,0.0
2018,17,BUF,0.0,0.0,0.0,0.0
2018,17,MIA,0.0,0.0,0.0,0.0
2018,17,NE,0.0,0.0,0.0,0.0
2018,17,NYJ,0.0,0.0,0.0,0.0
2018,17,KC,0.0,0.0,0.0,0.0
2018,17,LV,0.0,0.0,0.0,0.0
2018,17,WAS,0.0,0.0,0.0,0.0
2018,17,PHI,0.0,0.0,0.0,0.0
2018,17,SF,0.0,0.0,0.0,0.0
2018,17,LA,0.0,0.0,0.0,0.0
2018,18,IND,0.0,0.0,0.0,0.0
2018,18,HOU,0.0,0.0,0.0,0.0
2018,18,BAL,-2.396816827196211,4.0,-3.1875230180448852,7.0
2018,18,LAC,-3.1875230180448852,7.0,-2.396816827196211,4.0
2018,18,PHI,4.248457629975863,14.0,-0.8955374053912237,8.0
2018,18,CHI,-0.8955374053912237,8.0,4.248457629975863,14.0
2018,18,DAL,3.109696735162288,10.0,1.053,1.0
2018,18,SEA,1.053,1.0,3.109696735162288,10.0
2018,19,LA,-1.199711196939461,8.0,0.0,0.0
2018,19,DAL,0.0,0.0,-1.199711196939461,8.0
2018,19,IND,0.0,0.0,0.0,0.0
2018,19,KC,0.0,0.0,0.0,0.0
2018,19,NE,0.0,0.0,0.0,0.0
2018,19,LAC,0.0,0.0,0.0,0.0
2018,19,NO,-7.1173512864043005,8.0,-3.4626636020839214,5.0
2018,19,PHI,-3.4626636020839214,5.0,-7.1173512864043005,8.0
2018,20,NO,1.3502194032189436,11.0,1.7026464629452676,10.0
2018,20,LA,1.7026464629452676,10.0,1.3502194032189436,11.0
2018,20,NE,8.550622248819465,16.0,9.03174954785262,14.0
2018,20,KC,9.03174954785262,14.0,8.550622248819465,16.0
2018,21,NE,3.108762554009445,9.0,-4.023805217409972,2.0
2018,21,LA,-4.023805217409972,2.0,3.108762554009445,9.0
2019,1,ATL,0.0,0.0,0.0,0.0
2019,1,MIN,0.0,0.0,0.0,0.0
2019,1,BAL,0.0,0.0,0.0,0.0
2019,1,MIA,0.0,0.0,0.0,0.0
2019,1,BUF,2.755477309620425,11.0,-3.3112917509279214,12.0
2019,1,NYJ,-3.3112917509279214,12.0,2.755477309620425,11.0
2019,1,CIN,-1.7254727175750304,7.0,-0.9904644112393726,9.0
2019,1,SEA,-0.9904644112393726,9.0,-1.7254727175750304,7.0
2019,1,LV,-0.9282503575086594,6.0,0.0,0.0
2019,1,DEN,0.0,0.0,-0.9282503575086594,6.0
2019,1,DET,-5.224803639168385,24.0,4.70009595462773,22.0
2019,1,ARI,4.70009595462773,22.0,-5.224803639168385,24.0
2019,1,GB,-6.423194288567174,6.0,-7.57300726819085,16.0
2019,1,CHI,-7.57300726819085,16.0,-6.423194288567174,6.0
2019,1,HOU,4.673168613823831,7.0,5.338644520263188,15.0
2019,1,NO,5.338644520263188,15.0,4.673168613823831,7.0
2019,1,LAC,-0.45516210194909945,8.0,8.250485870914535,11.0
2019,1,IND,8.250485870914535,11.0,-0.45516210194909945,8.0
2019,1,KC,0.0,0.0,0.0,0.0
2019,1,JAX,0.0,0.0,0.0,0.0
2019,1,CAR,0.06757300310763314,1.0,-0.6187979148235172,5.0
2019,1,LA,-0.6187979148235172,5.0,0.06757300310763314,1.0
2019,1,DAL,0.0,0.0,0.0,0.0
2019,1,NYG,0.0,0.0,0.0,0.0
2019,1,NE,0.0,0.0,0.0,0.0
2019,1,PIT,0.0,0.0,0.0,0.0
2019,1,TB,-7.973369109791452,3.0,2.263525622198358,9.0
2019,1,SF,2.263525622198358,9.0,-7.973369109791452,3.0
2019,1,CLE,0.0,0.0,0.0,0.0
2019,1,TEN,0.0,0.0,0.0,0.0
2019,1,WAS,0.06757300310763314,1.0,-0.02463006167090498,2.0
2019,1,PHI,-0.02463006167090498,2.0,0.06757300310763314,1.0
2019,2,ARI,-1.9750897228368558,6.0,-3.9637568168109283,12.0
2019,2,BAL,-3.9637568168109283,12.0,-1.9750897228368558,6.0
2019,2,NYG,0.0,0.0,0.0,0.0
2019,2,BUF,0.0,0.0,0.0,0.0
2019,2,DEN,1.394619799925637,16.0,1.071164790831972,14.0
2019,2,CHI,1.071164790831972,14.0,1.394619799925637,16.0
2019,2,CLE,0.0,0.0,0.0,0.0
2019,2,NYJ,0.0,0.0,0.0,0.0
2019,2,WAS,0.0,0.0,0.0,0.0
2019,2,DAL,0.0,0.0,0.0,0.0
2019,2,TEN,-2.4395386687247083,12.0,-1.3013098914956696,12.0
2019,2,IND,-1.3013098914956696,12.0,-2.4395386687247083,12.0
2019,2,JAX,4.378105145806447,16.0,-3.5252304148161784,7.0
2019,2,HOU,-3.5252304148161784,7.0,4.378105145806447,16.0
2019,2,LV,0.0,0.0,0.0,0.0
2019,2,KC,0.0,0.0,0.0,0.0
2019,2,LAC,-2.7057105029234663,8.0,-0.8617969689657912,4.0
2019,2,DET,-0.8617969689657912,4.0,-2.7057105029234663,8.0
2019,2,GB,-0.8868774445727468,11.0,-1.4695407920517027,5.0
2019,2,MIN,-1.4695407920517027,5.0,-0.8868774445727468,11.0
2019,2,MIA,0.0,0.0,0.0,0.0
2019,2,NE,0.0,0.0,0.0,0.0
2019,2,NO,0.0,0.0,0.0,0.0
2019,2,LA,0.0,0.0,0.0,0.0
2019,2,ATL,5.999063190748293,10.0,1.744914477123646,16.0
2019,2,PHI,1.744914477123646,16.0,5.999063190748293,10.0
2019,2,PIT,0.0,0.0,-1.6241991673596203,12.0
2019,2,SEA,-1.6241991673596203,12.0,0.0,0.0
2019,2,CIN,0.0,0.0,0.0,0.0
2019,2,SF,0.0,0.0,0.0,0.0
2019,2,TB,-0.558939395705238,8.0,-0.5562227854970843,13.0
2019,2,CAR,-0.5562227854970843,13.0,-0.558939395705238,8.0
2019,3,IND,-0.9383105115266517,10.0,0.06857135097992784,1.0
2019,3,ATL,0.06857135097992784,1.0,-0.9383105115266517,10.0
2019,3,KC,-2.2760644002701156,10.0,-0.947,1.0
2019,3,BAL,-0.947,1.0,-2.2760644002701156,10.0
2019,3,CAR,0.0,0.0,0.0,0.0
2019,3,ARI,0.0,0.0,0.0,0.0
2019,3,CHI,0.0,0.0,0.0,0.0
2019,3,WAS,0.0,0.0,0.0,0.0
2019,3,BUF,6.362713933093424,10.0,0.0225287940589034,12.0
2019,3,CIN,0.0225287940589034,12.0,6.362713933093424,10.0
2019,3,GB,0.0,0.0,0.0,0.0
2019,3,DEN,0.0,0.0,0.0,0.0
2019,3,PHI,-8.48112074349774,9.0,-9.522395642183255,12.0
2019,3,DET,-9.522395642183255,12.0,-8.48112074349774,9.0
2019,3,LAC,-0.17424480943009257,15.0,0.8711849427781999,2.0
2019,3,HOU,0.8711849427781999,2.0,-0.17424480943009257,15.0
2019,3,CLE,-1.300112845201511,13.0,-3.653956917289179,4.0
2019,3,LA,-3.653956917289179,4.0,-1.300112845201511,13.0
2019,3,MIA,0.0,0.0,0.0,0.0
2019,3,DAL,0.0,0.0,0.0,0.0
2019,3,SEA,0.0,0.0,0.0,0.0
2019,3,NO,0.0,0.0,0.0,0.0
2019,3,TB,-2.5314107020385563,12.0,4.89478241313244,11.0
2019,3,NYG,4.89478241313244,11.0,-2.5314107020385563,12.0
2019,3,NYJ,0.0,0.0,0.0,0.0
2019,3,NE,0.0,0.0,0.0,0.0
2019,3,MIN,0.0,0.0,0.0,0.0
2019,3,LV,0.0,0.0,0.0,0.0
2019,3,SF,-0.9391963714291829,10.0,-3.548830238811206,5.0
2019,3,PIT,-3.548830238811206,5.0,-0.9391963714291829,10.0
2019,3,JAX,0.0,0.0,0.0,0.0
2019,3,TEN,0.0,0.0,0.0,0.0
2019,4,CAR,0.1284418549039401,8.0,-4.781002948235255,8.0
2019,4,HOU,-4.781002948235255,8.0,0.1284418549039401,8.0
2019,4,CIN,0.0,0.0,0.0,0.0
2019,4,PIT,0.0,0.0,0.0,0.0
2019,4,CLE,0.0,0.0,0.0,0.0
2019,4,BAL,0.0,0.0,0.0,0.0
2019,4,DAL,-0.7316511924145743,9.0,-2.7072413283167407,9.0
2019,4,NO,-2.7072413283167407,9.0,-0.7316511924145743,9.0
2019,4,DEN,5.953481592340346,8.0,2.256461618526373,16.0
2019,4,JAX,2.256461618526373,16.0,5.953481592340346,8.0
2019,4,DET,4.989028229671181,12.0,5.960908096809522,15.0
2019,4,KC,5.960908096809522,15.0,4.989028229671181,12.0
2019,4,LAC,0.0,0.0,0.0,0.0
2019,4,MIA,0.0,0.0,0.0,0.0
2019,4,CHI,0.0,0.0,0.0,0.0
2019,4,MIN,0.0,0.0,0.0,0.0
2019,4,NE,-1.2480885316617787,8.0,-0.6197800883091986,6.0
2019,4,BUF,-0.6197800883091986,6.0,-1.2480885316617787,8.0
2019,4,LV,-3.187591141089797,10.0,-7.551602536835398,4.0
2019,4,IND,-7.551602536835398,4.0,-3.187591141089797,10.0
2019,4,PHI,0.0,1.0,-0.5953263521660119,13.0
2019,4,GB,-0.5953263521660119,13.0,0.0,1.0
2019,4,ARI,0.0,0.0,0.0,0.0
2019,4,SEA,0.0,0.0,0.0,0.0
2019,4,TB,-0.7334635463776067,5.0,-8.109607360209338,10.0
2019,4,LA,-8.109607360209338,10.0,-0.7334635463776067,5.0
2019,4,TEN,0.0,0.0,0.0,0.0
2019,4,ATL,0.0,0.0,0.0,0.0
2019,4,WAS,0.0,0.0,0.0,0.0
2019,4,NYG,0.0,0.0,0.0,0.0
2019,5,ARI,0.8946395516395569,13.0,6.758733415948129,6.0
2019,5,CIN,6.758733415948129,6.0,0.8946395516395569,13.0
2019,5,ATL,0.0,0.0,5.975602181162685,7.0
2019,5,HOU,5.975602181162685,7.0,0.0,0.0
2019,5,PIT,-1.6563981174549554,6.0,2.1878920891322196,11.0
2019,5,BAL,2.1878920891322196,11.0,-1.6563981174549554,6.0
2019,5,TEN,-1.7863271796377376,3.0,-1.2719570668414235,9.0
2019,5,BUF,-1.2719570668414235,9.0,-1.7863271796377376,3.0
2019,5,LV,4.930193264750947,11.0,-1.1799789571377914,9.0
2019,5,CHI,-1.1799789571377914,9.0,4.930193264750947,11.0
2019,5,CLE,0.0,0.0,0.0,0.0
2019,5,SF,0.0,0.0,0.0,0.0
2019,5,DEN,1.4188523715129122,9.0,-2.0053898621117696,7.0
2019,5,LAC,-2.0053898621117696,7.0,1.4188523715129122,9.0
2019,5,GB,0.0,0.0,0.0,0.0
2019,5,DAL,0.0,0.0,0.0,0.0
2019,5,KC,0.0,0.0,-1.1433212693664245,9.0
2019,5,IND,-1.1433212693664245,9.0,0.0,0.0
2019,5,CAR,2.899492734447073,8.0,-2.8487838023575023,21.0
2019,5,JAX,-2.8487838023575023,21.0,2.899492734447073,8.0
2019,5,SEA,-0.11266072037676356,11.0,-3.3067938670283183,17.0
2019,5,LA,-3.3067938670283183,17.0,-0.11266072037676356,11.0
2019,5,MIN,0.0,0.0,0.0,0.0
2019,5,NYG,0.0,0.0,0.0,0.0
2019,5,WAS,0.0,0.0,0.0,0.0
2019,5,NE,0.0,0.0,0.0,0.0
2019,5,NYJ,0.0,0.0,0.0,0.0
2019,5,PHI,0.0,0.0,0.0,0.0
2019,5,TB,0.05117156607063911,1.0,-0.1042076374287717,2.0
2019,5,NO,-0.1042076374287717,2.0,0.05117156607063911,1.0
2019,6,ATL,4.2034748194043825,7.0,-1.135905129252933,7.0
2019,6,ARI,-1.135905129252933,7.0,4.2034748194043825,7.0
2019,6,TB,0.0,0.0,0.0,0.0
2019,6,CAR,0.0,0.0,0.0,0.0
2019,6,CIN,0.06757300310763314,1.0,-0.6926204953342676,4.0
2019,6,BAL,-0.6926204953342676,4.0,0.06757300310763314,1.0
2019,6,NYJ,-1.5969799922313541,8.0,5.171233571527526,16.0
2019,6,DAL,5.171233571527526,16.0,-1.5969799922313541,8.0
2019,6,DET,0.0,0.0,1.9197138561867177,12.0
2019,6,GB,1.9197138561867177,12.0,0.0,0.0
2019,6,KC,0.0,0.0,-1.2720807566074654,8.0
2019,6,HOU,-1.2720807566074654,8.0,0.0,0.0
2019,6,NO,-2.6325684825424105,7.0,0.0,0.0
2019,6,JAX,0.0,0.0,-2.6325684825424105,7.0
2019,6,NE,0.0,0.0,0.0,0.0
2019,6,NYG,0.0,0.0,0.0,0.0
2019,6,MIN,0.0,0.0,0.0,0.0
2019,6,PHI,0.0,0.0,0.0,0.0
2019,6,LAC,-4.047178487191026,3.0,-5.093071810202673,6.0
2019,6,PIT,-5.093071810202673,6.0,-4.047178487191026,3.0
2019,6,CLE,-4.411203015479259,4.0,-0.140383239209235,12.0
2019,6,SEA,-0.140383239209235,12.0,-4.411203015479259,4.0
2019,6,SF,0.0,0.0,0.0,0.0
2019,6,LA,0.0,0.0,0.0,0.0
2019,6,TEN,0.0,0.0,0.0,0.0
2019,6,DEN,0.0,0.0,0.0,0.0
2019,6,WAS,-0.4669138625613414,10.0,5.807771588020958,11.0
2019,6,MIA,5.807771588020958,11.0,-0.4669138625613414,10.0
2019,7,ARI,-7.1860403358296026,7.0,-11.393227248598123,12.0
2019,7,NYG,-11.393227248598123,12.0,-7.1860403358296026,7.0
2019,7,BAL,-0.2805676603456959,2.0,0.0,0.0
2019,7,SEA,0.0,0.0,-0.2805676603456959,2.0
2019,7,HOU,-3.6507192485732958,9.0,-4.331723028095439,9.0
2019,7,IND,-4.331723028095439,9.0,-3.6507192485732958,9.0
2019,7,JAX,0.0,0.0,-7.511422124924138,1.0
2019,7,CIN,-7.511422124924138,1.0,0.0,0.0
2019,7,DEN,0.0,0.0,0.0,0.0
2019,7,KC,0.0,0.0,0.0,0.0
2019,7,LAC,-2.5462215590523556,10.0,-3.554742246866226,7.0
2019,7,TEN,-3.554742246866226,7.0,-2.5462215590523556,10.0
2019,7,ATL,0.0,0.0,0.0,0.0
2019,7,LA,0.0,0.0,0.0,0.0
2019,7,BUF,6.540877991588786,1.0,0.06757300310763314,1.0
2019,7,MIA,0.06757300310763314,1.0,6.540877991588786,1.0
2019,7,DET,-0.947,1.0,5.6963826704304665,5.0
2019,7,MIN,5.6963826704304665,5.0,-0.947,1.0
2019,7,NE,0.0,0.0,0.0,0.0
2019,7,NYJ,0.0,0.0,0.0,0.0
2019,7,CHI,0.0,0.0,0.0,0.0
2019,7,NO,0.0,0.0,0.0,0.0
2019,7,LV,0.0,0.0,0.0,0.0
2019,7,GB,0.0,0.0,0.0,0.0
2019,7,PHI,0.0,0.0,0.0,0.0
2019,7,DAL,0.0,0.0,0.0,0.0
2019,7,WAS,0.0,0.0,0.2362003610469401,8.0
2019,7,SF,0.2362003610469401,8.0,0.0,0.0
2019,8,NO,0.0,0.0,0.0,0.0
2019,8,ARI,0.0,0.0,0.0,0.0
2019,8,SF,0.0,0.0,0.0,0.0
2019,8,CAR,0.0,0.0,0.0,0.0
2019,8,CIN,0.0,0.0,0.0,0.0
2019,8,LA,0.0,0.0,0.0,0.0
2019,8,NE,0.0,0.0,0.0,0.0
2019,8,CLE,0.0,0.0,0.0,0.0
2019,8,IND,1.3571070592151955,12.0,-2.376333406660706,9.0
2019,8,DEN,-2.376333406660706,9.0,1.3571070592151955,12.0
2019,8,GB,0.3457796412985772,10.0,0.0,0.0
2019,8,KC,0.0,0.0,0.3457796412985772,10.0
2019,8,LAC,-1.8156365985050797,4.0,-3.181812102906406,14.0
2019,8,CHI,-3.181812102906406,14.0,-1.8156365985050797,4.0
2019,8,MIA,0.0,0.0,0.0,0.0
2019,8,PIT,0.0,0.0,0.0,0.0
2019,8,NYG,0.05117156607063911,1.0,-0.7311125316191465,3.0
2019,8,DET,-0.7311125316191465,3.0,0.05117156607063911,1.0
2019,8,JAX,3.2189401533687487,1.0,0.0,0.0
2019,8,NYJ,0.0,0.0,3.2189401533687487,1.0
2019,8,LV,-1.8395654456689954,3.0,-0.5001540465746075,8.0
2019,8,HOU,-0.5001540465746075,8.0,-1.8395654456689954,3.0
2019,8,BUF,0.0,0.0,0.0,0.0
2019,8,PHI,0.0,0.0,0.0,0.0
2019,8,SEA,-0.647141833556816,3.0,0.0,0.0
2019,8,ATL,0.0,0.0,-0.647141833556816,3.0
2019,8,TB,-1.999344156938605,12.0,-3.6052800414618105,7.0
2019,8,TEN,-3.6052800414618105,7.0,-1.999344156938605,12.0
2019,8,MIN,0.0,0.0,0.0,0.0
2019,8,WAS,0.0,0.0,0.0,0.0
2019,9,CHI,-2.2236820847610943,1.0,1.3065051385201514,12.0
2019,9,PHI,1.3065051385201514,12.0,-2.2236820847610943,1.0
2019,9,DEN,-0.5925029801437631,5.0,-3.85779722238658,4.0
2019,9,CLE,-3.85779722238658,4.0,-0.5925029801437631,5.0
2019,9,DAL,0.0,0.0,0.0,0.0
2019,9,NYG,0.0,0.0,0.0,0.0
2019,9,LV,4.293881107224102,8.0,-0.6778222604771145,12.0
2019,9,DET,-0.6778222604771145,12.0,4.293881107224102,8.0
2019,9,LAC,0.0,0.0,0.0,0.0
2019,9,GB,0.0,0.0,0.0,0.0
2019,9,HOU,0.0,0.0,0.0,0.0
2019,9,JAX,0.0,0.0,0.0,0.0
2019,9,PIT,-1.8665820797905326,6.0,-2.56213710969314,12.0
2019,9,IND,-2.56213710969314,12.0,-1.8665820797905326,6.0
2019,9,MIN,-3.174960002710577,5.0,2.0682544092996977,10.0
2019,9,KC,2.0682544092996977,10.0,-3.174960002710577,5.0
2019,9,BAL,0.0,0.0,0.0,0.0
2019,9,NE,0.0,0.0,0.0,0.0
2019,9,NYJ,0.0,0.0,-0.04915700128185563,3.0
2019,9,MIA,-0.04915700128185563,3.0,0.0,0.0
2019,9,ARI,1.053,1.0,-1.1626874865032732,13.0
2019,9,SF,-1.1626874865032732,13.0,1.053,1.0
2019,9,TB,6.388970822780344,12.0,6.062929846274152,11.0
2019,9,SEA,6.062929846274152,11.0,6.388970822780344,12.0
2019,9,CAR,0.0,0.0,0.0,0.0
2019,9,TEN,0.0,0.0,0.0,0.0
2019,9,WAS,0.0,0.0,3.5209840513998643,7.0
2019,9,BUF,3.5209840513998643,7.0,0.0,0.0
2019,10,TB,7.051999056581359,9.0,-5.47022873070091,10.0
2019,10,ARI,-5.47022873070091,10.0,7.051999056581359,9.0
2019,10,ATL,0.0,0.0,0.0,0.0
2019,10,NO,0.0,0.0,0.0,0.0
2019,10,BAL,0.0,0.0,0.0,0.0
2019,10,CIN,0.0,0.0,0.0,0.0
2019,10,CLE,7.218101745806585,11.0,-0.7240533485310152,9.0
2019,10,BUF,-0.7240533485310152,9.0,7.218101745806585,11.0
2019,10,CAR,-0.30789123801514506,20.0,-3.0372896239859983,6.0
2019,10,GB,-3.0372896239859983,6.0,-0.30789123801514506,20.0
2019,10,DET,-4.3944588947924785,19.0,-4.139127807866316,7.0
2019,10,CHI,-4.139127807866316,7.0,-4.3944588947924785,19.0
2019,10,KC,-2.8291352645028383,14.0,2.5831057914621196,12.0
2019,10,TEN,2.5831057914621196,12.0,-2.8291352645028383,14.0
2019,10,LV,4.807222042335148,14.0,0.2769746017443926,12.0
2019,10,LAC,0.2769746017443926,12.0,4.807222042335148,14.0
2019,10,PIT,-3.850918430078309,12.0,-4.551657674834132,14.0
2019,10,LA,-4.551657674834132,14.0,-3.850918430078309,12.0
2019,10,MIA,0.09704717801650986,3.0,-1.0156620838679373,13.0
2019,10,IND,-1.0156620838679373,13.0,0.09704717801650986,3.0
2019,10,DAL,-0.8012325842282735,15.0,-2.591612007410731,6.0
2019,10,MIN,-2.591612007410731,6.0,-0.8012325842282735,15.0
2019,10,NYJ,-2.7818311828305013,9.0,-1.4202404989046045,9.0
2019,10,NYG,-1.4202404989046045,9.0,-2.7818311828305013,9.0
2019,10,SF,-2.8601191623602062,22.0,1.5466937093879096,20.0
2019,10,SEA,1.5466937093879096,20.0,-2.8601191623602062,22.0
2019,11,ARI,-12.536873605538858,8.0,-1.2706675651565216,17.0
2019,11,SF,-1.2706675651565216,17.0,-12.536873605538858,8.0
2019,11,ATL,0.0,0.0,0.0,0.0
2019,11,CAR,0.0,0.0,0.0,0.0
2019,11,BUF,0.0,0.0,0.0,0.0
2019,11,MIA,0.0,0.0,0.0,0.0
2019,11,CHI,0.0,0.0,2.6597669565235265,3.0
2019,11,LA,2.6597669565235265,3.0,0.0,0.0
2019,11,LV,-2.456390772596933,11.0,-2.3351532235974446,2.0
2019,11,CIN,-2.3351532235974446,2.0,-2.456390772596933,11.0
2019,11,DAL,-2.0868530427105725,10.0,-0.9429598662536591,8.0
2019,11,DET,-0.9429598662536591,8.0,-2.0868530427105725,10.0
2019,11,DEN,-2.6326433876529336,17.0,0.0,0.0
2019,11,MIN,0.0,0.0,-2.6326433876529336,17.0
2019,11,HOU,0.0,0.0,0.0,0.0
2019,11,BAL,0.0,0.0,0.0,0.0
2019,11,JAX,0.0,0.0,0.0,0.0
2019,11,IND,0.0,0.0,0.0,0.0
2019,11,LAC,-1.94469536410179,16.0,-3.2855916164116934,10.0
2019,11,KC,-3.2855916164116934,10.0,-1.94469536410179,16.0
2019,11,PHI,-0.6874886127188802,17.0,-1.3982541682198644,6.0
2019,11,NE,-1.3982541682198644,6.0,-0.6874886127188802,17.0
2019,11,NO,0.0,0.0,0.0,0.0
2019,11,TB,0.0,0.0,0.0,0.0
2019,11,NYJ,0.0,0.0,0.0,0.0
2019,11,WAS,0.0,0.0,0.0,0.0
2019,11,PIT,0.0,0.0,0.0,0.0
2019,11,CLE,0.0,0.0,0.0,0.0
2019,12,LA,0.0,0.0,0.0,0.0
2019,12,BAL,0.0,0.0,0.0,0.0
2019,12,NO,2.0429315813817084,11.0,-5.138827882008627,8.0
2019,12,CAR,-5.138827882008627,8.0,2.0429315813817084,11.0
2019,12,DAL,-3.888927192267147,7.0,-5.511621634781477,12.0
2019,12,NE,-5.511621634781477,12.0,-3.888927192267147,7.0
2019,12,DEN,0.0,0.0,0.0,0.0
2019,12,BUF,0.0,0.0,0.0,0.0
2019,12,WAS,0.4932838194654323,15.0,-4.190868064732058,8.0
2019,12,DET,-4.190868064732058,8.0,0.4932838194654323,15.0
2019,12,GB,0.0,0.0,0.0,0.0
2019,12,SF,0.0,0.0,0.0,0.0
2019,12,IND,-4.638267001253553,4.0,-1.9244778231950477,7.0
2019,12,HOU,-1.9244778231950477,7.0,-4.638267001253553,4.0
2019,12,JAX,0.0,0.0,0.0,0.0
2019,12,TEN,0.0,0.0,0.0,0.0
2019,12,CLE,0.0,0.0,0.0,0.0
2019,12,MIA,0.0,0.0,0.0,0.0
2019,12,NYG,-2.00128129655733,9.0,-2.714854872378055,8.0
2019,12,CHI,-2.714854872378055,8.0,-2.00128129655733,9.0
2019,12,LV,0.0,0.0,0.0,0.0
2019,12,NYJ,0.0,0.0,0.0,0.0
2019,12,CIN,-4.147304395097308,3.0,-2.5578488316969015,10.0
2019,12,PIT,-2.5578488316969015,10.0,-4.147304395097308,3.0
2019,12,PHI,-0.947,1.0,-0.08517361705889925,2.0
2019,12,SEA,-0.08517361705889925,2.0,-0.947,1.0
2019,12,ATL,0.0,0.0,0.0,0.0
2019,12,TB,0.0,0.0,0.0,0.0
2019,13,DAL,0.0,0.0,0.0,0.0
2019,13,BUF,0.0,0.0,0.0,0.0
2019,13,CHI,4.2452179830150385,10.0,-1.2077538915909827,15.0
2019,13,DET,-1.2077538915909827,15.0,4.2452179830150385,10.0
2019,13,CLE,-2.1496932232403196,4.0,-2.090601988194976,13.0
2019,13,PIT,-2.090601988194976,13.0,-2.1496932232403196,4.0
2019,13,NYG,0.0,0.0,0.0,0.0
2019,13,GB,0.0,0.0,0.0,0.0
2019,13,DEN,3.8630742895184085,5.0,2.080984758445993,11.0
2019,13,LAC,2.080984758445993,11.0,3.8630742895184085,5.0
2019,13,LA,0.0,0.0,0.0,0.0
2019,13,ARI,0.0,0.0,0.0,0.0
2019,13,SEA,-1.8500950649031438,10.0,-4.918720518500777,6.0
2019,13,MIN,-4.918720518500777,6.0,-1.8500950649031438,10.0
2019,13,HOU,-0.549276425736025,3.0,0.06857135097992784,1.0
2019,13,NE,0.06857135097992784,1.0,-0.549276425736025,3.0
2019,13,ATL,-3.8360060551785864,7.0,-4.938090894662309,2.0
2019,13,NO,-4.938090894662309,2.0,-3.8360060551785864,7.0
2019,13,NYJ,0.0,0.0,0.0,0.0
2019,13,CIN,0.0,0.0,0.0,0.0
2019,13,LV,0.0,0.0,0.0,0.0
2019,13,KC,0.0,0.0,0.0,0.0
2019,13,MIA,-1.365642422460951,10.0,-0.0487191800493747,2.0
2019,13,PHI,-0.0487191800493747,2.0,-1.365642422460951,10.0
2019,13,SF,0.0,0.0,3.0100997996050864,10.0
2019,13,BAL,3.0100997996050864,10.0,0.0,0.0
2019,13,TB,0.0,0.0,0.0,0.0
2019,13,JAX,0.0,0.0,0.0,0.0
2019,13,TEN,3.808928249462042,3.0,-4.132635316520464,2.0
2019,13,IND,-4.132635316520464,2.0,3.808928249462042,3.0
2019,13,CAR,-2.137660277308896,9.0,-0.6061126883141696,3.0
2019,13,WAS,-0.6061126883141696,3.0,-2.137660277308896,9.0
2019,14,BUF,-1.7881368279922754,11.0,0.0,2.0
2019,14,BAL,0.0,2.0,-1.7881368279922754,11.0
2019,14,ATL,0.0,0.0,0.0,0.0
2019,14,CAR,0.0,0.0,0.0,0.0
2019,14,CIN,0.0,0.0,2.3604891487339046,12.0
2019,14,CLE,2.3604891487339046,12.0,0.0,0.0
2019,14,DAL,0.0,0.0,-0.030857055418891832,2.0
2019,14,CHI,-0.030857055418891832,2.0,0.0,0.0
2019,14,HOU,0.0,0.0,0.0,0.0
2019,14,DEN,0.0,0.0,0.0,0.0
2019,14,DET,0.0,0.0,0.0,0.0
2019,14,MIN,0.0,0.0,0.0,0.0
2019,14,TB,2.0936793573642594,8.0,-2.893193608033471,7.0
2019,14,IND,-2.893193608033471,7.0,2.0936793573642594,8.0
2019,14,NE,-3.454493553901557,9.0,0.0,3.0
2019,14,KC,0.0,3.0,-3.454493553901557,9.0
2019,14,JAX,0.0,0.0,0.0,0.0
2019,14,LAC,0.0,0.0,0.0,0.0
2019,14,NYJ,1.0738003084552474,13.0,2.377199945738539,11.0
2019,14,MIA,2.377199945738539,11.0,1.0738003084552474,13.0
2019,14,PHI,6.88661222647405,15.0,-1.6012703579617664,6.0
2019,14,NYG,-1.6012703579617664,6.0,6.88661222647405,15.0
2019,14,ARI,-2.712243981193751,6.0,-2.0275096610421315,10.0
2019,14,PIT,-2.0275096610421315,10.0,-2.712243981193751,6.0
2019,14,SEA,0.0,0.0,0.0,0.0
2019,14,LA,0.0,0.0,0.0,0.0
2019,14,NO,4.61628263762407,10.0,4.128280465083662,17.0
2019,14,SF,4.128280465083662,17.0,4.61628263762407,10.0
2019,14,LV,0.0,0.0,0.0,0.0
2019,14,TEN,0.0,0.0,0.0,0.0
2019,14,WAS,-0.947,1.0,0.6225458403350785,10.0
2019,14,GB,0.6225458403350785,10.0,-0.947,1.0
2019,15,ATL,5.328067277834751,12.0,-4.901478417246835,8.0
2019,15,SF,-4.901478417246835,8.0,5.328067277834751,12.0
2019,15,BUF,-2.070445160381496,5.0,-2.4917200515046716,16.0
2019,15,PIT,-2.4917200515046716,16.0,-2.070445160381496,5.0
2019,15,CHI,-2.1178563637658954,16.0,-2.6243420348037034,6.0
2019,15,GB,-2.6243420348037034,6.0,-2.1178563637658954,16.0
2019,15,ARI,0.0,0.0,0.0,0.0
2019,15,CLE,0.0,0.0,0.0,0.0
2019,15,DEN,0.0,0.0,0.0,0.0
2019,15,KC,0.0,0.0,0.0,0.0
2019,15,HOU,-2.140354599308921,13.0,0.06706495590386696,3.0
2019,15,TEN,0.06706495590386696,3.0,-2.140354599308921,13.0
2019,15,IND,0.0,0.0,0.0,0.0
2019,15,NO,0.0,0.0,0.0,0.0
2019,15,LV,-3.2359573416761123,17.0,5.7916264531528086,9.0
2019,15,JAX,5.7916264531528086,9.0,-3.2359573416761123,17.0
2019,15,LA,0.0,0.0,0.0,0.0
2019,15,DAL,0.0,0.0,0.0,0.0
2019,15,MIA,0.0,0.0,0.0,0.0
2019,15,NYG,0.0,0.0,0.0,0.0
2019,15,MIN,0.0,0.0,0.0,0.0
2019,15,LAC,0.0,0.0,0.0,0.0
2019,15,NE,0.0,0.0,0.0,0.0
2019,15,CIN,0.0,0.0,0.0,0.0
2019,15,NYJ,0.0,0.0,0.0,0.0
2019,15,BAL,0.0,0.0,0.0,0.0
2019,15,WAS,-6.412580739388162,5.0,6.342645844547029,13.0
2019,15,PHI,6.342645844547029,13.0,-6.412580739388162,5.0
2019,15,SEA,-0.9079214006196707,10.0,0.06757300310763314,1.0
2019,15,CAR,0.06757300310763314,1.0,-0.9079214006196707,10.0
2019,15,TB,0.0,0.0,0.0,0.0
2019,15,DET,0.0,0.0,0.0,0.0
2019,16,ARI,1.1430115789698903,1.0,0.0,0.0
2019,16,SEA,0.0,0.0,1.1430115789698903,1.0
2019,16,CLE,0.0,0.0,0.0,0.0
2019,16,BAL,0.0,0.0,0.0,0.0
2019,16,NE,0.0,2.0,-0.1612605128902942,14.0
2019,16,BUF,-0.1612605128902942,14.0,0.0,2.0
2019,16,CAR,0.0,0.0,0.0,0.0
2019,16,IND,0.0,0.0,0.0,0.0
2019,16,MIA,0.3457215162925422,12.0,4.730643974660896,10.0
2019,16,CIN,4.730643974660896,10.0,0.3457215162925422,12.0
2019,16,PHI,-1.6994625189108774,8.0,-0.8132279855199158,11.0
2019,16,DAL,-0.8132279855199158,11.0,-1.6994625189108774,8.0
2019,16,DET,0.0,0.0,0.0,0.0
2019,16,DEN,0.0,0.0,0.0,0.0
2019,16,GB,0.0,0.0,0.0,0.0
2019,16,MIN,0.0,0.0,0.0,0.0
2019,16,TB,-7.395461510430323,11.0,-4.620409374212613,9.0
2019,16,HOU,-4.620409374212613,9.0,-7.395461510430323,11.0
2019,16,ATL,0.0,0.0,0.0,0.0
2019,16,JAX,0.0,0.0,0.0,0.0
2019,16,CHI,0.0,0.0,0.0,0.0
2019,16,KC,0.0,0.0,0.0,0.0
2019,16,LA,3.206259838771075,6.0,1.9546847341116518,10.0
2019,16,SF,1.9546847341116518,10.0,3.206259838771075,6.0
2019,16,TEN,-5.483580592088401,1.0,-1.4602881952305324,9.0
2019,16,NO,-1.4602881952305324,9.0,-5.483580592088401,1.0
2019,16,NYG,1.194743817759445,8.0,5.629939710590939,13.0
2019,16,WAS,5.629939710590939,13.0,1.194743817759445,8.0
2019,16,LAC,0.0,0.0,-0.7288131151581183,4.0
2019,16,LV,-0.7288131151581183,4.0,0.0,0.0
2019,16,NYJ,-2.57695747067919,8.0,-3.819204536092002,11.0
2019,16,PIT,-3.819204536092002,11.0,-2.57695747067919,8.0
2019,17,LA,-1.1963152141543105,9.0,-0.3564846828952919,7.0
2019,17,ARI,-0.3564846828952919,7.0,-1.1963152141543105,9.0
2019,17,ATL,2.3718721149489284,15.0,-2.434708529151976,4.0
2019,17,TB,-2.434708529151976,4.0,2.3718721149489284,15.0
2019,17,MIN,-1.1186331539647654,4.0,1.9804882988100871,16.0
2019,17,CHI,1.9804882988100871,16.0,-1.1186331539647654,4.0
2019,17,CLE,0.0,0.0,1.0695763907860965,5.0
2019,17,CIN,1.0695763907860965,5.0,0.0,0.0
2019,17,DET,-5.120242618024349,8.0,0.09903908031992614,15.0
2019,17,GB,0.09903908031992614,15.0,-5.120242618024349,8.0
2019,17,IND,0.0,0.0,0.0,0.0
2019,17,JAX,0.0,0.0,0.0,0.0
2019,17,LAC,0.0,0.0,6.482966969721019,7.0
2019,17,KC,6.482966969721019,7.0,0.0,0.0
2019,17,MIA,6.378810883252832,15.0,1.90771660486697,11.0
2019,17,NE,1.90771660486697,11.0,6.378810883252832,15.0
2019,17,NO,0.0,0.0,0.0,0.0
2019,17,CAR,0.0,0.0,0.0,0.0
2019,17,NYJ,0.444750604510773,9.0,0.0,0.0
2019,17,BUF,0.0,0.0,0.444750604510773,9.0
2019,17,DEN,-6.286581348016625,12.0,0.724855447231792,13.0
2019,17,LV,0.724855447231792,13.0,-6.286581348016625,12.0
2019,17,PHI,0.0,0.0,0.0,0.0
2019,17,NYG,0.0,0.0,0.0,0.0
2019,17,BAL,0.0,0.0,0.0,0.0
2019,17,PIT,0.0,0.0,0.0,0.0
2019,17,SEA,-0.7973517200002003,17.0,-1.5082023228169419,6.0
2019,17,SF,-1.5082023228169419,6.0,-0.7973517200002003,17.0
2019,17,HOU,0.0,0.0,0.0,0.0
2019,17,TEN,0.0,0.0,0.0,0.0
2019,17,DAL,0.0,0.0,0.0,0.0
2019,17,WAS,0.0,0.0,0.0,0.0
2019,18,BUF,-2.024464023706969,20.0,-0.7089865884189495,10.0
2019,18,HOU,-0.7089865884189495,10.0,-2.024464023706969,20.0
2019,18,MIN,-3.6961961067281663,9.0,-2.9796929434523918,10.0
2019,18,NO,-2.9796929434523918,10.0,-3.6961961067281663,9.0
2019,18,SEA,-0.00043546920642256737,6.0,-1.3488398781046271,8.0
2019,18,PHI,-1.3488398781046271,8.0,-0.00043546920642256737,6.0
2019,18,NE,-7.244350045453757,7.0,-1.6272202897379175,11.0
2019,18,TEN,-1.6272202897379175,11.0,-7.244350045453757,7.0
2019,19,HOU,0.0,0.0,0.0,0.0
2019,19,KC,0.0,0.0,0.0,0.0
2019,19,MIN,0.0,0.0,0.0,0.0
2019,19,SF,0.0,0.0,0.0,0.0
2019,19,GB,-0.743210889166221,9.0,-1.4234573550056666,5.0
2019,19,SEA,-1.4234573550056666,5.0,-0.743210889166221,9.0
2019,19,TEN,0.0,0.0,0.0,0.0
2019,19,BAL,0.0,0.0,0.0,0.0
2019,20,SF,0.0,0.0,0.0,0.0
2019,20,GB,0.0,0.0,0.0,0.0
2019,20,TEN,0.0,0.0,0.0,0.0
2019,20,KC,0.0,0.0,0.0,0.0
2019,21,KC,9.845687794834326,9.0,-3.629340572748333,9.0
2019,21,SF,-3.629340572748333,9.0,9.845687794834326,9.0
2020,1,SF,-1.3166780077153817,11.0,-0.07675547967664897,4.0
2020,1,ARI,-0.07675547967664897,4.0,-1.3166780077153817,11.0
2020,1,CHI,3.709674830552423,5.0,-5.327876998460852,16.0
2020,1,DET,-5.327876998460852,16.0,3.709674830552423,5.0
2020,1,CLE,0.0,0.0,0.0,0.0
2020,1,BAL,0.0,0.0,0.0,0.0
2020,1,LA,-4.879150089982431,6.0,-3.1823147992254235,11.0
2020,1,DAL,-3.1823147992254235,11.0,-4.879150089982431,6.0
2020,1,GB,0.0,0.0,0.0,0.0
2020,1,MIN,0.0,0.0,0.0,0.0
2020,1,HOU,0.0,0.0,0.0,0.0
2020,1,KC,0.0,0.0,0.0,0.0
2020,1,IND,-5.101785392325837,10.0,-0.6903941972996108,5.0
2020,1,JAX,-0.6903941972996108,5.0,-5.101785392325837,10.0
2020,1,CIN,-0.9227017585653812,16.0,-0.8472470445558429,5.0
2020,1,LAC,-0.8472470445558429,5.0,-0.9227017585653812,16.0
2020,1,LV,0.09724230699119873,8.0,-2.595218035072321,8.0
2020,1,CAR,-2.595218035072321,8.0,0.09724230699119873,8.0
2020,1,MIA,0.0,0.0,0.0,0.0
2020,1,NE,0.0,0.0,0.0,0.0
2020,1,NYJ,0.0,0.0,0.0,0.0
2020,1,BUF,0.0,0.0,0.0,0.0
2020,1,WAS,0.11044076649704948,5.0,-4.0062720233690925,2.0
2020,1,PHI,-4.0062720233690925,2.0,0.11044076649704948,5.0
2020,1,NYG,0.0,0.0,0.0,0.0
2020,1,PIT,0.0,0.0,0.0,0.0
2020,1,ATL,0.0,0.0,0.0,0.0
2020,1,SEA,0.0,0.0,0.0,0.0
2020,1,NO,0.0,0.0,0.0,0.0
2020,1,TB,0.0,0.0,0.0,0.0
2020,1,TEN,0.2779635807382874,17.0,-3.1408972759963945,8.0
2020,1,DEN,-3.1408972759963945,8.0,0.2779635807382874,17.0
2020,2,ATL,-2.1564752369886264,1.0,1.7233573470500594,7.0
2020,2,DAL,1.7233573470500594,7.0,-2.1564752369886264,1.0
2020,2,HOU,0.0,0.0,0.0,0.0
2020,2,BAL,0.0,0.0,0.0,0.0
2020,2,BUF,5.689468596712686,8.0,0.9354621969833969,2.0
2020,2,MIA,0.9354621969833969,2.0,5.689468596712686,8.0
2020,2,TB,6.209475102717988,2.0,0.0,0.0
2020,2,CAR,0.0,0.0,6.209475102717988,2.0
2020,2,CIN,0.06757300310763314,1.0,3.9928095844807103,6.0
2020,2,CLE,3.9928095844807103,6.0,0.06757300310763314,1.0
2020,2,DEN,-1.6686133691109717,10.0,-0.8666392641607672,5.0
2020,2,PIT,-0.8666392641607672,5.0,-1.6686133691109717,10.0
2020,2,DET,0.0,0.0,0.0,0.0
2020,2,GB,0.0,0.0,0.0,0.0
2020,2,TEN,-0.21715883346041664,11.0,-4.691134020511527,8.0
2020,2,JAX,-4.691134020511527,8.0,-0.21715883346041664,11.0
2020,2,LAC,-2.9121032471593935,4.0,2.885831897612661,24.0
2020,2,KC,2.885831897612661,24.0,-2.9121032471593935,4.0
2020,2,PHI,0.0,0.0,0.0,0.0
2020,2,LA,0.0,0.0,0.0,0.0
2020,2,MIN,0.0,0.0,0.0,0.0
2020,2,IND,0.0,0.0,0.0,0.0
2020,2,SEA,0.957890231278725,6.0,-0.431000473341022,11.0
2020,2,NE,-0.431000473341022,11.0,0.957890231278725,6.0
2020,2,NO,0.05117156607063911,1.0,1.8888190379366279,9.0
2020,2,LV,1.8888190379366279,9.0,0.05117156607063911,1.0
2020,2,CHI,-4.567617062653881,9.0,-1.8068693286040798,14.0
2020,2,NYG,-1.8068693286040798,14.0,-4.567617062653881,9.0
2020,2,SF,0.0,0.0,0.0,0.0
2020,2,NYJ,0.0,0.0,0.0,0.0
2020,2,WAS,0.0,0.0,0.0,0.0
2020,2,ARI,0.0,0.0,0.0,0.0
2020,3,CAR,-1.2971740752691403,8.0,-1.0186140299336985,12.0
2020,3,LAC,-1.0186140299336985,12.0,-1.2971740752691403,8.0
2020,3,CHI,2.3651996327221054,11.0,-6.727617701923009,11.0
2020,3,ATL,-6.727617701923009,11.0,2.3651996327221054,11.0
2020,3,CIN,-3.7188464801583905,11.0,3.6250240166414973,31.0
2020,3,PHI,3.6250240166414973,31.0,-3.7188464801583905,11.0
2020,3,SEA,7.200743767127395,12.0,-1.6909705231664702,20.0
2020,3,DAL,-1.6909705231664702,20.0,7.200743767127395,12.0
2020,3,DET,2.8133505694568157,12.0,0.04694102262146771,1.0
2020,3,ARI,0.04694102262146771,1.0,2.8133505694568157,12.0
2020,3,NO,0.0,0.0,1.675098305218853,8.0
2020,3,GB,1.675098305218853,8.0,0.0,0.0
2020,3,HOU,0.027828257298097014,1.0,-1.0635330707300454,11.0
2020,3,PIT,-1.0635330707300454,11.0,0.027828257298097014,1.0
2020,3,BAL,0.0,0.0,0.0,0.0
2020,3,KC,0.0,0.0,0.0,0.0
2020,3,BUF,6.142553057856809,15.0,1.388913939954897,5.0
2020,3,LA,1.388913939954897,5.0,6.142553057856809,15.0
2020,3,NE,0.0,0.0,0.0,0.0
2020,3,LV,0.0,0.0,0.0,0.0
2020,3,MIA,0.0,0.0,0.0,0.0
2020,3,JAX,0.0,0.0,0.0,0.0
2020,3,NYJ,0.0,0.0,0.0,0.0
2020,3,IND,0.0,0.0,0.0,0.0
2020,3,SF,0.0,0.0,0.0,0.0
2020,3,NYG,0.0,0.0,0.0,0.0
2020,3,DEN,0.0,0.0,0.0,0.0
2020,3,TB,0.0,0.0,0.0,0.0
2020,3,TEN,2.191298931837082,11.0,-3.125005599693395,11.0
2020,3,MIN,-3.125005599693395,11.0,2.191298931837082,11.0
2020,3,CLE,0.0,0.0,0.0,0.0
2020,3,WAS,0.0,0.0,0.0,0.0
2020,4,ARI,0.0,0.0,0.0,0.0
2020,4,CAR,0.0,0.0,0.0,0.0
2020,4,ATL,0.0,0.0,0.0,0.0
2020,4,GB,0.0,0.0,0.0,0.0
2020,4,WAS,0.0,0.0,0.0,0.0
2020,4,BAL,0.0,0.0,0.0,0.0
2020,4,BUF,-1.07729861442931,4.0,0.05117156607063911,1.0
2020,4,LV,0.05117156607063911,1.0,-1.07729861442931,4.0
2020,4,DAL,1.053,1.0,5.874333913670853,2.0
2020,4,CLE,5.874333913670853,2.0,1.053,1.0
2020,4,NYJ,-3.4431864581420086,8.0,5.801145716498091,9.0
2020,4,DEN,5.801145716498091,9.0,-3.4431864581420086,8.0
2020,4,CHI,0.0,0.0,-0.8177309808088467,5.0
2020,4,IND,-0.8177309808088467,5.0,0.0,0.0
2020,4,JAX,0.0,0.0,1.5111815830459818,10.0
2020,4,CIN,1.5111815830459818,10.0,0.0,0.0
2020,4,TB,-0.1500284891226329,11.0,-2.471226771885995,3.0
2020,4,LAC,-2.471226771885995,3.0,-0.1500284891226329,11.0
2020,4,HOU,-1.5140409659361467,11.0,-3.1461868244223297,8.0
2020,4,MIN,-3.1461868244223297,8.0,-1.5140409659361467,11.0
2020,4,KC,0.0,0.0,0.0,0.0
2020,4,NE,0.0,0.0,0.0,0.0
2020,4,DET,1.053,1.0,-0.9144123354926705,10.0
2020,4,NO,-0.9144123354926705,10.0,1.053,1.0
2020,4,NYG,-4.0162415152881294,14.0,-2.7129402563441545,7.0
2020,4,LA,-2.7129402563441545,7.0,-4.0162415152881294,14.0
2020,4,PHI,-1.4685843419283628,5.0,-1.5353495593443514,11.0
2020,4,SF,-1.5353495593443514,11.0,-1.4685843419283628,5.0
2020,4,MIA,0.0,0.0,-0.5796824744902551,7.0
2020,4,SEA,-0.5796824744902551,7.0,0.0,0.0
2020,5,NYJ,0.0,0.0,0.0,0.0
2020,5,ARI,0.0,0.0,0.0,0.0
2020,5,BUF,0.0,0.0,0.0,0.0
2020,5,TEN,0.0,0.0,0.0,0.0
2020,5,CAR,-0.056914229469839483,11.0,0.0,0.0
2020,5,ATL,0.0,0.0,-0.056914229469839483,11.0
2020,5,CIN,0.0,0.0,0.0,0.0
2020,5,BAL,0.0,0.0,0.0,0.0
2020,5,CLE,2.030785340233706,9.0,0.0,0.0
2020,5,IND,0.0,0.0,2.030785340233706,9.0
2020,5,JAX,0.0,0.0,0.0,0.0
2020,5,HOU,0.0,0.0,0.0,0.0
2020,5,LAC,3.271203912563738,14.0,6.114276222129934,10.0
2020,5,NO,6.114276222129934,10.0,3.271203912563738,14.0
2020,5,WAS,0.0,0.0,0.0,0.0
2020,5,LA,0.0,0.0,0.0,0.0
2020,5,KC,0.0,0.0,-1.0276013799011707,9.0
2020,5,LV,-1.0276013799011707,9.0,0.0,0.0
2020,5,SF,0.0,0.0,0.0,0.0
2020,5,MIA,0.0,0.0,0.0,0.0
2020,5,MIN,-4.736626200960018,9.0,5.767549233787693,14.0
2020,5,SEA,5.767549233787693,14.0,-4.736626200960018,9.0
2020,5,DAL,2.1857486070948653,10.0,-1.3514954610727727,7.0
2020,5,NYG,-1.3514954610727727,7.0,2.1857486070948653,10.0
2020,5,PHI,-4.998196687898599,4.0,5.15687191411496,6.0
2020,5,PIT,5.15687191411496,6.0,-4.998196687898599,4.0
2020,5,TB,-4.657208258204279,11.0,-1.9979902981431223,19.0
2020,5,CHI,-1.9979902981431223,19.0,-4.657208258204279,11.0
2020,6,ARI,0.0,0.0,0.0,0.0
2020,6,DAL,0.0,0.0,0.0,0.0
2020,6,MIN,0.0,0.0,0.0,0.0
2020,6,ATL,0.0,0.0,0.0,0.0
2020,6,PHI,4.769343397158198,6.0,-2.5326983991544694,11.0
2020,6,BAL,-2.5326983991544694,11.0,4.769343397158198,6.0
2020,6,CAR,-4.870421566825826,8.0,-4.76919144281419,7.0
2020,6,CHI,-4.76919144281419,7.0,-4.870421566825826,8.0
2020,6,IND,-0.6174049589899369,4.0,-1.0284995082765818,11.0
2020,6,CIN,-1.0284995082765818,11.0,-0.6174049589899369,4.0
2020,6,PIT,0.0,0.0,0.0,0.0
2020,6,CLE,0.0,0.0,0.0,0.0
2020,6,DEN,-1.8120778194861487,5.0,-0.828446295694448,12.0
2020,6,NE,-0.828446295694448,12.0,-1.8120778194861487,5.0
2020,6,JAX,0.0,0.0,0.0,0.0
2020,6,DET,0.0,0.0,0.0,0.0
2020,6,GB,0.0,0.0,0.0,0.0
2020,6,TB,0.0,0.0,0.0,0.0
2020,6,TEN,6.241434239535543,11.0,2.9718220506184734,12.0
2020,6,HOU,2.9718220506184734,12.0,6.241434239535543,11.0
2020,6,BUF,0.0,0.0,3.1163393310271204,8.0
2020,6,KC,3.1163393310271204,8.0,0.0,0.0
2020,6,SF,-0.6780592914437875,7.0,0.0,0.0
2020,6,LA,0.0,0.0,-0.6780592914437875,7.0
2020,6,NYJ,0.0,0.0,0.0,0.0
2020,6,MIA,0.0,0.0,0.0,0.0
2020,6,WAS,-4.8099267944488675,16.0,-0.3757760871225524,4.0
2020,6,NYG,-0.3757760871225524,4.0,-4.8099267944488675,16.0
2020,7,NYJ,-4.88453729468165,6.0,-2.2833865370485,9.0
2020,7,BUF,-2.2833865370485,9.0,-4.88453729468165,6.0
2020,7,NO,-2.388106645841617,4.0,-4.473124669690151,6.0
2020,7,CAR,-4.473124669690151,6.0,-2.388106645841617,4.0
2020,7,CHI,0.0,0.0,0.0,0.0
2020,7,LA,0.0,0.0,0.0,0.0
2020,7,CIN,6.328722212391391,16.0,7.931172050507641,9.0
2020,7,CLE,7.931172050507641,9.0,6.328722212391391,16.0
2020,7,WAS,0.0,0.0,0.0,0.0
2020,7,DAL,0.0,0.0,0.0,0.0
2020,7,ATL,6.839155036883429,11.0,7.0583370558186935,13.0
2020,7,DET,7.0583370558186935,13.0,6.839155036883429,11.0
2020,7,GB,0.0,0.0,0.0,0.0
2020,7,HOU,0.0,0.0,0.0,0.0
2020,7,JAX,0.0,0.0,0.0,0.0
2020,7,LAC,0.0,0.0,0.0,0.0
2020,7,DEN,0.0,0.0,0.0,0.0
2020,7,KC,0.0,0.0,0.0,0.0
2020,7,PHI,1.0195399387450887,12.0,-4.994671654712874,11.0
2020,7,NYG,-4.994671654712874,11.0,1.0195399387450887,12.0
2020,7,PIT,-4.713019223068841,8.0,-0.9261050042696297,13.0
2020,7,TEN,-0.9261050042696297,13.0,-4.713019223068841,8.0
2020,7,SEA,-5.235380244383123,14.0,0.7827448549567086,20.0
2020,7,ARI,0.7827448549567086,20.0,-5.235380244383123,14.0
2020,7,SF,0.0,0.0,0.0,0.0
2020,7,NE,0.0,0.0,0.0,0.0
2020,7,TB,0.0,0.0,0.0,0.0
2020,7,LV,0.0,0.0,0.0,0.0
2020,8,ATL,-0.5938335225218907,8.0,-0.1860832516103983,10.0
2020,8,CAR,-0.1860832516103983,10.0,-0.5938335225218907,8.0
2020,8,DAL,0.0,0.0,0.0,0.0
2020,8,PHI,0.0,0.0,0.0,0.0
2020,8,IND,0.0,0.0,0.0,0.0
2020,8,DET,0.0,0.0,0.0,0.0
2020,8,DEN,6.014337955377947,18.0,1.028827351052314,7.0
2020,8,LAC,1.028827351052314,7.0,6.014337955377947,18.0
2020,8,LA,0.0,0.0,0.0,0.0
2020,8,MIA,0.0,0.0,0.0,0.0
2020,8,LV,-1.5615213413257152,2.0,0.0,0.0
2020,8,CLE,0.0,0.0,-1.5615213413257152,2.0
2020,8,GB,0.7505053107016719,6.0,-1.2860916159697808,7.0
2020,8,MIN,-1.2860916159697808,7.0,0.7505053107016719,6.0
2020,8,NE,-0.8508875099942088,13.0,-0.9487910812022164,6.0
2020,8,BUF,-0.9487910812022164,6.0,-0.8508875099942088,13.0
2020,8,NO,-0.3198342476680409,16.0,-0.47100680101667747,17.0
2020,8,CHI,-0.47100680101667747,17.0,-0.3198342476680409,16.0
2020,8,KC,0.0,0.0,0.0,0.0
2020,8,NYJ,0.0,0.0,0.0,0.0
2020,8,BAL,-3.1167631195276044,12.0,-0.7470522811054252,4.0
2020,8,PIT,-0.7470522811054252,4.0,-3.1167631195276044,12.0
2020,8,SEA,0.0,0.0,0.0,0.0
2020,8,SF,0.0,0.0,0.0,0.0
2020,8,TB,0.9922542432323098,8.0,5.135998247817159,16.0
2020,8,NYG,5.135998247817159,16.0,0.9922542432323098,8.0
2020,8,CIN,0.0,0.0,0.0,0.0
2020,8,TEN,0.0,0.0,0.0,0.0
2020,9,IND,0.0,0.0,0.0,0.0
2020,9,BAL,0.0,0.0,0.0,0.0
2020,9,CAR,-0.15036559548699513,11.0,-1.0368116033496335,5.0
2020,9,KC,-1.0368116033496335,5.0,-0.15036559548699513,11.0
2020,9,TEN,-0.4422798603773117,3.0,0.06757300310763314,1.0
2020,9,CHI,0.06757300310763314,1.0,-0.4422798603773117,3.0
2020,9,ATL,-3.8863575397990644,6.0,-2.9382099552542607,5.0
2020,9,DEN,-2.9382099552542607,5.0,-3.8863575397990644,6.0
2020,9,DET,0.0,0.0,0.0,0.0
2020,9,MIN,0.0,0.0,0.0,0.0
2020,9,GB,0.0,0.0,0.0,0.0
2020,9,SF,0.0,0.0,0.0,0.0
2020,9,JAX,5.068190374455415,8.0,-2.563290920574218,13.0
2020,9,HOU,-2.563290920574218,13.0,5.068190374455415,8.0
2020,9,LAC,-1.106809813878499,17.0,0.13609532395310042,1.0
2020,9,LV,0.13609532395310042,1.0,-1.106809813878499,17.0
2020,9,MIA,-2.2557703249622136,9.0,-2.804598765913397,6.0
2020,9,ARI,-2.804598765913397,6.0,-2.2557703249622136,9.0
2020,9,NYJ,-1.1191486502066255,5.0,6.780613073948722,18.0
2020,9,NE,6.780613073948722,18.0,-1.1191486502066255,5.0
2020,9,TB,0.0,0.0,0.0,0.0
2020,9,NO,0.0,0.0,0.0,0.0
2020,9,NYG,-6.14712791913189,6.0,-6.139265441102907,10.0
2020,9,WAS,-6.139265441102907,10.0,-6.14712791913189,6.0
2020,9,PIT,1.0193095394498668,12.0,-7.057268422504421,15.0
2020,9,DAL,-7.057268422504421,15.0,1.0193095394498668,12.0
2020,9,BUF,0.0,0.0,0.0,0.0
2020,9,SEA,0.0,0.0,0.0,0.0
2020,10,BAL,-2.825052289175801,7.0,-2.7380823796847835,10.0
2020,10,NE,-2.7380823796847835,10.0,-2.825052289175801,7.0
2020,10,ARI,2.267271288830787,11.0,1.6253101199752016,16.0
2020,10,BUF,1.6253101199752016,16.0,2.267271288830787,11.0
2020,10,PIT,0.0,0.0,0.0,0.0
2020,10,CIN,0.0,0.0,0.0,0.0
2020,10,DEN,0.0,0.0,0.0,0.0
2020,10,LV,0.0,0.0,0.0,0.0
2020,10,CLE,-0.8966323151253164,10.0,0.06757300310763314,1.0
2020,10,HOU,0.06757300310763314,1.0,-0.8966323151253164,10.0
2020,10,TEN,0.0,0.0,0.0,0.0
2020,10,IND,0.0,0.0,0.0,0.0
2020,10,GB,-3.6799570394214243,6.0,-6.226848937221803,11.0
2020,10,JAX,-6.226848937221803,11.0,-3.6799570394214243,6.0
2020,10,LAC,0.0,0.0,-0.5827621496282518,4.0
2020,10,MIA,-0.5827621496282518,4.0,0.0,0.0
2020,10,MIN,-2.709717561781872,8.0,-6.117726838972885,10.0
2020,10,CHI,-6.117726838972885,10.0,-2.709717561781872,8.0
2020,10,NYG,1.3327113793930039,6.0,-2.4731127354316413,1.0
2020,10,PHI,-2.4731127354316413,1.0,1.3327113793930039,6.0
2020,10,LA,-0.2974831077735871,3.0,0.0,0.0
2020,10,SEA,0.0,0.0,-0.2974831077735871,3.0
2020,10,SF,0.0,0.0,0.0,0.0
2020,10,NO,0.0,0.0,0.0,0.0
2020,10,CAR,0.0,0.0,0.0,0.0
2020,10,TB,0.0,0.0,0.0,0.0
2020,10,WAS,1.6975356328766793,22.0,4.805598582985112,13.0
2020,10,DET,4.805598582985112,13.0,1.6975356328766793,22.0
2020,11,SEA,-0.8586680645239539,6.0,-0.8032296001911163,12.0
2020,11,ARI,-0.8032296001911163,12.0,-0.8586680645239539,6.0
2020,11,ATL,0.0,0.0,0.0,0.0
2020,11,NO,0.0,0.0,0.0,0.0
2020,11,WAS,0.0,0.0,0.0,0.0
2020,11,CIN,0.0,0.0,0.0,0.0
2020,11,DAL,1.5734904708244137,15.0,-7.381073729135096,8.0
2020,11,MIN,-7.381073729135096,8.0,1.5734904708244137,15.0
2020,11,CAR,0.0,0.0,0.0,0.0
2020,11,DET,0.0,0.0,0.0,0.0
2020,11,GB,-0.9763182466849685,14.0,-1.7594267391541507,15.0
2020,11,IND,-1.7594267391541507,15.0,-0.9763182466849685,14.0
2020,11,LV,2.452102484183502,15.0,4.53370464965899,11.0
2020,11,KC,4.53370464965899,11.0,2.452102484183502,15.0
2020,11,TB,1.0237373704299775,8.0,0.9760531026404351,13.0
2020,11,LA,0.9760531026404351,13.0,1.0237373704299775,8.0
2020,11,MIA,-0.7110685887746513,12.0,-0.6196135422214866,5.0
2020,11,DEN,-0.6196135422214866,5.0,-0.7110685887746513,12.0
2020,11,HOU,-1.6054214812174905,7.0,-2.0618104299355764,14.0
2020,11,NE,-2.0618104299355764,14.0,-1.6054214812174905,7.0
2020,11,LAC,-6.549974675872363,9.0,-3.6569163175299764,8.0
2020,11,NYJ,-3.6569163175299764,8.0,-6.549974675872363,9.0
2020,11,CLE,-0.2530301240622066,2.0,0.06757300310763314,1.0
2020,11,PHI,0.06757300310763314,1.0,-0.2530301240622066,2.0
2020,11,JAX,0.0,0.0,0.0,0.0
2020,11,PIT,0.0,0.0,0.0,0.0
2020,11,BAL,2.0738746209535748,11.0,3.704211929274723,8.0
2020,11,TEN,3.704211929274723,8.0,2.0738746209535748,11.0
2020,12,NE,-2.621818811050616,8.0,-3.995401872554794,7.0
2020,12,ARI,-3.995401872554794,7.0,-2.621818811050616,8.0
2020,12,BAL,0.06757300310763314,1.0,-0.887451809598133,9.0
2020,12,PIT,-0.887451809598133,9.0,0.06757300310763314,1.0
2020,12,CAR,1.7273126369109377,17.0,6.206761742928222,11.0
2020,12,MIN,6.206761742928222,11.0,1.7273126369109377,17.0
2020,12,GB,0.0,0.0,0.0,0.0
2020,12,CHI,0.0,0.0,0.0,0.0
2020,12,JAX,4.610929853792302,12.0,-1.000281922868453,9.0
2020,12,CLE,-1.000281922868453,9.0,4.610929853792302,12.0
2020,12,HOU,0.0,0.0,0.0,0.0
2020,12,DET,0.0,0.0,0.0,0.0
2020,12,KC,-0.7235021886881441,9.0,0.06757300310763314,1.0
2020,12,TB,0.06757300310763314,1.0,-0.7235021886881441,9.0
2020,12,LAC,0.0,0.0,0.38208974816370755,6.0
2020,12,BUF,0.38208974816370755,6.0,0.0,0.0
2020,12,ATL,0.0,0.0,0.0,0.0
2020,12,LV,0.0,0.0,0.0,0.0
2020,12,NYJ,0.0,0.0,0.0,0.0
2020,12,MIA,0.0,0.0,0.0,0.0
2020,12,DEN,0.0,0.0,0.0,0.0
2020,12,NO,0.0,0.0,0.0,0.0
2020,12,NYG,-5.713483557570726,12.0,-7.5020239282306775,4.0
2020,12,CIN,-7.5020239282306775,4.0,-5.713483557570726,12.0
2020,12,PHI,1.053,1.0,-0.04823429143289104,2.0
2020,12,SEA,-0.04823429143289104,2.0,1.053,1.0
2020,12,SF,1.1719671018072404,16.0,-1.910227319225669,7.0
2020,12,LA,-1.910227319225669,7.0,1.1719671018072404,16.0
2020,12,TEN,0.0,0.0,0.0,0.0
2020,12,IND,0.0,0.0,0.0,0.0
2020,12,WAS,0.0,0.0,0.0,0.0
2020,12,DAL,0.0,0.0,0.0,0.0
2020,13,BUF,0.0,0.0,0.0,0.0
2020,13,SF,0.0,0.0,0.0,0.0
2020,13,CIN,0.0,0.0,0.0,0.0
2020,13,MIA,0.0,0.0,0.0,0.0
2020,13,CLE,-0.17987813521176577,2.0,0.06757300310763314,1.0
2020,13,TEN,0.06757300310763314,1.0,-0.17987813521176577,2.0
2020,13,DAL,0.0,0.0,0.0,0.0
2020,13,BAL,0.0,0.0,0.0,0.0
2020,13,DEN,-1.2998490777681582,5.0,0.4434584243572317,10.0
2020,13,KC,0.4434584243572317,10.0,-1.2998490777681582,5.0
2020,13,CHI,-7.024491881922586,12.0,2.038121537190066,5.0
2020,13,DET,2.038121537190066,5.0,-7.024491881922586,12.0
2020,13,HOU,-1.3806916510220617,8.0,-3.2841822374612093,10.0
2020,13,IND,-3.2841822374612093,10.0,-1.3806916510220617,8.0
2020,13,JAX,6.729995912042912,16.0,-2.141447723202873,21.0
2020,13,MIN,-2.141447723202873,21.0,6.729995912042912,16.0
2020,13,ARI,0.0,0.0,0.0,0.0
2020,13,LA,0.0,0.0,0.0,0.0
2020,13,NYJ,-1.0477276527381036,6.0,5.021508396647356,21.0
2020,13,LV,5.021508396647356,21.0,-1.0477276527381036,6.0
2020,13,NE,0.0,0.0,0.0,0.0
2020,13,LAC,0.0,0.0,0.0,0.0
2020,13,ATL,-2.112354216631502,13.0,-1.521686065942049,4.0
2020,13,NO,-1.521686065942049,4.0,-2.112354216631502,13.0
2020,13,SEA,-2.049155483371578,8.0,-3.539012265857309,7.0
2020,13,NYG,-3.539012265857309,7.0,-2.049155483371578,8.0
2020,13,PHI,-1.9794729915447533,6.0,6.539201598148793,3.0
2020,13,GB,6.539201598148793,3.0,-1.9794729915447533,6.0
2020,13,PIT,-9.117287456785562,7.0,1.600638213334605,13.0
2020,13,WAS,1.600638213334605,13.0,-9.117287456785562,7.0
2020,14,NYG,0.0,0.0,0.0,0.0
2020,14,ARI,0.0,0.0,0.0,0.0
2020,14,ATL,-6.196536737552378,7.0,0.1320932485978119,13.0
2020,14,LAC,0.1320932485978119,13.0,-6.196536737552378,7.0
2020,14,CLE,4.179367497985901,8.0,9.272091034610757,14.0
2020,14,BAL,9.272091034610757,14.0,4.179367497985901,8.0
2020,14,CIN,0.0,0.0,0.0,0.0
2020,14,DAL,0.0,0.0,0.0,0.0
2020,14,DEN,1.9813610871206038,10.0,-3.3717332046502757,5.0
2020,14,CAR,-3.3717332046502757,5.0,1.9813610871206038,10.0
2020,14,DET,0.0,0.0,-1.881358336948324,11.0
2020,14,GB,-1.881358336948324,11.0,0.0,0.0
2020,14,HOU,0.0,0.0,0.0,0.0
2020,14,CHI,0.0,0.0,0.0,0.0
2020,14,IND,0.0,0.0,0.0,0.0
2020,14,LV,0.0,0.0,0.0,0.0
2020,14,MIA,0.06757300310763314,1.0,2.190747024549637,13.0
2020,14,KC,2.190747024549637,13.0,0.06757300310763314,1.0
2020,14,MIN,0.0,0.0,0.0,0.0
2020,14,TB,0.0,0.0,0.0,0.0
2020,14,LA,0.0,0.0,0.0,0.0
2020,14,NE,0.0,0.0,0.0,0.0
2020,14,NO,0.06757300310763314,1.0,-0.754468115279451,4.0
2020,14,PHI,-0.754468115279451,4.0,0.06757300310763314,1.0
2020,14,NYJ,0.0,0.0,0.0,0.0
2020,14,SEA,0.0,0.0,0.0,0.0
2020,14,PIT,0.0,0.0,0.0,0.0
2020,14,BUF,0.0,0.0,0.0,0.0
2020,14,JAX,0.0,0.0,0.0,0.0
2020,14,TEN,0.0,0.0,0.0,0.0
2020,14,SF,-6.11293593532173,9.0,-3.909711167041678,10.0
2020,14,WAS,-3.909711167041678,10.0,-6.11293593532173,9.0
2020,15,DEN,0.0,0.0,0.0,0.0
2020,15,BUF,0.0,0.0,0.0,0.0
2020,15,CAR,-2.251482708263211,5.0,-3.607221087324433,9.0
2020,15,GB,-3.607221087324433,9.0,-2.251482708263211,5.0
2020,15,CHI,-7.137354010075796,7.0,-5.382322188932449,11.0
2020,15,MIN,-5.382322188932449,11.0,-7.137354010075796,7.0
2020,15,NYG,0.0,0.0,0.0,0.0
2020,15,CLE,0.0,0.0,0.0,0.0
2020,15,TEN,0.0,0.0,0.0,0.0
2020,15,DET,0.0,0.0,0.0,0.0
2020,15,HOU,-0.82350565912202,11.0,3.8607064368322788,10.0
2020,15,IND,3.8607064368322788,10.0,-0.82350565912202,11.0
2020,15,BAL,0.0,0.0,0.0,0.0
2020,15,JAX,0.0,0.0,0.0,0.0
2020,15,KC,-2.7499801996164024,10.0,0.05117156607063911,1.0
2020,15,NO,0.05117156607063911,1.0,-2.7499801996164024,10.0
2020,15,LV,-9.468337593629258,15.0,-5.009643010329455,15.0
2020,15,LAC,-5.009643010329455,15.0,-9.468337593629258,15.0
2020,15,NE,0.0,0.0,2.595589642820414,4.0
2020,15,MIA,2.595589642820414,4.0,0.0,0.0
2020,15,LA,-4.941566012916155,4.0,-2.109760793042369,8.0
2020,15,NYJ,-2.109760793042369,8.0,-4.941566012916155,4.0
2020,15,ARI,-1.6397110384423286,4.0,-2.361637342488393,19.0
2020,15,PHI,-2.361637342488393,19.0,-1.6397110384423286,4.0
2020,15,PIT,-4.360381837701425,4.0,-2.1427482253639027,10.0
2020,15,CIN,-2.1427482253639027,10.0,-4.360381837701425,4.0
2020,15,WAS,-0.9345987420529127,12.0,0.0,3.0
2020,15,SEA,0.0,3.0,-0.9345987420529127,12.0
2020,15,SF,-3.945827433024533,5.0,10.465697381761856,4.0
2020,15,DAL,10.465697381761856,4.0,-3.945827433024533,5.0
2020,15,ATL,-3.7996425594901666,5.0,-5.773309660027735,9.0
2020,15,TB,-5.773309660027735,9.0,-3.7996425594901666,5.0
2020,16,ATL,2.1474311180505414,16.0,6.202753842445041,12.0
2020,16,KC,6.202753842445041,12.0,2.1474311180505414,16.0
2020,16,NE,0.0,0.0,0.0,0.0
2020,16,BUF,0.0,0.0,0.0,0.0
2020,16,WAS,0.06757300310763314,1.0,-0.37936405243817717,4.0
2020,16,CAR,-0.37936405243817717,4.0,0.06757300310763314,1.0
2020,16,JAX,0.0,0.0,0.0,0.0
2020,16,CHI,0.0,0.0,0.0,0.0
2020,16,HOU,-4.504846876196098,6.0,4.08097020080344,14.0
2020,16,CIN,4.08097020080344,14.0,-4.504846876196098,6.0
2020,16,CLE,-5.802899716654792,12.0,-3.873781021917239,11.0
2020,16,NYJ,-3.873781021917239,11.0,-5.802899716654792,12.0
2020,16,LAC,1.866704904474318,8.0,0.9323398935375735,13.0
2020,16,DEN,0.9323398935375735,13.0,1.866704904474318,8.0
2020,16,PIT,-1.4549026417080313,9.0,-0.778299851110205,12.0
2020,16,IND,-0.778299851110205,12.0,-1.4549026417080313,9.0
2020,16,LA,0.0,0.0,3.772581257566344,5.0
2020,16,SEA,3.772581257566344,5.0,0.0,0.0
2020,16,LV,6.674435330673237,15.0,6.097281627388089,13.0
2020,16,MIA,6.097281627388089,13.0,6.674435330673237,15.0
2020,16,NO,0.0,0.0,0.0,0.0
2020,16,MIN,0.0,0.0,0.0,0.0
2020,16,BAL,0.0,0.0,0.0,0.0
2020,16,NYG,0.0,0.0,0.0,0.0
2020,16,PHI,0.0,0.0,0.0,0.0
2020,16,DAL,0.0,0.0,0.0,0.0
2020,16,ARI,-6.743975713965483,7.0,-2.513828920898959,9.0
2020,16,SF,-2.513828920898959,9.0,-6.743975713965483,7.0
2020,16,TB,0.0,0.0,0.0,0.0
2020,16,DET,0.0,0.0,0.0,0.0
2020,16,GB,0.0,0.0,0.0,0.0
2020,16,TEN,0.0,0.0,0.0,0.0
2020,17,ARI,0.0,0.0,0.0,0.0
2020,17,LA,0.0,0.0,0.0,0.0
2020,17,TB,1.7613414916559123,3.0,0.0,0.0
2020,17,ATL,0.0,0.0,1.7613414916559123,3.0
2020,17,BAL,0.0,0.0,0.0,0.0
2020,17,CIN,0.0,0.0,0.0,0.0
2020,17,NYG,-0.4593004600610584,5.0,-1.922426384408027,14.0
2020,17,DAL,-1.922426384408027,14.0,-0.4593004600610584,5.0
2020,17,CHI,0.0,0.0,2.941716333734803,2.0
2020,17,GB,2.941716333734803,2.0,0.0,0.0
2020,17,JAX,-1.9355284370249137,2.0,4.318485448253341,2.0
2020,17,IND,4.318485448253341,2.0,-1.9355284370249137,2.0
2020,17,KC,0.0,0.0,0.0,0.0
2020,17,LAC,0.0,0.0,0.0,0.0
2020,17,LV,5.345628003284335,15.0,-1.2682755523710512,11.0
2020,17,DEN,-1.2682755523710512,11.0,5.345628003284335,15.0
2020,17,BUF,0.0,0.0,0.0,0.0
2020,17,MIA,0.0,0.0,0.0,0.0
2020,17,MIN,-1.260827909456566,12.0,1.0189293324220925,4.0
2020,17,DET,1.0189293324220925,4.0,-1.260827909456566,12.0
2020,17,CAR,0.0,0.0,0.0,0.0
2020,17,NO,0.0,0.0,0.0,0.0
2020,17,NE,0.0,0.0,0.0,0.0
2020,17,NYJ,0.0,0.0,0.0,0.0
2020,17,PIT,4.631964344924316,9.0,-5.375504321593326,7.0
2020,17,CLE,-5.375504321593326,7.0,4.631964344924316,9.0
2020,17,SEA,5.633762619493373,16.0,-5.637122969166066,4.0
2020,17,SF,-5.637122969166066,4.0,5.633762619493373,16.0
2020,17,HOU,1.8747477121651173,9.0,6.478203140350834,16.0
2020,17,TEN,6.478203140350834,16.0,1.8747477121651173,9.0
2020,17,PHI,0.12672281422419474,8.0,-1.1560362312593497,10.0
2020,17,WAS,-1.1560362312593497,10.0,0.12672281422419474,8.0
2020,18,TEN,-2.308717561303638,7.0,-0.9286119238822721,8.0
2020,18,BAL,-0.9286119238822721,8.0,-2.308717561303638,7.0
2020,18,NO,0.0,0.0,0.0,0.0
2020,18,CHI,0.0,0.0,0.0,0.0
2020,18,PIT,0.0,0.0,0.0,0.0
2020,18,CLE,0.0,0.0,0.0,0.0
2020,18,IND,-0.7740463356021792,13.0,-1.1842626540455967,7.0
2020,18,BUF,-1.1842626540455967,7.0,-0.7740463356021792,13.0
2020,18,LA,0.0,0.0,0.0,0.0
2020,18,SEA,0.0,0.0,0.0,0.0
2020,18,TB,0.8353502477402799,11.0,-2.468003550500192,8.0
2020,18,WAS,-2.468003550500192,8.0,0.8353502477402799,11.0
2020,19,BAL,0.0,0.0,0.0,0.0
2020,19,BUF,0.0,0.0,0.0,0.0
2020,19,KC,-0.743632890866138,8.0,-1.4120003698626533,3.0
2020,19,CLE,-1.4120003698626533,3.0,-0.743632890866138,8.0
2020,19,LA,0.0,0.0,0.0,0.0
2020,19,GB,0.0,0.0,0.0,0.0
2020,19,TB,0.0,0.0,0.0,0.0
2020,19,NO,0.0,0.0,0.0,0.0
2020,20,BUF,0.0,0.0,0.0,0.0
2020,20,KC,0.0,0.0,0.0,0.0
2020,20,TB,-1.3378235056297854,14.0,2.16599538968876,10.0
2020,20,GB,2.16599538968876,10.0,-1.3378235056297854,14.0
2020,21,TB,0.0,0.0,0.0,0.0
2020,21,KC,0.0,0.0,0.0,0.0
2021,1,TEN,0.0,0.0,0.0,0.0
2021,1,ARI,0.0,0.0,0.0,0.0
2021,1,LV,10.533374418506515,17.0,-2.9283532724366523,13.0
2021,1,BAL,-2.9283532724366523,13.0,10.533374418506515,17.0
2021,1,CHI,0.0,0.0,0.0,0.0
2021,1,LA,0.0,0.0,0.0,0.0
2021,1,CLE,-0.680502318078652,5.0,-1.3849815578432754,8.0
2021,1,KC,-1.3849815578432754,8.0,-0.680502318078652,5.0
2021,1,TB,2.1739869157318026,13.0,2.9675110724638216,16.0
2021,1,DAL,2.9675110724638216,16.0,2.1739869157318026,13.0
2021,1,NYG,0.0,0.0,0.0,0.0
2021,1,DEN,0.0,0.0,0.0,0.0
2021,1,NO,0.0,0.0,0.0,0.0
2021,1,GB,0.0,0.0,0.0,0.0
2021,1,HOU,0.0,0.0,0.0,0.0
2021,1,JAX,0.0,0.0,0.0,0.0
2021,1,LAC,-1.1749732994940132,12.0,0.0,0.0
2021,1,WAS,0.0,0.0,-1.1749732994940132,12.0
2021,1,NE,-4.021386269421782,3.0,-0.0712539884261787,9.0
2021,1,MIA,-0.0712539884261787,9.0,-4.021386269421782,3.0
2021,1,MIN,-0.01752215262968093,15.0,-0.719079002039507,16.0
2021,1,CIN,-0.719079002039507,16.0,-0.01752215262968093,15.0
2021,1,NYJ,-0.947,1.0,-0.7775290935533121,6.0
2021,1,CAR,-0.7775290935533121,6.0,-0.947,1.0
2021,1,ATL,0.0,0.0,0.0,0.0
2021,1,PHI,0.0,0.0,0.0,0.0
2021,1,BUF,0.0,0.0,1.7771738691953942,12.0
2021,1,PIT,1.7771738691953942,12.0,0.0,0.0
2021,1,IND,0.0,0.0,0.0,0.0
2021,1,SEA,0.0,0.0,0.0,0.0
2021,1,DET,-0.984186659916304,8.0,-1.997767970780842,6.0
2021,1,SF,-1.997767970780842,6.0,-0.984186659916304,8.0
2021,2,TB,0.0,0.0,0.0,0.0
2021,2,ATL,0.0,0.0,0.0,0.0
2021,2,MIA,0.0,0.0,0.0,0.0
2021,2,BUF,0.0,0.0,0.0,0.0
2021,2,CHI,-0.9021072702016681,9.0,0.06757300310763314,1.0
2021,2,CIN,0.06757300310763314,1.0,-0.9021072702016681,9.0
2021,2,DAL,2.004662319784984,12.0,0.38635346747469157,2.0
2021,2,LAC,0.38635346747469157,2.0,2.004662319784984,12.0
2021,2,JAX,0.0,0.0,0.0,0.0
2021,2,DEN,0.0,0.0,0.0,0.0
2021,2,DET,0.0,0.0,0.0,0.0
2021,2,GB,0.0,0.0,0.0,0.0
2021,2,CLE,0.0,0.0,0.0,0.0
2021,2,HOU,0.0,0.0,0.0,0.0
2021,2,BAL,-0.8611662449983414,9.0,-1.8711839658208191,5.0
2021,2,KC,-1.8711839658208191,5.0,-0.8611662449983414,9.0
2021,2,IND,-3.102543077489827,6.0,-1.2954854858689941,11.0
2021,2,LA,-1.2954854858689941,11.0,-3.102543077489827,6.0
2021,2,PIT,0.0,0.0,2.369942916557193,8.0
2021,2,LV,2.369942916557193,8.0,0.0,0.0
2021,2,MIN,-4.303877264959738,15.0,-4.733999997552019,7.0
2021,2,ARI,-4.733999997552019,7.0,-4.303877264959738,15.0
2021,2,NE,0.0,0.0,0.0,0.0
2021,2,NYJ,0.0,0.0,0.0,0.0
2021,2,CAR,0.0,0.0,0.0,0.0
2021,2,NO,0.0,0.0,0.0,0.0
2021,2,WAS,3.9997913136472434,21.0,0.25868921732208516,12.0
2021,2,NYG,0.25868921732208516,12.0,3.9997913136472434,21.0
2021,2,SF,-0.5775956376455724,7.0,1.053,1.0
2021,2,PHI,1.053,1.0,-0.5775956376455724,7.0
2021,2,SEA,-1.5166937042959034,7.0,5.958521607854786,15.0
2021,2,TEN,5.958521607854786,15.0,-1.5166937042959034,7.0
2021,3,JAX,0.0,0.0,0.0,0.0
2021,3,ARI,0.0,0.0,0.0,0.0
2021,3,ATL,3.330593940118512,10.0,-1.2468299865722656,10.0
2021,3,NYG,-1.2468299865722656,10.0,3.330593940118512,10.0
2021,3,DET,0.8338316043373197,8.0,2.2332185216946527,8.0
2021,3,BAL,2.2332185216946527,8.0,0.8338316043373197,8.0
2021,3,CAR,2.2031487812055275,5.0,0.0,0.0
2021,3,HOU,0.0,0.0,2.2031487812055275,5.0
2021,3,CLE,0.0,0.0,0.0,0.0
2021,3,CHI,0.0,0.0,0.0,0.0
2021,3,PIT,0.0,0.0,0.0,0.0
2021,3,CIN,0.0,0.0,0.0,0.0
2021,3,GB,2.6291750512318686,12.0,6.580814672852817,10.0
2021,3,SF,6.580814672852817,10.0,2.6291750512318686,12.0
2021,3,TEN,0.26820353604853153,7.0,0.0,0.0
2021,3,IND,0.0,0.0,0.26820353604853153,7.0
2021,3,LAC,2.6664492607675006,21.0,-3.0759102531010285,10.0
2021,3,KC,-3.0759102531010285,10.0,2.6664492607675006,21.0
2021,3,LV,-1.2598964592907578,17.0,6.319514483257197,22.0
2021,3,MIA,6.319514483257197,22.0,-1.2598964592907578,17.0
2021,3,NO,2.8045645935926586,5.0,0.0,0.0
2021,3,NE,0.0,0.0,2.8045645935926586,5.0
2021,3,DEN,0.0,0.0,0.0,0.0
2021,3,NYJ,0.0,0.0,0.0,0.0
2021,3,DAL,0.0,0.0,0.0,0.0
2021,3,PHI,0.0,0.0,0.0,0.0
2021,3,SEA,0.0,0.0,0.0,0.0
2021,3,MIN,0.0,0.0,0.0,0.0
2021,3,TB,0.0,0.0,0.0,0.0
2021,3,LA,0.0,0.0,0.0,0.0
2021,3,BUF,0.0,0.0,0.0,0.0
2021,3,WAS,0.0,0.0,0.0,0.0
2021,4,LA,0.0,0.0,0.0,0.0
2021,4,ARI,0.0,0.0,0.0,0.0
2021,4,DEN,0.0,0.0,0.0,0.0
2021,4,BAL,0.0,0.0,0.0,0.0
2021,4,DAL,-0.7308319332078099,9.0,0.0,0.0
2021,4,CAR,0.0,0.0,-0.7308319332078099,9.0
2021,4,MIN,-2.5222775529837236,18.0,-5.471552031347528,8.0
2021,4,CLE,-5.471552031347528,8.0,-2.5222775529837236,18.0
2021,4,CHI,0.0,0.0,0.0,0.0
2021,4,DET,0.0,0.0,0.0,0.0
2021,4,HOU,0.0,0.0,0.0,0.0
2021,4,BUF,0.0,0.0,0.0,0.0
2021,4,MIA,0.0,0.0,0.0,0.0
2021,4,IND,0.0,0.0,0.0,0.0
2021,4,JAX,0.0,0.0,2.027688334695995,11.0
2021,4,CIN,2.027688334695995,11.0,0.0,0.0
2021,4,PHI,0.0,0.0,0.0,0.0
2021,4,KC,0.0,0.0,0.0,0.0
2021,4,LAC,0.0,0.0,0.0,0.0
2021,4,LV,0.0,0.0,0.0,0.0
2021,4,NYG,3.9541479210020043,12.0,-1.8273870236589573,9.0
2021,4,NO,-1.8273870236589573,9.0,3.9541479210020043,12.0
2021,4,PIT,0.0,0.0,0.0,0.0
2021,4,GB,0.0,0.0,0.0,0.0
2021,4,SEA,-0.5882149051176384,3.0,0.0,0.0
2021,4,SF,0.0,0.0,-0.5882149051176384,3.0
2021,4,NE,-0.8675848395991634,10.0,2.360969617962837,13.0
2021,4,TB,2.360969617962837,13.0,-0.8675848395991634,10.0
2021,4,NYJ,-1.90400334003946,9.0,0.08084055605339602,32.0
2021,4,TEN,0.08084055605339602,32.0,-1.90400334003946,9.0
2021,4,ATL,-2.390857590129599,11.0,8.327063152013812,13.0
2021,4,WAS,8.327063152013812,13.0,-2.390857590129599,11.0
2021,5,KC,0.0,0.0,0.0,0.0
2021,5,BUF,0.0,0.0,0.0,0.0
2021,5,CHI,-1.2922207923838869,8.0,-4.956300739257131,6.0
2021,5,LV,-4.956300739257131,6.0,-1.2922207923838869,8.0
2021,5,LAC,7.724700139182736,16.0,-3.848872599015362,16.0
2021,5,CLE,-3.848872599015362,16.0,7.724700139182736,16.0
2021,5,PIT,0.775273137667682,6.0,-1.240506052505225,12.0
2021,5,DEN,-1.240506052505225,12.0,0.775273137667682,6.0
2021,5,DET,3.3591688422458246,4.0,-1.4055725702064348,11.0
2021,5,MIN,-1.4055725702064348,11.0,3.3591688422458246,4.0
2021,5,GB,-0.5548768126172945,15.0,1.3337442781387185,14.0
2021,5,CIN,1.3337442781387185,14.0,-0.5548768126172945,15.0
2021,5,BAL,7.096852390022948,12.0,-3.9124588943189478,9.0
2021,5,IND,-3.9124588943189478,9.0,7.096852390022948,12.0
2021,5,LA,-0.8352055987925269,10.0,-3.0626349852536805,1.0
2021,5,SEA,-3.0626349852536805,1.0,-0.8352055987925269,10.0
2021,5,MIA,0.0,0.0,0.0,0.0
2021,5,TB,0.0,0.0,0.0,0.0
2021,5,HOU,-0.07821479858830571,3.0,0.9693069489439949,11.0
2021,5,NE,0.9693069489439949,11.0,-0.07821479858830571,3.0
2021,5,NO,3.6149088948150165,3.0,0.0,0.0
2021,5,WAS,0.0,0.0,3.6149088948150165,3.0
2021,5,DAL,0.0,0.0,0.0,0.0
2021,5,NYG,0.0,0.0,0.0,0.0
2021,5,ATL,4.506294039951172,9.0,0.0,0.0
2021,5,NYJ,0.0,0.0,4.506294039951172,9.0
2021,5,PHI,1.5821507257497869,12.0,-8.702087523939554,10.0
2021,5,CAR,-8.702087523939554,10.0,1.5821507257497869,12.0
2021,5,SF,0.0,0.0,-0.9819692618912086,8.0
2021,5,ARI,-0.9819692618912086,8.0,0.0,0.0
2021,5,JAX,0.0,0.0,0.0,0.0
2021,5,TEN,0.0,0.0,0.0,0.0
2021,6,CLE,0.0,0.0,0.0,0.0
2021,6,ARI,0.0,0.0,0.0,0.0
2021,6,TEN,4.206287182853508,5.0,-0.9111091408412904,9.0
2021,6,BUF,-0.9111091408412904,9.0,4.206287182853508,5.0
2021,6,DET,0.0,0.0,0.0,0.0
2021,6,CIN,0.0,0.0,0.0,0.0
2021,6,DAL,1.3902922089183702,19.0,-2.027079979146831,8.0
2021,6,NE,-2.027079979146831,8.0,1.3902922089183702,19.0
2021,6,GB,1.6490701563307084,1.0,0.0,0.0
2021,6,CHI,0.0,0.0,1.6490701563307084,1.0
2021,6,HOU,0.0,0.0,0.0,0.0
2021,6,IND,0.0,0.0,0.0,0.0
2021,6,WAS,0.0,0.0,0.0,0.0
2021,6,KC,0.0,0.0,0.0,0.0
2021,6,LAC,0.0,0.0,0.0,0.0
2021,6,BAL,0.0,0.0,0.0,0.0
2021,6,NYG,0.0,0.0,0.0,0.0
2021,6,LA,0.0,0.0,0.0,0.0
2021,6,LV,0.0,0.0,0.0,0.0
2021,6,DEN,0.0,0.0,0.0,0.0
2021,6,MIA,-2.9159378256299533,8.0,2.737007591233123,12.0
2021,6,JAX,2.737007591233123,12.0,-2.9159378256299533,8.0
2021,6,CAR,7.83845834380202,13.0,-1.6144487625570036,15.0
2021,6,MIN,-1.6144487625570036,15.0,7.83845834380202,13.0
2021,6,PIT,0.8492367450962774,13.0,-2.5961400545784272,11.0
2021,6,SEA,-2.5961400545784272,11.0,0.8492367450962774,13.0
2021,6,TB,-1.2420493945246562,10.0,0.0,0.0
2021,6,PHI,0.0,0.0,-1.2420493945246562,10.0
2021,7,MIA,3.3034254676172954,8.0,2.2187951379455626,11.0
2021,7,ATL,2.2187951379455626,11.0,3.3034254676172954,8.0
2021,7,CAR,0.0,0.0,0.0,0.0
2021,7,NYG,0.0,0.0,0.0,0.0
2021,7,CHI,0.0,0.0,0.0,0.0
2021,7,TB,0.0,0.0,0.0,0.0
2021,7,CIN,0.0,0.0,0.0,0.0
2021,7,BAL,0.0,0.0,0.0,0.0
2021,7,CLE,-1.2240916534792632,10.0,0.0,0.0
2021,7,DEN,0.0,0.0,-1.2240916534792632,10.0
2021,7,DET,0.0,0.0,2.141048263059929,9.0
2021,7,LA,2.141048263059929,9.0,0.0,0.0
2021,7,ARI,0.0,0.0,0.0,0.0
2021,7,HOU,0.0,0.0,0.0,0.0
2021,7,SF,0.0,0.0,4.076584261725657,5.0
2021,7,IND,4.076584261725657,5.0,0.0,0.0
2021,7,TEN,0.0,0.0,0.0,0.0
2021,7,KC,0.0,0.0,0.0,0.0
2021,7,SEA,-5.406806111393962,5.0,-5.14803774736356,12.0
2021,7,NO,-5.14803774736356,12.0,-5.406806111393962,5.0
2021,7,NE,0.0,0.0,0.0,0.0
2021,7,NYJ,0.0,0.0,0.0,0.0
2021,7,PHI,0.0,0.0,0.0,0.0
2021,7,LV,0.0,0.0,0.0,0.0
2021,7,GB,0.0,0.0,0.0,0.0
2021,7,WAS,0.0,0.0,0.0,0.0
2021,8,CAR,-0.07398786104749888,2.0,0.0,0.0
2021,8,ATL,0.0,0.0,-0.07398786104749888,2.0
2021,8,NYJ,1.4593888541860505,14.0,-7.3596284167142585,9.0
2021,8,CIN,-7.3596284167142585,9.0,1.4593888541860505,14.0
2021,8,MIN,-2.6068740332266316,10.0,5.978282413622015,13.0
2021,8,DAL,5.978282413622015,13.0,-2.6068740332266316,10.0
2021,8,GB,-4.677498059114441,8.0,0.3690039988141507,12.0
2021,8,ARI,0.3690039988141507,12.0,-4.677498059114441,8.0
2021,8,JAX,0.0,0.0,0.0,0.0
2021,8,SEA,0.0,0.0,0.0,0.0
2021,8,LA,0.0,0.0,0.0,0.0
2021,8,HOU,0.0,0.0,0.0,0.0
2021,8,BUF,-1.1793343787430786,7.0,0.0,0.0
2021,8,MIA,0.0,0.0,-1.1793343787430786,7.0
2021,8,LAC,0.05117156607063911,1.0,-1.726421418308746,10.0
2021,8,NE,-1.726421418308746,10.0,0.05117156607063911,1.0
2021,8,KC,-1.2451629136339761,12.0,-6.196066293632612,8.0
2021,8,NYG,-6.196066293632612,8.0,-1.2451629136339761,12.0
2021,8,DET,0.0,0.0,0.0,0.0
2021,8,PHI,0.0,0.0,0.0,0.0
2021,8,CLE,-2.589878591010347,10.0,-1.6413654061034322,9.0
2021,8,PIT,-1.6413654061034322,9.0,-2.589878591010347,10.0
2021,8,SF,1.3100335500203073,7.0,-0.365466624032706,1.0
2021,8,CHI,-0.365466624032706,1.0,1.3100335500203073,7.0
2021,8,TB,-8.161804905394092,3.0,2.4360300790887557,12.0
2021,8,NO,2.4360300790887557,12.0,-8.161804905394092,3.0
2021,8,IND,-1.3651104221583048,11.0,-2.5119746623906942,16.0
2021,8,TEN,-2.5119746623906942,16.0,-1.3651104221583048,11.0
2021,8,WAS,-4.234107000636868,16.0,-0.9704831525590758,5.0
2021,8,DEN,-0.9704831525590758,5.0,-4.234107000636868,16.0
2021,9,SF,0.0,0.0,0.0,0.0
2021,9,ARI,0.0,0.0,0.0,0.0
2021,9,ATL,-2.0092249727458693,12.0,2.224699380313046,7.0
2021,9,NO,2.224699380313046,7.0,-2.0092249727458693,12.0
2021,9,JAX,-4.635445162653923,10.0,-2.5259602575097233,8.0
2021,9,BUF,-2.5259602575097233,8.0,-4.635445162653923,10.0
2021,9,CHI,6.0558680129039075,17.0,4.5631156044546515,18.0
2021,9,PIT,4.5631156044546515,18.0,6.0558680129039075,17.0
2021,9,CIN,0.0,0.0,0.0,0.0
2021,9,CLE,0.0,0.0,0.0,0.0
2021,9,DAL,0.0,0.0,0.0,0.0
2021,9,DEN,0.0,0.0,0.0,0.0
2021,9,GB,0.06757300310763314,1.0,-0.9176476183347404,11.0
2021,9,KC,-0.9176476183347404,11.0,0.06757300310763314,1.0
2021,9,MIA,-2.447575880709337,11.0,-2.7460633209266234,6.0
2021,9,HOU,-2.7460633209266234,6.0,-2.447575880709337,11.0
2021,9,PHI,-0.0004919767670799047,1.0,1.3434545650379732,14.0
2021,9,LAC,1.3434545650379732,14.0,-0.0004919767670799047,1.0
2021,9,NYG,-0.2972756131202914,6.0,-1.086949261953123,11.0
2021,9,LV,-1.086949261953123,11.0,-0.2972756131202914,6.0
2021,9,BAL,3.677023510958485,24.0,6.410328901358831,12.0
2021,9,MIN,6.410328901358831,12.0,3.677023510958485,24.0
2021,9,NE,0.0,0.0,0.0,0.0
2021,9,CAR,0.0,0.0,0.0,0.0
2021,9,NYJ,0.0,0.0,0.0,0.0
2021,9,IND,0.0,0.0,0.0,0.0
2021,9,LA,0.0,0.0,0.0,0.0
2021,9,TEN,0.0,0.0,0.0,0.0
2021,10,DAL,0.0,0.0,0.0,0.0
2021,10,ATL,0.0,0.0,0.0,0.0
2021,10,BAL,0.06757300310763314,1.0,6.349760622018948,9.0
2021,10,MIA,6.349760622018948,9.0,0.06757300310763314,1.0
2021,10,NYJ,0.0,0.0,0.0,0.0
2021,10,BUF,0.0,0.0,0.0,0.0
2021,10,ARI,0.0,0.0,0.0,0.0
2021,10,CAR,0.0,0.0,0.0,0.0
2021,10,CLE,0.0,0.0,0.0,0.0
2021,10,NE,0.0,0.0,0.0,0.0
2021,10,PIT,-8.48182060002,21.0,-10.03390100543038,21.0
2021,10,DET,-10.03390100543038,21.0,-8.48182060002,21.0
2021,10,IND,0.5060627723578364,11.0,-1.1324759342242032,7.0
2021,10,JAX,-1.1324759342242032,7.0,0.5060627723578364,11.0
2021,10,KC,0.0,0.0,0.0,0.0
2021,10,LV,0.0,0.0,0.0,0.0
2021,10,LA,0.0,0.0,0.0,0.0
2021,10,SF,0.0,0.0,0.0,0.0
2021,10,MIN,-1.0550769979599863,13.0,0.0,0.0
2021,10,LAC,0.0,0.0,-1.0550769979599863,13.0
2021,10,TEN,-2.6676627001725137,8.0,4.948736731705256,10.0
2021,10,NO,4.948736731705256,10.0,-2.6676627001725137,8.0
2021,10,PHI,0.0,0.0,0.0,0.0
2021,10,DEN,0.0,0.0,0.0,0.0
2021,10,GB,0.0,0.0,0.0,0.0
2021,10,SEA,0.0,0.0,0.0,0.0
2021,10,TB,0.0,0.0,3.6663150184904225,11.0
2021,10,WAS,3.6663150184904225,11.0,0.0,0.0
2021,11,SEA,0.0,0.0,4.175676299724728,8.0
2021,11,ARI,4.175676299724728,8.0,0.0,0.0
2021,11,BAL,6.533868997634805,11.0,5.29229301451426,18.0
2021,11,CHI,5.29229301451426,18.0,6.533868997634805,11.0
2021,11,CIN,0.0,0.0,0.0,0.0
2021,11,LV,0.0,0.0,0.0,0.0
2021,11,DAL,0.0,0.0,0.0,0.0
2021,11,KC,0.0,0.0,0.0,0.0
2021,11,CLE,-0.7514075636863708,9.0,-2.573709568125196,4.0
2021,11,DET,-2.573709568125196,4.0,-0.7514075636863708,9.0
2021,11,GB,5.820666369693004,3.0,6.476949206422549,17.0
2021,11,MIN,6.476949206422549,17.0,5.820666369693004,3.0
2021,11,TEN,-5.869178513763472,3.0,-1.5820822276873514,5.0
2021,11,HOU,-1.5820822276873514,5.0,-5.869178513763472,3.0
2021,11,IND,0.0,0.0,0.0,0.0
2021,11,BUF,0.0,0.0,0.0,0.0
2021,11,MIA,-1.0817868594895117,9.0,0.0,0.0
2021,11,NYJ,0.0,0.0,-1.0817868594895117,9.0
2021,11,NE,0.0,0.0,0.0,0.0
2021,11,ATL,0.0,0.0,0.0,0.0
2021,11,NO,0.0,0.0,0.0,0.0
2021,11,PHI,0.0,0.0,0.0,0.0
2021,11,TB,0.0,0.0,0.0,0.0
2021,11,NYG,0.0,0.0,0.0,0.0
2021,11,PIT,-5.5295905984200076,15.0,-10.389517930159695,16.0
2021,11,LAC,-10.389517930159695,16.0,-5.5295905984200076,15.0
2021,11,SF,0.0,0.0,0.0,0.0
2021,11,JAX,0.0,0.0,0.0,0.0
2021,11,CAR,-6.419972224452067,13.0,-2.3161636286531575,12.0
2021,11,WAS,-2.3161636286531575,12.0,-6.419972224452067,13.0
2021,12,ATL,-5.508400900987908,11.0,-3.9315678437706083,7.0
2021,12,JAX,-3.9315678437706083,7.0,-5.508400900987908,11.0
2021,12,NO,0.0,0.0,0.0,0.0
2021,12,BUF,0.0,0.0,0.0,0.0
2021,12,MIA,0.0,0.0,0.0,0.0
2021,12,CAR,0.0,0.0,0.0,0.0
2021,12,CHI,0.34918315679533407,11.0,0.0,0.0
2021,12,DET,0.0,0.0,0.34918315679533407,11.0
2021,12,CLE,-2.6196520513040014,5.0,-1.3031738318386488,11.0
2021,12,BAL,-1.3031738318386488,11.0,-2.6196520513040014,5.0
2021,12,DEN,0.0,0.0,0.0,0.0
2021,12,LAC,0.0,0.0,0.0,0.0
2021,12,LA,0.0,0.0,-0.08888350892812014,2.0
2021,12,GB,-0.08888350892812014,2.0,0.0,0.0
2021,12,DAL,8.732324504337274,16.0,-0.8239419782767072,18.0
2021,12,LV,-0.8239419782767072,18.0,8.732324504337274,16.0
2021,12,MIN,-1.429645852302201,6.0,-3.360746225924231,9.0
2021,12,SF,-3.360746225924231,9.0,-1.429645852302201,6.0
2021,12,HOU,-3.351503455254715,8.0,-2.809408827451989,11.0
2021,12,NYJ,-2.809408827451989,11.0,-3.351503455254715,8.0
2021,12,NYG,-4.149226203095168,10.0,-3.839021432271693,13.0
2021,12,PHI,-3.839021432271693,13.0,-4.149226203095168,10.0
2021,12,CIN,0.0,0.0,0.0,0.0
2021,12,PIT,0.0,0.0,0.0,0.0
2021,12,WAS,-4.146298145642504,11.0,5.418625912323594,12.0
2021,12,SEA,5.418625912323594,12.0,-4.146298145642504,11.0
2021,12,TB,6.095152306813125,11.0,2.9523897208625747,6.0
2021,12,IND,2.9523897208625747,6.0,6.095152306813125,11.0
2021,12,TEN,0.0,0.0,0.0,0.0
2021,12,NE,0.0,0.0,0.0,0.0
2021,13,CHI,0.0,0.0,0.0,0.0
2021,13,ARI,0.0,0.0,0.0,0.0
2021,13,BAL,5.360933832053095,11.0,6.167501201169332,13.0
2021,13,PIT,6.167501201169332,13.0,5.360933832053095,11.0
2021,13,NO,0.0,0.0,0.0,0.0
2021,13,DAL,0.0,0.0,0.0,0.0
2021,13,DEN,0.0,0.0,0.0,0.0
2021,13,KC,0.0,0.0,0.0,0.0
2021,13,HOU,0.0,0.0,0.0,0.0
2021,13,IND,0.0,0.0,0.0,0.0
2021,13,LA,0.0,0.0,0.0,0.0
2021,13,JAX,0.0,0.0,0.0,0.0
2021,13,LAC,0.0,0.0,0.0,0.0
2021,13,CIN,0.0,0.0,0.0,0.0
2021,13,MIN,1.491503815094009,7.0,0.6472866050899029,18.0
2021,13,DET,0.6472866050899029,18.0,1.491503815094009,7.0
2021,13,NE,-0.31708965660072863,5.0,-2.5049171233549714,10.0
2021,13,BUF,-2.5049171233549714,10.0,-0.31708965660072863,5.0
2021,13,NYG,0.0,0.0,2.086052571190521,12.0
2021,13,MIA,2.086052571190521,12.0,0.0,0.0
2021,13,NYJ,0.0,0.0,0.0,0.0
2021,13,PHI,0.0,0.0,0.0,0.0
2021,13,SEA,-5.740714973595459,3.0,0.35249908291734755,13.0
2021,13,SF,0.35249908291734755,13.0,-5.740714973595459,3.0
2021,13,TB,0.0,0.0,0.0,0.0
2021,13,ATL,0.0,0.0,0.0,0.0
2021,13,WAS,1.8735375590622425,9.0,-1.1240854022325948,10.0
2021,13,LV,-1.1240854022325948,10.0,1.8735375590622425,9.0
2021,14,ATL,-0.9015255703125149,10.0,0.0,0.0
2021,14,CAR,0.0,0.0,-0.9015255703125149,10.0
2021,14,CLE,-3.5684066636604257,3.0,-2.7753048265143785,5.0
2021,14,BAL,-2.7753048265143785,5.0,-3.5684066636604257,3.0
2021,14,TB,-1.794165826344397,10.0,2.0370261996145804,15.0
2021,14,BUF,2.0370261996145804,15.0,-1.794165826344397,10.0
2021,14,CHI,0.0,0.0,0.0,0.0
2021,14,GB,0.0,0.0,0.0,0.0
2021,14,DAL,-5.292500791139901,11.0,-5.5843929363322005,4.0
2021,14,WAS,-5.5843929363322005,4.0,-5.292500791139901,11.0
2021,14,DEN,0.0,0.0,0.0,0.0
2021,14,DET,0.0,0.0,0.0,0.0
2021,14,TEN,0.0,0.0,0.0,0.0
2021,14,JAX,0.0,0.0,0.0,0.0
2021,14,ARI,-1.0833720231894404,4.0,-1.3842430097283795,1.0
2021,14,LA,-1.3842430097283795,1.0,-1.0833720231894404,4.0
2021,14,LV,0.0,0.0,0.0,0.0
2021,14,KC,0.0,0.0,0.0,0.0
2021,14,NYJ,0.0,0.0,0.0,0.0
2021,14,NO,0.0,0.0,0.0,0.0
2021,14,NYG,0.0,0.0,0.0,0.0
2021,14,LAC,0.0,0.0,0.0,0.0
2021,14,MIN,-1.712377685122192,9.0,-0.664901913376525,12.0
2021,14,PIT,-0.664901913376525,12.0,-1.712377685122192,9.0
2021,14,HOU,0.0,0.0,0.0,0.0
2021,14,SEA,0.0,0.0,0.0,0.0
2021,14,SF,3.148731329361908,22.0,7.183229690520044,9.0
2021,14,CIN,7.183229690520044,9.0,3.148731329361908,22.0
2021,15,DET,0.0,0.0,0.0,0.0
2021,15,ARI,0.0,0.0,0.0,0.0
2021,15,SF,0.0,0.0,0.0,0.0
2021,15,ATL,0.0,0.0,0.0,0.0
2021,15,CAR,0.0,0.0,0.0,0.0
2021,15,BUF,0.0,0.0,0.0,0.0
2021,15,CIN,-3.3464450467727147,8.0,-5.190887375792954,11.0
2021,15,DEN,-5.190887375792954,11.0,-3.3464450467727147,8.0
2021,15,DAL,0.0,0.0,0.0,0.0
2021,15,NYG,0.0,0.0,0.0,0.0
2021,15,BAL,4.196168876049992,9.0,-3.070897033554502,9.0
2021,15,GB,-3.070897033554502,9.0,4.196168876049992,9.0
2021,15,HOU,4.976968833361752,5.0,0.0,0.0
2021,15,JAX,0.0,0.0,4.976968833361752,5.0
2021,15,LAC,2.6253610021105267,14.0,5.329931629881845,13.0
2021,15,KC,5.329931629881845,13.0,2.6253610021105267,14.0
2021,15,CLE,1.6776507640466538,7.0,0.4313180185854435,13.0
2021,15,LV,0.4313180185854435,13.0,1.6776507640466538,7.0
2021,15,MIN,0.0,0.0,0.0,0.0
2021,15,CHI,0.0,0.0,0.0,0.0
2021,15,IND,5.997001186129637,3.0,0.06857135097992784,1.0
2021,15,NE,0.06857135097992784,1.0,5.997001186129637,3.0
2021,15,NO,0.0,0.0,0.0,0.0
2021,15,TB,0.0,0.0,0.0,0.0
2021,15,MIA,-1.2105448571523207,10.0,-4.002932320407126,10.0
2021,15,NYJ,-4.002932320407126,10.0,-1.2105448571523207,10.0
2021,15,LA,-0.33881734166061506,5.0,-5.635851731349248,4.0
2021,15,SEA,-5.635851731349248,4.0,-0.33881734166061506,5.0
2021,15,PIT,1.3470152407100136,2.0,-0.7537966568488628,14.0
2021,15,TEN,-0.7537966568488628,14.0,1.3470152407100136,2.0
2021,15,WAS,0.0,0.0,0.0,0.0
2021,15,PHI,0.0,0.0,0.0,0.0
2021,16,CIN,0.0,0.0,0.0,0.0
2021,16,BAL,0.0,0.0,0.0,0.0
2021,16,NE,0.0,0.0,5.247222929552663,6.0
2021,16,BUF,5.247222929552663,6.0,0.0,0.0
2021,16,SEA,-5.629639403661713,15.0,6.097327577459626,8.0
2021,16,CHI,6.097327577459626,8.0,-5.629639403661713,15.0
2021,16,CLE,-2.415413046851803,9.0,-3.1498022105079144,11.0
2021,16,GB,-3.1498022105079144,11.0,-2.415413046851803,9.0
2021,16,DEN,-2.996415685280226,4.0,-0.4403068614192307,8.0
2021,16,LV,-0.4403068614192307,8.0,-2.996415685280226,4.0
2021,16,ATL,-4.412203752726782,5.0,-5.368877173692454,10.0
2021,16,DET,-5.368877173692454,10.0,-4.412203752726782,5.0
2021,16,ARI,0.0,0.0,-0.5734370248974301,2.0
2021,16,IND,-0.5734370248974301,2.0,0.0,0.0
2021,16,JAX,-0.5360052261385135,12.0,2.392956545634661,11.0
2021,16,NYJ,2.392956545634661,11.0,-0.5360052261385135,12.0
2021,16,LAC,0.0,0.0,6.09270086500328,5.0
2021,16,HOU,6.09270086500328,5.0,0.0,0.0
2021,16,MIN,0.0,0.0,-1.302846998500172,10.0
2021,16,LA,-1.302846998500172,10.0,0.0,0.0
2021,16,MIA,0.0,0.0,0.0,0.0
2021,16,NO,0.0,0.0,0.0,0.0
2021,16,PHI,0.0,0.0,0.0,0.0
2021,16,NYG,0.0,0.0,0.0,0.0
2021,16,PIT,0.0,0.0,0.0,0.0
2021,16,KC,0.0,0.0,0.0,0.0
2021,16,SF,6.472186336687251,10.0,1.9531782983103767,10.0
2021,16,TEN,1.9531782983103767,10.0,6.472186336687251,10.0
2021,16,TB,0.0,0.0,0.0,0.0
2021,16,CAR,0.0,0.0,0.0,0.0
2021,16,DAL,0.0,0.0,0.0,0.0
2021,16,WAS,0.0,0.0,0.0,0.0
2021,17,DAL,1.053,1.0,-0.9342554532922804,11.0
2021,17,ARI,-0.9342554532922804,11.0,1.053,1.0
2021,17,ATL,0.0,0.0,0.0,0.0
2021,17,BUF,0.0,0.0,0.0,0.0
2021,17,CAR,-4.3941415713052265,11.0,-4.16774501389591,4.0
2021,17,NO,-4.16774501389591,4.0,-4.3941415713052265,11.0
2021,17,PIT,6.217772274045274,4.0,0.06757300310763314,1.0
2021,17,CLE,0.06757300310763314,1.0,6.217772274045274,4.0
2021,17,LAC,0.0,0.0,0.0,0.0
2021,17,DEN,0.0,0.0,0.0,0.0
2021,17,SEA,0.0,0.0,0.0,0.0
2021,17,DET,0.0,0.0,0.0,0.0
2021,17,HOU,0.0,0.0,0.0,0.0
2021,17,SF,0.0,0.0,0.0,0.0
2021,17,JAX,0.0,0.0,0.0,0.0
2021,17,NE,0.0,0.0,0.0,0.0
2021,17,KC,0.0,0.0,1.3824050524272025,17.0
2021,17,CIN,1.3824050524272025,17.0,0.0,0.0
2021,17,BAL,-0.29900582108442375,10.0,5.164060666153207,11.0
2021,17,LA,5.164060666153207,11.0,-0.29900582108442375,10.0
2021,17,LV,2.0940403265412897,11.0,-0.3238579459139146,5.0
2021,17,IND,-0.3238579459139146,5.0,2.0940403265412897,11.0
2021,17,MIA,0.0,0.0,0.0,0.0
2021,17,TEN,0.0,0.0,0.0,0.0
2021,17,GB,0.0,0.0,0.0,0.0
2021,17,MIN,0.0,0.0,0.0,0.0
2021,17,NYG,0.0,0.0,0.0,0.0
2021,17,CHI,0.0,0.0,0.0,0.0
2021,17,WAS,-0.8949677909258753,12.0,-0.31115762755507603,7.0
2021,17,PHI,-0.31115762755507603,7.0,-0.8949677909258753,12.0
2021,17,NYJ,-3.516495016636327,9.0,7.417382956759073,10.0
2021,17,TB,7.417382956759073,10.0,-3.516495016636327,9.0
2021,18,CAR,0.0,0.0,0.0,0.0
2021,18,TB,0.0,0.0,0.0,0.0
2021,18,CHI,0.0,0.0,0.0,0.0
2021,18,MIN,0.0,0.0,0.0,0.0
2021,18,CIN,-0.947,1.0,-0.5009978475281969,5.0
2021,18,CLE,-0.5009978475281969,5.0,-0.947,1.0
2021,18,PHI,0.0,0.0,0.0,0.0
2021,18,DAL,0.0,0.0,0.0,0.0
2021,18,GB,-5.15062379506696,8.0,4.371480491654598,14.0
2021,18,DET,4.371480491654598,14.0,-5.15062379506696,8.0
2021,18,JAX,0.0,0.0,0.0,0.0
2021,18,IND,0.0,0.0,0.0,0.0
2021,18,DEN,-1.3497522612451576,3.0,-0.9895405557472259,11.0
2021,18,KC,-0.9895405557472259,11.0,-1.3497522612451576,3.0
2021,18,LV,0.19467301049735397,14.0,5.312092276292038,24.0
2021,18,LAC,5.312092276292038,24.0,0.19467301049735397,14.0
2021,18,MIA,-1.108787046832731,10.0,-6.803566059431809,2.0
2021,18,NE,-6.803566059431809,2.0,-1.108787046832731,10.0
2021,18,NO,0.0,0.0,0.0,0.0
2021,18,ATL,0.0,0.0,0.0,0.0
2021,18,BUF,0.0,0.0,0.0,0.0
2021,18,NYJ,0.0,0.0,0.0,0.0
2021,18,PIT,3.703000935886472,23.0,1.772722011024598,13.0
2021,18,BAL,1.772722011024598,13.0,3.703000935886472,23.0
2021,18,SEA,4.919657312100753,5.0,0.0,0.0
2021,18,ARI,0.0,0.0,4.919657312100753,5.0
2021,18,LA,-0.10842372913414189,20.0,1.362848173421458,16.0
2021,18,SF,1.362848173421458,16.0,-0.10842372913414189,20.0
2021,18,HOU,0.06857135097992784,1.0,-0.9797449114266783,9.0
2021,18,TEN,-0.9797449114266783,9.0,0.06857135097992784,1.0
2021,18,WAS,0.0,0.0,0.0,0.0
2021,18,NYG,0.0,0.0,0.0,0.0
2021,19,ARI,0.0,0.0,0.0,0.0
2021,19,LA,0.0,0.0,0.0,0.0
2021,19,LV,-1.2886180024361238,11.0,-1.942171337781474,6.0
2021,19,CIN,-1.942171337781474,6.0,-1.2886180024361238,11.0
2021,19,BUF,0.0,0.0,0.0,0.0
2021,19,NE,0.0,0.0,0.0,0.0
2021,19,TB,0.0,0.0,0.0,0.0
2021,19,PHI,0.0,0.0,0.0,0.0
2021,19,PIT,0.0,0.0,0.0,0.0
2021,19,KC,0.0,0.0,0.0,0.0
2021,19,SF,-4.749616256915033,17.0,-3.160598396207206,11.0
2021,19,DAL,-3.160598396207206,11.0,-4.749616256915033,17.0
2021,20,BUF,12.258897508058649,19.0,9.181410509031217,11.0
2021,20,KC,9.181410509031217,11.0,12.258897508058649,19.0
2021,20,TEN,-1.442693595890887,5.0,-0.21539993619080633,7.0
2021,20,CIN,-0.21539993619080633,7.0,-1.442693595890887,5.0
2021,20,TB,3.5359689285698304,9.0,-1.4676275617675856,9.0
2021,20,LA,-1.4676275617675856,9.0,3.5359689285698304,9.0
2021,20,GB,-6.978250101208687,8.0,1.8098036864399423,10.0
2021,20,SF,1.8098036864399423,10.0,-6.978250101208687,8.0
2021,21,CIN,0.0,0.0,1.5060515063814819,12.0
2021,21,KC,1.5060515063814819,12.0,0.0,0.0
2021,21,LA,-4.600914642505813,10.0,-5.3328984851250425,4.0
2021,21,SF,-5.3328984851250425,4.0,-4.600914642505813,10.0
2021,22,LA,7.551709419758641,17.0,-1.0371172968298197,6.0
2021,22,CIN,-1.0371172968298197,6.0,7.551709419758641,17.0
2022,1,NYJ,0.0,0.0,0.0,0.0
2022,1,BAL,0.0,0.0,0.0,0.0
2022,1,BUF,0.0,0.0,0.0,0.0
2022,1,LA,0.0,0.0,0.0,0.0
2022,1,CAR,2.117222096188925,9.0,1.1838790397159755,16.0
2022,1,CLE,1.1838790397159755,16.0,2.117222096188925,9.0
2022,1,SEA,-2.049522878136486,5.0,-1.6065444364212453,10.0
2022,1,DEN,-1.6065444364212453,10.0,-2.049522878136486,5.0
2022,1,MIN,0.0,0.0,0.0,0.0
2022,1,GB,0.0,0.0,0.0,0.0
2022,1,IND,1.194454058923602,24.0,-3.873287513793912,15.0
2022,1,HOU,-3.873287513793912,15.0,1.194454058923602,24.0
2022,1,JAX,-1.2167826839722693,7.0,6.177164340784773,16.0
2022,1,WAS,6.177164340784773,16.0,-1.2167826839722693,7.0
2022,1,KC,0.0,0.0,0.0,0.0
2022,1,ARI,0.0,0.0,0.0,0.0
2022,1,LAC,-5.5218753485241905,11.0,-5.516559579482302,8.0
2022,1,LV,-5.516559579482302,8.0,-5.5218753485241905,11.0
2022,1,NE,0.0,0.0,0.0,0.0
2022,1,MIA,0.0,0.0,0.0,0.0
2022,1,ATL,-1.3045202945941128,17.0,6.978739841011818,10.0
2022,1,NO,6.978739841011818,10.0,-1.3045202945941128,17.0
2022,1,NYG,6.34888695266284,11.0,-0.6724459753604606,12.0
2022,1,TEN,-0.6724459753604606,12.0,6.34888695266284,11.0
2022,1,DET,0.05117156607063911,1.0,-1.4297312393318862,10.0
2022,1,PHI,-1.4297312393318862,10.0,0.05117156607063911,1.0
2022,1,PIT,-2.04183981535607,19.0,-7.565145573767417,32.0
2022,1,CIN,-7.565145573767417,32.0,-2.04183981535607,19.0
2022,1,CHI,0.0,0.0,0.0,0.0
2022,1,SF,0.0,0.0,0.0,0.0
2022,1,DAL,0.0,0.0,0.0,0.0
2022,1,TB,0.0,0.0,0.0,0.0
2022,2,LV,-8.287627637386322,4.0,6.687626730112359,22.0
2022,2,ARI,6.687626730112359,22.0,-8.287627637386322,4.0
2022,2,ATL,-3.4107618764827494,8.0,-7.344443617621437,8.0
2022,2,LA,-7.344443617621437,8.0,-3.4107618764827494,8.0
2022,2,CAR,-1.9109630919992924,7.0,-0.22182743530720495,11.0
2022,2,NYG,-0.22182743530720495,11.0,-1.9109630919992924,7.0
2022,2,GB,0.0,0.0,0.0,0.0
2022,2,CHI,0.0,0.0,0.0,0.0
2022,2,DAL,0.6650798559421673,12.0,2.3139452549368142,8.0
2022,2,CIN,2.3139452549368142,8.0,0.6650798559421673,12.0
2022,2,HOU,-4.050461161823478,11.0,-4.329160269815475,10.0
2022,2,DEN,-4.329160269815475,10.0,-4.050461161823478,11.0
2022,2,IND,0.0,0.0,0.0,0.0
2022,2,JAX,0.0,0.0,0.0,0.0
2022,2,KC,1.9547847877256572,8.0,-1.6812710354710485,5.0
2022,2,LAC,-1.6812710354710485,5.0,1.9547847877256572,8.0
2022,2,BAL,1.0266597716836259,11.0,6.273430649060707,8.0
2022,2,MIA,6.273430649060707,8.0,1.0266597716836259,11.0
2022,2,PHI,0.0,0.0,0.0,0.0
2022,2,MIN,0.0,0.0,0.0,0.0
2022,2,PIT,0.0,0.0,-0.9678463604068384,10.0
2022,2,NE,-0.9678463604068384,10.0,0.0,0.0
2022,2,NYJ,2.5592263297013895,17.0,0.6453099199570715,12.0
2022,2,CLE,0.6453099199570715,12.0,2.5592263297013895,17.0
2022,2,SF,0.0,0.0,0.0,0.0
2022,2,SEA,0.0,0.0,0.0,0.0
2022,2,NO,0.0,0.0,0.0,0.0
2022,2,TB,0.0,0.0,0.0,0.0
2022,2,BUF,0.0,0.0,0.0,0.0
2022,2,TEN,0.0,0.0,0.0,0.0
2022,2,DET,0.0,0.0,0.0,0.0
2022,2,WAS,0.0,0.0,0.0,0.0
2022,3,SEA,-0.7533210136462003,9.0,-0.48080440517514944,4.0
2022,3,ATL,-0.48080440517514944,4.0,-0.7533210136462003,9.0
2022,3,BAL,3.780757373489905,5.0,0.0,0.0
2022,3,NE,0.0,0.0,3.780757373489905,5.0
2022,3,BUF,-5.106209017161746,18.0,-2.2608034781878814,4.0
2022,3,MIA,-2.2608034781878814,4.0,-5.106209017161746,18.0
2022,3,CIN,0.0,0.0,0.0,0.0
2022,3,NYJ,0.0,0.0,0.0,0.0
2022,3,DAL,-3.269257431558799,9.0,-2.3437675933237188,4.0
2022,3,NYG,-2.3437675933237188,4.0,-3.269257431558799,9.0
2022,3,DET,-9.460743716161232,16.0,1.3241413896923182,10.0
2022,3,MIN,1.3241413896923182,10.0,-9.460743716161232,16.0
2022,3,TB,5.760339877728373,16.0,-1.0388775772589725,8.0
2022,3,GB,-1.0388775772589725,8.0,5.760339877728373,16.0
2022,3,CHI,-2.217875850852579,9.0,-6.712456757668406,8.0
2022,3,HOU,-6.712456757668406,8.0,-2.217875850852579,9.0
2022,3,JAX,0.0,0.0,0.0,0.0
2022,3,LAC,0.0,0.0,0.0,0.0
2022,3,IND,4.7302576511635746,12.0,-0.3518534598988481,4.0
2022,3,KC,-0.3518534598988481,4.0,4.7302576511635746,12.0
2022,3,ARI,0.0,0.0,-0.8591006549540907,3.0
2022,3,LA,-0.8591006549540907,3.0,0.0,0.0
2022,3,TEN,-2.4200230150017887,8.0,4.863366493649781,17.0
2022,3,LV,4.863366493649781,17.0,-2.4200230150017887,8.0
2022,3,CAR,-0.9847159318451304,6.0,-0.3067652376194019,1.0
2022,3,NO,-0.3067652376194019,1.0,-0.9847159318451304,6.0
2022,3,WAS,0.0,0.0,0.0,0.0
2022,3,PHI,0.0,0.0,0.0,0.0
2022,3,CLE,-0.6966592278477037,5.0,-6.936114408556023,1.0
2022,3,PIT,-6.936114408556023,1.0,-0.6966592278477037,5.0
2022,3,SF,-6.482418247323949,8.0,-5.086832857588772,10.0
2022,3,DEN,-5.086832857588772,10.0,-6.482418247323949,8.0
2022,4,ARI,0.0,0.0,0.0,0.0
2022,4,CAR,0.0,0.0,0.0,0.0
2022,4,BUF,2.3116649822331965,14.0,-5.048113037075382,2.0
2022,4,BAL,-5.048113037075382,2.0,2.3116649822331965,14.0
2022,4,NYG,-0.009018379671033472,9.0,-2.0356113354791887,6.0
2022,4,CHI,-2.0356113354791887,6.0,-0.009018379671033472,9.0
2022,4,CLE,-4.666842432343401,14.0,2.806580630131066,8.0
2022,4,ATL,2.806580630131066,8.0,-4.666842432343401,14.0
2022,4,LV,4.359039522360195,6.0,0.0,0.0
2022,4,DEN,0.0,0.0,4.359039522360195,6.0
2022,4,JAX,-4.411358584824484,1.0,-7.502023075823672,10.0
2022,4,PHI,-7.502023075823672,10.0,-4.411358584824484,1.0
2022,4,TB,0.0,0.0,0.0,0.0
2022,4,KC,0.0,0.0,0.0,0.0
2022,4,HOU,0.0,0.0,3.331735750893131,6.0
2022,4,LAC,3.331735750893131,6.0,0.0,0.0
2022,4,LA,0.0,0.0,0.0,0.0
2022,4,SF,0.0,0.0,0.0,0.0
2022,4,CIN,4.491188822023105,5.0,-3.942741643928457,6.0
2022,4,MIA,-3.942741643928457,6.0,4.491188822023105,5.0
2022,4,MIN,6.668855155454899,10.0,1.9902054544654675,15.0
2022,4,NO,1.9902054544654675,15.0,6.668855155454899,10.0
2022,4,NE,-0.8364411459187977,6.0,-0.09812497481470928,18.0
2022,4,GB,-0.09812497481470928,18.0,-0.8364411459187977,6.0
2022,4,PIT,-2.766679442836903,6.0,5.624577355557072,12.0
2022,4,NYJ,5.624577355557072,12.0,-2.766679442836903,6.0
2022,4,SEA,4.780802733148448,12.0,0.05117156607063911,1.0
2022,4,DET,0.05117156607063911,1.0,4.780802733148448,12.0
2022,4,IND,-3.5167713266564533,6.0,-2.5989606579532847,7.0
2022,4,TEN,-2.5989606579532847,7.0,-3.5167713266564533,6.0
2022,4,DAL,0.0,0.0,0.0,0.0
2022,4,WAS,0.0,0.0,0.0,0.0
2022,5,TB,-0.6578332349890843,14.0,1.053,1.0
2022,5,ATL,1.053,1.0,-0.6578332349890843,14.0
2022,5,MIN,1.4105309246662072,12.0,-3.7550681137945503,6.0
2022,5,CHI,-3.7550681137945503,6.0,1.4105309246662072,12.0
2022,5,CIN,2.8399108981107806,6.0,2.084546340862289,9.0
2022,5,BAL,2.084546340862289,9.0,2.8399108981107806,6.0
2022,5,LA,0.0,0.0,0.0,0.0
2022,5,DAL,0.0,0.0,0.0,0.0
2022,5,DET,0.0,0.0,0.0,0.0
2022,5,NE,0.0,0.0,0.0,0.0
2022,5,HOU,-1.2831560901972021,7.0,-3.02205591724487,17.0
2022,5,JAX,-3.02205591724487,17.0,-1.2831560901972021,7.0
2022,5,IND,1.9702854030765593,12.0,-7.8592477852944285,15.0
2022,5,DEN,-7.8592477852944285,15.0,1.9702854030765593,12.0
2022,5,CLE,-6.617255128221586,10.0,-2.3387140301056206,7.0
2022,5,LAC,-2.3387140301056206,7.0,-6.617255128221586,10.0
2022,5,LV,2.675554928122554,12.0,-2.469762454216834,8.0
2022,5,KC,-2.469762454216834,8.0,2.675554928122554,12.0
2022,5,NYJ,0.0,0.0,0.0,0.0
2022,5,MIA,0.0,0.0,0.0,0.0
2022,5,GB,-1.8758555937674828,14.0,-2.0,4.0
2022,5,NYG,-2.0,4.0,-1.8758555937674828,14.0
2022,5,ARI,-1.190728671499528,12.0,0.8814124305499718,9.0
2022,5,PHI,0.8814124305499718,9.0,-1.190728671499528,12.0
2022,5,BUF,0.0,0.0,0.0,0.0
2022,5,PIT,0.0,0.0,0.0,0.0
2022,5,NO,-1.5767927733249962,9.0,-2.887785851722583,3.0
2022,5,SEA,-2.887785851722583,3.0,-1.5767927733249962,9.0
2022,5,SF,0.0,0.0,0.0,0.0
2022,5,CAR,0.0,0.0,0.0,0.0
2022,5,TEN,0.9981957570416853,2.0,0.05709554615896195,21.0
2022,5,WAS,0.05709554615896195,21.0,0.9981957570416853,2.0
2022,6,ARI,0.0,0.0,0.0,0.0
2022,6,SEA,0.0,0.0,0.0,0.0
2022,6,BAL,-11.95920594711788,7.0,-2.5535995133826996,10.0
2022,6,NYG,-2.5535995133826996,10.0,-11.95920594711788,7.0
2022,6,BUF,2.1428403340256286,15.0,-4.096919745847117,3.0
2022,6,KC,-4.096919745847117,3.0,2.1428403340256286,15.0
2022,6,CAR,0.0,0.0,0.0,0.0
2022,6,LA,0.0,0.0,0.0,0.0
2022,6,CIN,5.933835850606672,5.0,-4.056822661194019,15.0
2022,6,NO,-4.056822661194019,15.0,5.933835850606672,5.0
2022,6,DAL,0.0,0.0,0.0,0.0
2022,6,PHI,0.0,0.0,0.0,0.0
2022,6,LAC,1.194453693984542,17.0,-2.0764379773754627,6.0
2022,6,DEN,-2.0764379773754627,6.0,1.194453693984542,17.0
2022,6,IND,6.933528351757675,13.0,2.200255182178924,9.0
2022,6,JAX,2.200255182178924,9.0,6.933528351757675,13.0
2022,6,MIN,5.0213338223984465,5.0,-4.59158094292786,2.0
2022,6,MIA,-4.59158094292786,2.0,5.0213338223984465,5.0
2022,6,CLE,0.0,0.0,0.0,0.0
2022,6,NE,0.0,0.0,0.0,0.0
2022,6,GB,0.0,0.0,0.0,0.0
2022,6,NYJ,0.0,0.0,0.0,0.0
2022,6,ATL,0.0,0.0,0.0,0.0
2022,6,SF,0.0,0.0,0.0,0.0
2022,6,TB,1.0836835114024579,2.0,-0.6578332349890843,11.0
2022,6,PIT,-0.6578332349890843,11.0,1.0836835114024579,2.0
2022,6,CHI,-5.955551789840683,15.0,-3.6356901302933693,6.0
2022,6,WAS,-3.6356901302933693,6.0,-5.955551789840683,15.0
2022,7,CIN,0.0,0.0,0.0,0.0
2022,7,ATL,0.0,0.0,0.0,0.0
2022,7,NE,0.0,0.0,0.0,0.0
2022,7,CHI,0.0,0.0,0.0,0.0
2022,7,CLE,-2.26441556942882,12.0,-5.4590923768118955,9.0
2022,7,BAL,-5.4590923768118955,9.0,-2.26441556942882,12.0
2022,7,DAL,3.2056468361988664,5.0,0.0,0.0
2022,7,DET,0.0,0.0,3.2056468361988664,5.0
2022,7,GB,0.013282979679012374,4.0,-0.9295154802093748,11.0
2022,7,WAS,-0.9295154802093748,11.0,0.013282979679012374,4.0
2022,7,LV,0.0,0.0,0.0,0.0
2022,7,HOU,0.0,0.0,0.0,0.0
2022,7,TEN,0.9012403904343955,2.0,0.0,0.0
2022,7,IND,0.0,0.0,0.9012403904343955,2.0
2022,7,SF,0.0,0.0,0.0,0.0
2022,7,KC,0.0,0.0,0.0,0.0
2022,7,NO,0.0,0.0,-0.5309350728057325,2.0
2022,7,ARI,-0.5309350728057325,2.0,0.0,0.0
2022,7,NYG,2.1626832133624703,9.0,-1.5878512458875775,16.0
2022,7,JAX,-1.5878512458875775,16.0,2.1626832133624703,9.0
2022,7,NYJ,-0.7964437318519622,6.0,-2.3068112154724076,18.0
2022,7,DEN,-2.3068112154724076,18.0,-0.7964437318519622,6.0
2022,7,MIA,-3.134862910665106,5.0,-6.521332300268114,17.0
2022,7,PIT,-6.521332300268114,17.0,-3.134862910665106,5.0
2022,7,SEA,0.0,0.0,0.0,0.0
2022,7,LAC,0.0,0.0,0.0,0.0
2022,7,TB,0.0,0.0,0.0,0.0
2022,7,CAR,0.0,0.0,0.0,0.0
2022,8,MIN,-1.8898896397440694,5.0,-2.8069917451939546,19.0
2022,8,ARI,-2.8069917451939546,19.0,-1.8898896397440694,5.0
2022,8,BAL,1.8498509296332486,9.0,-0.947,2.0
2022,8,TB,-0.947,2.0,1.8498509296332486,9.0
2022,8,ATL,5.307570490817616,21.0,3.9308747558185235,18.0
2022,8,CAR,3.9308747558185235,18.0,5.307570490817616,21.0
2022,8,DAL,0.0,0.0,0.0,0.0
2022,8,CHI,0.0,0.0,0.0,0.0
2022,8,CIN,0.0,0.0,0.0,0.0
2022,8,CLE,0.0,0.0,0.0,0.0
2022,8,DEN,3.0604120924113762,13.0,-3.097934028380599,5.0
2022,8,JAX,-3.097934028380599,5.0,3.0604120924113762,13.0
2022,8,BUF,0.0,0.0,0.0,0.0
2022,8,GB,0.0,0.0,0.0,0.0
2022,8,LV,0.0,0.0,0.0,0.0
2022,8,NO,0.0,0.0,0.0,0.0
2022,8,DET,-4.132871251204051,5.0,-1.7408815458184108,9.0
2022,8,MIA,-1.7408815458184108,9.0,-4.132871251204051,5.0
2022,8,NYJ,0.06757300310763314,1.0,-0.3826846113661304,4.0
2022,8,NE,-0.3826846113661304,4.0,0.06757300310763314,1.0
2022,8,SEA,0.0,0.0,0.0,0.0
2022,8,NYG,0.0,0.0,0.0,0.0
2022,8,PIT,0.0,0.0,0.0,0.0
2022,8,PHI,0.0,0.0,0.0,0.0
2022,8,LA,0.0,0.0,0.0,0.0
2022,8,SF,0.0,0.0,0.0,0.0
2022,8,TEN,-0.19677399401552975,2.0,0.06857135097992784,1.0
2022,8,HOU,0.06857135097992784,1.0,-0.19677399401552975,2.0
2022,8,IND,-1.7061992104281671,9.0,6.618948844238494,10.0
2022,8,WAS,6.618948844238494,10.0,-1.7061992104281671,9.0
2022,9,NO,0.0,0.0,0.0,0.0
2022,9,BAL,0.0,0.0,0.0,0.0
2022,9,BUF,-4.33977426099591,6.0,-3.7172780070686713,10.0
2022,9,NYJ,-3.7172780070686713,10.0,-4.33977426099591,6.0
2022,9,CIN,0.0,0.0,0.0,0.0
2022,9,CAR,0.0,0.0,0.0,0.0
2022,9,DET,-3.903093579108827,6.0,-2.047059004427865,8.0
2022,9,GB,-2.047059004427865,8.0,-3.903093579108827,6.0
2022,9,NE,0.0,0.0,0.0,0.0
2022,9,IND,0.0,0.0,0.0,0.0
2022,9,ATL,-1.9892528345808387,3.0,1.4656657015439123,14.0
2022,9,LAC,1.4656657015439123,14.0,-1.9892528345808387,3.0
2022,9,LA,-0.7824281929351855,7.0,3.928063990417819,18.0
2022,9,TB,3.928063990417819,18.0,-0.7824281929351855,7.0
2022,9,LV,-6.331393377331551,9.0,-3.70394500187831,11.0
2022,9,JAX,-3.70394500187831,11.0,-6.331393377331551,9.0
2022,9,CHI,-5.903199802036397,10.0,-4.08541847683955,7.0
2022,9,MIA,-4.08541847683955,7.0,-5.903199802036397,10.0
2022,9,MIN,0.016487850283738226,12.0,-0.03766761222505011,2.0
2022,9,WAS,-0.03766761222505011,2.0,0.016487850283738226,12.0
2022,9,HOU,0.0,0.0,0.0,0.0
2022,9,PHI,0.0,0.0,0.0,0.0
2022,9,SEA,6.072793646715581,7.0,0.06857135097992784,1.0
2022,9,ARI,0.06857135097992784,1.0,6.072793646715581,7.0
2022,9,KC,-0.510036727369763,20.0,-3.452172332268674,14.0
2022,9,TEN,-3.452172332268674,14.0,-0.510036727369763,20.0
2022,10,LA,0.0,0.0,0.0,0.0
2022,10,ARI,0.0,0.0,0.0,0.0
2022,10,ATL,-6.42581095868028,5.0,-3.2902840958558954,10.0
2022,10,CAR,-3.2902840958558954,10.0,-6.42581095868028,5.0
2022,10,CLE,0.0,0.0,0.0,0.0
2022,10,MIA,0.0,0.0,0.0,0.0
2022,10,DAL,-2.3186900406726636,8.0,5.036553678787264,13.0
2022,10,GB,5.036553678787264,13.0,-2.3186900406726636,8.0
2022,10,TEN,2.1366961777675897,7.0,-0.9532928423723206,12.0
2022,10,DEN,-0.9532928423723206,12.0,2.1366961777675897,7.0
2022,10,CHI,-5.088032733998261,8.0,2.7135341466497143,12.0
2022,10,DET,2.7135341466497143,12.0,-5.088032733998261,8.0
2022,10,HOU,0.0,0.0,1.8078878388623707,7.0
2022,10,NYG,1.8078878388623707,7.0,0.0,0.0
2022,10,LV,-0.921362666413188,15.0,0.0,2.0
2022,10,IND,0.0,2.0,-0.921362666413188,15.0
2022,10,KC,0.0,0.0,0.0,0.0
2022,10,JAX,0.0,0.0,0.0,0.0
2022,10,LAC,-6.815093629003968,6.0,-4.147742411470972,10.0
2022,10,SF,-4.147742411470972,10.0,-6.815093629003968,6.0
2022,10,BUF,-6.4431467042304575,21.0,-3.6315536506579766,20.0
2022,10,MIN,-3.6315536506579766,20.0,-6.4431467042304575,21.0
2022,10,PIT,0.0,0.0,0.0,0.0
2022,10,NO,0.0,0.0,0.0,0.0
2022,10,TB,-0.8607061402872205,10.0,0.06757300310763314,1.0
2022,10,SEA,0.06757300310763314,1.0,-0.8607061402872205,10.0
2022,10,WAS,-3.338012402644381,11.0,-9.586310472339392,6.0
2022,10,PHI,-9.586310472339392,6.0,-3.338012402644381,11.0
2022,11,BAL,0.0,0.0,0.0,0.0
2022,11,CAR,0.0,0.0,0.0,0.0
2022,11,ATL,-2.6849985262961127,11.0,-3.6959324359777384,4.0
2022,11,CHI,-3.6959324359777384,4.0,-2.6849985262961127,11.0
2022,11,CIN,1.9327244671294466,4.0,0.06757300310763314,1.0
2022,11,PIT,0.06757300310763314,1.0,1.9327244671294466,4.0
2022,11,CLE,0.0,0.0,-0.29231829091440886,2.0
2022,11,BUF,-0.29231829091440886,2.0,0.0,0.0
2022,11,MIN,0.0,0.0,0.0,0.0
2022,11,DAL,0.0,0.0,0.0,0.0
2022,11,NYG,0.0,0.0,0.0,0.0
2022,11,DET,0.0,0.0,0.0,0.0
2022,11,KC,4.393041866367799,10.0,3.1823400674058355,10.0
2022,11,LAC,3.1823400674058355,10.0,4.393041866367799,10.0
2022,11,LA,0.0,0.0,-0.11546429101144895,2.0
2022,11,NO,-0.11546429101144895,2.0,0.0,0.0
2022,11,LV,0.7637553592212498,12.0,-1.8112984197214246,14.0
2022,11,DEN,-1.8112984197214246,14.0,0.7637553592212498,12.0
2022,11,NE,-1.596728381947663,5.0,-9.148455805203412,11.0
2022,11,NYJ,-9.148455805203412,11.0,-1.596728381947663,5.0
2022,11,IND,-5.426249715586891,11.0,3.9372211701472586,15.0
2022,11,PHI,3.9372211701472586,15.0,-5.426249715586891,11.0
2022,11,ARI,0.0,0.0,0.0,0.0
2022,11,SF,0.0,0.0,0.0,0.0
2022,11,TEN,0.0,0.0,0.0,0.0
2022,11,GB,0.0,0.0,0.0,0.0
2022,11,WAS,0.0,0.0,0.0,0.0
2022,11,HOU,0.0,0.0,0.0,0.0
2022,12,ATL,-1.556681645102799,10.0,-0.38583161612041295,5.0
2022,12,WAS,-0.38583161612041295,5.0,-1.556681645102799,10.0
2022,12,BAL,7.09571594848251,12.0,6.4085605431320145,15.0
2022,12,JAX,6.4085605431320145,15.0,7.09571594848251,12.0
2022,12,DET,1.7827950242790394,13.0,5.008952029982698,13.0
2022,12,BUF,5.008952029982698,13.0,1.7827950242790394,13.0
2022,12,NYJ,0.0,0.0,0.0,0.0
2022,12,CHI,0.0,0.0,0.0,0.0
2022,12,CIN,-1.5629573655314744,11.0,0.0,0.0
2022,12,TEN,0.0,0.0,-1.5629573655314744,11.0
2022,12,CAR,0.0,0.0,0.0,0.0
2022,12,DEN,0.0,0.0,0.0,0.0
2022,12,PHI,-0.36465550237335265,9.0,0.0,0.0
2022,12,GB,0.0,0.0,-0.36465550237335265,9.0
2022,12,HOU,0.0,0.0,0.0,0.0
2022,12,MIA,0.0,0.0,0.0,0.0
2022,12,LAC,1.700088989149779,15.0,-3.737279428052716,7.0
2022,12,ARI,-3.737279428052716,7.0,1.700088989149779,15.0
2022,12,KC,0.0,0.0,0.0,0.0
2022,12,LA,0.0,0.0,0.0,0.0
2022,12,LV,11.091288237643845,13.0,-2.2620319764246233,9.0
2022,12,SEA,-2.2620319764246233,9.0,11.091288237643845,13.0
2022,12,MIN,-3.4658883146476,6.0,-2.6786579680629075,10.0
2022,12,NE,-2.6786579680629075,10.0,-3.4658883146476,6.0
2022,12,NO,0.0,0.0,0.0,0.0
2022,12,SF,0.0,0.0,0.0,0.0
2022,12,NYG,0.0,0.0,-0.07318658317672089,2.0
2022,12,DAL,-0.07318658317672089,2.0,0.0,0.0
2022,12,PIT,-0.30952429259195924,3.0,-0.07454201928339899,11.0
2022,12,IND,-0.07454201928339899,11.0,-0.30952429259195924,3.0
2022,12,CLE,9.71897472701729,20.0,-4.988564014143776,14.0
2022,12,TB,-4.988564014143776,14.0,9.71897472701729,20.0
2022,13,NE,0.0,0.0,0.0,0.0
2022,13,BUF,0.0,0.0,0.0,0.0
2022,13,HOU,0.0,0.0,0.0,0.0
2022,13,CLE,0.0,0.0,0.0,0.0
2022,13,DEN,-0.22829661658033729,5.0,7.183571835849385,18.0
2022,13,BAL,7.183571835849385,18.0,-0.22829661658033729,5.0
2022,13,CHI,-2.297541636857204,6.0,5.69124719528202,6.0
2022,13,GB,5.69124719528202,6.0,-2.297541636857204,6.0
2022,13,DAL,0.0,0.0,0.0,0.0
2022,13,IND,0.0,0.0,0.0,0.0
2022,13,JAX,0.0,0.0,0.0,0.0
2022,13,DET,0.0,0.0,0.0,0.0
2022,13,CIN,-1.7399541734484956,10.0,-4.592316397407558,3.0
2022,13,KC,-4.592316397407558,3.0,-1.7399541734484956,10.0
2022,13,LV,-2.0907556707097683,6.0,-2.2431024263205472,10.0
2022,13,LAC,-2.2431024263205472,10.0,-2.0907556707097683,6.0
2022,13,MIA,0.0,0.0,1.4104926413856447,9.0
2022,13,SF,1.4104926413856447,9.0,0.0,0.0
2022,13,TB,5.47635972613459,14.0,-2.5870467614149675,7.0
2022,13,NO,-2.5870467614149675,7.0,5.47635972613459,14.0
2022,13,NYJ,-4.730359489680268,18.0,-2.801731350249611,5.0
2022,13,MIN,-2.801731350249611,5.0,-4.730359489680268,18.0
2022,13,PIT,-6.714043954358203,11.0,-5.1490132233302575,1.0
2022,13,ATL,-5.1490132233302575,1.0,-6.714043954358203,11.0
2022,13,LA,3.6365512461072065,12.0,3.6387950510854132,14.0
2022,13,SEA,3.6387950510854132,14.0,3.6365512461072065,12.0
2022,13,PHI,0.0,0.0,0.0,0.0
2022,13,TEN,0.0,0.0,0.0,0.0
2022,13,NYG,-3.746056197793223,22.0,4.143231198643285,22.0
2022,13,WAS,4.143231198643285,22.0,-3.746056197793223,22.0
2022,14,BAL,-1.6791386980330572,10.0,0.06757300310763314,1.0
2022,14,PIT,0.06757300310763314,1.0,-1.6791386980330572,10.0
2022,14,CAR,-0.05599196223192848,2.0,0.06757300310763314,1.0
2022,14,SEA,0.06757300310763314,1.0,-0.05599196223192848,2.0
2022,14,CIN,0.0,0.0,0.0,0.0
2022,14,CLE,0.0,0.0,0.0,0.0
2022,14,DAL,7.081518539437402,13.0,-5.683000605698908,10.0
2022,14,HOU,-5.683000605698908,10.0,7.081518539437402,13.0
2022,14,TEN,0.0,0.0,0.0,0.0
2022,14,JAX,0.0,0.0,0.0,0.0
2022,14,KC,-0.11334380973130465,11.0,-2.161442462122068,1.0
2022,14,DEN,-2.161442462122068,1.0,-0.11334380973130465,11.0
2022,14,LV,-2.047167795652058,7.0,6.286132011100882,12.0
2022,14,LA,6.286132011100882,12.0,-2.047167795652058,7.0
2022,14,MIA,0.0,0.0,-2.1244535399600863,8.0
2022,14,LAC,-2.1244535399600863,8.0,0.0,0.0
2022,14,DET,1.8254417025018483,8.0,0.0,0.0
2022,14,MIN,0.0,0.0,1.8254417025018483,8.0
2022,14,ARI,0.0,0.0,0.0,0.0
2022,14,NE,0.0,0.0,0.0,0.0
2022,14,BUF,-4.304951200261712,6.0,-3.557465638499707,4.0
2022,14,NYJ,-3.557465638499707,4.0,-4.304951200261712,6.0
2022,14,NYG,0.0,0.0,0.0,0.0
2022,14,PHI,0.0,0.0,0.0,0.0
2022,14,SF,0.0,0.0,0.0,0.0
2022,14,TB,0.0,0.0,0.0,0.0
2022,15,DEN,0.0,0.0,0.0,0.0
2022,15,ARI,0.0,0.0,0.0,0.0
2022,15,NO,-2.036973941430915,7.0,-2.351666183967609,9.0
2022,15,ATL,-2.351666183967609,9.0,-2.036973941430915,7.0
2022,15,CLE,0.0,0.0,0.0,0.0
2022,15,BAL,0.0,0.0,0.0,0.0
2022,15,CIN,0.0,0.0,0.0,0.0
2022,15,TB,0.0,0.0,0.0,0.0
2022,15,DAL,1.0371598835195859,9.0,-0.2340519867138937,14.0
2022,15,JAX,-0.2340519867138937,14.0,1.0371598835195859,9.0
2022,15,DET,6.426141017684664,9.0,0.16837567595992953,14.0
2022,15,NYJ,0.16837567595992953,14.0,6.426141017684664,9.0
2022,15,IND,-10.500757537141908,24.0,2.146935019278433,21.0
2022,15,MIN,2.146935019278433,21.0,-10.500757537141908,24.0
2022,15,HOU,0.0,1.0,-1.1922109150327742,10.0
2022,15,KC,-1.1922109150327742,10.0,0.0,1.0
2022,15,LA,0.0,0.0,0.0,0.0
2022,15,GB,0.0,0.0,0.0,0.0
2022,15,MIA,0.0,0.0,2.8939827791182324,13.0
2022,15,BUF,2.8939827791182324,13.0,0.0,0.0
2022,15,LV,3.561753730582655,15.0,-2.7551359011121095,15.0
2022,15,NE,-2.7551359011121095,15.0,3.561753730582655,15.0
2022,15,WAS,-0.8701833919622004,9.0,1.1268256081966683,9.0
2022,15,NYG,1.1268256081966683,9.0,-0.8701833919622004,9.0
2022,15,CHI,0.06757300310763314,1.0,0.7560620739823207,8.0
2022,15,PHI,0.7560620739823207,8.0,0.06757300310763314,1.0
2022,15,CAR,0.0,0.0,1.3762406865134835,12.0
2022,15,PIT,1.3762406865134835,12.0,0.0,0.0
2022,15,SEA,0.0,0.0,-0.9842374208383262,9.0
2022,15,SF,-0.9842374208383262,9.0,0.0,0.0
2022,15,TEN,3.1327513682792194,17.0,0.7030005594715476,12.0
2022,15,LAC,0.7030005594715476,12.0,3.1327513682792194,17.0
2022,16,BAL,-0.9327264983439818,6.0,0.0,0.0
2022,16,ATL,0.0,0.0,-0.9327264983439818,6.0
2022,16,CHI,0.0,0.0,2.3279669510084204,2.0
2022,16,BUF,2.3279669510084204,2.0,0.0,0.0
2022,16,CIN,-6.042990569025278,9.0,-4.641883650096133,13.0
2022,16,NE,-4.641883650096133,13.0,-6.042990569025278,9.0
2022,16,LA,0.0,0.0,0.0,0.0
2022,16,DEN,0.0,0.0,0.0,0.0
2022,16,CAR,0.0,0.0,0.0,0.0
2022,16,DET,0.0,0.0,0.0,0.0
2022,16,MIA,-2.7605539980577305,3.0,-1.8913681718404405,12.0
2022,16,GB,-1.8913681718404405,12.0,-2.7605539980577305,3.0
2022,16,TEN,-3.959203282778617,13.0,1.796099209794309,9.0
2022,16,HOU,1.796099209794309,9.0,-3.959203282778617,13.0
2022,16,JAX,0.0,0.0,0.0,0.0
2022,16,NYJ,0.0,0.0,0.0,0.0
2022,16,IND,0.0,0.0,0.0,0.0
2022,16,LAC,0.0,0.0,0.0,0.0
2022,16,LV,-1.9762968353461474,7.0,4.6284223042753965,15.0
2022,16,PIT,4.6284223042753965,15.0,-1.9762968353461474,7.0
2022,16,CLE,-1.33570626238361,18.0,0.0,1.0
2022,16,NO,0.0,1.0,-1.33570626238361,18.0
2022,16,MIN,4.828188029236276,16.0,1.8647882956867106,13.0
2022,16,NYG,1.8647882956867106,13.0,4.828188029236276,16.0
2022,16,PHI,-11.25713562319288,15.0,-0.42666154605103657,13.0
2022,16,DAL,-0.42666154605103657,13.0,-11.25713562319288,15.0
2022,16,KC,0.0,0.0,0.0,0.0
2022,16,SEA,0.0,0.0,0.0,0.0
2022,16,TB,-1.8674781959271058,15.0,-8.383386245870497,13.0
2022,16,ARI,-8.383386245870497,13.0,-1.8674781959271058,15.0
2022,16,WAS,0.0,0.0,0.0,0.0
2022,16,SF,0.0,0.0,0.0,0.0
2022,17,ARI,0.0,0.0,2.0846433863043785,14.0
2022,17,ATL,2.0846433863043785,14.0,0.0,0.0
2022,17,CAR,-5.716939621779602,6.0,-0.7989742865902372,14.0
2022,17,TB,-0.7989742865902372,14.0,-5.716939621779602,6.0
2022,17,CHI,0.0,0.0,0.0,0.0
2022,17,DET,0.0,0.0,0.0,0.0
2022,17,CLE,0.0,0.0,0.0,0.0
2022,17,WAS,0.0,0.0,0.0,0.0
2022,17,DAL,0.0,0.0,0.0,0.0
2022,17,TEN,0.0,0.0,0.0,0.0
2022,17,DEN,-4.0678182255942374,5.0,-5.81359795096796,8.0
2022,17,KC,-5.81359795096796,8.0,-4.0678182255942374,5.0
2022,17,IND,0.0,0.0,0.0,0.0
2022,17,NYG,0.0,0.0,0.0,0.0
2022,17,HOU,0.0,0.0,0.0,0.0
2022,17,JAX,0.0,0.0,0.0,0.0
2022,17,LA,0.0,0.0,0.0,0.0
2022,17,LAC,0.0,0.0,0.0,0.0
2022,17,MIA,0.06757300310763314,1.0,1.7278347779507262,5.0
2022,17,NE,1.7278347779507262,5.0,0.06757300310763314,1.0
2022,17,MIN,0.0,0.0,0.0,0.0
2022,17,GB,0.0,0.0,0.0,0.0
2022,17,NO,0.0,0.0,0.0,0.0
2022,17,PHI,0.0,0.0,0.0,0.0
2022,17,SEA,0.0,0.0,0.0,0.0
2022,17,NYJ,0.0,0.0,0.0,0.0
2022,17,PIT,6.3544814811180785,13.0,-0.9803792096208781,8.0
2022,17,BAL,-0.9803792096208781,8.0,6.3544814811180785,13.0
2022,17,LV,5.437346971595776,12.0,4.775240853721858,15.0
2022,17,SF,4.775240853721858,15.0,5.437346971595776,12.0
2022,18,ARI,0.0,0.0,0.0,0.0
2022,18,SF,0.0,0.0,0.0,0.0
2022,18,BAL,0.0,0.0,0.0,0.0
2022,18,CIN,0.0,0.0,0.0,0.0
2022,18,NO,-5.73315006744815,11.0,-2.0673627619980834,8.0
2022,18,CAR,-2.0673627619980834,8.0,-5.73315006744815,11.0
2022,18,CLE,0.0,0.0,1.0283767526270822,4.0
2022,18,PIT,1.0283767526270822,4.0,0.0,0.0
2022,18,DAL,0.0,0.0,0.0,0.0
2022,18,WAS,0.0,0.0,0.0,0.0
2022,18,GB,-3.1924747769371606,4.0,-2.417000208806712,10.0
2022,18,DET,-2.417000208806712,10.0,-3.1924747769371606,4.0
2022,18,HOU,7.001724262183532,17.0,-0.1259089035447687,11.0
2022,18,IND,-0.1259089035447687,11.0,7.001724262183532,17.0
2022,18,KC,0.0,0.0,0.0,0.0
2022,18,LV,0.0,0.0,0.0,0.0
2022,18,LAC,-1.6557614462217316,5.0,-0.6512548992177472,8.0
2022,18,DEN,-0.6512548992177472,8.0,-1.6557614462217316,5.0
2022,18,SEA,-0.1859791384956262,13.0,-1.1229127933038399,5.0
2022,18,LA,-1.1229127933038399,5.0,-0.1859791384956262,13.0
2022,18,CHI,0.0,0.0,0.0,0.0
2022,18,MIN,0.0,0.0,0.0,0.0
2022,18,BUF,0.0,0.0,0.0,0.0
2022,18,NE,0.0,0.0,0.0,0.0
2022,18,NYG,0.06757300310763314,1.0,-0.5410818397067487,4.0
2022,18,PHI,-0.5410818397067487,4.0,0.06757300310763314,1.0
2022,18,MIA,2.1366399824619293,9.0,-4.173297879460733,8.0
2022,18,NYJ,-4.173297879460733,8.0,2.1366399824619293,9.0
2022,18,TB,0.0,0.0,0.0,0.0
2022,18,ATL,0.0,0.0,0.0,0.0
2022,18,TEN,-9.252955098985694,12.0,0.06757300310763314,3.0
2022,18,JAX,0.06757300310763314,3.0,-9.252955098985694,12.0
2022,19,CIN,-2.9160873870714568,6.0,-2.1806853175512515,13.0
2022,19,BAL,-2.1806853175512515,13.0,-2.9160873870714568,6.0
2022,19,DAL,0.0,0.0,0.0,0.0
2022,19,TB,0.0,0.0,0.0,0.0
2022,19,JAX,2.3462156674358994,10.0,-0.23938226723112166,3.0
2022,19,LAC,-0.23938226723112166,3.0,2.3462156674358994,10.0
2022,19,BUF,-1.2787462542764843,5.0,-1.7672373321838677,9.0
2022,19,MIA,-1.7672373321838677,9.0,-1.2787462542764843,5.0
2022,19,MIN,-1.0366441309452057,7.0,-2.2463028624188155,10.0
2022,19,NYG,-2.2463028624188155,10.0,-1.0366441309452057,7.0
2022,19,SEA,0.0,0.0,0.0,0.0
2022,19,SF,0.0,0.0,0.0,0.0
2022,20,CIN,0.0,0.0,0.0,0.0
2022,20,BUF,0.0,0.0,0.0,0.0
2022,20,SF,-2.540216885798145,12.0,-1.9337546943570487,11.0
2022,20,DAL,-1.9337546943570487,11.0,-2.540216885798145,12.0
2022,20,JAX,0.0,0.0,-0.15819567564176396,2.0
2022,20,KC,-0.15819567564176396,2.0,0.0,0.0
2022,20,PHI,0.0,0.0,0.0,0.0
2022,20,NYG,0.0,0.0,0.0,0.0
2022,21,CIN,-1.3456095896835905,9.0,0.19496137672103941,10.0
2022,21,KC,0.19496137672103941,10.0,-1.3456095896835905,9.0
2022,21,PHI,0.0,0.0,0.0,0.0
2022,21,SF,0.0,0.0,0.0,0.0
2022,22,PHI,-0.054348713340004906,2.0,2.457942531676963,12.0
2022,22,KC,2.457942531676963,12.0,-0.054348713340004906,2.0
2023,1,WAS,-4.032235436083283,10.0,-8.77024214755511,11.0
2023,1,ARI,-8.77024214755511,11.0,-4.032235436083283,10.0
2023,1,BUF,-2.514154108299408,13.0,0.5248825895331508,13.0
2023,1,NYJ,0.5248825895331508,13.0,-2.514154108299408,13.0
2023,1,ATL,1.4919133470684756,2.0,0.0,0.0
2023,1,CAR,0.0,0.0,1.4919133470684756,2.0
2023,1,CIN,0.0,0.0,0.0,0.0
2023,1,CLE,0.0,0.0,0.0,0.0
2023,1,NYG,0.0,0.0,0.0,0.0
2023,1,DAL,0.0,0.0,0.0,0.0
2023,1,DET,-7.8030050924862735,10.0,-5.479679111915175,6.0
2023,1,KC,-5.479679111915175,6.0,-7.8030050924862735,10.0
2023,1,CHI,0.0,0.0,0.0,0.0
2023,1,GB,0.0,0.0,0.0,0.0
2023,1,BAL,0.0,0.0,0.0,0.0
2023,1,HOU,0.0,0.0,0.0,0.0
2023,1,IND,0.0,0.0,3.7999826843151823,3.0
2023,1,JAX,3.7999826843151823,3.0,0.0,0.0
2023,1,SEA,0.0,0.0,0.0,0.0
2023,1,LA,0.0,0.0,0.0,0.0
2023,1,LV,-1.4504669816233218,10.0,0.0,0.0
2023,1,DEN,0.0,0.0,-1.4504669816233218,10.0
2023,1,MIA,2.159645176902064,12.0,-5.1978997476398945,9.0
2023,1,LAC,-5.1978997476398945,9.0,2.159645176902064,12.0
2023,1,PHI,-6.863755831902381,7.0,-7.014603934032377,16.0
2023,1,NE,-7.014603934032377,16.0,-6.863755831902381,7.0
2023,1,PIT,0.0,0.0,0.0,0.0
2023,1,SF,0.0,0.0,0.0,0.0
2023,1,MIN,-1.7135076872073114,3.0,-1.8346396384295076,10.0
2023,1,TB,-1.8346396384295076,10.0,-1.7135076872073114,3.0
2023,1,NO,-1.2165186600759625,10.0,0.3547802096582018,6.0
2023,1,TEN,0.3547802096582018,6.0,-1.2165186600759625,10.0
2023,2,BAL,-0.7604746515862644,8.0,0.06757300310763314,1.0
2023,2,CIN,0.06757300310763314,1.0,-0.7604746515862644,8.0
2023,2,TB,-1.9658576004439965,7.0,-7.296059513231739,3.0
2023,2,CHI,-7.296059513231739,3.0,-1.9658576004439965,7.0
2023,2,CLE,-3.57452108344296,10.0,-3.637196701776702,6.0
2023,2,PIT,-3.637196701776702,6.0,-3.57452108344296,10.0
2023,2,GB,-3.2130047466489486,5.0,-2.1292306320392527,10.0
2023,2,ATL,-2.1292306320392527,10.0,-3.2130047466489486,5.0
2023,2,IND,0.0,0.0,0.0,0.0
2023,2,HOU,0.0,0.0,0.0,0.0
2023,2,JAX,-5.192203540180344,4.0,-0.3227643189020455,10.0
2023,2,KC,-0.3227643189020455,10.0,-5.192203540180344,4.0
2023,2,LAC,2.0531439227052033,12.0,3.3490352049562593,6.0
2023,2,TEN,3.3490352049562593,6.0,2.0531439227052033,12.0
2023,2,LV,0.0,0.0,0.0,0.0
2023,2,BUF,0.0,0.0,0.0,0.0
2023,2,NE,-2.460634828254115,6.0,-3.294071061129216,8.0
2023,2,MIA,-3.294071061129216,8.0,-2.460634828254115,6.0
2023,2,PHI,3.5077915463480167,9.0,0.09689039991698012,2.0
2023,2,MIN,0.09689039991698012,2.0,3.5077915463480167,9.0
2023,2,NO,6.4152011250844225,10.0,1.053,1.0
2023,2,CAR,1.053,1.0,6.4152011250844225,10.0
2023,2,ARI,-2.398158995609265,13.0,3.2583604551971255,12.0
2023,2,NYG,3.2583604551971255,12.0,-2.398158995609265,13.0
2023,2,DAL,0.0,0.0,0.0,0.0
2023,2,NYJ,0.0,0.0,0.0,0.0
2023,2,SEA,-3.498248690040782,6.0,0.5958182084743162,7.0
2023,2,DET,0.5958182084743162,7.0,-3.498248690040782,6.0
2023,2,SF,-1.8494546455913223,4.0,-4.943781812733505,1.0
2023,2,LA,-4.943781812733505,1.0,-1.8494546455913223,4.0
2023,2,WAS,-0.8341307337977923,5.0,5.990453622871544,9.0
2023,2,DEN,5.990453622871544,9.0,-0.8341307337977923,5.0
2023,3,ATL,0.0,0.0,0.0,0.0
2023,3,DET,0.0,0.0,0.0,0.0
2023,3,BUF,0.0,0.0,0.0,0.0
2023,3,WAS,0.0,0.0,0.0,0.0
2023,3,SEA,0.0,0.0,0.0,0.0
2023,3,CAR,0.0,0.0,0.0,0.0
2023,3,KC,0.0,0.0,0.0,0.0
2023,3,CHI,0.0,0.0,0.0,0.0
2023,3,ARI,0.0,0.0,0.0,0.0
2023,3,DAL,0.0,0.0,0.0,0.0
2023,3,MIA,0.0,0.0,0.0,0.0
2023,3,DEN,0.0,0.0,0.0,0.0
2023,3,HOU,0.0,0.0,0.0,0.0
2023,3,JAX,0.0,0.0,0.0,0.0
2023,3,IND,-2.590999822539743,19.0,-7.461472187016625,25.0
2023,3,BAL,-7.461472187016625,25.0,-2.590999822539743,19.0
2023,3,LAC,-4.039933873864356,6.0,-9.395609355007764,13.0
2023,3,MIN,-9.395609355007764,13.0,-4.039933873864356,6.0
2023,3,CIN,-0.622876503970474,4.0,0.06757300310763314,1.0
2023,3,LA,0.06757300310763314,1.0,-0.622876503970474,4.0
2023,3,NYJ,-6.571039869013475,11.0,-5.611824438237818,14.0
2023,3,NE,-5.611824438237818,14.0,-6.571039869013475,11.0
2023,3,NO,-0.7620858162408695,9.0,5.639524974264155,12.0
2023,3,GB,5.639524974264155,12.0,-0.7620858162408695,9.0
2023,3,SF,0.0,0.0,0.0,0.0
2023,3,NYG,0.0,0.0,0.0,0.0
2023,3,TB,0.0,0.0,0.0,0.0
2023,3,PHI,0.0,0.0,0.0,0.0
2023,3,PIT,-5.334369566873647,11.0,-1.4818569932831451,12.0
2023,3,LV,-1.4818569932831451,12.0,-5.334369566873647,11.0
2023,3,CLE,0.0,0.0,0.0,0.0
2023,3,TEN,0.0,0.0,0.0,0.0
2023,4,ARI,0.0,0.0,0.0,0.0
2023,4,SF,0.0,0.0,0.0,0.0
2023,4,JAX,0.0,0.0,0.0,0.0
2023,4,ATL,0.0,0.0,0.0,0.0
2023,4,BAL,0.0,0.0,0.0,0.0
2023,4,CLE,0.0,0.0,0.0,0.0
2023,4,CIN,0.0,0.0,0.0,0.0
2023,4,TEN,0.0,0.0,0.0,0.0
2023,4,CHI,-4.135660529485904,14.0,2.158957659965381,6.0
2023,4,DEN,2.158957659965381,6.0,-4.135660529485904,14.0
2023,4,DET,0.0,0.0,0.0,0.0
2023,4,GB,0.0,0.0,0.0,0.0
2023,4,KC,-2.7813626374700107,12.0,0.0,0.0
2023,4,NYJ,0.0,0.0,-2.7813626374700107,12.0
2023,4,LA,-3.5667737022740766,11.0,3.0244816572377458,15.0
2023,4,IND,3.0244816572377458,15.0,-3.5667737022740766,11.0
2023,4,LAC,-4.9369096958544105,12.0,-3.877036684947438,7.0
2023,4,LV,-3.877036684947438,7.0,-4.9369096958544105,12.0
2023,4,BUF,0.0,0.0,0.0,0.0
2023,4,MIA,0.0,0.0,0.0,0.0
2023,4,MIN,-0.5439226744929329,4.0,-3.792545617092401,10.0
2023,4,CAR,-3.792545617092401,10.0,-0.5439226744929329,4.0
2023,4,DAL,0.0,0.0,0.0,0.0
2023,4,NE,0.0,0.0,0.0,0.0
2023,4,HOU,0.0,0.0,0.0,0.0
2023,4,PIT,0.0,0.0,0.0,0.0
2023,4,NYG,0.0,0.0,0.0,0.0
2023,4,SEA,0.0,0.0,0.0,0.0
2023,4,NO,0.0,0.0,4.799069023458287,5.0
2023,4,TB,4.799069023458287,5.0,0.0,0.0
2023,4,WAS,3.6758887161127736,16.0,5.187019473451607,10.0
2023,4,PHI,5.187019473451607,10.0,3.6758887161127736,16.0
2023,5,BAL,-12.568066003062995,11.0,2.7304044985941145,14.0
2023,5,PIT,2.7304044985941145,14.0,-12.568066003062995,11.0
2023,5,CAR,0.0,0.0,0.0,0.0
2023,5,DET,0.0,0.0,0.0,0.0
2023,5,CHI,0.0,0.0,0.0,0.0
2023,5,WAS,0.0,0.0,0.0,0.0
2023,5,ARI,0.0,0.0,0.0,0.0
2023,5,CIN,0.0,0.0,0.0,0.0
2023,5,SF,0.0,0.0,0.0,0.0
2023,5,DAL,0.0,0.0,0.0,0.0
2023,5,GB,-2.291944438125938,8.0,-3.1832799144322053,9.0
2023,5,LV,-3.1832799144322053,9.0,-2.291944438125938,8.0
2023,5,ATL,2.02273062011227,12.0,3.847591053089436,8.0
2023,5,HOU,3.847591053089436,8.0,2.02273062011227,12.0
2023,5,JAX,3.029077788902214,12.0,-3.388976211076884,3.0
2023,5,BUF,-3.388976211076884,3.0,3.029077788902214,12.0
2023,5,MIN,-5.210281491279602,11.0,-1.6562993812840432,6.0
2023,5,KC,-1.6562993812840432,6.0,-5.210281491279602,11.0
2023,5,NO,0.0,0.0,0.0,0.0
2023,5,NE,0.0,0.0,0.0,0.0
2023,5,NYG,0.0,0.0,0.0,0.0
2023,5,MIA,0.0,0.0,0.0,0.0
2023,5,NYJ,-1.156107574235648,7.0,-6.2495817221496255,9.0
2023,5,DEN,-6.2495817221496255,9.0,-1.156107574235648,7.0
2023,5,PHI,-0.7658223081380129,2.0,0.0,0.0
2023,5,LA,0.0,0.0,-0.7658223081380129,2.0
2023,5,IND,0.5319305210141465,12.0,-1.50587088620523,8.0
2023,5,TEN,-1.50587088620523,8.0,0.5319305210141465,12.0
2023,6,ARI,0.0,0.0,0.0,0.0
2023,6,LA,0.0,0.0,0.0,0.0
2023,6,BAL,-1.5958585733314976,5.0,0.0,0.0
2023,6,TEN,0.0,0.0,-1.5958585733314976,5.0
2023,6,CAR,0.0,0.0,0.0,0.0
2023,6,MIA,0.0,0.0,0.0,0.0
2023,6,DAL,-1.415429852961097,11.0,-3.863704922434408,5.0
2023,6,LAC,-3.863704922434408,5.0,-1.415429852961097,11.0
2023,6,DEN,0.0,0.0,2.1783451822120696,7.0
2023,6,KC,2.1783451822120696,7.0,0.0,0.0
2023,6,TB,0.0,0.0,0.0,0.0
2023,6,DET,0.0,0.0,0.0,0.0
2023,6,IND,0.0,0.0,0.0,0.0
2023,6,JAX,0.0,0.0,0.0,0.0
2023,6,CHI,-3.4261562469182536,6.0,-1.8006792828673497,7.0
2023,6,MIN,-1.8006792828673497,7.0,-3.4261562469182536,6.0
2023,6,LV,-2.6468720976263285,12.0,-3.0433974892928966,6.0
2023,6,NE,-3.0433974892928966,6.0,-2.6468720976263285,12.0
2023,6,HOU,-0.8680258691310883,9.0,-3.7007713235216215,15.0
2023,6,NO,-3.7007713235216215,15.0,-0.8680258691310883,9.0
2023,6,BUF,-2.100614711365246,7.0,-5.575500669772737,22.0
2023,6,NYG,-5.575500669772737,22.0,-2.100614711365246,7.0
2023,6,NYJ,0.18309426192729727,5.0,-9.262377499981085,13.0
2023,6,PHI,-9.262377499981085,13.0,0.18309426192729727,5.0
2023,6,SEA,-6.6485347030102275,14.0,-2.2461977914208546,5.0
2023,6,CIN,-2.2461977914208546,5.0,-6.6485347030102275,14.0
2023,6,SF,-2.7957925780210644,16.0,0.830482060322538,16.0
2023,6,CLE,0.830482060322538,16.0,-2.7957925780210644,16.0
2023,6,WAS,-4.757550573267508,7.0,-5.162403960770462,11.0
2023,6,ATL,-5.162403960770462,11.0,-4.757550573267508,7.0
2023,7,ARI,0.0,0.0,1.1211728830821812,9.0
2023,7,SEA,1.1211728830821812,9.0,0.0,0.0
2023,7,TB,0.2062483545159921,14.0,0.6170234916498885,10.0
2023,7,ATL,0.6170234916498885,10.0,0.2062483545159921,14.0
2023,7,NE,6.257882749065708,11.0,4.115023270933423,12.0
2023,7,BUF,4.115023270933423,12.0,6.257882749065708,11.0
2023,7,CLE,1.4821813941090367,18.0,-4.637928651121911,8.0
2023,7,IND,-4.637928651121911,8.0,1.4821813941090367,18.0
2023,7,BAL,0.0,0.0,0.0,0.0
2023,7,DET,0.0,0.0,0.0,0.0
2023,7,DEN,-1.0527169698034413,8.0,-1.6063017682172358,7.0
2023,7,GB,-1.6063017682172358,7.0,-1.0527169698034413,8.0
2023,7,JAX,1.820657412989181,9.0,-4.026389227423351,17.0
2023,7,NO,-4.026389227423351,17.0,1.820657412989181,9.0
2023,7,LAC,0.0,0.0,3.4573396740015596,3.0
2023,7,KC,3.4573396740015596,3.0,0.0,0.0
2023,7,CHI,0.0,0.0,0.0,0.0
2023,7,LV,0.0,0.0,0.0,0.0
2023,7,PHI,1.8594831312948372,2.0,0.0,0.0
2023,7,MIA,0.0,0.0,1.8594831312948372,2.0
2023,7,PIT,-0.764562604483217,10.0,0.0,0.0
2023,7,LA,0.0,0.0,-0.764562604483217,10.0
2023,7,MIN,-1.9765749224461613,11.0,-1.6326993559487164,5.0
2023,7,SF,-1.6326993559487164,5.0,-1.9765749224461613,11.0
2023,7,NYG,0.0,3.0,-1.0486100283451378,12.0
2023,7,WAS,-1.0486100283451378,12.0,0.0,3.0
2023,8,TEN,-4.29112641280517,10.0,-3.346594927962918,5.0
2023,8,ATL,-3.346594927962918,5.0,-4.29112641280517,10.0
2023,8,ARI,0.0,0.0,-0.29310960666043684,2.0
2023,8,BAL,-0.29310960666043684,2.0,0.0,0.0
2023,8,CHI,0.0,0.0,0.0,0.0
2023,8,LAC,0.0,0.0,0.0,0.0
2023,8,SF,0.0,0.0,3.5744395638466813,5.0
2023,8,CIN,3.5744395638466813,5.0,0.0,0.0
2023,8,CLE,-6.013384904887062,11.0,2.2351538085354936,8.0
2023,8,SEA,2.2351538085354936,8.0,-6.013384904887062,11.0
2023,8,HOU,0.0,0.0,2.1373997058253735,13.0
2023,8,CAR,2.1373997058253735,13.0,0.0,0.0
2023,8,PIT,0.0,0.0,0.4186821175984248,1.0
2023,8,JAX,0.4186821175984248,1.0,0.0,0.0
2023,8,KC,0.0,0.0,0.0,0.0
2023,8,DEN,0.0,0.0,0.0,0.0
2023,8,DAL,0.0,0.0,0.0,0.0
2023,8,LA,0.0,0.0,0.0,0.0
2023,8,DET,0.0,0.0,0.0,0.0
2023,8,LV,0.0,0.0,0.0,0.0
2023,8,GB,0.0,0.0,0.0,0.0
2023,8,MIN,0.0,0.0,0.0,0.0
2023,8,NE,0.0,0.0,3.820146593032405,3.0
2023,8,MIA,3.820146593032405,3.0,0.0,0.0
2023,8,IND,-0.7058325208490714,6.0,1.440711286617443,11.0
2023,8,NO,1.440711286617443,11.0,-0.7058325208490714,6.0
2023,8,NYJ,-1.5832810321007855,11.0,-6.136187698983122,8.0
2023,8,NYG,-6.136187698983122,8.0,-1.5832810321007855,11.0
2023,8,WAS,-8.534930362321951,7.0,0.006079819984734058,10.0
2023,8,PHI,0.006079819984734058,10.0,-8.534930362321951,7.0
2023,8,TB,0.9950427386648952,6.0,-0.8772045014193282,8.0
2023,8,BUF,-0.8772045014193282,8.0,0.9950427386648952,6.0
2023,9,ARI,0.0,0.0,0.0,0.0
2023,9,CLE,0.0,0.0,0.0,0.0
2023,9,CIN,-0.9927905459189788,8.0,1.053,1.0
2023,9,BUF,1.053,1.0,-0.9927905459189788,8.0
2023,9,CHI,-8.988898313313257,7.0,-11.36275632242905,11.0
2023,9,NO,-11.36275632242905,11.0,-8.988898313313257,7.0
2023,9,DAL,-1.6706378887756728,19.0,-2.04725552018499,6.0
2023,9,PHI,-2.04725552018499,6.0,-1.6706378887756728,19.0
2023,9,CAR,0.0,0.0,0.0,0.0
2023,9,IND,0.0,0.0,0.0,0.0
2023,9,LAC,0.0,0.0,0.0,0.0
2023,9,NYJ,0.0,0.0,0.0,0.0
2023,9,LA,0.0,0.0,0.0,0.0
2023,9,GB,0.0,0.0,0.0,0.0
2023,9,KC,-0.9026506388327107,6.0,-1.1169504016870633,8.0
2023,9,MIA,-1.1169504016870633,8.0,-0.9026506388327107,6.0
2023,9,ATL,2.913787271568136,11.0,5.932918377896149,13.0
2023,9,MIN,5.932918377896149,13.0,2.913787271568136,11.0
2023,9,NYG,0.0,0.0,0.0,0.0
2023,9,LV,0.0,0.0,0.0,0.0
2023,9,SEA,0.0,0.0,0.0,0.0
2023,9,BAL,0.0,0.0,0.0,0.0
2023,9,HOU,5.780677465416491,9.0,5.189254569856294,14.0
2023,9,TB,5.189254569856294,14.0,5.780677465416491,9.0
2023,9,PIT,0.4637314672441666,11.0,-3.3612329037860036,18.0
2023,9,TEN,-3.3612329037860036,18.0,0.4637314672441666,11.0
2023,9,WAS,0.058583659352734685,11.0,-0.6624323329888284,9.0
2023,9,NE,-0.6624323329888284,9.0,0.058583659352734685,11.0
2023,10,ARI,1.8533068783581257,12.0,4.123684213656932,7.0
2023,10,ATL,4.123684213656932,7.0,1.8533068783581257,12.0
2023,10,CHI,-2.264423146029003,5.0,-2.849510563421063,11.0
2023,10,CAR,-2.849510563421063,11.0,-2.264423146029003,5.0
2023,10,CLE,2.4998280624859035,13.0,0.0,0.0
2023,10,BAL,0.0,0.0,2.4998280624859035,13.0
2023,10,BUF,5.730199110680211,6.0,2.3929228918859735,13.0
2023,10,DEN,2.3929228918859735,13.0,5.730199110680211,6.0
2023,10,LAC,3.9793879305963635,3.0,1.8020127825438976,10.0
2023,10,DET,1.8020127825438976,10.0,3.9793879305963635,3.0
2023,10,PIT,-1.135091675503645,8.0,-3.9144035315257497,12.0
2023,10,GB,-3.9144035315257497,12.0,-1.135091675503645,8.0
2023,10,CIN,1.716539448113132,7.0,0.12001631641760468,12.0
2023,10,HOU,0.12001631641760468,12.0,1.716539448113132,7.0
2023,10,NE,-5.132538547506556,10.0,-0.2553078642813489,9.0
2023,10,IND,-0.2553078642813489,9.0,-5.132538547506556,10.0
2023,10,MIN,-4.276657197391614,8.0,-4.682997932424769,11.0
2023,10,NO,-4.682997932424769,11.0,-4.276657197391614,8.0
2023,10,DAL,0.0,0.0,0.0,0.0
2023,10,NYG,0.0,0.0,0.0,0.0
2023,10,LV,-2.4613028425956145,5.0,-4.36809059639927,14.0
2023,10,NYJ,-4.36809059639927,14.0,-2.4613028425956145,5.0
2023,10,JAX,0.0,0.0,0.0,0.0
2023,10,SF,0.0,0.0,0.0,0.0
2023,10,TEN,0.0,0.0,0.0,0.0
2023,10,TB,0.0,0.0,0.0,0.0
2023,10,WAS,6.186482572099145,12.0,8.799818638116072,15.0
2023,10,SEA,8.799818638116072,15.0,6.186482572099145,12.0
2023,11,ARI,-0.587262166198343,11.0,0.0,1.0
2023,11,HOU,0.0,1.0,-0.587262166198343,11.0
2023,11,CHI,-4.9529608493321575,7.0,6.314364420354017,15.0
2023,11,DET,6.314364420354017,15.0,-4.9529608493321575,7.0
2023,11,BAL,0.0,0.0,0.0,0.0
2023,11,CIN,0.0,0.0,0.0,0.0
2023,11,DAL,0.0,0.0,0.0,0.0
2023,11,CAR,0.0,0.0,0.0,0.0
2023,11,GB,2.8004505696158835,12.0,-4.866685384156881,13.0
2023,11,LAC,-4.866685384156881,13.0,2.8004505696158835,12.0
2023,11,LV,-5.725923266145401,13.0,-1.887012803927064,8.0
2023,11,MIA,-1.887012803927064,8.0,-5.725923266145401,13.0
2023,11,MIN,-5.021295362035744,13.0,2.665601814151276,13.0
2023,11,DEN,2.665601814151276,13.0,-5.021295362035744,13.0
2023,11,NYG,-1.5146641067694873,5.0,-7.510040863547523,10.0
2023,11,WAS,-7.510040863547523,10.0,-1.5146641067694873,5.0
2023,11,NYJ,0.0,0.0,0.0,0.0
2023,11,BUF,0.0,0.0,0.0,0.0
2023,11,KC,-2.2775087325717323,9.0,-5.223437244945671,9.0
2023,11,PHI,-5.223437244945671,9.0,-2.2775087325717323,9.0
2023,11,CLE,0.644527102354914,15.0,-3.5139426836103667,8.0
2023,11,PIT,-3.5139426836103667,8.0,0.644527102354914,15.0
2023,11,LA,-0.9743814296671189,10.0,-1.0952303198864684,8.0
2023,11,SEA,-1.0952303198864684,8.0,-0.9743814296671189,10.0
2023,11,SF,0.0,0.0,0.0,0.0
2023,11,TB,0.0,0.0,0.0,0.0
2023,11,TEN,0.0,0.0,0.0,0.0
2023,11,JAX,0.0,0.0,0.0,0.0
2023,12,LAC,-4.302010798710398,6.0,-0.2934227172518149,6.0
2023,12,BAL,-0.2934227172518149,6.0,-4.302010798710398,6.0
2023,12,BUF,3.4122392015857135,9.0,7.813495664624497,19.0
2023,12,PHI,7.813495664624497,19.0,3.4122392015857135,9.0
2023,12,TEN,-4.148470775398891,10.0,-3.2934308943222277,4.0
2023,12,CAR,-3.2934308943222277,4.0,-4.148470775398891,10.0
2023,12,CHI,-3.007798082428053,14.0,-4.4199451161548495,7.0
2023,12,MIN,-4.4199451161548495,7.0,-3.007798082428053,14.0
2023,12,CLE,0.0,0.0,0.0,0.0
2023,12,DEN,0.0,0.0,0.0,0.0
2023,12,GB,-0.6732793404953554,2.0,0.0,0.0
2023,12,DET,0.0,0.0,-0.6732793404953554,2.0
2023,12,HOU,-0.6152765557635576,11.0,-1.977895055199042,6.0
2023,12,JAX,-1.977895055199042,6.0,-0.6152765557635576,11.0
2023,12,LV,0.0,0.0,0.0,0.0
2023,12,KC,0.0,0.0,0.0,0.0
2023,12,LA,0.0,0.0,0.0,0.0
2023,12,ARI,0.0,0.0,0.0,0.0
2023,12,NYJ,0.0,0.0,0.0,0.0
2023,12,MIA,0.0,0.0,0.0,0.0
2023,12,NYG,-2.5877934187301435,4.0,-2.1235593595192768,10.0
2023,12,NE,-2.1235593595192768,10.0,-2.5877934187301435,4.0
2023,12,NO,0.0,0.0,1.2192481070524082,8.0
2023,12,ATL,1.2192481070524082,8.0,0.0,0.0
2023,12,PIT,-1.4282772514270619,9.0,0.0,0.0
2023,12,CIN,0.0,0.0,-1.4282772514270619,9.0
2023,12,SF,0.0,0.0,0.0,0.0
2023,12,SEA,0.0,0.0,0.0,0.0
2023,12,TB,-5.012987280264497,4.0,-5.997212856076658,9.0
2023,12,IND,-5.997212856076658,9.0,-5.012987280264497,4.0
2023,12,WAS,0.0,0.0,0.0,0.0
2023,12,DAL,0.0,0.0,0.0,0.0
2023,13,PIT,0.0,0.0,0.0,0.0
2023,13,ARI,0.0,0.0,0.0,0.0
2023,13,ATL,-4.523978980927495,5.0,-4.790161331620766,12.0
2023,13,NYJ,-4.790161331620766,12.0,-4.523978980927495,5.0
2023,13,TB,-4.675264163408428,9.0,-3.0183891992783174,4.0
2023,13,CAR,-3.0183891992783174,4.0,-4.675264163408428,9.0
2023,13,CIN,3.5688837685156614,24.0,1.858080501202494,10.0
2023,13,JAX,1.858080501202494,10.0,3.5688837685156614,24.0
2023,13,CLE,-4.779305557371117,6.0,5.021701173917041,8.0
2023,13,LA,5.021701173917041,8.0,-4.779305557371117,6.0
2023,13,HOU,-1.5035858192713931,2.0,-0.8711872545536608,15.0
2023,13,DEN,-0.8711872545536608,15.0,-1.5035858192713931,2.0
2023,13,DET,-2.0105934678576887,8.0,-4.1798246268881485,6.0
2023,13,NO,-4.1798246268881485,6.0,-2.0105934678576887,8.0
2023,13,TEN,-2.165279782086145,14.0,3.3286464525735937,16.0
2023,13,IND,3.3286464525735937,16.0,-2.165279782086145,14.0
2023,13,GB,1.4571222253143787,10.0,-0.5610511497361585,11.0
2023,13,KC,-0.5610511497361585,11.0,1.4571222253143787,10.0
2023,13,NE,-2.611702711379621,8.0,-4.548115512763616,8.0
2023,13,LAC,-4.548115512763616,8.0,-2.611702711379621,8.0
2023,13,WAS,0.0,0.0,0.0,0.0
2023,13,MIA,0.0,0.0,0.0,0.0
2023,13,DAL,2.034050418340601,12.0,-6.213021410279907,12.0
2023,13,SEA,-6.213021410279907,12.0,2.034050418340601,12.0
2023,13,PHI,0.0,0.0,0.0,0.0
2023,13,SF,0.0,0.0,0.0,0.0
2023,14,KC,-2.79210031387629,8.0,-2.4087728720041923,12.0
2023,14,BUF,-2.4087728720041923,12.0,-2.79210031387629,8.0
2023,14,CAR,0.0,0.0,0.0,0.0
2023,14,NO,0.0,0.0,0.0,0.0
2023,14,LAC,0.0,0.0,0.0,0.0
2023,14,DEN,0.0,0.0,0.0,0.0
2023,14,CHI,0.0,0.0,0.0,0.0
2023,14,DET,0.0,0.0,0.0,0.0
2023,14,GB,3.1491805228726006,10.0,-2.058452714176383,11.0
2023,14,NYG,-2.058452714176383,11.0,3.1491805228726006,10.0
2023,14,HOU,0.0,0.0,0.0,0.0
2023,14,NYJ,0.0,0.0,0.0,0.0
2023,14,IND,0.0,0.0,0.0,0.0
2023,14,CIN,0.0,0.0,0.0,0.0
2023,14,CLE,-3.42204421304632,10.0,-4.682934339580126,6.0
2023,14,JAX,-4.682934339580126,6.0,-3.42204421304632,10.0
2023,14,BAL,7.368558462811168,17.0,4.149230987401213,12.0
2023,14,LA,4.149230987401213,12.0,7.368558462811168,17.0
2023,14,LV,-4.644024546898436,3.0,-1.1884805707377382,17.0
2023,14,MIN,-1.1884805707377382,17.0,-4.644024546898436,3.0
2023,14,NE,-3.411711225286126,9.0,-3.108192717656493,8.0
2023,14,PIT,-3.108192717656493,8.0,-3.411711225286126,9.0
2023,14,DAL,0.0,0.0,0.0,0.0
2023,14,PHI,0.0,0.0,0.0,0.0
2023,14,SF,0.0,0.0,0.0,0.0
2023,14,SEA,0.0,0.0,0.0,0.0
2023,14,TB,5.8823071222056935,15.0,2.957073594720103,11.0
2023,14,ATL,2.957073594720103,11.0,5.8823071222056935,15.0
2023,14,TEN,5.508630638331592,8.0,-1.9789907051599585,14.0
2023,14,MIA,-1.9789907051599585,14.0,5.508630638331592,8.0
2023,15,ATL,0.0,0.0,1.9697655263589695,14.0
2023,15,CAR,1.9697655263589695,14.0,0.0,0.0
2023,15,JAX,0.0,0.0,0.0,0.0
2023,15,BAL,0.0,0.0,0.0,0.0
2023,15,CLE,9.449308636467855,15.0,-1.7252283116977196,11.0
2023,15,CHI,-1.7252283116977196,11.0,9.449308636467855,15.0
2023,15,BUF,0.0,0.0,0.0,0.0
2023,15,DAL,0.0,0.0,0.0,0.0
2023,15,DET,0.0,0.0,0.0,0.0
2023,15,DEN,0.0,0.0,0.0,0.0
2023,15,HOU,4.9782303333782565,20.0,-3.8590113824175205,18.0
2023,15,TEN,-3.8590113824175205,18.0,4.9782303333782565,20.0
2023,15,NE,0.0,0.0,0.0,0.0
2023,15,KC,0.0,0.0,0.0,0.0
2023,15,LAC,0.0,0.0,0.0,0.0
2023,15,LV,0.0,0.0,0.0,0.0
2023,15,CIN,4.330694300515994,16.0,3.013275137622792,8.0
2023,15,MIN,3.013275137622792,8.0,4.330694300515994,16.0
2023,15,NYG,0.0,0.0,0.0,0.0
2023,15,NO,0.0,0.0,0.0,0.0
2023,15,MIA,0.0,0.0,0.0,0.0
2023,15,NYJ,0.0,0.0,0.0,0.0
2023,15,PHI,-2.0347634584177285,9.0,6.9168625140888125,12.0
2023,15,SEA,6.9168625140888125,12.0,-2.0347634584177285,9.0
2023,15,PIT,0.0,0.0,0.0,0.0
2023,15,IND,0.0,0.0,0.0,0.0
2023,15,ARI,0.0,0.0,0.0,0.0
2023,15,SF,0.0,0.0,0.0,0.0
2023,15,TB,0.0,0.0,0.0,0.0
2023,15,GB,0.0,0.0,0.0,0.0
2023,15,WAS,-0.9488284339293609,1.0,-1.1098976585781202,6.0
2023,15,LA,-1.1098976585781202,6.0,-0.9488284339293609,1.0
2023,16,CHI,-0.24493842403171584,8.0,-3.724617368716281,7.0
2023,16,ARI,-3.724617368716281,7.0,-0.24493842403171584,8.0
2023,16,BAL,0.0,0.0,0.0,0.0
2023,16,SF,0.0,0.0,0.0,0.0
2023,16,BUF,0.8571661047171801,12.0,-0.3466374895651825,4.0
2023,16,LAC,-0.3466374895651825,4.0,0.8571661047171801,12.0
2023,16,CIN,0.0,0.0,0.0,0.0
2023,16,PIT,0.0,0.0,0.0,0.0
2023,16,CLE,0.0,0.0,0.0,0.0
2023,16,HOU,0.0,0.0,0.0,0.0
2023,16,DAL,1.623426071412347,7.0,2.310001165373251,13.0
2023,16,MIA,2.310001165373251,13.0,1.623426071412347,7.0
2023,16,DET,-2.5409100980032235,13.0,-1.0979410517029464,8.0
2023,16,MIN,-1.0979410517029464,8.0,-2.5409100980032235,13.0
2023,16,CAR,4.246772615224589,7.0,2.2083075175760314,10.0
2023,16,GB,2.2083075175760314,10.0,4.246772615224589,7.0
2023,16,IND,0.0,0.0,0.0,0.0
2023,16,ATL,0.0,0.0,0.0,0.0
2023,16,TB,0.0,0.0,0.0,0.0
2023,16,JAX,0.0,0.0,0.0,0.0
2023,16,KC,0.06757300310763314,1.0,-0.825708438642323,7.0
2023,16,LV,-0.825708438642323,7.0,0.06757300310763314,1.0
2023,16,NE,0.2683315075119026,13.0,4.561603786380263,15.0
2023,16,DEN,4.561603786380263,15.0,0.2683315075119026,13.0
2023,16,NO,0.0,0.0,-0.6582778324373066,7.0
2023,16,LA,-0.6582778324373066,7.0,0.0,0.0
2023,16,NYG,-0.553480407805182,11.0,2.194738229038194,8.0
2023,16,PHI,2.194738229038194,8.0,-0.553480407805182,11.0
2023,16,TEN,3.24216451319861,14.0,6.183044343125026,17.0
2023,16,SEA,6.183044343125026,17.0,3.24216451319861,14.0
2023,16,WAS,-0.737974688512089,8.0,-0.16677788691595197,19.0
2023,16,NYJ,-0.16677788691595197,19.0,-0.737974688512089,8.0
2023,17,PHI,0.023664543929044157,12.0,6.409544171867843,9.0
2023,17,ARI,6.409544171867843,9.0,0.023664543929044157,12.0
2023,17,ATL,0.0,0.0,0.0,0.0
2023,17,CHI,0.0,0.0,0.0,0.0
2023,17,JAX,0.0,0.0,0.0,0.0
2023,17,CAR,0.0,0.0,0.0,0.0
2023,17,CIN,-3.7993065704067703,11.0,-1.8594360634160694,6.0
2023,17,KC,-1.8594360634160694,6.0,-3.7993065704067703,11.0
2023,17,DET,0.6312733061932959,15.0,-2.379023653396871,13.0
2023,17,DAL,-2.379023653396871,13.0,0.6312733061932959,15.0
2023,17,GB,0.0,0.0,0.0,0.0
2023,17,MIN,0.0,0.0,0.0,0.0
2023,17,LAC,0.0,0.0,-0.4507865021005273,3.0
2023,17,DEN,-0.4507865021005273,3.0,0.0,0.0
2023,17,LA,-9.428555201855488,11.0,-1.471637114838697,9.0
2023,17,NYG,-1.471637114838697,9.0,-9.428555201855488,11.0
2023,17,IND,1.5038543270202354,12.0,0.06857135097992784,1.0
2023,17,LV,0.06857135097992784,1.0,1.5038543270202354,12.0
2023,17,MIA,0.0,0.0,0.0,0.0
2023,17,BAL,0.0,0.0,0.0,0.0
2023,17,NE,0.0,0.0,-2.1910075660562143,10.0
2023,17,BUF,-2.1910075660562143,10.0,0.0,0.0
2023,17,NO,0.0,0.0,0.0,0.0
2023,17,TB,0.0,0.0,0.0,0.0
2023,17,CLE,0.0,0.0,0.0,0.0
2023,17,NYJ,0.0,0.0,0.0,0.0
2023,17,PIT,-2.738303463207558,8.0,0.0,0.0
2023,17,SEA,0.0,0.0,-2.738303463207558,8.0
2023,17,SF,0.0,0.0,0.0,0.0
2023,17,WAS,0.0,0.0,0.0,0.0
2023,17,TEN,0.0,0.0,0.0,0.0
2023,17,HOU,0.0,0.0,0.0,0.0
2023,18,NO,0.0,0.0,0.0,0.0
2023,18,ATL,0.0,0.0,0.0,0.0
2023,18,MIA,-1.2787287220126018,5.0,-2.194723775377497,12.0
2023,18,BUF,-2.194723775377497,12.0,-1.2787287220126018,5.0
2023,18,CHI,0.0,0.0,0.500839228508994,10.0
2023,18,GB,0.500839228508994,10.0,0.0,0.0
2023,18,CLE,0.0,0.0,0.0,0.0
2023,18,CIN,0.0,0.0,0.0,0.0
2023,18,WAS,0.0,0.0,0.0,0.0
2023,18,DAL,0.0,0.0,0.0,0.0
2023,18,DEN,0.0,0.0,0.0,0.0
2023,18,LV,0.0,0.0,0.0,0.0
2023,18,IND,-3.2299610748013947,11.0,-2.390279272920452,4.0
2023,18,HOU,-2.390279272920452,4.0,-3.2299610748013947,11.0
2023,18,JAX,-3.1109604028752074,4.0,-3.5860535028623417,9.0
2023,18,TEN,-3.5860535028623417,9.0,-3.1109604028752074,4.0
2023,18,KC,0.21038202021736652,11.0,-5.437299794779392,8.0
2023,18,LAC,-5.437299794779392,8.0,0.21038202021736652,11.0
2023,18,SF,-3.763749034376815,9.0,-2.009003933591768,9.0
2023,18,LA,-2.009003933591768,9.0,-3.763749034376815,9.0
2023,18,DET,0.0,0.0,0.0,0.0
2023,18,MIN,0.0,0.0,0.0,0.0
2023,18,NE,-3.670723064104095,4.0,1.0357317281886935,4.0
2023,18,NYJ,1.0357317281886935,4.0,-3.670723064104095,4.0
2023,18,NYG,0.0,0.0,0.0,0.0
2023,18,PHI,0.0,0.0,0.0,0.0
2023,18,PIT,-1.7392132591921836,8.0,0.0,0.0
2023,18,BAL,0.0,0.0,-1.7392132591921836,8.0
2023,18,ARI,-5.309629716677591,17.0,5.934469794432633,5.0
2023,18,SEA,5.934469794432633,5.0,-5.309629716677591,17.0
2023,18,TB,0.0,0.0,0.0,0.0
2023,18,CAR,0.0,0.0,0.0,0.0
2023,19,CLE,0.0,0.0,0.0,0.0
2023,19,HOU,0.0,0.0,0.0,0.0
2023,19,GB,0.0,0.0,0.0,0.0
2023,19,DAL,0.0,0.0,0.0,0.0
2023,19,DET,-0.5259095677174628,7.0,-3.301314492477104,3.0
2023,19,LA,-3.301314492477104,3.0,-0.5259095677174628,7.0
2023,19,KC,0.0,0.0,0.0,0.0
2023,19,MIA,0.0,0.0,0.0,0.0
2023,19,TB,0.0,0.0,0.0,0.0
2023,19,PHI,0.0,0.0,0.0,0.0
2023,19,PIT,0.0,0.0,0.0,0.0
2023,19,BUF,0.0,0.0,0.0,0.0
2023,20,GB,-3.1084158669109456,5.0,2.8040679628471357,11.0
2023,20,SF,2.8040679628471357,11.0,-3.1084158669109456,5.0
2023,20,HOU,0.0,0.0,0.0,0.0
2023,20,BAL,0.0,0.0,0.0,0.0
2023,20,BUF,-1.3088194517185912,8.0,-1.1910060574300587,5.0
2023,20,KC,-1.1910060574300587,5.0,-1.3088194517185912,8.0
2023,20,DET,-4.837560718180612,11.0,-4.66597975797765,3.0
2023,20,TB,-4.66597975797765,3.0,-4.837560718180612,11.0
2023,21,DET,0.06757300310763314,1.0,4.856351448921487,9.0
2023,21,SF,4.856351448921487,9.0,0.06757300310763314,1.0
2023,21,BAL,0.0,0.0,-0.8245021381881088,9.0
2023,21,KC,-0.8245021381881088,9.0,0.0,0.0
2023,22,SF,-0.28787086595548317,7.0,7.752616084413603,20.0
2023,22,KC,7.752616084413603,20.0,-0.28787086595548317,7.0
2024,1,ARI,-1.9775659549050033,11.0,0.14860076643526554,7.0
2024,1,BUF,0.14860076643526554,7.0,-1.9775659549050033,11.0
2024,1,BAL,-0.3275371278868988,11.0,-1.2201798647874966,9.0
2024,1,KC,-1.2201798647874966,9.0,-0.3275371278868988,11.0
2024,1,NO,0.0,0.0,0.0,0.0
2024,1,CAR,0.0,0.0,0.0,0.0
2024,1,DAL,0.0,0.0,0.0,0.0
2024,1,CLE,0.0,0.0,0.0,0.0
2024,1,SEA,-0.9165402064099908,8.0,0.06757300310763314,1.0
2024,1,DEN,0.06757300310763314,1.0,-0.9165402064099908,8.0
2024,1,GB,-0.12179093167651445,5.0,0.6081928097410128,13.0
2024,1,PHI,0.6081928097410128,13.0,-0.12179093167651445,5.0
2024,1,IND,0.06857135097992784,1.0,2.6912900710947176,12.0
2024,1,HOU,2.6912900710947176,12.0,0.06857135097992784,1.0
2024,1,MIA,1.6902653220458888,10.0,-2.420234562829137,6.0
2024,1,JAX,-2.420234562829137,6.0,1.6902653220458888,10.0
2024,1,LA,0.5962458501764336,14.0,0.1252400759840384,14.0
2024,1,DET,0.1252400759840384,14.0,0.5962458501764336,14.0
2024,1,LAC,6.511451185680926,5.0,0.0,0.0
2024,1,LV,0.0,0.0,6.511451185680926,5.0
2024,1,NYG,0.0,0.0,0.0,0.0
2024,1,MIN,0.0,0.0,0.0,0.0
2024,1,CIN,-1.4788940857397392,4.0,-2.971063646255061,11.0
2024,1,NE,-2.971063646255061,11.0,-1.4788940857397392,4.0
2024,1,NYJ,0.0,0.0,0.0,0.0
2024,1,SF,0.0,0.0,0.0,0.0
2024,1,ATL,-6.6952556549804285,6.0,-4.197434175643139,11.0
2024,1,PIT,-4.197434175643139,11.0,-6.6952556549804285,6.0
2024,1,TEN,-0.6395747617352754,5.0,-2.067895142477937,8.0
2024,1,CHI,-2.067895142477937,8.0,-0.6395747617352754,5.0
2024,1,TB,0.0,0.0,0.0,0.0
2024,1,WAS,0.0,0.0,0.0,0.0
2024,2,PHI,0.7821843540295959,13.0,6.2628462952154536,10.0
2024,2,ATL,6.2628462952154536,10.0,0.7821843540295959,13.0
2024,2,MIA,0.0,0.0,0.0,0.0
2024,2,BUF,0.0,0.0,0.0,0.0
2024,2,HOU,-3.388321503356565,7.0,-2.4032687370781787,5.0
2024,2,CHI,-2.4032687370781787,5.0,-3.388321503356565,7.0
2024,2,CIN,-1.6467297077178955,5.0,1.978470256086439,11.0
2024,2,KC,1.978470256086439,11.0,-1.6467297077178955,5.0
2024,2,JAX,-2.2845892149489373,9.0,-4.6389618262765,15.0
2024,2,CLE,-4.6389618262765,15.0,-2.2845892149489373,9.0
2024,2,GB,-0.8544050586060621,6.0,0.11159964632005215,7.0
2024,2,IND,0.11159964632005215,7.0,-0.8544050586060621,6.0
2024,2,LAC,0.0,0.0,0.0,0.0
2024,2,CAR,0.0,0.0,0.0,0.0
2024,2,LA,0.0,0.0,0.0,0.0
2024,2,ARI,0.0,0.0,0.0,0.0
2024,2,LV,2.299453303262077,11.0,-3.5580558131914586,11.0
2024,2,BAL,-3.5580558131914586,11.0,2.299453303262077,11.0
2024,2,NO,0.0,0.0,0.0,0.0
2024,2,DAL,0.0,0.0,0.0,0.0
2024,2,WAS,2.0749287479557097,8.0,-1.9646535947686061,6.0
2024,2,NYG,-1.9646535947686061,6.0,2.0749287479557097,8.0
2024,2,TEN,-0.9250199452508241,14.0,3.006911706631023,3.0
2024,2,NYJ,3.006911706631023,3.0,-0.9250199452508241,14.0
2024,2,DEN,-0.015569753682939336,2.0,-0.6646941359795164,5.0
2024,2,PIT,-0.6646941359795164,5.0,-0.015569753682939336,2.0
2024,2,NE,-5.272648197191302,7.0,0.6303840215550736,13.0
2024,2,SEA,0.6303840215550736,13.0,-5.272648197191302,7.0
2024,2,SF,0.0,0.0,-2.555022180196829,9.0
2024,2,MIN,-2.555022180196829,9.0,0.0,0.0
2024,2,TB,-2.357929759309627,5.0,-3.617115670698695,18.0
2024,2,DET,-3.617115670698695,18.0,-2.357929759309627,5.0
2024,3,DAL,0.06857135097992784,1.0,-1.0707021583802998,8.0
2024,3,BAL,-1.0707021583802998,8.0,0.06857135097992784,1.0
2024,3,CAR,0.0,0.0,0.0,0.0
2024,3,LV,0.0,0.0,0.0,0.0
2024,3,CHI,0.06857135097992784,1.0,-1.028109356178902,6.0
2024,3,IND,-1.028109356178902,6.0,0.06857135097992784,1.0
2024,3,DEN,0.0,0.0,0.0,0.0
2024,3,TB,0.0,0.0,0.0,0.0
2024,3,DET,-0.983603305183351,9.0,0.0,0.0
2024,3,ARI,0.0,0.0,-0.983603305183351,9.0
2024,3,GB,0.0,0.0,0.0,0.0
2024,3,TEN,0.0,0.0,0.0,0.0
2024,3,HOU,0.0,0.0,0.0,0.0
2024,3,MIN,0.0,0.0,0.0,0.0
2024,3,BUF,0.0,0.0,0.0,0.0
2024,3,JAX,0.0,0.0,0.0,0.0
2024,3,ATL,-6.721967520279577,12.0,-1.686242257244885,7.0
2024,3,KC,-1.686242257244885,7.0,-6.721967520279577,12.0
2024,3,LAC,0.0,0.0,0.0,0.0
2024,3,PIT,0.0,0.0,0.0,0.0
2024,3,SEA,0.0,0.0,0.0,0.0
2024,3,MIA,0.0,0.0,0.0,0.0
2024,3,NYJ,0.0,0.0,0.0,0.0
2024,3,NE,0.0,0.0,0.0,0.0
2024,3,NYG,-7.027634389756713,8.0,-7.054096045263577,7.0
2024,3,CLE,-7.054096045263577,7.0,-7.027634389756713,8.0
2024,3,NO,2.841766608806327,10.0,6.892805211639032,11.0
2024,3,PHI,6.892805211639032,11.0,2.841766608806327,10.0
2024,3,SF,-8.410715069185244,15.0,6.113593725023907,7.0
2024,3,LA,6.113593725023907,7.0,-8.410715069185244,15.0
2024,3,CIN,0.06757300310763314,1.0,5.735674793657381,6.0
2024,3,WAS,5.735674793657381,6.0,0.06757300310763314,1.0
2024,4,BUF,0.0,0.0,0.0,0.0
2024,4,BAL,0.0,0.0,0.0,0.0
2024,4,CAR,-1.4945606437977403,4.0,0.31364505062811077,13.0
2024,4,CIN,0.31364505062811077,13.0,-1.4945606437977403,4.0
2024,4,CLE,-1.5650956725003198,8.0,-2.291563223931007,5.0
2024,4,LV,-2.291563223931007,5.0,-1.5650956725003198,8.0
2024,4,DAL,-3.4255477302358486,8.0,-5.024681500915904,7.0
2024,4,NYG,-5.024681500915904,7.0,-3.4255477302358486,8.0
2024,4,NYJ,-6.171309664438013,13.0,-6.172623752441723,10.0
2024,4,DEN,-6.172623752441723,10.0,-6.171309664438013,13.0
2024,4,JAX,-2.7937384222168475,7.0,3.604495588434238,16.0
2024,4,HOU,3.604495588434238,16.0,-2.7937384222168475,7.0
2024,4,KC,-0.21587174898013473,6.0,-2.5766572906868532,4.0
2024,4,LAC,-2.5766572906868532,4.0,-0.21587174898013473,6.0
2024,4,CHI,-5.102772731217556,9.0,-3.7020825477084145,2.0
2024,4,LA,-3.7020825477084145,2.0,-5.102772731217556,9.0
2024,4,MIN,-0.41252350935246795,3.0,0.06757300310763314,1.0
2024,4,GB,0.06757300310763314,1.0,-0.41252350935246795,3.0
2024,4,NE,0.0,0.0,0.0,0.0
2024,4,SF,0.0,0.0,0.0,0.0
2024,4,ATL,-0.6550816659000702,12.0,-1.2854304106961174,16.0
2024,4,NO,-1.2854304106961174,16.0,-0.6550816659000702,12.0
2024,4,TB,0.0,0.0,0.0,0.0
2024,4,PHI,0.0,0.0,0.0,0.0
2024,4,IND,-3.9722485636593774,6.0,-2.9158641145561526,8.0
2024,4,PIT,-2.9158641145561526,8.0,-3.9722485636593774,6.0
2024,4,DET,0.0,0.0,0.0,0.0
2024,4,SEA,0.0,0.0,0.0,0.0
2024,4,TEN,0.0,0.0,0.0,0.0
2024,4,MIA,0.0,0.0,0.0,0.0
2024,4,ARI,0.0,0.0,0.0,0.0
2024,4,WAS,0.0,0.0,0.0,0.0
2024,5,SF,-2.0945405100355856,3.0,1.2166098128654994,14.0
2024,5,ARI,1.2166098128654994,14.0,-2.0945405100355856,3.0
2024,5,BAL,3.6119861477054656,10.0,-7.754510780447163,13.0
2024,5,CIN,-7.754510780447163,13.0,3.6119861477054656,10.0
2024,5,BUF,-2.5544555104570463,8.0,-3.9444597953697667,15.0
2024,5,HOU,-3.9444597953697667,15.0,-2.5544555104570463,8.0
2024,5,CAR,0.0,0.0,0.0,0.0
2024,5,CHI,0.0,0.0,0.0,0.0
2024,5,CLE,0.0,0.0,0.0,0.0
2024,5,WAS,0.0,0.0,0.0,0.0
2024,5,PIT,2.0597117433067855,5.0,6.062096813771756,19.0
2024,5,DAL,6.062096813771756,19.0,2.0597117433067855,5.0
2024,5,GB,-2.5157375482376665,8.0,-2.3284861623104662,12.0
2024,5,LA,-2.3284861623104662,12.0,-2.5157375482376665,8.0
2024,5,IND,6.148897539126821,8.0,0.5912061722483486,14.0
2024,5,JAX,0.5912061722483486,14.0,6.148897539126821,8.0
2024,5,LV,0.0,0.0,0.0,0.0
2024,5,DEN,0.0,0.0,0.0,0.0
2024,5,MIA,-1.0279085969813169,6.0,-1.9853810329805128,18.0
2024,5,NE,-1.9853810329805128,18.0,-1.0279085969813169,6.0
2024,5,NO,0.0,0.0,0.0,0.0
2024,5,KC,0.0,0.0,0.0,0.0
2024,5,SEA,-8.218781261951712,6.0,-2.222391882329248,5.0
2024,5,NYG,-2.222391882329248,5.0,-8.218781261951712,6.0
2024,5,NYJ,-0.7423424865119159,11.0,0.041694295359775424,9.0
2024,5,MIN,0.041694295359775424,9.0,-0.7423424865119159,11.0
2024,5,ATL,-2.490244750340935,14.0,-8.660267888917588,8.0
2024,5,TB,-8.660267888917588,8.0,-2.490244750340935,14.0
2024,6,GB,0.0,0.0,0.0,0.0
2024,6,ARI,0.0,0.0,0.0,0.0
2024,6,CAR,0.0,0.0,0.0,0.0
2024,6,ATL,0.0,0.0,0.0,0.0
2024,6,NYJ,-1.1019348974805325,9.0,-1.8807292703422718,10.0
2024,6,BUF,-1.8807292703422718,10.0,-1.1019348974805325,9.0
2024,6,CIN,5.370936464285478,5.0,-4.2725595644442365,3.0
2024,6,NYG,-4.2725595644442365,3.0,5.370936464285478,5.0
2024,6,PHI,-0.908162985695526,11.0,-2.2195128022576682,6.0
2024,6,CLE,-2.2195128022576682,6.0,-0.908162985695526,11.0
2024,6,DAL,0.0,0.0,0.0,0.0
2024,6,DET,0.0,0.0,0.0,0.0
2024,6,HOU,0.0,0.0,0.0,0.0
2024,6,NE,0.0,0.0,0.0,0.0
2024,6,IND,-2.421173502516467,10.0,-2.951093374111224,9.0
2024,6,TEN,-2.951093374111224,9.0,-2.421173502516467,10.0
2024,6,CHI,0.0,0.0,0.0,0.0
2024,6,JAX,0.0,0.0,0.0,0.0
2024,6,DEN,0.0,0.0,-0.39274643198587,4.0
2024,6,LAC,-0.39274643198587,4.0,0.0,0.0
2024,6,PIT,0.0,0.0,0.0,0.0
2024,6,LV,0.0,0.0,0.0,0.0
2024,6,SEA,0.06757300310763314,1.0,6.231961025507189,4.0
2024,6,SF,6.231961025507189,4.0,0.06757300310763314,1.0
2024,6,TB,0.0,0.0,0.0,0.0
2024,6,NO,0.0,0.0,0.0,0.0
2024,6,BAL,-1.1149827984627336,8.0,0.0,0.0
2024,6,WAS,0.0,0.0,-1.1149827984627336,8.0
2024,7,TB,0.0,0.0,0.0,0.0
2024,7,BAL,0.0,0.0,0.0,0.0
2024,7,CAR,0.0,0.0,0.0,0.0
2024,7,WAS,0.0,0.0,0.0,0.0
2024,7,CIN,-0.6562314371112734,4.0,0.0,0.0
2024,7,CLE,0.0,0.0,-0.6562314371112734,4.0
2024,7,DEN,0.0,0.0,0.0,0.0
2024,7,NO,0.0,0.0,0.0,0.0
2024,7,DET,2.148505094111897,9.0,-2.4775824298267253,8.0
2024,7,MIN,-2.4775824298267253,8.0,2.148505094111897,9.0
2024,7,GB,2.1291034768801183,10.0,0.3155139461741783,8.0
2024,7,HOU,0.3155139461741783,8.0,2.1291034768801183,10.0
2024,7,SF,0.0,0.0,0.0,0.0
2024,7,KC,0.0,0.0,0.0,0.0
2024,7,ARI,2.0323885253164917,9.0,0.5238605196936987,5.0
2024,7,LAC,0.5238605196936987,5.0,2.0323885253164917,9.0
2024,7,LV,-4.035337547771633,10.0,-4.05324347212445,8.0
2024,7,LA,-4.05324347212445,8.0,-4.035337547771633,10.0
2024,7,IND,1.5233662875834852,9.0,-1.1096261979546398,10.0
2024,7,MIA,-1.1096261979546398,10.0,1.5233662875834852,9.0
2024,7,NE,0.0,0.0,0.0,0.0
2024,7,JAX,0.0,0.0,0.0,0.0
2024,7,PIT,0.0,0.0,0.0,0.0
2024,7,NYJ,0.0,0.0,0.0,0.0
2024,7,NYG,0.0,0.0,0.0,0.0
2024,7,PHI,0.0,0.0,0.0,0.0
2024,7,SEA,0.0,0.0,0.0,0.0
2024,7,ATL,0.0,0.0,0.0,0.0
2024,7,BUF,0.0,0.0,0.0,0.0
2024,7,TEN,0.0,0.0,0.0,0.0
2024,8,MIA,0.0,0.0,2.710597167722881,13.0
2024,8,ARI,2.710597167722881,13.0,0.0,0.0
2024,8,TB,-0.8536598301143385,8.0,-3.8648487217142247,9.0
2024,8,ATL,-3.8648487217142247,9.0,-0.8536598301143385,8.0
2024,8,BAL,5.658062518793109,17.0,6.479902256909213,13.0
2024,8,CLE,6.479902256909213,13.0,5.658062518793109,17.0
2024,8,SEA,0.0,0.0,0.0,0.0
2024,8,BUF,0.0,0.0,0.0,0.0
2024,8,DEN,0.0,0.0,0.0,0.0
2024,8,CAR,0.0,0.0,0.0,0.0
2024,8,CHI,6.395866127262823,12.0,6.731158969050739,6.0
2024,8,WAS,6.731158969050739,6.0,6.395866127262823,12.0
2024,8,DAL,-3.818964678284295,5.0,-4.558664688782301,9.0
2024,8,SF,-4.558664688782301,9.0,-3.818964678284295,5.0
2024,8,GB,1.602993823820725,11.0,6.836897394256617,9.0
2024,8,JAX,6.836897394256617,9.0,1.602993823820725,11.0
2024,8,HOU,-5.760397702397313,10.0,-2.4900344237685204,12.0
2024,8,IND,-2.4900344237685204,12.0,-5.760397702397313,10.0
2024,8,KC,-0.8413514404091984,4.0,0.05117156607063911,1.0
2024,8,LV,0.05117156607063911,1.0,-0.8413514404091984,4.0
2024,8,MIN,-3.5140719324117526,4.0,-1.0466910497052595,7.0
2024,8,LA,-1.0466910497052595,7.0,-3.5140719324117526,4.0
2024,8,LAC,0.0,0.0,0.0,0.0
2024,8,NO,0.0,0.0,0.0,0.0
2024,8,PIT,-5.623341751634143,9.0,-4.587061905302107,13.0
2024,8,NYG,-4.587061905302107,13.0,-5.623341751634143,9.0
2024,8,NE,7.227282100750133,14.0,4.5984131602018605,11.0
2024,8,NYJ,4.5984131602018605,11.0,7.227282100750133,14.0
2024,8,CIN,0.0,0.0,0.0,0.0
2024,8,PHI,0.0,0.0,0.0,0.0
2024,8,DET,0.0,0.0,0.0,0.0
2024,8,TEN,0.0,0.0,0.0,0.0
2024,9,ARI,0.0,0.0,0.0,0.0
2024,9,CHI,0.0,0.0,0.0,0.0
2024,9,ATL,-1.119052778580226,4.0,1.053,1.0
2024,9,DAL,1.053,1.0,-1.119052778580226,4.0
2024,9,DEN,0.0,0.0,0.0,0.0
2024,9,BAL,0.0,0.0,0.0,0.0
2024,9,GB,0.0,0.0,0.0,0.0
2024,9,DET,0.0,0.0,0.0,0.0
2024,9,HOU,0.0,0.0,5.111141765723005,7.0
2024,9,NYJ,5.111141765723005,7.0,0.0,0.0
2024,9,IND,0.0,0.0,5.31637635268271,9.0
2024,9,MIN,5.31637635268271,9.0,0.0,0.0
2024,9,PHI,-3.1878972272388637,11.0,-2.4849695923179875,7.0
2024,9,JAX,-2.4849695923179875,7.0,-3.1878972272388637,11.0
2024,9,LAC,0.0,0.0,0.0,0.0
2024,9,CLE,0.0,0.0,0.0,0.0
2024,9,SEA,3.4977748158713315,16.0,-3.5779878695029765,13.0
2024,9,LA,-3.5779878695029765,13.0,3.4977748158713315,16.0
2024,9,LV,0.0,0.0,0.0,0.0
2024,9,CIN,0.0,0.0,0.0,0.0
2024,9,BUF,1.9632427711039782,12.0,4.432522305535336,12.0
2024,9,MIA,4.432522305535336,12.0,1.9632427711039782,12.0
2024,9,TEN,-2.2176434737770374,11.0,1.9751933910743777,24.0
2024,9,NE,1.9751933910743777,24.0,-2.2176434737770374,11.0
2024,9,NO,-4.499902132723946,12.0,2.993950180578511,11.0
2024,9,CAR,2.993950180578511,11.0,-4.499902132723946,12.0
2024,9,KC,1.7911312891379443,13.0,3.340667832628775,17.0
2024,9,TB,3.340667832628775,17.0,1.7911312891379443,13.0
2024,9,NYG,-0.947,1.0,-2.858653684030287,13.0
2024,9,WAS,-2.858653684030287,13.0,-0.947,1.0
2024,10,ATL,-2.7722748558735475,12.0,-2.3478920672787353,4.0
2024,10,NO,-2.3478920672787353,4.0,-2.7722748558735475,12.0
2024,10,BUF,0.0,0.0,0.0,0.0
2024,10,IND,0.0,0.0,0.0,0.0
2024,10,CIN,5.225989719780162,13.0,6.282845515394534,13.0
2024,10,BAL,6.282845515394534,13.0,5.225989719780162,13.0
2024,10,DEN,-1.6151075344532728,11.0,0.0,0.0
2024,10,KC,0.0,0.0,-1.6151075344532728,11.0
2024,10,DET,0.7429563526529819,6.0,-3.472038284642622,8.0
2024,10,HOU,-3.472038284642622,8.0,0.7429563526529819,6.0
2024,10,MIA,0.07019235624466091,7.0,0.0,0.0
2024,10,LA,0.0,0.0,0.07019235624466091,7.0
2024,10,JAX,-3.5651134703075513,9.0,-3.471206774294842,11.0
2024,10,MIN,-3.471206774294842,11.0,-3.5651134703075513,9.0
2024,10,NE,0.0,0.0,0.0,0.0
2024,10,CHI,0.0,0.0,0.0,0.0
2024,10,CAR,-3.171940750005888,10.0,-0.45464661228470504,17.0
2024,10,NYG,-0.45464661228470504,17.0,-3.171940750005888,10.0
2024,10,ARI,0.0,0.0,0.0,0.0
2024,10,NYJ,0.0,0.0,0.0,0.0
2024,10,DAL,0.0,0.0,0.0,0.0
2024,10,PHI,0.0,0.0,0.0,0.0
2024,10,PIT,4.054687461219679,12.0,-2.553537769475952,7.0
2024,10,WAS,-2.553537769475952,7.0,4.054687461219679,12.0
2024,10,SF,-0.5568664689781144,12.0,1.5242030180525035,14.0
2024,10,TB,1.5242030180525035,14.0,-0.5568664689781144,12.0
2024,10,LAC,0.0,0.0,0.0,0.0
2024,10,TEN,0.0,0.0,0.0,0.0
2024,11,DEN,0.0,0.0,0.0,0.0
2024,11,ATL,0.0,0.0,0.0,0.0
2024,11,BAL,5.199257346030325,12.0,-1.3538869657204486,10.0
2024,11,PIT,-1.3538869657204486,10.0,5.199257346030325,12.0
2024,11,CIN,-4.586379830347141,17.0,4.283843763698474,9.0
2024,11,LAC,4.283843763698474,9.0,-4.586379830347141,17.0
2024,11,CLE,0.0,0.0,0.0,0.0
2024,11,NO,0.0,0.0,0.0,0.0
2024,11,GB,5.446517947522923,5.0,-1.6714303606422618,10.0
2024,11,CHI,-1.6714303606422618,10.0,5.446517947522923,5.0
2024,11,HOU,0.0,0.0,0.0,0.0
2024,11,DAL,0.0,0.0,0.0,0.0
2024,11,NYJ,0.46944622980663553,9.0,5.258907614901662,8.0
2024,11,IND,5.258907614901662,8.0,0.46944622980663553,9.0
2024,11,JAX,0.0,0.0,0.0,0.0
2024,11,DET,0.0,0.0,0.0,0.0
2024,11,KC,0.0,0.0,5.546338478263884,6.0
2024,11,BUF,5.546338478263884,6.0,0.0,0.0
2024,11,NE,-1.7733877334394492,5.0,-2.6278472436242737,12.0
2024,11,LA,-2.6278472436242737,12.0,-1.7733877334394492,5.0
2024,11,MIA,6.102124591590837,6.0,0.06757300310763314,1.0
2024,11,LV,0.06757300310763314,1.0,6.102124591590837,6.0
2024,11,TEN,0.0,0.0,0.0,0.0
2024,11,MIN,0.0,0.0,0.0,0.0
2024,11,SF,-2.0992890400229953,9.0,1.9423414107155499,14.0
2024,11,SEA,1.9423414107155499,14.0,-2.0992890400229953,9.0
2024,11,PHI,-0.19486697560879618,3.0,0.0,0.0
2024,11,WAS,0.0,0.0,-0.19486697560879618,3.0
2024,12,ARI,0.0,0.0,0.8881826529395767,5.0
2024,12,SEA,0.8881826529395767,5.0,0.0,0.0
2024,12,LAC,0.11775988227401868,2.0,-0.5165485627367161,3.0
2024,12,BAL,-0.5165485627367161,3.0,0.11775988227401868,2.0
2024,12,DAL,11.83434428398376,9.0,7.0091564150359,6.0
2024,12,WAS,7.0091564150359,6.0,11.83434428398376,9.0
2024,12,LV,-5.353938659769483,3.0,-3.5837980018695816,9.0
2024,12,DEN,-3.5837980018695816,9.0,-5.353938659769483,3.0
2024,12,IND,0.0,0.0,0.0,0.0
2024,12,DET,0.0,0.0,0.0,0.0
2024,12,KC,-0.8743760810466483,12.0,4.952638484697789,11.0
2024,12,CAR,4.952638484697789,11.0,-0.8743760810466483,12.0
2024,12,CHI,3.5425062951254658,4.0,2.3886421545175835,14.0
2024,12,MIN,2.3886421545175835,14.0,3.5425062951254658,4.0
2024,12,NE,0.0,0.0,0.0,0.0
2024,12,MIA,0.0,0.0,0.0,0.0
2024,12,LA,0.0,0.0,0.0,0.0
2024,12,PHI,0.0,0.0,0.0,0.0
2024,12,PIT,-3.6582543311524205,11.0,-0.3655024957405403,15.0
2024,12,CLE,-0.3655024957405403,15.0,-3.6582543311524205,11.0
2024,12,GB,0.0,0.0,0.0,0.0
2024,12,SF,0.0,0.0,0.0,0.0
2024,12,TB,0.0,0.0,0.0,0.0
2024,12,NYG,0.0,0.0,0.0,0.0
2024,12,HOU,-6.736702204972971,11.0,-1.5334541674237698,7.0
2024,12,TEN,-1.5334541674237698,7.0,-6.736702204972971,11.0
2024,13,ARI,-2.9865940552554093,11.0,5.8543708826784275,12.0
2024,13,MIN,5.8543708826784275,12.0,-2.9865940552554093,11.0
2024,13,DET,-0.9400874096900225,2.0,0.5892650589812547,15.0
2024,13,CHI,0.5892650589812547,15.0,-0.9400874096900225,2.0
2024,13,DEN,-1.478222666904379,5.0,-7.81227366370149,5.0
2024,13,CLE,-7.81227366370149,5.0,-1.478222666904379,5.0
2024,13,JAX,1.053,1.0,-0.7385674994438887,8.0
2024,13,HOU,-0.7385674994438887,8.0,1.053,1.0
2024,13,NE,-0.03951719088945538,5.0,6.729382264588028,20.0
2024,13,IND,6.729382264588028,20.0,-0.03951719088945538,5.0
2024,13,ATL,-0.709676078055054,13.0,0.0,2.0
2024,13,LAC,0.0,2.0,-0.709676078055054,13.0
2024,13,NO,-2.3029260257608257,8.0,-0.40539587452076375,3.0
2024,13,LA,-0.40539587452076375,3.0,-2.3029260257608257,8.0
2024,13,KC,-2.649344631936401,5.0,-4.449576229788363,15.0
2024,13,LV,-4.449576229788363,15.0,-2.649344631936401,5.0
2024,13,GB,0.0,0.0,0.0,0.0
2024,13,MIA,0.0,0.0,0.0,0.0
2024,13,DAL,-1.2128401279915124,8.0,0.06857135097992784,1.0
2024,13,NYG,0.06857135097992784,1.0,-1.2128401279915124,8.0
2024,13,PHI,-0.017200263653649017,2.0,0.06757300310763314,1.0
2024,13,BAL,0.06757300310763314,1.0,-0.017200263653649017,2.0
2024,13,CIN,0.06757300310763314,1.0,-0.7144747951533645,6.0
2024,13,PIT,-0.7144747951533645,6.0,0.06757300310763314,1.0
2024,13,SEA,0.0,1.0,-0.9424125334480777,13.0
2024,13,NYJ,-0.9424125334480777,13.0,0.0,1.0
2024,13,BUF,0.0,0.0,0.0,0.0
2024,13,SF,0.0,0.0,0.0,0.0
2024,13,CAR,6.111236834418911,11.0,6.371171257982496,16.0
2024,13,TB,6.371171257982496,16.0,6.111236834418911,11.0
2024,13,TEN,0.0,0.0,0.0,0.0
2024,13,WAS,0.0,0.0,0.0,0.0
2024,14,ATL,0.0,0.0,0.0,0.0
2024,14,MIN,0.0,0.0,0.0,0.0
2024,14,LA,3.6000779542373493,12.0,0.2566468109132223,1.0
2024,14,BUF,0.2566468109132223,1.0,3.6000779542373493,12.0
2024,14,CAR,-1.5386424906901084,14.0,-2.184480274503585,8.0
2024,14,PHI,-2.184480274503585,8.0,-1.5386424906901084,14.0
2024,14,SF,0.0,0.0,0.0,0.0
2024,14,CHI,0.0,0.0,0.0,0.0
2024,14,CIN,4.624682163738489,13.0,-1.9482136557926424,6.0
2024,14,DAL,-1.9482136557926424,6.0,4.624682163738489,13.0
2024,14,PIT,0.0,0.0,0.0,0.0
2024,14,CLE,0.0,0.0,0.0,0.0
2024,14,DET,1.9280634499154985,13.0,-1.9922094176290557,4.0
2024,14,GB,-1.9922094176290557,4.0,1.9280634499154985,13.0
2024,14,TEN,-7.272120257082861,12.0,-3.4078391285729595,5.0
2024,14,JAX,-3.4078391285729595,5.0,-7.272120257082861,12.0
2024,14,KC,2.3432128585409373,15.0,0.4451736768954997,1.0
2024,14,LAC,0.4451736768954997,1.0,2.3432128585409373,15.0
2024,14,TB,6.099647513241507,6.0,0.0,0.0
2024,14,LV,0.0,0.0,6.099647513241507,6.0
2024,14,NO,-3.689249192189891,10.0,-2.007431075107772,20.0
2024,14,NYG,-2.007431075107772,20.0,-3.689249192189891,10.0
2024,14,MIA,1.9861376467742957,9.0,2.803017940168502,13.0
2024,14,NYJ,2.803017940168502,13.0,1.9861376467742957,9.0
2024,14,ARI,0.0,0.0,0.0,0.0
2024,14,SEA,0.0,0.0,0.0,0.0
2024,15,LV,-1.8716388962328205,14.0,-2.0157986748963594,8.0
2024,15,ATL,-2.0157986748963594,8.0,-1.8716388962328205,14.0
2024,15,BAL,0.0,0.0,0.0,0.0
2024,15,NYG,0.0,0.0,0.0,0.0
2024,15,DET,0.05117156607063911,1.0,-0.21278890600660816,2.0
2024,15,BUF,-0.21278890600660816,2.0,0.05117156607063911,1.0
2024,15,CHI,0.0,0.0,0.0,0.0
2024,15,MIN,0.0,0.0,0.0,0.0
2024,15,CIN,0.0,0.0,0.0,0.0
2024,15,TEN,0.0,0.0,0.0,0.0
2024,15,DAL,0.0,0.0,0.0,0.0
2024,15,CAR,0.0,0.0,0.0,0.0
2024,15,GB,0.0,0.0,0.0,0.0
2024,15,SEA,0.0,0.0,0.0,0.0
2024,15,IND,0.0,0.0,0.0,0.0
2024,15,DEN,0.0,0.0,0.0,0.0
2024,15,KC,0.0,0.0,0.0,0.0
2024,15,CLE,0.0,0.0,0.0,0.0
2024,15,SF,-0.09583457247936167,3.0,2.2605303209275007,12.0
2024,15,LA,2.2605303209275007,12.0,-0.09583457247936167,3.0
2024,15,MIA,-3.0794453507987782,6.0,-4.066039765486494,9.0
2024,15,HOU,-4.066039765486494,9.0,-3.0794453507987782,6.0
2024,15,NE,0.0,0.0,0.0,0.0
2024,15,ARI,0.0,0.0,0.0,0.0
2024,15,JAX,0.9676220797700807,15.0,14.202161600843024,15.0
2024,15,NYJ,14.202161600843024,15.0,0.9676220797700807,15.0
2024,15,PIT,0.0,0.0,0.0,0.0
2024,15,PHI,0.0,0.0,0.0,0.0
2024,15,TB,0.0,0.0,0.0,0.0
2024,15,LAC,0.0,0.0,0.0,0.0
2024,15,NO,3.8165506711667403,12.0,-3.9250310371862724,9.0
2024,15,WAS,-3.9250310371862724,9.0,3.8165506711667403,12.0
2024,16,ARI,0.17068805370945483,13.0,3.830252591636963,12.0
2024,16,CAR,3.830252591636963,12.0,0.17068805370945483,13.0
2024,16,CLE,0.0,0.0,0.0,0.0
2024,16,CIN,0.0,0.0,0.0,0.0
2024,16,LAC,5.8885179803473875,12.0,0.04097644321154803,1.0
2024,16,DEN,0.04097644321154803,1.0,5.8885179803473875,12.0
2024,16,CHI,0.0,0.0,0.0,0.0
2024,16,DET,0.0,0.0,0.0,0.0
2024,16,HOU,-1.4672527506481856,3.0,-1.4031382829416543,7.0
2024,16,KC,-1.4031382829416543,7.0,-1.4672527506481856,3.0
2024,16,JAX,-2.9042742488672957,9.0,-5.584879935195204,8.0
2024,16,LV,-5.584879935195204,8.0,-2.9042742488672957,9.0
2024,16,LA,0.0,0.0,0.0,0.0
2024,16,NYJ,0.0,0.0,0.0,0.0
2024,16,MIN,1.8947362050972392,14.0,-2.1735957143386377,11.0
2024,16,SEA,-2.1735957143386377,11.0,1.8947362050972392,14.0
2024,16,NE,0.06757300310763314,1.0,-0.6771805168827996,6.0
2024,16,BUF,-0.6771805168827996,6.0,0.06757300310763314,1.0
2024,16,GB,0.0,0.0,0.0,0.0
2024,16,NO,0.0,0.0,0.0,0.0
2024,16,ATL,0.0,0.0,0.0,0.0
2024,16,NYG,0.0,0.0,0.0,0.0
2024,16,WAS,2.6925283284946344,15.0,-0.40978470677509904,8.0
2024,16,PHI,-0.40978470677509904,8.0,2.6925283284946344,15.0
2024,16,BAL,0.0,0.0,0.0,0.0
2024,16,PIT,0.0,0.0,0.0,0.0
2024,16,SF,-2.4453777179587632,3.0,5.122599553898908,7.0
2024,16,MIA,5.122599553898908,7.0,-2.4453777179587632,3.0
2024,16,DAL,-4.642526037700009,8.0,-3.4424097388630437,2.0
2024,16,TB,-3.4424097388630437,2.0,-4.642526037700009,8.0
2024,16,TEN,0.05062177128274925,1.0,-1.0810485551774036,11.0
2024,16,IND,-1.0810485551774036,11.0,0.05062177128274925,1.0
2024,17,LA,-2.1271157552837394,7.0,-5.551364557759371,13.0
2024,17,ARI,-5.551364557759371,13.0,-2.1271157552837394,7.0
2024,17,ATL,6.207769045708652,21.0,-0.9327470629650634,11.0
2024,17,WAS,-0.9327470629650634,11.0,6.207769045708652,21.0
2024,17,BAL,0.0,0.0,0.0,0.0
2024,17,HOU,0.0,0.0,0.0,0.0
2024,17,TB,0.0,0.0,0.0,0.0
2024,17,CAR,0.0,0.0,0.0,0.0
2024,17,DAL,0.0,0.0,0.0,0.0
2024,17,PHI,0.0,0.0,0.0,0.0
2024,17,DEN,0.954151105063453,18.0,7.255623142366482,20.0
2024,17,CIN,7.255623142366482,20.0,0.954151105063453,18.0
2024,17,SF,-0.9324269968923669,1.0,3.1817851185332984,6.0
2024,17,DET,3.1817851185332984,6.0,-0.9324269968923669,1.0
2024,17,GB,0.05117156607063911,1.0,-1.2077538915909827,8.0
2024,17,MIN,-1.2077538915909827,8.0,0.05117156607063911,1.0
2024,17,IND,0.0,0.0,5.536512750361531,5.0
2024,17,NYG,5.536512750361531,5.0,0.0,0.0
2024,17,PIT,0.0,0.0,0.0,0.0
2024,17,KC,0.0,0.0,0.0,0.0
2024,17,LAC,0.0,0.0,0.0,0.0
2024,17,NE,0.0,0.0,0.0,0.0
2024,17,LV,0.0,0.0,0.0,0.0
2024,17,NO,0.0,0.0,0.0,0.0
2024,17,MIA,0.0,0.0,0.0,0.0
2024,17,CLE,0.0,0.0,0.0,0.0
2024,17,BUF,0.0,0.0,0.0,0.0
2024,17,NYJ,0.0,0.0,0.0,0.0
2024,17,SEA,0.0,1.0,-0.2815501866862178,13.0
2024,17,CHI,-0.2815501866862178,13.0,0.0,1.0
2024,17,JAX,-1.9403989694546908,6.0,-0.8534786007367074,9.0
2024,17,TEN,-0.8534786007367074,9.0,-1.9403989694546908,6.0
2024,18,NE,-3.115877670352347,11.0,-5.963234004913829,9.0
2024,18,BUF,-5.963234004913829,9.0,-3.115877670352347,11.0
2024,18,ATL,6.05241232846196,14.0,4.805822740053136,11.0
2024,18,CAR,4.805822740053136,11.0,6.05241232846196,14.0
2024,18,GB,6.807559446359053,7.0,-0.45697630022186786,17.0
2024,18,CHI,-0.45697630022186786,17.0,6.807559446359053,7.0
2024,18,CIN,-2.67672346055042,6.0,-2.3569341865368187,12.0
2024,18,PIT,-2.3569341865368187,12.0,-2.67672346055042,6.0
2024,18,CLE,0.0,0.0,0.0,0.0
2024,18,BAL,0.0,0.0,0.0,0.0
2024,18,HOU,0.0,0.0,0.0,0.0
2024,18,TEN,0.0,0.0,0.0,0.0
2024,18,IND,-1.187628949061036,11.0,1.1046126438304782,12.0
2024,18,JAX,1.1046126438304782,12.0,-1.187628949061036,11.0
2024,18,DEN,0.0,0.0,0.0,0.0
2024,18,KC,0.0,0.0,0.0,0.0
2024,18,LV,0.0,0.0,0.0,0.0
2024,18,LAC,0.0,0.0,0.0,0.0
2024,18,MIA,0.0,0.0,7.006402575643733,7.0
2024,18,NYJ,7.006402575643733,7.0,0.0,0.0
2024,18,DET,0.0,0.0,0.0,0.0
2024,18,MIN,0.0,0.0,0.0,0.0
2024,18,NO,-1.2414763870765455,9.0,7.166379106508053,11.0
2024,18,TB,7.166379106508053,11.0,-1.2414763870765455,9.0
2024,18,NYG,-1.5850743261980824,4.0,0.14926645759260282,13.0
2024,18,PHI,0.14926645759260282,13.0,-1.5850743261980824,4.0
2024,18,LA,-1.0611223145388067,13.0,2.4094019355690106,6.0
2024,18,SEA,2.4094019355690106,6.0,-1.0611223145388067,13.0
2024,18,SF,0.0,0.0,0.0,0.0
2024,18,ARI,0.0,0.0,0.0,0.0
2024,18,WAS,6.761252454109799,14.0,-1.7029913094593212,5.0
2024,18,DAL,-1.7029913094593212,5.0,6.761252454109799,14.0
2024,19,DEN,0.0,0.0,0.0,0.0
2024,19,BUF,0.0,0.0,0.0,0.0
2024,19,GB,0.0,0.0,0.0,0.0
2024,19,PHI,0.0,0.0,0.0,0.0
2024,19,LAC,0.0,0.0,0.0,0.0
2024,19,HOU,0.0,0.0,0.0,0.0
2024,19,LA,0.0,0.0,0.0,0.0
2024,19,MIN,0.0,0.0,0.0,0.0
2024,19,PIT,0.0,0.0,0.0,0.0
2024,19,BAL,0.0,0.0,0.0,0.0
2024,19,TB,0.22035554671476376,1.0,2.358568014577031,11.0
2024,19,WAS,2.358568014577031,11.0,0.22035554671476376,1.0
2024,20,BAL,5.05580223833397,10.0,-2.7538425188395195,8.0
2024,20,BUF,-2.7538425188395195,8.0,5.05580223833397,10.0
2024,20,KC,0.10236873564977556,1.0,0.0,0.0
2024,20,HOU,0.0,0.0,0.10236873564977556,1.0
2024,20,PHI,4.485715556424111,7.0,-1.603411676958252,14.0
2024,20,LA,-1.603411676958252,14.0,4.485715556424111,7.0
2024,20,DET,0.0,0.0,0.0,0.0
2024,20,WAS,0.0,0.0,0.0,0.0
2024,21,BUF,-3.304902743140701,7.0,-2.4491478644195013,12.0
2024,21,KC,-2.4491478644195013,12.0,-3.304902743140701,7.0
2024,21,WAS,0.0,0.0,0.0,0.0
2024,21,PHI,0.0,0.0,0.0,0.0
2024,22,PHI,0.0,0.0,0.0,0.0
2024,22,KC,0.0,0.0,0.0,0.0
2025,1,ARI,-3.184460516902618,5.0,-1.9553126852260903,13.0
2025,1,NO,-1.9553126852260903,13.0,-3.184460516902618,5.0
2025,1,BUF,4.846286941421684,15.0,-5.915355772536714,8.0
2025,1,BAL,-5.915355772536714,8.0,4.846286941421684,15.0
2025,1,JAX,0.0,0.0,0.0,0.0
2025,1,CAR,0.0,0.0,0.0,0.0
2025,1,CIN,-4.63107391493395,11.0,-9.357041560404468,10.0
2025,1,CLE,-9.357041560404468,10.0,-4.63107391493395,11.0
2025,1,DAL,-2.5613626489648595,8.0,-3.5647764994064346,10.0
2025,1,PHI,-3.5647764994064346,10.0,-2.5613626489648595,8.0
2025,1,GB,0.0,0.0,0.0,0.0
2025,1,DET,0.0,0.0,0.0,0.0
2025,1,HOU,-1.7076059398241341,10.0,-6.449847130046692,8.0
2025,1,LA,-6.449847130046692,8.0,-1.7076059398241341,10.0
2025,1,KC,0.0,0.0,-1.0740583220031112,8.0
2025,1,LAC,-1.0740583220031112,8.0,0.0,0.0
2025,1,LV,-0.1274051433429122,2.0,0.0,0.0
2025,1,NE,0.0,0.0,-0.1274051433429122,2.0
2025,1,IND,0.0,0.0,0.0,0.0
2025,1,MIA,0.0,0.0,0.0,0.0
2025,1,MIN,2.69217619849951,10.0,0.049359952347537206,3.0
2025,1,CHI,0.049359952347537206,3.0,2.69217619849951,10.0
2025,1,WAS,0.0,0.0,0.0,0.0
2025,1,NYG,0.0,0.0,0.0,0.0
2025,1,NYJ,-3.664702550857328,8.0,0.6242584669962525,8.0
2025,1,PIT,0.6242584669962525,8.0,-3.664702550857328,8.0
2025,1,SEA,-1.8620759658515453,11.0,6.1858065746351585,10.0
2025,1,SF,6.1858065746351585,10.0,-1.8620759658515453,11.0
2025,1,ATL,0.8791932009396439,18.0,4.6361607042842845,9.0
2025,1,TB,4.6361607042842845,9.0,0.8791932009396439,18.0
2025,1,TEN,-4.917864009097684,7.0,-2.6987100680707954,11.0
2025,1,DEN,-2.6987100680707954,11.0,-4.917864009097684,7.0
2025,2,ATL,0.0,0.0,0.0,0.0
2025,2,MIN,0.0,0.0,0.0,0.0
2025,2,NYJ,0.0,0.0,0.0,0.0
2025,2,BUF,0.0,0.0,0.0,0.0
2025,2,CAR,-2.438165182096109,14.0,-3.4835389630752616,2.0
2025,2,ARI,-3.4835389630752616,2.0,-2.438165182096109,14.0
2025,2,DET,0.0,0.0,0.0,0.0
2025,2,CHI,0.0,0.0,0.0,0.0
2025,2,CLE,0.0,0.0,0.0,0.0
2025,2,BAL,0.0,0.0,0.0,0.0
2025,2,IND,1.4105510822264478,10.0,-5.908043438626919,5.0
2025,2,DEN,-5.908043438626919,5.0,1.4105510822264478,10.0
2025,2,JAX,-3.8159174637985416,6.0,7.077995270942289,18.0
2025,2,CIN,7.077995270942289,18.0,-3.8159174637985416,6.0
2025,2,LV,0.0,0.0,0.0,0.0
2025,2,LAC,0.0,0.0,0.0,0.0
2025,2,TEN,0.0,0.0,0.0,0.0
2025,2,LA,0.0,0.0,0.0,0.0
2025,2,NE,0.10185987269505858,7.0,-4.393662506947294,18.0
2025,2,MIA,-4.393662506947294,18.0,0.10185987269505858,7.0
2025,2,NYG,7.603452818771512,14.0,6.919177229202196,28.0
2025,2,DAL,6.919177229202196,28.0,7.603452818771512,14.0
2025,2,PHI,-0.8803593304473907,7.0,0.06757300310763314,1.0
2025,2,KC,0.06757300310763314,1.0,-0.8803593304473907,7.0
2025,2,SEA,2.6628907453850843,2.0,0.0,0.0
2025,2,PIT,0.0,0.0,2.6628907453850843,2.0
2025,2,NO,-6.939382982789539,12.0,-9.3295886159176,10.0
2025,2,SF,-9.3295886159176,10.0,-6.939382982789539,12.0
2025,2,HOU,1.9414819735540076,4.0,-0.17421886303042988,16.0
2025,2,TB,-0.17421886303042988,16.0,1.9414819735540076,4.0
2025,2,GB,0.0,0.0,0.0,0.0
2025,2,WAS,0.0,0.0,0.0,0.0
2025,3,ARI,-2.6261978420661762,10.0,0.09377884166315198,13.0
2025,3,SF,0.09377884166315198,13.0,-2.6261978420661762,10.0
2025,3,ATL,0.0,0.0,0.0,0.0
2025,3,CAR,0.0,0.0,0.0,0.0
2025,3,MIN,0.0,0.0,0.0,0.0
2025,3,CIN,0.0,0.0,0.0,0.0
2025,3,CHI,0.0,0.0,0.0,0.0
2025,3,DAL,0.0,0.0,0.0,0.0
2025,3,LAC,8.766293209804804,14.0,-2.627932554925792,5.0
2025,3,DEN,-2.627932554925792,5.0,8.766293209804804,14.0
2025,3,DET,5.523937922087498,9.0,-1.2914163915701211,3.0
2025,3,BAL,-1.2914163915701211,3.0,5.523937922087498,9.0
2025,3,CLE,3.525932190460104,9.0,-7.868350102915429,12.0
2025,3,GB,-7.868350102915429,12.0,3.525932190460104,9.0
2025,3,HOU,-4.144239310524426,14.0,6.7105045072827,9.0
2025,3,JAX,6.7105045072827,9.0,-4.144239310524426,14.0
2025,3,TEN,0.0,0.0,0.0,0.0
2025,3,IND,0.0,0.0,0.0,0.0
2025,3,NYG,0.0,0.0,0.0,0.0
2025,3,KC,0.0,0.0,0.0,0.0
2025,3,LA,-7.827837957534939,11.0,3.351262925061863,10.0
2025,3,PHI,3.351262925061863,10.0,-7.827837957534939,11.0
2025,3,WAS,0.0,0.0,0.0,0.0
2025,3,LV,0.0,0.0,0.0,0.0
2025,3,MIA,-3.6207474289112724,4.0,1.3947016214951873,7.0
2025,3,BUF,1.3947016214951873,7.0,-3.6207474289112724,4.0
2025,3,NO,0.0,0.0,0.0,0.0
2025,3,SEA,0.0,0.0,0.0,0.0
2025,3,NYJ,0.1351460062152663,2.0,-5.252963192062453,16.0
2025,3,TB,-5.252963192062453,16.0,0.1351460062152663,2.0
2025,3,NE,-0.923394225188531,9.0,3.3932324183266123,9.0
2025,3,PIT,3.3932324183266123,9.0,-0.923394225188531,9.0
2025,4,BAL,0.0,0.0,0.0,0.0
2025,4,KC,0.0,0.0,0.0,0.0
2025,4,CAR,0.0,0.0,0.0,0.0
2025,4,NE,0.0,0.0,0.0,0.0
2025,4,CHI,2.9364192869835533,11.0,-1.1973414005478844,7.0
2025,4,LV,-1.1973414005478844,7.0,2.9364192869835533,11.0
2025,4,CIN,0.0,0.0,0.0,0.0
2025,4,DEN,0.0,0.0,0.0,0.0
2025,4,DET,0.0,0.0,0.0,0.0
2025,4,CLE,0.0,0.0,0.0,0.0
2025,4,GB,10.464687050122611,35.0,5.303087112244138,10.0
2025,4,DAL,5.303087112244138,10.0,10.464687050122611,35.0
2025,4,IND,-4.649231350747868,15.0,7.648910566004226,11.0
2025,4,LA,7.648910566004226,11.0,-4.649231350747868,15.0
2025,4,SF,-3.5182546650758013,2.0,-7.012151223374531,11.0
2025,4,JAX,-7.012151223374531,11.0,-3.5182546650758013,2.0
2025,4,LAC,-1.0356521884095855,10.0,-0.8752297938917764,8.0
2025,4,NYG,-0.8752297938917764,8.0,-1.0356521884095855,10.0
2025,4,PIT,-2.5419196446309797,7.0,-1.6052161993715468,10.0
2025,4,MIN,-1.6052161993715468,10.0,-2.5419196446309797,7.0
2025,4,BUF,0.0,0.0,0.0,0.0
2025,4,NO,0.0,0.0,0.0,0.0
2025,4,MIA,-0.508021806483157,5.0,1.1898808274855837,2.0
2025,4,NYJ,1.1898808274855837,2.0,-0.508021806483157,5.0
2025,4,TB,-1.9006667754147202,11.0,-2.8972669378854334,5.0
2025,4,PHI,-2.8972669378854334,5.0,-1.9006667754147202,11.0
2025,4,ARI,5.088258829643328,13.0,0.7239589490927758,10.0
2025,4,SEA,0.7239589490927758,10.0,5.088258829643328,13.0
2025,4,TEN,0.0,0.0,0.0,0.0
2025,4,HOU,0.0,0.0,0.0,0.0
2025,4,ATL,-1.1736638121656142,12.0,0.0,0.0
2025,4,WAS,0.0,0.0,-1.1736638121656142,12.0
2025,5,NYJ,0.0,0.0,0.0,0.0
2025,5,DAL,0.0,0.0,0.0,0.0
2025,5,DEN,1.87700783344917,13.0,-0.482725509791635,8.0
2025,5,PHI,-0.482725509791635,8.0,1.87700783344917,13.0
2025,5,DET,0.0,0.0,0.0,0.0
2025,5,CIN,0.0,0.0,0.0,0.0
2025,5,HOU,0.0,0.0,0.0,0.0
2025,5,BAL,0.0,0.0,0.0,0.0
2025,5,JAX,6.30716593632004,11.0,4.671198784825343,14.0
2025,5,KC,4.671198784825343,14.0,6.30716593632004,11.0
2025,5,IND,0.0,0.0,0.0,0.0
2025,5,LV,0.0,0.0,0.0,0.0
2025,5,MIA,2.60134167967825,7.0,5.724499190328594,16.0
2025,5,CAR,5.724499190328594,16.0,2.60134167967825,7.0
2025,5,CLE,-2.549564543471206,8.0,4.477509610922958,14.0
2025,5,MIN,4.477509610922958,14.0,-2.549564543471206,8.0
2025,5,NE,2.062895467504859,8.0,1.0799818410014268,10.0
2025,5,BUF,1.0799818410014268,10.0,2.062895467504859,8.0
2025,5,NO,0.0,0.0,0.0,0.0
2025,5,NYG,0.0,0.0,0.0,0.0
2025,5,SF,-1.2847946049005259,12.0,-4.111102302093059,18.0
2025,5,LA,-4.111102302093059,18.0,-1.2847946049005259,12.0
2025,5,TB,6.239324474518604,12.0,-0.5319323061989176,8.0
2025,5,SEA,-0.5319323061989176,8.0,6.239324474518604,12.0
2025,5,ARI,-1.5790664502419531,8.0,2.5079354422402864,12.0
2025,5,TEN,2.5079354422402864,12.0,-1.5790664502419531,8.0
2025,5,LAC,0.0,0.0,0.0,0.0
2025,5,WAS,0.0,0.0,0.0,0.0
2025,6,IND,0.6790146393529902,6.0,-1.1649158543441445,11.0
2025,6,ARI,-1.1649158543441445,11.0,0.6790146393529902,6.0
2025,6,ATL,2.2051648093620315,12.0,0.0,0.0
2025,6,BUF,0.0,0.0,2.2051648093620315,12.0
2025,6,CHI,1.2822660849196836,9.0,-1.842336141387932,4.0
2025,6,WAS,-1.842336141387932,4.0,1.2822660849196836,9.0
2025,6,GB,2.285552353132516,8.0,1.053,1.0
2025,6,CIN,1.053,1.0,2.285552353132516,8.0
2025,6,PIT,0.0,0.0,0.0,0.0
2025,6,CLE,0.0,0.0,0.0,0.0
2025,6,DAL,0.0,0.0,1.5419167526997626,12.0
2025,6,CAR,1.5419167526997626,12.0,0.0,0.0
2025,6,DEN,-4.203782318683807,6.0,-4.925317703455221,9.0
2025,6,NYJ,-4.925317703455221,9.0,-4.203782318683807,6.0
2025,6,DET,0.0,0.0,0.0,0.0
2025,6,KC,0.0,0.0,0.0,0.0
2025,6,MIA,5.273166998421026,14.0,2.637485331390053,7.0
2025,6,LAC,2.637485331390053,7.0,5.273166998421026,14.0
2025,6,BAL,0.0,0.0,0.0,0.0
2025,6,LA,0.0,0.0,0.0,0.0
2025,6,NO,-2.3086028054822236,4.0,-0.6905487198382616,8.0
2025,6,NE,-0.6905487198382616,8.0,-2.3086028054822236,4.0
2025,6,PHI,0.0,0.0,0.0,0.0
2025,6,NYG,0.0,0.0,0.0,0.0
2025,6,JAX,-2.4541292978683487,4.0,-1.8579178849468008,10.0
2025,6,SEA,-1.8579178849468008,10.0,-2.4541292978683487,4.0
2025,6,TB,1.8186579439789057,7.0,0.0,0.0
2025,6,SF,0.0,0.0,1.8186579439789057,7.0
2025,6,TEN,0.0,0.0,0.0,0.0
2025,6,LV,0.0,0.0,0.0,0.0
2025,7,ATL,0.0,0.0,3.2973987832083367,6.0
2025,7,SF,3.2973987832083367,6.0,0.0,0.0
2025,7,NYJ,-4.725482597365044,6.0,-4.592307091108523,11.0
2025,7,CAR,-4.592307091108523,11.0,-4.725482597365044,6.0
2025,7,ARI,-0.8506916826590896,11.0,3.6223834331383293,9.0
2025,7,GB,3.6223834331383293,9.0,-0.8506916826590896,11.0
2025,7,SEA,-0.8801001514075324,6.0,0.0,0.0
2025,7,HOU,0.0,0.0,-0.8801001514075324,6.0
2025,7,IND,0.0,0.0,0.0,0.0
2025,7,LAC,0.0,0.0,0.0,0.0
2025,7,JAX,0.0,0.0,0.0,0.0
2025,7,LA,0.0,0.0,0.0,0.0
2025,7,LV,0.0,0.0,0.0,0.0
2025,7,KC,0.0,0.0,0.0,0.0
2025,7,CLE,0.0,0.0,0.0,0.0
2025,7,MIA,0.0,0.0,0.0,0.0
2025,7,TEN,0.0,0.0,0.0,0.0
2025,7,NE,0.0,0.0,0.0,0.0
2025,7,CHI,0.0,0.0,0.0,0.0
2025,7,NO,0.0,0.0,0.0,0.0
2025,7,NYG,3.168509597061153,16.0,8.383241404518387,14.0
2025,7,DEN,8.383241404518387,14.0,3.168509597061153,16.0
2025,7,PHI,-0.9572699137497693,9.0,0.0,0.0
2025,7,MIN,0.0,0.0,-0.9572699137497693,9.0
2025,7,PIT,5.173508408843723,7.0,-0.237517747329548,13.0
2025,7,CIN,-0.237517747329548,13.0,5.173508408843723,7.0
2025,7,DET,0.0,0.0,0.0,0.0
2025,7,TB,0.0,0.0,0.0,0.0
2025,7,DAL,0.0,0.0,0.0,0.0
2025,7,WAS,0.0,0.0,0.0,0.0
2025,8,CAR,0.0,0.0,0.0,0.0
2025,8,BUF,0.0,0.0,0.0,0.0
2025,8,CHI,0.0,0.0,5.811542615992948,11.0
2025,8,BAL,5.811542615992948,11.0,0.0,0.0
2025,8,NE,0.0,0.0,0.0,0.0
2025,8,CLE,0.0,0.0,0.0,0.0
2025,8,DEN,0.0,0.0,0.0,0.0
2025,8,DAL,0.0,0.0,0.0,0.0
2025,8,GB,0.0,0.0,0.0,0.0
2025,8,PIT,0.0,0.0,0.0,0.0
2025,8,MIA,0.0,0.0,0.0,0.0
2025,8,ATL,0.0,0.0,0.0,0.0
2025,8,MIN,0.0,0.0,0.0,0.0
2025,8,LAC,0.0,0.0,0.0,0.0
2025,8,PHI,0.0,0.0,0.0,0.0
2025,8,NYG,0.0,0.0,0.0,0.0
2025,8,CIN,-2.6538988354732282,7.0,0.8570237384852466,7.0
2025,8,NYJ,0.8570237384852466,7.0,-2.6538988354732282,7.0
2025,8,HOU,0.0,0.0,0.0,0.0
2025,8,SF,0.0,0.0,0.0,0.0
2025,8,NO,0.0,0.0,0.0,0.0
2025,8,TB,0.0,0.0,0.0,0.0
2025,8,IND,0.0,0.0,0.0,0.0
2025,8,TEN,0.0,0.0,0.0,0.0
2025,8,WAS,0.0,0.0,0.0,0.0
2025,8,KC,0.0,0.0,0.0,0.0
2025,9,DAL,0.0,0.0,0.0,0.0
2025,9,ARI,0.0,0.0,0.0,0.0
2025,9,ATL,0.6238462637853321,12.0,-1.894557572901249,10.0
2025,9,NE,-1.894557572901249,10.0,0.6238462637853321,12.0
2025,9,MIA,0.0,0.0,0.0,0.0
2025,9,BAL,0.0,0.0,0.0,0.0
2025,9,CAR,2.1662939607631415,10.0,3.275215194837607,7.0
2025,9,GB,3.275215194837607,7.0,2.1662939607631415,10.0
2025,9,CIN,6.1586979533028305,12.0,3.3274583595194853,7.0
2025,9,CHI,3.3274583595194853,7.0,6.1586979533028305,12.0
2025,9,HOU,-2.5659833245445043,6.0,0.6029543292243034,15.0
2025,9,DEN,0.6029543292243034,15.0,-2.5659833245445043,6.0
2025,9,PIT,-0.03710458509158343,2.0,0.0,0.0
2025,9,IND,0.0,0.0,-0.03710458509158343,2.0
2025,9,JAX,4.827749263091711,15.0,10.921656114065904,20.0
2025,9,LV,10.921656114065904,20.0,4.827749263091711,15.0
2025,9,BUF,-1.8369163111783564,9.0,-2.6711636355612427,7.0
2025,9,KC,-2.6711636355612427,7.0,-1.8369163111783564,9.0
2025,9,TEN,0.0,0.0,-0.913740964839235,11.0
2025,9,LAC,-0.913740964839235,11.0,0.0,0.0
2025,9,DET,0.05117156607063911,1.0,-2.801868069858756,12.0
2025,9,MIN,-2.801868069858756,12.0,0.05117156607063911,1.0
2025,9,NO,0.0,0.0,0.0,0.0
2025,9,LA,0.0,0.0,0.0,0.0
2025,9,WAS,0.0,0.0,0.0,0.0
2025,9,SEA,0.0,0.0,0.0,0.0
2025,9,NYG,0.0,0.0,0.0,0.0
2025,9,SF,0.0,0.0,0.0,0.0
2025,10,SEA,0.0,0.0,0.0,0.0
2025,10,ARI,0.0,0.0,0.0,0.0
2025,10,IND,5.210503986862022,12.0,4.886974967768881,11.0
2025,10,ATL,4.886974967768881,11.0,5.210503986862022,12.0
2025,10,BAL,-3.008122971164994,9.0,-2.975900370351039,8.0
2025,10,MIN,-2.975900370351039,8.0,-3.008122971164994,9.0
2025,10,MIA,0.0,0.0,0.0,0.0
2025,10,BUF,0.0,0.0,0.0,0.0
2025,10,CLE,0.0,0.0,-0.9286474959226325,11.0
2025,10,NYJ,-0.9286474959226325,11.0,0.0,0.0
2025,10,WAS,0.0,0.0,0.0,0.0
2025,10,DET,0.0,0.0,0.0,0.0
2025,10,HOU,4.872977963459678,14.0,-7.439126399345696,5.0
2025,10,JAX,-7.439126399345696,5.0,4.872977963459678,14.0
2025,10,LA,0.0,0.0,0.0,0.0
2025,10,SF,0.0,0.0,0.0,0.0
2025,10,LV,-4.429145116591826,2.0,-1.759444132214412,11.0
2025,10,DEN,-1.759444132214412,11.0,-4.429145116591826,2.0
2025,10,TB,-1.5362808284257095,9.0,5.6967334832879715,4.0
2025,10,NE,5.6967334832879715,4.0,-1.5362808284257095,9.0
2025,10,CAR,0.0,0.0,0.0,0.0
2025,10,NO,0.0,0.0,0.0,0.0
2025,10,CHI,2.947645337118204,7.0,-5.6494103004806675,12.0
2025,10,NYG,-5.6494103004806675,12.0,2.947645337118204,7.0
2025,10,GB,-3.5569817943614908,12.0,-3.031294648826588,13.0
2025,10,PHI,-3.031294648826588,13.0,-3.5569817943614908,12.0
2025,10,PIT,0.0,0.0,0.0,0.0
2025,10,LAC,0.0,0.0,0.0,0.0
2025,11,CLE,-4.482744685607031,14.0,4.044524924466337,7.0
2025,11,BAL,4.044524924466337,7.0,-4.482744685607031,14.0
2025,11,ATL,1.879684824089054,11.0,1.6879616679362952,17.0
2025,11,CAR,1.6879616679362952,17.0,1.879684824089054,11.0
2025,11,MIN,6.525037615503766,11.0,-1.2598662025411613,11.0
2025,11,CHI,-1.2598662025411613,11.0,6.525037615503766,11.0
2025,11,PIT,1.93005525827175,2.0,0.0,0.0
2025,11,CIN,0.0,0.0,1.93005525827175,2.0
2025,11,DAL,0.0,0.0,0.0,0.0
2025,11,LV,0.0,0.0,0.0,0.0
2025,11,PHI,-0.9313694371376187,9.0,0.0,0.0
2025,11,DET,0.0,0.0,-0.9313694371376187,9.0
2025,11,NYG,-1.170661917887628,12.0,4.524360306546558,7.0
2025,11,GB,4.524360306546558,7.0,-1.170661917887628,12.0
2025,11,HOU,2.211983305751346,10.0,7.194574867943253,14.0
2025,11,TEN,7.194574867943253,14.0,2.211983305751346,10.0
2025,11,DEN,2.0278369460138492,14.0,-1.7842246814398095,5.0
2025,11,KC,-1.7842246814398095,5.0,2.0278369460138492,14.0
2025,11,LAC,0.0,0.0,0.0,0.0
2025,11,JAX,0.0,0.0,0.0,0.0
2025,11,NYJ,0.0,0.0,0.0,0.0
2025,11,NE,0.0,0.0,0.0,0.0
2025,11,LA,-1.059557578759268,6.0,0.19690909417311153,12.0
2025,11,SEA,0.19690909417311153,12.0,-1.059557578759268,6.0
2025,11,SF,0.0,0.0,0.0,0.0
2025,11,ARI,0.0,0.0,0.0,0.0
2025,11,TB,0.0,0.0,3.5607350198552012,5.0
2025,11,BUF,3.5607350198552012,5.0,0.0,0.0
2025,11,MIA,-0.36303835071157664,13.0,-0.4841844189213589,8.0
2025,11,WAS,-0.4841844189213589,8.0,-0.36303835071157664,13.0
2025,12,ATL,0.0,0.0,0.0,0.0
2025,12,NO,0.0,0.0,0.0,0.0
2025,12,HOU,-2.4762703399173915,5.0,-0.6660192066337913,14.0
2025,12,BUF,-0.6660192066337913,14.0,-2.4762703399173915,5.0
2025,12,SF,0.0,0.0,0.0,0.0
2025,12,CAR,0.0,0.0,0.0,0.0
2025,12,CLE,0.0,0.0,0.0,0.0
2025,12,LV,0.0,0.0,0.0,0.0
2025,12,IND,-0.48758060194086283,2.0,3.7457468583015725,21.0
2025,12,KC,3.7457468583015725,21.0,-0.48758060194086283,2.0
2025,12,ARI,-5.256553472136147,18.0,-2.072820543887483,9.0
2025,12,JAX,-2.072820543887483,9.0,-5.256553472136147,18.0
2025,12,MIN,0.0,0.0,0.0,0.0
2025,12,GB,0.0,0.0,0.0,0.0
2025,12,NE,2.2316366389859468,11.0,-0.48069235858512327,15.0
2025,12,CIN,-0.48069235858512327,15.0,2.2316366389859468,11.0
2025,12,NYG,-7.691985107550863,11.0,2.4905762118287385,14.0
2025,12,DET,2.4905762118287385,14.0,-7.691985107550863,11.0
2025,12,NYJ,0.0,0.0,0.0,0.0
2025,12,BAL,0.0,0.0,0.0,0.0
2025,12,DAL,-3.6782714598521125,12.0,-0.7501180302351713,7.0
2025,12,PHI,-0.7501180302351713,7.0,-3.6782714598521125,12.0
2025,12,CHI,-2.161313231685199,6.0,-2.4916996733518317,15.0
2025,12,PIT,-2.4916996733518317,15.0,-2.161313231685199,6.0
2025,12,TEN,0.06757300310763314,1.0,-0.3213986454647966,2.0
2025,12,SEA,-0.3213986454647966,2.0,0.06757300310763314,1.0
2025,12,TB,0.0,0.0,0.0,0.0
2025,12,LA,0.0,0.0,0.0,0.0
2025,13,TB,-4.920110782259144,11.0,-4.022460267194596,5.0
2025,13,ARI,-4.022460267194596,5.0,-4.920110782259144,11.0
2025,13,ATL,-2.5930639480939135,9.0,4.968782873635597,21.0
2025,13,NYJ,4.968782873635597,21.0,-2.5930639480939135,9.0
2025,13,BUF,0.0,0.0,0.0,0.0
2025,13,PIT,0.0,0.0,0.0,0.0
2025,13,CHI,0.0,0.0,0.0,0.0
2025,13,PHI,0.0,0.0,0.0,0.0
2025,13,CIN,0.0,0.0,0.0,0.0
2025,13,BAL,0.0,0.0,0.0,0.0
2025,13,DEN,-2.6339758436661214,5.0,2.9819030072977766,32.0
2025,13,WAS,2.9819030072977766,32.0,-2.6339758436661214,5.0
2025,13,GB,-1.0701529262587428,10.0,0.0,0.0
2025,13,DET,0.0,0.0,-1.0701529262587428,10.0
2025,13,IND,-1.790124262450263,8.0,-5.468062507046852,6.0
2025,13,HOU,-5.468062507046852,6.0,-1.790124262450263,8.0
2025,13,JAX,0.0,0.0,0.0,0.0
2025,13,TEN,0.0,0.0,0.0,0.0
2025,13,DAL,-0.9814935186877847,11.0,0.06857135097992784,1.0
2025,13,KC,0.06857135097992784,1.0,-0.9814935186877847,11.0
2025,13,LA,-4.682907968701329,7.0,-1.5855553199071437,6.0
2025,13,CAR,-1.5855553199071437,6.0,-4.682907968701329,7.0
2025,13,LV,0.0,0.0,0.0,0.0
2025,13,LAC,0.0,0.0,0.0,0.0
2025,13,MIN,0.0,0.0,0.0,0.0
2025,13,SEA,0.0,0.0,0.0,0.0
2025,13,MIA,-6.331697474583052,7.0,0.6186743515282869,15.0
2025,13,NO,0.6186743515282869,15.0,-6.331697474583052,7.0
2025,13,NE,0.0,0.0,0.0,0.0
2025,13,NYG,0.0,0.0,0.0,0.0
2025,13,SF,0.0,0.0,0.0,0.0
2025,13,CLE,0.0,0.0,0.0,0.0
2025,14,CHI,-0.9552881720010191,8.0,1.7791970681433544,6.0
2025,14,GB,1.7791970681433544,6.0,-0.9552881720010191,8.0
2025,14,CIN,-0.947,1.0,3.297872918716166,11.0
2025,14,BUF,3.297872918716166,11.0,-0.947,1.0
2025,14,DET,6.08502716361545,4.0,0.0,0.0
2025,14,DAL,0.0,0.0,6.08502716361545,4.0
2025,14,DEN,0.0,0.0,0.0,0.0
2025,14,LV,0.0,0.0,0.0,0.0
2025,14,KC,-3.7745977997547016,2.0,-3.363628326798789,11.0
2025,14,HOU,-3.363628326798789,11.0,-3.7745977997547016,2.0
2025,14,JAX,0.0,0.0,0.0,0.0
2025,14,IND,0.0,0.0,0.0,0.0
2025,14,ARI,0.0,0.0,0.0,0.0
2025,14,LA,0.0,0.0,0.0,0.0
2025,14,MIA,0.0,0.0,0.0,0.0
2025,14,NYJ,0.0,0.0,0.0,0.0
2025,14,NO,-3.635882976988796,13.0,-2.2768019452991495,5.0
2025,14,TB,-2.2768019452991495,5.0,-3.635882976988796,13.0
2025,14,PHI,1.6717063984251581,18.0,-0.26186895568389446,15.0
2025,14,LAC,-0.26186895568389446,15.0,1.6717063984251581,18.0
2025,14,BAL,-3.0112672925461084,20.0,-1.080309336190112,4.0
2025,14,PIT,-1.080309336190112,4.0,-3.0112672925461084,20.0
2025,14,ATL,0.0,0.0,0.0,0.0
2025,14,SEA,0.0,0.0,0.0,0.0
2025,14,TEN,-2.014923619630281,9.0,4.414621043106541,10.0
2025,14,CLE,4.414621043106541,10.0,-2.014923619630281,9.0
2025,14,MIN,0.0,0.0,0.0,0.0
2025,14,WAS,0.0,0.0,0.0,0.0
2025,15,HOU,0.0,0.0,0.0,0.0
2025,15,ARI,0.0,0.0,0.0,0.0
2025,15,TB,-2.153513624914922,8.0,2.858828066833783,16.0
2025,15,ATL,2.858828066833783,16.0,-2.153513624914922,8.0
2025,15,BAL,0.0,0.0,0.0,0.0
2025,15,CIN,0.0,0.0,0.0,0.0
2025,15,NE,-4.588929322955664,4.0,-5.775689768663142,9.0
2025,15,BUF,-5.775689768663142,9.0,-4.588929322955664,4.0
2025,15,NO,8.746479792114929,17.0,-2.0017044527630787,11.0
2025,15,CAR,-2.0017044527630787,11.0,8.746479792114929,17.0
2025,15,CHI,0.0,0.0,0.0,0.0
2025,15,CLE,0.0,0.0,0.0,0.0
2025,15,DET,-0.021426890014321964,2.0,0.7334758486540522,9.0
2025,15,LA,0.7334758486540522,9.0,-0.021426890014321964,2.0
2025,15,DEN,-5.178559322026558,6.0,-6.813440282014199,12.0
2025,15,GB,-6.813440282014199,12.0,-5.178559322026558,6.0
2025,15,IND,1.9875353552633896,10.0,2.030949394160416,13.0
2025,15,SEA,2.030949394160416,13.0,1.9875353552633896,10.0
2025,15,KC,-0.5008872440084815,13.0,0.0,1.0
2025,15,LAC,0.0,1.0,-0.5008872440084815,13.0
2025,15,PHI,0.0,0.0,0.0,0.0
2025,15,LV,0.0,0.0,0.0,0.0
2025,15,MIA,0.0,0.0,0.0,0.0
2025,15,PIT,0.0,0.0,0.0,0.0
2025,15,MIN,1.2970545161224436,11.0,0.0,0.0
2025,15,DAL,0.0,0.0,1.2970545161224436,11.0
2025,15,JAX,0.0,0.0,0.0,0.0
2025,15,NYJ,0.0,0.0,0.0,0.0
2025,15,TEN,0.0,0.0,0.0,0.0
2025,15,SF,0.0,0.0,0.0,0.0
2025,15,WAS,-2.981799199944362,8.0,-2.0366525624413043,6.0
2025,15,NYG,-2.0366525624413043,6.0,-2.981799199944362,8.0
2025,16,ARI,-2.166023737983778,5.0,-3.097363745328039,9.0
2025,16,ATL,-3.097363745328039,9.0,-2.166023737983778,5.0
2025,16,CLE,-2.6391211829031818,5.0,-6.857886626152322,9.0
2025,16,BUF,-6.857886626152322,9.0,-2.6391211829031818,5.0
2025,16,CIN,0.0,0.0,0.0,0.0
2025,16,MIA,0.0,0.0,0.0,0.0
2025,16,GB,-3.097577891399851,3.0,9.56329487175443,10.0
2025,16,CHI,9.56329487175443,10.0,-3.097577891399851,3.0
2025,16,JAX,0.0,0.0,0.0,0.0
2025,16,DEN,0.0,0.0,0.0,0.0
2025,16,KC,0.0,0.0,0.0,0.0
2025,16,TEN,0.0,0.0,0.0,0.0
2025,16,DAL,0.0,0.0,0.0,0.0
2025,16,LAC,0.0,0.0,0.0,0.0
2025,16,LA,-2.5479673669324256,17.0,1.9912070287247188,17.0
2025,16,SEA,1.9912070287247188,17.0,-2.5479673669324256,17.0
2025,16,LV,0.0,0.0,1.1507859081029892,11.0
2025,16,HOU,1.1507859081029892,11.0,0.0,0.0
2025,16,MIN,-4.202147575153504,8.0,-3.6675532742519863,8.0
2025,16,NYG,-3.6675532742519863,8.0,-4.202147575153504,8.0
2025,16,BAL,-4.015574622200802,3.0,2.754580192253876,15.0
2025,16,NE,2.754580192253876,15.0,-4.015574622200802,3.0
2025,16,NO,0.0,0.0,0.0,0.0
2025,16,NYJ,0.0,0.0,0.0,0.0
2025,16,PHI,0.0,0.0,0.0,0.0
2025,16,WAS,0.0,0.0,0.0,0.0
2025,16,DET,-0.9011529444813497,16.0,-2.2750097673851997,8.0
2025,16,PIT,-2.2750097673851997,8.0,-0.9011529444813497,16.0
2025,16,IND,0.0,0.0,0.0,0.0
2025,16,SF,0.0,0.0,0.0,0.0
2025,16,CAR,2.0708936467999592,8.0,-1.209382519708015,10.0
2025,16,TB,-1.209382519708015,10.0,2.0708936467999592,8.0
2025,17,CIN,0.0,0.0,0.0,0.0
2025,17,ARI,0.0,0.0,0.0,0.0
2025,17,BAL,0.0,0.0,0.0,0.0
2025,17,GB,0.0,0.0,0.0,0.0
2025,17,SF,6.283266569357316,8.0,-0.9429540326818824,17.0
2025,17,CHI,-0.9429540326818824,17.0,6.283266569357316,8.0
2025,17,DAL,-0.7428769454127178,11.0,0.0,0.0
2025,17,WAS,0.0,0.0,-0.7428769454127178,11.0
2025,17,DEN,3.0197321926103418,10.0,-0.7929189463611692,10.0
2025,17,KC,-0.7929189463611692,10.0,3.0197321926103418,10.0
2025,17,MIN,5.970362514723092,3.0,-0.41470844304421917,3.0
2025,17,DET,-0.41470844304421917,3.0,5.970362514723092,3.0
2025,17,HOU,-0.9126900904811919,10.0,-0.9488284339293609,1.0
2025,17,LAC,-0.9488284339293609,1.0,-0.9126900904811919,10.0
2025,17,IND,-4.600115123554133,7.0,0.24766243249177933,11.0
2025,17,JAX,0.24766243249177933,11.0,-4.600115123554133,7.0
2025,17,ATL,1.870434437179938,10.0,3.489662954735413,11.0
2025,17,LA,3.489662954735413,11.0,1.870434437179938,10.0
2025,17,NE,0.0,0.0,0.0,0.0
2025,17,NYJ,0.0,0.0,0.0,0.0
2025,17,TEN,-3.643188033020124,18.0,2.437656081034753,9.0
2025,17,NO,2.437656081034753,9.0,-3.643188033020124,18.0
2025,17,NYG,0.0,0.0,0.0,0.0
2025,17,LV,0.0,0.0,0.0,0.0
2025,17,PHI,-0.5979537553503178,5.0,5.528374912144616,14.0
2025,17,BUF,5.528374912144616,14.0,-0.5979537553503178,5.0
2025,17,CLE,-1.9378252001479268,9.0,-5.964706183876842,13.0
2025,17,PIT,-5.964706183876842,13.0,-1.9378252001479268,9.0
2025,17,CAR,0.0,0.0,0.0,0.0
2025,17,SEA,0.0,0.0,0.0,0.0
2025,17,MIA,-0.35608566273003817,3.0,0.06757300310763314,1.0
2025,17,TB,0.06757300310763314,1.0,-0.35608566273003817,3.0
2025,18,ARI,0.0,0.0,0.0,0.0
2025,18,LA,0.0,0.0,0.0,0.0
2025,18,BAL,6.013414986126541,13.0,6.568645389926289,11.0
2025,18,PIT,6.568645389926289,11.0,6.013414986126541,13.0
2025,18,TB,-0.9289510102535132,9.0,0.13750570880127855,4.0
2025,18,CAR,0.13750570880127855,4.0,-0.9289510102535132,9.0
2025,18,CIN,2.529561833405867,11.0,0.46334998693782836,15.0
2025,18,CLE,0.46334998693782836,15.0,2.529561833405867,11.0
2025,18,NYG,0.0,0.0,0.0,0.0
2025,18,DAL,0.0,0.0,0.0,0.0
2025,18,DET,1.0986997691215947,15.0,-2.399736642721109,4.0
2025,18,CHI,-2.399736642721109,4.0,1.0986997691215947,15.0
2025,18,MIN,0.0,0.0,0.0,0.0
2025,18,GB,0.0,0.0,0.0,0.0
2025,18,HOU,1.8801430163439363,8.0,-8.867151370912325,7.0
2025,18,IND,-8.867151370912325,7.0,1.8801430163439363,8.0
2025,18,KC,-1.3170332607114688,14.0,-5.557145791186485,12.0
2025,18,LV,-5.557145791186485,12.0,-1.3170332607114688,14.0
2025,18,LAC,0.0,0.0,0.0,0.0
2025,18,DEN,0.0,0.0,0.0,0.0
2025,18,NE,0.0,0.0,0.0,0.0
2025,18,MIA,0.0,0.0,0.0,0.0
2025,18,ATL,-1.591833625570871,7.0,-6.740627049607847,5.0
2025,18,NO,-6.740627049607847,5.0,-1.591833625570871,7.0
2025,18,BUF,0.0,0.0,0.0,0.0
2025,18,NYJ,0.0,0.0,0.0,0.0
2025,18,SEA,0.0,0.0,0.0,0.0
2025,18,SF,0.0,0.0,0.0,0.0
2025,18,JAX,0.0,0.0,0.0,0.0
2025,18,TEN,0.0,0.0,0.0,0.0
2025,18,PHI,-3.636248576687649,13.0,0.24540757275880098,11.0
2025,18,WAS,0.24540757275880098,11.0,-3.636248576687649,13.0
2025,19,JAX,0.4152377170836066,5.0,4.573040352887425,13.0
2025,19,BUF,4.573040352887425,13.0,0.4152377170836066,5.0
2025,19,CHI,6.529639838991638,8.0,-3.281675596605055,23.0
2025,19,GB,-3.281675596605055,23.0,6.529639838991638,8.0
2025,19,PIT,0.0,0.0,0.0,0.0
2025,19,HOU,0.0,0.0,0.0,0.0
2025,19,NE,0.0,0.0,0.0,0.0
2025,19,LAC,0.0,0.0,0.0,0.0
2025,19,CAR,0.8805655242036541,10.0,0.46771411817515984,12.0
2025,19,LA,0.46771411817515984,12.0,0.8805655242036541,10.0
2025,19,SF,2.510483009668484,9.0,-1.0228574208449572,11.0
2025,19,PHI,-1.0228574208449572,11.0,2.510483009668484,9.0
2025,20,DEN,6.259993208091727,13.0,1.6518650107900612,12.0
2025,20,BUF,1.6518650107900612,12.0,6.259993208091727,13.0
2025,20,NE,0.0,0.0,0.0,0.0
2025,20,HOU,0.0,0.0,0.0,0.0
2025,20,CHI,-0.4811336585984587,11.0,-1.4727473506354727,14.0
2025,20,LA,-1.4727473506354727,14.0,-0.4811336585984587,11.0
2025,20,SEA,0.0,0.0,0.0,0.0
2025,20,SF,0.0,0.0,0.0,0.0
2025,21,LA,-2.791275916271843,4.0,0.08321950864046812,13.0
2025,21,SEA,0.08321950864046812,13.0,-2.791275916271843,4.0
2025,21,DEN,-5.99895252526977,3.0,-4.1453391360118985,11.0
2025,21,NE,-4.1453391360118985,11.0,-5.99895252526977,3.0
2025,22,SEA,0.0,0.0,0.0,0.0
2025,22,NE,0.0,0.0,0.0,0.0
