recorded,game_id,season,week,home_team,away_team,home_prob,elo_prob,spread_line,home_qb_val,away_qb_val,home_n_out,away_n_out,temp,wind,home_score,away_score,home_win,correct
2026-08-19,2026_01_NE_SEA,2026,1,SEA,NE,0.6734,0.6846,3.5,1.793,3.5,0.0,0.0,,,,,,
2026-08-19,2026_01_SF_LA,2026,1,LA,SF,0.6724,0.6444,3.5,6.823,4.529,0.0,0.0,,,,,,
2026-08-19,2026_01_ARI_LAC,2026,1,LAC,ARI,0.7284,0.7439,10.5,-0.122,-0.383,0.0,0.0,,,,,,
2026-08-19,2026_01_ATL_PIT,2026,1,PIT,ATL,0.6059,0.6238,3.0,-2.075,-0.078,0.0,0.0,,,,,,
2026-08-19,2026_01_BAL_IND,2026,1,IND,BAL,0.4816,0.4642,-3.5,2.954,0.018,0.0,0.0,,,,,,
2026-08-19,2026_01_BUF_HOU,2026,1,HOU,BUF,0.6131,0.5757,-1.5,1.668,5.409,0.0,0.0,,,,,,
2026-08-19,2026_01_CHI_CAR,2026,1,CAR,CHI,0.409,0.4335,-2.5,-0.137,3.547,0.0,0.0,,,,,,
2026-08-19,2026_01_CLE_JAX,2026,1,JAX,CLE,0.7984,0.7561,7.5,5.268,-4.869,0.0,0.0,,,,,,
2026-08-19,2026_01_DAL_NYG,2026,1,NYG,DAL,0.5549,0.529,-2.5,4.059,2.753,0.0,0.0,,,,,,
2026-08-19,2026_01_GB_MIN,2026,1,MIN,GB,0.6078,0.6096,1.5,2.491,6.173,0.0,0.0,,,,,,
2026-08-19,2026_01_MIA_LV,2026,1,LV,MIA,0.3904,0.421,3.5,-0.263,3.72,0.0,0.0,,,,,,
2026-08-19,2026_01_NO_DET,2026,1,DET,NO,0.7277,0.7247,7.0,3.813,0.374,0.0,0.0,,,,,,
2026-08-19,2026_01_NYJ_TEN,2026,1,TEN,NYJ,0.6236,0.5693,3.0,-2.076,-4.901,0.0,0.0,,,,,,
2026-08-19,2026_01_TB_CIN,2026,1,CIN,TB,0.6204,0.5755,3.5,4.697,-0.128,0.0,0.0,,,,,,
2026-08-19,2026_01_WAS_PHI,2026,1,PHI,WAS,0.7032,0.6983,4.5,1.523,2.389,0.0,0.0,,,,,,
2026-08-19,2026_01_DEN_KC,2026,1,KC,DEN,0.4271,0.4078,3.0,4.971,2.561,0.0,0.0,,,,,,
2026-08-19,2026_02_DET_BUF,2026,2,BUF,DET,0.6733,0.6419,3.0,5.409,3.813,0.0,0.0,,,,,,
2026-08-19,2026_02_CAR_ATL,2026,2,ATL,CAR,0.6258,0.6329,1.5,-0.078,-0.137,0.0,0.0,,,,,,
2026-08-19,2026_02_CIN_HOU,2026,2,HOU,CIN,0.7353,0.7352,2.5,1.668,4.697,0.0,0.0,,,,,,
2026-08-19,2026_02_CLE_TB,2026,2,TB,CLE,0.6636,0.6509,5.5,-0.128,-4.869,0.0,0.0,,,,,,
2026-08-19,2026_02_GB_NYJ,2026,2,NYJ,GB,0.2743,0.3426,-5.5,-4.901,6.173,0.0,0.0,,,,,,
2026-08-19,2026_02_IND_KC,2026,2,KC,IND,0.6301,0.608,6.5,4.971,2.954,0.0,0.0,,,,,,
2026-08-19,2026_02_JAX_DEN,2026,2,DEN,JAX,0.6198,0.6293,2.5,2.561,5.268,0.0,0.0,,,,,,
2026-08-19,2026_02_LV_LAC,2026,2,LAC,LV,0.767,0.7881,8.5,-0.122,-0.263,0.0,0.0,,,,,,
2026-08-19,2026_02_MIA_SF,2026,2,SF,MIA,0.7148,0.7066,10.5,4.529,3.72,0.0,0.0,,,,,,
2026-08-19,2026_02_MIN_CHI,2026,2,CHI,MIN,0.5898,0.5419,3.5,3.547,2.491,0.0,0.0,,,,,,
2026-08-19,2026_02_NO_BAL,2026,2,BAL,NO,0.725,0.711,7.5,0.018,0.374,0.0,0.0,,,,,,
2026-08-19,2026_02_PHI_TEN,2026,2,TEN,PHI,0.3004,0.3018,-4.5,-2.076,1.523,0.0,0.0,,,,,,
2026-08-19,2026_02_PIT_NE,2026,2,NE,PIT,0.7257,0.6867,4.5,3.5,-2.075,0.0,0.0,,,,,,
2026-08-19,2026_02_SEA_ARI,2026,2,ARI,SEA,0.1895,0.2086,-10.0,-0.383,1.793,0.0,0.0,,,,,,
2026-08-19,2026_02_WAS_DAL,2026,2,DAL,WAS,0.5655,0.5673,4.5,2.753,2.389,0.0,0.0,,,,,,
2026-08-19,2026_02_NYG_LA,2026,2,LA,NYG,0.8224,0.7954,8.5,6.823,4.059,0.0,0.0,,,,,,
2026-08-19,2026_03_ATL_GB,2026,3,GB,ATL,0.6604,0.6471,7.5,6.173,-0.078,0.0,0.0,,,,,,
2026-08-19,2026_03_ARI_SF,2026,3,SF,ARI,0.8052,0.7772,11.5,4.529,-0.383,0.0,0.0,,,,,,
2026-08-19,2026_03_BAL_DAL,2026,3,DAL,BAL,0.4654,0.4511,-2.5,2.753,0.018,0.0,0.0,,,,,,
2026-08-19,2026_03_CAR_CLE,2026,3,CLE,CAR,0.5394,0.5628,-1.5,-4.869,-0.137,0.0,0.0,,,,,,
2026-08-19,2026_03_CIN_PIT,2026,3,PIT,CIN,0.5446,0.6153,-1.5,-2.075,4.697,0.0,0.0,,,,,,
2026-08-19,2026_03_HOU_IND,2026,3,IND,HOU,0.3907,0.3773,-1.5,2.954,1.668,0.0,0.0,,,,,,
2026-08-19,2026_03_KC_MIA,2026,3,MIA,KC,0.5628,0.5267,-7.5,3.72,4.971,0.0,0.0,,,,,,
2026-08-19,2026_03_LAC_BUF,2026,3,BUF,LAC,0.7302,0.6792,3.0,5.409,-0.122,0.0,0.0,,,,,,
2026-08-19,2026_03_LA_DEN,2026,3,DEN,LA,0.5695,0.5718,-3.0,2.561,6.823,0.0,0.0,,,,,,
2026-08-19,2026_03_LV_NO,2026,3,NO,LV,0.7236,0.6925,3.5,0.374,-0.263,0.0,0.0,,,,,,
2026-08-19,2026_03_MIN_TB,2026,3,TB,MIN,0.4403,0.4695,1.5,-0.128,2.491,0.0,0.0,,,,,,
2026-08-19,2026_03_NE_JAX,2026,3,JAX,NE,0.5881,0.5368,1.5,5.268,3.5,0.0,0.0,,,,,,
2026-08-19,2026_03_NYJ_DET,2026,3,DET,NYJ,0.8441,0.804,9.5,3.813,-4.901,0.0,0.0,,,,,,
2026-08-19,2026_03_SEA_WAS,2026,3,WAS,SEA,0.2983,0.282,-3.5,2.389,1.793,0.0,0.0,,,,,,
2026-08-19,2026_03_TEN_NYG,2026,3,NYG,TEN,0.7092,0.665,3.0,4.059,-2.076,0.0,0.0,,,,,,
2026-08-19,2026_03_PHI_CHI,2026,3,CHI,PHI,0.5865,0.5368,1.5,3.547,1.523,0.0,0.0,,,,,,
2026-08-19,2026_04_PIT_CLE,2026,4,CLE,PIT,0.4295,0.4504,-2.5,-4.869,-2.075,0.0,0.0,,,,,,
2026-08-19,2026_04_ARI_NYG,2026,4,NYG,ARI,0.6648,0.6192,7.0,4.059,-0.383,0.0,0.0,,,,,,
2026-08-19,2026_04_DAL_HOU,2026,4,HOU,DAL,0.763,0.76,2.5,1.668,2.753,0.0,0.0,,,,,,
2026-08-19,2026_04_DEN_SF,2026,4,SF,DEN,0.5591,0.5035,,4.529,2.561,0.0,0.0,,,,,,
2026-08-19,2026_04_DET_CAR,2026,4,CAR,DET,0.3839,0.3979,,-0.137,3.813,0.0,0.0,,,,,,
2026-08-19,2026_04_GB_TB,2026,4,TB,GB,0.436,0.506,-1.5,-0.128,6.173,0.0,0.0,,,,,,
2026-08-19,2026_04_IND_WAS,2026,4,WAS,IND,0.5727,0.5683,1.5,2.389,2.954,0.0,0.0,,,,,,
2026-08-19,2026_04_JAX_CIN,2026,4,CIN,JAX,0.4564,0.4491,2.5,4.697,5.268,0.0,0.0,,,,,,
2026-08-19,2026_04_KC_LV,2026,4,LV,KC,0.3517,0.375,-5.5,-0.263,4.971,0.0,0.0,,,,,,
2026-08-19,2026_04_LAC_SEA,2026,4,SEA,LAC,0.787,0.7623,3.0,1.793,-0.122,0.0,0.0,,,,,,
2026-08-19,2026_04_LA_PHI,2026,4,PHI,LA,0.4852,0.4982,-1.5,1.523,6.823,0.0,0.0,,,,,,
2026-08-19,2026_04_MIA_MIN,2026,4,MIN,MIA,0.7135,0.7,7.5,2.491,3.72,0.0,0.0,,,,,,
2026-08-19,2026_04_NE_BUF,2026,4,BUF,NE,0.6226,0.589,3.0,5.409,3.5,0.0,0.0,,,,,,
2026-08-19,2026_04_NYJ_CHI,2026,4,CHI,NYJ,0.8182,0.7799,8.5,3.547,-4.901,0.0,0.0,,,,,,
2026-08-19,2026_04_TEN_BAL,2026,4,BAL,TEN,0.8325,0.7965,8.5,0.018,-2.076,0.0,0.0,,,,,,
2026-08-19,2026_04_ATL_NO,2026,4,NO,ATL,0.5285,0.5248,,0.374,-0.078,0.0,0.0,,,,,,
2026-08-19,2026_05_TB_DAL,2026,5,DAL,TB,0.574,0.5431,,2.753,-0.128,0.0,0.0,,,,,,
2026-08-19,2026_05_BAL_ATL,2026,5,ATL,BAL,0.4682,0.4747,,-0.078,0.018,0.0,0.0,,,,,,
2026-08-19,2026_05_CHI_GB,2026,5,GB,CHI,0.5833,0.5707,,6.173,3.547,0.0,0.0,,,,,,
2026-08-19,2026_05_CIN_MIA,2026,5,MIA,CIN,0.5325,0.5419,,3.72,4.697,0.0,0.0,,,,,,
2026-08-19,2026_05_CLE_NYJ,2026,5,NYJ,CLE,0.4177,0.4868,,-4.901,-4.869,0.0,0.0,,,,,,
2026-08-19,2026_05_DEN_LAC,2026,5,LAC,DEN,0.4334,0.4578,,-0.122,2.561,0.0,0.0,,,,,,
2026-08-19,2026_05_DET_ARI,2026,5,ARI,DET,0.3009,0.3466,,-0.383,3.813,0.0,0.0,,,,,,
2026-08-19,2026_05_HOU_TEN,2026,5,TEN,HOU,0.2505,0.2454,,-2.076,1.668,0.0,0.0,,,,,,
2026-08-19,2026_05_IND_PIT,2026,5,PIT,IND,0.6038,0.6337,,-2.075,2.954,0.0,0.0,,,,,,
2026-08-19,2026_05_LV_NE,2026,5,NE,LV,0.8796,0.846,,3.5,-0.263,0.0,0.0,,,,,,
2026-08-19,2026_05_MIN_NO,2026,5,NO,MIN,0.4271,0.4125,,0.374,2.491,0.0,0.0,,,,,,
2026-08-19,2026_05_NYG_WAS,2026,5,WAS,NYG,0.6022,0.6251,,2.389,4.059,0.0,0.0,,,,,,
2026-08-19,2026_05_PHI_JAX,2026,5,JAX,PHI,0.6583,0.5905,,5.268,1.523,0.0,0.0,,,,,,
2026-08-19,2026_05_SF_SEA,2026,5,SEA,SF,0.7041,0.7275,,1.793,4.529,0.0,0.0,,,,,,
2026-08-19,2026_05_BUF_LA,2026,5,LA,BUF,0.6194,0.581,,6.823,5.409,0.0,0.0,,,,,,
2026-08-19,2026_06_SEA_DEN,2026,6,DEN,SEA,0.5077,0.4755,,2.561,1.793,0.0,0.0,,,,,,
2026-08-19,2026_06_ARI_LA,2026,6,LA,ARI,0.8652,0.8241,,6.823,-0.383,0.0,0.0,,,,,,
2026-08-19,2026_06_BAL_CLE,2026,6,CLE,BAL,0.388,0.4029,,-4.869,0.018,0.0,0.0,,,,,,
2026-08-19,2026_06_BUF_LV,2026,6,LV,BUF,0.2484,0.2376,,-0.263,5.409,0.0,0.0,,,,,,
2026-08-19,2026_06_CAR_PHI,2026,6,PHI,CAR,0.7458,0.7346,,1.523,-0.137,0.0,0.0,,,,,,
2026-08-19,2026_06_CHI_ATL,2026,6,ATL,CHI,0.4791,0.4944,,-0.078,3.547,0.0,0.0,,,,,,
2026-08-19,2026_06_DAL_GB,2026,6,GB,DAL,0.6879,0.6685,,6.173,2.753,0.0,0.0,,,,,,
2026-08-19,2026_06_HOU_JAX,2026,6,JAX,HOU,0.602,0.5203,,5.268,1.668,0.0,0.0,,,,,,
2026-08-19,2026_06_LAC_KC,2026,6,KC,LAC,0.5622,0.5238,,4.971,-0.122,0.0,0.0,,,,,,
2026-08-19,2026_06_NO_NYG,2026,6,NYG,NO,0.5859,0.5551,,4.059,0.374,0.0,0.0,,,,,,
2026-08-19,2026_06_NYJ_NE,2026,6,NE,NYJ,0.8728,0.8369,,3.5,-4.901,0.0,0.0,,,,,,
2026-08-19,2026_06_PIT_TB,2026,6,TB,PIT,0.5251,0.531,,-0.128,-2.075,0.0,0.0,,,,,,
2026-08-19,2026_06_TEN_IND,2026,6,IND,TEN,0.7457,0.7154,,2.954,-2.076,0.0,0.0,,,,,,
2026-08-19,2026_06_WAS_SF,2026,6,SF,WAS,0.7336,0.7007,,4.529,2.389,0.0,0.0,,,,,,
2026-08-19,2026_07_NE_CHI,2026,7,CHI,NE,0.4937,0.4823,,3.547,3.5,0.0,0.0,,,,,,
2026-08-19,2026_07_CIN_BAL,2026,7,BAL,CIN,0.6368,0.6601,,0.018,4.697,0.0,0.0,,,,,,
2026-08-19,2026_07_CLE_TEN,2026,7,TEN,CLE,0.4775,0.4817,,-2.076,-4.869,0.0,0.0,,,,,,
2026-08-19,2026_07_DEN_ARI,2026,7,ARI,DEN,0.2424,0.2817,,-0.383,2.561,0.0,0.0,,,,,,
2026-08-19,2026_07_GB_DET,2026,7,DET,GB,0.599,0.6132,,3.813,6.173,0.0,0.0,,,,,,
2026-08-19,2026_07_IND_MIN,2026,7,MIN,IND,0.7014,0.6888,,2.491,2.954,0.0,0.0,,,,,,
2026-08-19,2026_07_KC_SEA,2026,7,SEA,KC,0.7979,0.7972,,1.793,4.971,0.0,0.0,,,,,,
2026-08-19,2026_07_LA_LV,2026,7,LV,LA,0.2123,0.2327,,-0.263,6.823,0.0,0.0,,,,,,
2026-08-19,2026_07_MIA_NYJ,2026,7,NYJ,MIA,0.3344,0.4379,,-4.901,3.72,0.0,0.0,,,,,,
2026-08-19,2026_07_NYG_HOU,2026,7,HOU,NYG,0.7842,0.7918,,1.668,4.059,0.0,0.0,,,,,,
2026-08-19,2026_07_PIT_NO,2026,7,NO,PIT,0.4951,0.4732,,0.374,-2.075,0.0,0.0,,,,,,
2026-08-19,2026_07_SF_ATL,2026,7,ATL,SF,0.4323,0.4538,,-0.078,4.529,0.0,0.0,,,,,,
2026-08-19,2026_07_TB_CAR,2026,7,CAR,TB,0.5084,0.5056,,-0.137,-0.128,0.0,0.0,,,,,,
2026-08-19,2026_07_DAL_PHI,2026,7,PHI,DAL,0.7047,0.7043,,1.523,2.753,0.0,0.0,,,,,,
2026-08-19,2026_08_CAR_GB,2026,8,GB,CAR,0.7215,0.7009,,6.173,-0.137,0.0,0.0,,,,,,
2026-08-19,2026_08_ARI_DAL,2026,8,DAL,ARI,0.6819,0.6614,,2.753,-0.383,0.0,0.0,,,,,,
2026-08-19,2026_08_ATL_TB,2026,8,TB,ATL,0.5812,0.582,,-0.128,-0.078,0.0,0.0,,,,,,
2026-08-19,2026_08_BAL_BUF,2026,8,BUF,BAL,0.6907,0.6573,,5.409,0.018,0.0,0.0,,,,,,
2026-08-19,2026_08_CLE_PIT,2026,8,PIT,CLE,0.7203,0.6895,,-2.075,-4.869,0.0,0.0,,,,,,
2026-08-19,2026_08_IND_JAX,2026,8,JAX,IND,0.7515,0.7072,,5.268,2.954,0.0,0.0,,,,,,
2026-08-19,2026_08_KC_DEN,2026,8,DEN,KC,0.7354,0.7255,,2.561,4.971,0.0,0.0,,,,,,
2026-08-19,2026_08_LAC_LA,2026,8,LA,LAC,0.7385,0.6852,,6.823,-0.122,0.0,0.0,,,,,,
2026-08-19,2026_08_LV_NYJ,2026,8,NYJ,LV,0.5475,0.591,,-4.901,-0.263,0.0,0.0,,,,,,
2026-08-19,2026_08_MIN_DET,2026,8,DET,MIN,0.606,0.578,,3.813,2.491,0.0,0.0,,,,,,
2026-08-19,2026_08_NE_MIA,2026,8,MIA,NE,0.3912,0.3805,,3.72,3.5,0.0,0.0,,,,,,
2026-08-19,2026_08_PHI_WAS,2026,8,WAS,PHI,0.449,0.4401,,2.389,1.523,0.0,0.0,,,,,,
2026-08-19,2026_08_TEN_CIN,2026,8,CIN,TEN,0.7678,0.7311,,4.697,-2.076,0.0,0.0,,,,,,
2026-08-19,2026_08_CHI_SEA,2026,8,SEA,CHI,0.7447,0.7586,,1.793,3.547,0.0,0.0,,,,,,
2026-08-19,2026_09_JAX_BAL,2026,9,BAL,JAX,0.5126,0.5399,,0.018,5.268,0.0,0.0,,,,,,
2026-08-19,2026_09_ARI_SEA,2026,9,SEA,ARI,0.8835,0.8735,,1.793,-0.383,0.0,0.0,,,,,,
2026-08-19,2026_09_CIN_ATL,2026,9,ATL,CIN,0.5466,0.5654,,-0.078,4.697,0.0,0.0,,,,,,
2026-08-19,2026_09_CLE_NO,2026,9,NO,CLE,0.6607,0.5966,,0.374,-4.869,0.0,0.0,,,,,,
2026-08-19,2026_09_DAL_IND,2026,9,IND,DAL,0.581,0.5871,,2.954,2.753,0.0,0.0,,,,,,
2026-08-19,2026_09_DEN_CAR,2026,9,CAR,DEN,0.3263,0.3283,,-0.137,2.561,0.0,0.0,,,,,,
2026-08-19,2026_09_DET_MIA,2026,9,MIA,DET,0.4551,0.4345,,3.72,3.813,0.0,0.0,,,,,,
2026-08-19,2026_09_GB_NE,2026,9,NE,GB,0.6648,0.6647,,3.5,6.173,0.0,0.0,,,,,,
2026-08-19,2026_09_HOU_LAC,2026,9,LAC,HOU,0.4363,0.4608,,-0.122,1.668,0.0,0.0,,,,,,
2026-08-19,2026_09_LA_WAS,2026,9,WAS,LA,0.3519,0.3665,,2.389,6.823,0.0,0.0,,,,,,
2026-08-19,2026_09_LV_SF,2026,9,SF,LV,0.8609,0.8171,,4.529,-0.263,0.0,0.0,,,,,,
2026-08-19,2026_09_NYG_PHI,2026,9,PHI,NYG,0.7429,0.741,,1.523,4.059,0.0,0.0,,,,,,
2026-08-19,2026_09_NYJ_KC,2026,9,KC,NYJ,0.7687,0.739,,4.971,-4.901,0.0,0.0,,,,,,
2026-08-19,2026_09_TB_CHI,2026,9,CHI,TB,0.6819,0.6433,,3.547,-0.128,0.0,0.0,,,,,,
2026-08-19,2026_09_BUF_MIN,2026,9,MIN,BUF,0.5255,0.5,,2.491,5.409,0.0,0.0,,,,,,
2026-08-19,2026_10_WAS_NYG,2026,10,NYG,WAS,0.5511,0.5219,,4.059,2.389,0.0,0.0,,,,,,
2026-08-19,2026_10_BUF_NYJ,2026,10,NYJ,BUF,0.204,0.2503,,-4.901,5.409,0.0,0.0,,,,,,
2026-08-19,2026_10_CAR_NO,2026,10,NO,CAR,0.5921,0.5853,,0.374,-0.137,0.0,0.0,,,,,,
2026-08-19,2026_10_HOU_CLE,2026,10,CLE,HOU,0.3011,0.3206,,-4.869,1.668,0.0,0.0,,,,,,
2026-08-19,2026_10_JAX_TEN,2026,10,TEN,JAX,0.236,0.288,,-2.076,5.268,0.0,0.0,,,,,,
2026-08-19,2026_10_KC_ATL,2026,10,ATL,KC,0.5686,0.5503,,-0.078,4.971,0.0,0.0,,,,,,
2026-08-19,2026_10_LA_ARI,2026,10,ARI,LA,0.2195,0.2797,,-0.383,6.823,0.0,0.0,,,,,,
2026-08-19,2026_10_MIA_IND,2026,10,IND,MIA,0.5646,0.5871,,2.954,3.72,0.0,0.0,,,,,,
2026-08-19,2026_10_MIN_GB,2026,10,GB,MIN,0.5651,0.5382,,6.173,2.491,0.0,0.0,,,,,,
2026-08-19,2026_10_NE_DET,2026,10,DET,NE,0.5204,0.5189,,3.813,3.5,0.0,0.0,,,,,,
2026-08-19,2026_10_PIT_CIN,2026,10,CIN,PIT,0.5522,0.5323,,4.697,-2.075,0.0,0.0,,,,,,
2026-08-19,2026_10_SEA_LV,2026,10,LV,SEA,0.2259,0.1707,,-0.263,1.793,0.0,0.0,,,,,,
2026-08-19,2026_10_SF_DAL,2026,10,DAL,SF,0.4287,0.4304,,2.753,4.529,0.0,0.0,,,,,,
2026-08-19,2026_10_LAC_BAL,2026,10,BAL,LAC,0.6397,0.5983,,0.018,-0.122,0.0,0.0,,,,,,
2026-08-19,2026_11_IND_HOU,2026,11,HOU,IND,0.7578,0.7502,,1.668,2.954,0.0,0.0,,,,,,
2026-08-19,2026_11_ARI_KC,2026,11,KC,ARI,0.7244,0.7031,,4.971,-0.383,0.0,0.0,,,,,,
2026-08-19,2026_11_BAL_CAR,2026,11,CAR,BAL,0.4174,0.4142,,-0.137,0.018,0.0,0.0,,,,,,
2026-08-19,2026_11_JAX_NYG,2026,11,NYG,JAX,0.3837,0.373,,4.059,5.268,0.0,0.0,,,,,,
2026-08-19,2026_11_LV_DEN,2026,11,DEN,LV,0.8807,0.8559,,2.561,-0.263,0.0,0.0,,,,,,
2026-08-19,2026_11_MIA_BUF,2026,11,BUF,MIA,0.7786,0.7589,,5.409,3.72,0.0,0.0,,,,,,
2026-08-19,2026_11_MIN_SF,2026,11,SF,MIN,0.6395,0.582,,4.529,2.491,0.0,0.0,,,,,,
2026-08-19,2026_11_NO_CHI,2026,11,CHI,NO,0.7273,0.6945,,3.547,0.374,0.0,0.0,,,,,,
2026-08-19,2026_11_NYJ_LAC,2026,11,LAC,NYJ,0.7817,0.7764,,-0.122,-4.901,0.0,0.0,,,,,,
2026-08-19,2026_11_PIT_PHI,2026,11,PHI,PIT,0.6771,0.6379,,1.523,-2.075,0.0,0.0,,,,,,
2026-08-19,2026_11_TB_DET,2026,11,DET,TB,0.6912,0.6761,,3.813,-0.128,0.0,0.0,,,,,,
2026-08-19,2026_11_TEN_DAL,2026,11,DAL,TEN,0.7442,0.7045,,2.753,-2.076,0.0,0.0,,,,,,
2026-08-19,2026_11_CIN_WAS,2026,11,WAS,CIN,0.5214,0.549,,2.389,4.697,0.0,0.0,,,,,,
2026-08-19,2026_12_GB_LA,2026,12,LA,GB,0.6866,0.684,,6.823,6.173,0.0,0.0,,,,,,
2026-08-19,2026_12_CHI_DET,2026,12,DET,CHI,0.5948,0.6097,,3.813,3.547,0.0,0.0,,,,,,
2026-08-19,2026_12_KC_BUF,2026,12,BUF,KC,0.7424,0.722,,5.409,4.971,0.0,0.0,,,,,,
2026-08-19,2026_12_PHI_DAL,2026,12,DAL,PHI,0.4444,0.4331,,2.753,1.523,0.0,0.0,,,,,,
2026-08-19,2026_12_DEN_PIT,2026,12,PIT,DEN,0.4233,0.4343,,-2.075,2.561,0.0,0.0,,,,,,
2026-08-19,2026_12_ATL_MIN,2026,12,MIN,ATL,0.697,0.6797,,2.491,-0.078,0.0,0.0,,,,,,
2026-08-19,2026_12_BAL_HOU,2026,12,HOU,BAL,0.7026,0.6586,,1.668,0.018,0.0,0.0,,,,,,
2026-08-19,2026_12_LV_CLE,2026,12,CLE,LV,0.6567,0.6726,,-4.869,-0.263,0.0,0.0,,,,,,
2026-08-19,2026_12_NE_LAC,2026,12,LAC,NE,0.4391,0.4773,,-0.122,3.5,0.0,0.0,,,,,,
2026-08-19,2026_12_NO_CIN,2026,12,CIN,NO,0.6436,0.6308,,4.697,0.374,0.0,0.0,,,,,,
2026-08-19,2026_12_NYG_IND,2026,12,IND,NYG,0.5966,0.6308,,2.954,4.059,0.0,0.0,,,,,,
2026-08-19,2026_12_NYJ_MIA,2026,12,MIA,NYJ,0.754,0.7003,,3.72,-4.901,0.0,0.0,,,,,,
2026-08-19,2026_12_SEA_SF,2026,12,SF,SEA,0.4272,0.4053,,4.529,1.793,0.0,0.0,,,,,,
2026-08-19,2026_12_TEN_JAX,2026,12,JAX,TEN,0.863,0.8182,,5.268,-2.076,0.0,0.0,,,,,,
2026-08-19,2026_12_WAS_ARI,2026,12,ARI,WAS,0.4021,0.4751,,-0.383,2.389,0.0,0.0,,,,,,
2026-08-19,2026_12_CAR_TB,2026,12,TB,CAR,0.617,0.6402,,-0.128,-0.137,0.0,0.0,,,,,,
2026-08-19,2026_13_KC_LA,2026,13,LA,KC,0.7687,0.7274,,6.823,4.971,0.0,0.0,,,,,,
2026-08-19,2026_13_BUF_NE,2026,13,NE,BUF,0.6156,0.5594,,3.5,5.409,0.0,0.0,,,,,,
2026-08-19,2026_13_CAR_MIN,2026,13,MIN,CAR,0.7486,0.7306,,2.491,-0.137,0.0,0.0,,,,,,
2026-08-19,2026_13_CIN_CLE,2026,13,CLE,CIN,0.4406,0.4927,,-4.869,4.697,0.0,0.0,,,,,,
2026-08-19,2026_13_DET_ATL,2026,13,ATL,DET,0.4439,0.4579,,-0.078,3.813,0.0,0.0,,,,,,
2026-08-19,2026_13_GB_NO,2026,13,NO,GB,0.4258,0.4483,,0.374,6.173,0.0,0.0,,,,,,
2026-08-19,2026_13_HOU_PIT,2026,13,PIT,HOU,0.4243,0.4373,,-2.075,1.668,0.0,0.0,,,,,,
2026-08-19,2026_13_JAX_CHI,2026,13,CHI,JAX,0.5054,0.5202,,3.547,5.268,0.0,0.0,,,,,,
2026-08-19,2026_13_LAC_TB,2026,13,TB,LAC,0.5176,0.5073,,-0.128,-0.122,0.0,0.0,,,,,,
2026-08-19,2026_13_MIA_DEN,2026,13,DEN,MIA,0.7688,0.7621,,2.561,3.72,0.0,0.0,,,,,,
2026-08-19,2026_13_PHI_ARI,2026,13,ARI,PHI,0.2911,0.3454,,-0.383,1.523,0.0,0.0,,,,,,
2026-08-19,2026_13_SF_NYG,2026,13,NYG,SF,0.4115,0.3861,,4.059,4.529,0.0,0.0,,,,,,
2026-08-19,2026_13_WAS_TEN,2026,13,TEN,WAS,0.4052,0.4259,,-2.076,2.389,0.0,0.0,,,,,,
2026-08-19,2026_13_DAL_SEA,2026,13,SEA,DAL,0.8144,0.8266,,1.793,2.753,0.0,0.0,,,,,,
2026-08-19,2026_14_MIN_NE,2026,14,NE,MIN,0.684,0.6314,,3.5,2.491,0.0,0.0,,,,,,
2026-08-19,2026_14_ATL_CLE,2026,14,CLE,ATL,0.4901,0.5018,,-4.869,-0.078,0.0,0.0,,,,,,
2026-08-19,2026_14_BUF_GB,2026,14,GB,BUF,0.4854,0.4635,,6.173,5.409,0.0,0.0,,,,,,
2026-08-19,2026_14_CHI_MIA,2026,14,MIA,CHI,0.4745,0.4707,,3.72,3.547,0.0,0.0,,,,,,
2026-08-19,2026_14_DEN_NYJ,2026,14,NYJ,DEN,0.2067,0.247,,-4.901,2.561,0.0,0.0,,,,,,
2026-08-19,2026_14_HOU_WAS,2026,14,WAS,HOU,0.3879,0.3716,,2.389,1.668,0.0,0.0,,,,,,
2026-08-19,2026_14_IND_PHI,2026,14,PHI,IND,0.7012,0.6932,,1.523,2.954,0.0,0.0,,,,,,
2026-08-19,2026_14_KC_CIN,2026,14,CIN,KC,0.6038,0.5592,,4.697,4.971,0.0,0.0,,,,,,
2026-08-19,2026_14_LAC_LV,2026,14,LV,LAC,0.3418,0.3285,,-0.263,-0.122,0.0,0.0,,,,,,
2026-08-19,2026_14_LA_SF,2026,14,SF,LA,0.4888,0.501,,4.529,6.823,0.0,0.0,,,,,,
2026-08-19,2026_14_NO_CAR,2026,14,CAR,NO,0.5458,0.5632,,-0.137,0.374,0.0,0.0,,,,,,
2026-08-19,2026_14_NYG_SEA,2026,14,SEA,NYG,0.8313,0.8513,,1.793,4.059,0.0,0.0,,,,,,
2026-08-19,2026_14_TB_BAL,2026,14,BAL,TB,0.6693,0.6612,,0.018,-0.128,0.0,0.0,,,,,,
2026-08-19,2026_14_TEN_DET,2026,14,DET,TEN,0.839,0.8072,,3.813,-2.076,0.0,0.0,,,,,,
2026-08-19,2026_14_PIT_JAX,2026,14,JAX,PIT,0.6903,0.6532,,5.268,-2.075,0.0,0.0,,,,,,
2026-08-19,2026_15_SF_LAC,2026,15,LAC,SF,0.5022,0.529,,-0.122,4.529,0.0,0.0,,,,,,
2026-08-19,2026_15_CHI_BUF,2026,15,BUF,CHI,0.7007,0.6748,,5.409,3.547,0.0,0.0,,,,,,
2026-08-19,2026_15_SEA_PHI,2026,15,PHI,SEA,0.4317,0.4026,,1.523,1.793,0.0,0.0,,,,,,
2026-08-19,2026_15_ATL_WAS,2026,15,WAS,ATL,0.5759,0.558,,2.389,-0.078,0.0,0.0,,,,,,
2026-08-19,2026_15_BAL_PIT,2026,15,PIT,BAL,0.5111,0.5263,,-2.075,0.018,0.0,0.0,,,,,,
2026-08-19,2026_15_CIN_CAR,2026,15,CAR,CIN,0.473,0.5044,,-0.137,4.697,0.0,0.0,,,,,,
2026-08-19,2026_15_CLE_NYG,2026,15,NYG,CLE,0.6406,0.5776,,4.059,-4.869,0.0,0.0,,,,,,
2026-08-19,2026_15_DAL_LA,2026,15,LA,DAL,0.7916,0.7639,,6.823,2.753,0.0,0.0,,,,,,
2026-08-19,2026_15_DEN_LV,2026,15,LV,DEN,0.2552,0.2345,,-0.263,2.561,0.0,0.0,,,,,,
2026-08-19,2026_15_DET_MIN,2026,15,MIN,DET,0.5853,0.5706,,2.491,3.813,0.0,0.0,,,,,,
2026-08-19,2026_15_IND_TEN,2026,15,TEN,IND,0.391,0.42,,-2.076,2.954,0.0,0.0,,,,,,
2026-08-19,2026_15_JAX_HOU,2026,15,HOU,JAX,0.6201,0.6265,,1.668,5.268,0.0,0.0,,,,,,
2026-08-19,2026_15_MIA_GB,2026,15,GB,MIA,0.6685,0.6684,,6.173,3.72,0.0,0.0,,,,,,
2026-08-19,2026_15_NO_TB,2026,15,TB,NO,0.5998,0.6297,,-0.128,0.374,0.0,0.0,,,,,,
2026-08-19,2026_15_NYJ_ARI,2026,15,ARI,NYJ,0.6438,0.6173,,-0.383,-4.901,0.0,0.0,,,,,,
2026-08-19,2026_15_NE_KC,2026,15,KC,NE,0.4334,0.4268,,4.971,3.5,0.0,0.0,,,,,,
2026-08-19,2026_16_HOU_PHI,2026,16,PHI,HOU,0.5277,0.5037,,1.523,1.668,0.0,0.0,,,,,,
2026-08-19,2026_16_BUF_DEN,2026,16,DEN,BUF,0.5795,0.5786,,2.561,5.409,0.0,0.0,,,,,,
2026-08-19,2026_16_GB_CHI,2026,16,CHI,GB,0.5776,0.5779,,3.547,6.173,0.0,0.0,,,,,,
2026-08-19,2026_16_LA_SEA,2026,16,SEA,LA,0.6356,0.6652,,1.793,6.823,0.0,0.0,,,,,,
2026-08-19,2026_16_ARI_NO,2026,16,NO,ARI,0.6474,0.6375,,0.374,-0.383,0.0,0.0,,,,,,
2026-08-19,2026_16_CAR_PIT,2026,16,PIT,CAR,0.6519,0.6794,,-2.075,-0.137,0.0,0.0,,,,,,
2026-08-19,2026_16_CIN_IND,2026,16,IND,CIN,0.5337,0.555,,2.954,4.697,0.0,0.0,,,,,,
2026-08-19,2026_16_CLE_BAL,2026,16,BAL,CLE,0.7691,0.7295,,0.018,-4.869,0.0,0.0,,,,,,
2026-08-19,2026_16_JAX_DAL,2026,16,DAL,JAX,0.3803,0.4168,,2.753,5.268,0.0,0.0,,,,,,
2026-08-19,2026_16_LAC_MIA,2026,16,MIA,LAC,0.5421,0.4757,,3.72,-0.122,0.0,0.0,,,,,,
2026-08-19,2026_16_NE_NYJ,2026,16,NYJ,NE,0.2109,0.2618,,-4.901,3.5,0.0,0.0,,,,,,
2026-08-19,2026_16_SF_KC,2026,16,KC,SF,0.4727,0.4781,,4.971,4.529,0.0,0.0,,,,,,
2026-08-19,2026_16_TB_ATL,2026,16,ATL,TB,0.5863,0.5665,,-0.078,-0.128,0.0,0.0,,,,,,
2026-08-19,2026_16_TEN_LV,2026,16,LV,TEN,0.5881,0.5625,,-0.263,-2.076,0.0,0.0,,,,,,
2026-08-19,2026_16_WAS_MIN,2026,16,MIN,WAS,0.7053,0.694,,2.491,2.389,0.0,0.0,,,,,,
2026-08-19,2026_16_NYG_DET,2026,16,DET,NYG,0.7319,0.74,,3.813,4.059,0.0,0.0,,,,,,
2026-08-19,2026_17_BAL_CIN,2026,17,CIN,BAL,0.5239,0.4838,,4.697,0.018,0.0,0.0,,,,,,
2026-08-19,2026_17_BUF_MIA,2026,17,MIA,BUF,0.3802,0.3664,,3.72,5.409,0.0,0.0,,,,,,
2026-08-19,2026_17_DEN_NE,2026,17,NE,DEN,0.6236,0.5551,,3.5,2.561,0.0,0.0,,,,,,
2026-08-19,2026_17_DET_CHI,2026,17,CHI,DET,0.5416,0.5381,,3.547,3.813,0.0,0.0,,,,,,
2026-08-19,2026_17_IND_CLE,2026,17,CLE,IND,0.4734,0.5124,,-4.869,2.954,0.0,0.0,,,,,,
2026-08-19,2026_17_KC_LAC,2026,17,LAC,KC,0.621,0.6232,,-0.122,4.971,0.0,0.0,,,,,,
2026-08-19,2026_17_LA_TB,2026,17,TB,LA,0.3254,0.3896,,-0.128,6.823,0.0,0.0,,,,,,
2026-08-19,2026_17_LV_ARI,2026,17,ARI,LV,0.628,0.6334,,-0.383,-0.263,0.0,0.0,,,,,,
2026-08-19,2026_17_MIN_NYJ,2026,17,NYJ,MIN,0.254,0.3105,,-4.901,2.491,0.0,0.0,,,,,,
2026-08-19,2026_17_NO_ATL,2026,17,ATL,NO,0.6172,0.6223,,-0.078,0.374,0.0,0.0,,,,,,
2026-08-19,2026_17_NYG_DAL,2026,17,DAL,NYG,0.5914,0.6184,,2.753,4.059,0.0,0.0,,,,,,
2026-08-19,2026_17_PHI_SF,2026,17,SF,PHI,0.6238,0.577,,4.529,1.523,0.0,0.0,,,,,,
2026-08-19,2026_17_PIT_TEN,2026,17,TEN,PIT,0.3541,0.3609,,-2.076,-2.075,0.0,0.0,,,,,,
2026-08-19,2026_17_SEA_CAR,2026,17,CAR,SEA,0.2725,0.2473,,-0.137,1.793,0.0,0.0,,,,,,
2026-08-19,2026_17_WAS_JAX,2026,17,JAX,WAS,0.7478,0.7122,,5.268,2.389,0.0,0.0,,,,,,
2026-08-19,2026_17_HOU_GB,2026,17,GB,HOU,0.4675,0.4621,,6.173,1.668,0.0,0.0,,,,,,
2026-08-19,2026_18_ATL_CAR,2026,18,CAR,ATL,0.5092,0.5135,,-0.137,-0.078,0.0,0.0,,,,,,
2026-08-19,2026_18_CHI_MIN,2026,18,MIN,CHI,0.6125,0.606,,2.491,3.547,0.0,0.0,,,,,,
2026-08-19,2026_18_CLE_CIN,2026,18,CIN,CLE,0.6937,0.652,,4.697,-4.869,0.0,0.0,,,,,,
2026-08-19,2026_18_DAL_WAS,2026,18,WAS,DAL,0.5661,0.5812,,2.389,2.753,0.0,0.0,,,,,,
2026-08-19,2026_18_DET_GB,2026,18,GB,DET,0.5531,0.5345,,6.173,3.813,0.0,0.0,,,,,,
2026-08-19,2026_18_JAX_IND,2026,18,IND,JAX,0.4066,0.4297,,2.954,5.268,0.0,0.0,,,,,,
2026-08-19,2026_18_LAC_DEN,2026,18,DEN,LAC,0.7266,0.683,,2.561,-0.122,0.0,0.0,,,,,,
2026-08-19,2026_18_LV_KC,2026,18,KC,LV,0.7756,0.7521,,4.971,-0.263,0.0,0.0,,,,,,
2026-08-19,2026_18_MIA_NE,2026,18,NE,MIA,0.767,0.7476,,3.5,3.72,0.0,0.0,,,,,,
2026-08-19,2026_18_NYJ_BUF,2026,18,BUF,NYJ,0.8805,0.845,,5.409,-4.901,0.0,0.0,,,,,,
2026-08-19,2026_18_PHI_NYG,2026,18,NYG,PHI,0.443,0.3888,,4.059,1.523,0.0,0.0,,,,,,
2026-08-19,2026_18_PIT_BAL,2026,18,BAL,PIT,0.6537,0.6209,,0.018,-2.075,0.0,0.0,,,,,,
2026-08-19,2026_18_SEA_LA,2026,18,LA,SEA,0.5191,0.478,,6.823,1.793,0.0,0.0,,,,,,
2026-08-19,2026_18_SF_ARI,2026,18,ARI,SF,0.2982,0.3428,,-0.383,4.529,0.0,0.0,,,,,,
2026-08-19,2026_18_TB_NO,2026,18,NO,TB,0.5315,0.5169,,0.374,-0.128,0.0,0.0,,,,,,
2026-08-19,2026_18_TEN_HOU,2026,18,HOU,TEN,0.8776,0.8484,,1.668,-2.076,0.0,0.0,,,,,,
backfill-2015,2015_01_PIT_NE,2015,1,NE,PIT,0.6317,0.6819,7.5,6.492,8.238,1.0,1.0,65.0,7.0,28.0,21.0,1.0,1.0
backfill-2015,2015_01_BAL_DEN,2015,1,DEN,BAL,0.6175,0.5749,4.5,-0.535,3.165,1.0,4.0,88.0,13.0,19.0,13.0,1.0,1.0
backfill-2015,2015_01_CAR_JAX,2015,1,JAX,CAR,0.34,0.3068,-3.0,-7.477,-2.094,4.0,3.0,77.0,7.0,9.0,20.0,0.0,1.0
backfill-2015,2015_01_CIN_OAK,2015,1,LV,CIN,0.3279,0.3354,-3.0,-5.683,-1.455,1.0,1.0,73.0,9.0,13.0,33.0,0.0,1.0
backfill-2015,2015_01_CLE_NYJ,2015,1,NYJ,CLE,0.5996,0.5659,3.5,2.314,-1.883,1.0,1.0,77.0,8.0,31.0,10.0,1.0,1.0
backfill-2015,2015_01_DET_SD,2015,1,LAC,DET,0.5699,0.5208,3.5,-0.317,1.557,2.0,3.0,84.0,10.0,33.0,28.0,1.0,1.0
backfill-2015,2015_01_GB_CHI,2015,1,CHI,GB,0.291,0.2935,-5.5,-1.706,9.008,2.0,0.0,72.0,11.0,23.0,31.0,0.0,1.0
backfill-2015,2015_01_IND_BUF,2015,1,BUF,IND,0.553,0.4841,-1.0,-2.083,-0.681,2.0,2.0,56.0,15.0,27.0,14.0,1.0,1.0
backfill-2015,2015_01_KC_HOU,2015,1,HOU,KC,0.4894,0.49,-1.0,-2.985,3.137,5.0,0.0,,,20.0,27.0,0.0,1.0
backfill-2015,2015_01_MIA_WAS,2015,1,WAS,MIA,0.3097,0.3855,-4.0,-0.701,0.613,0.0,1.0,69.0,10.0,10.0,17.0,0.0,1.0
backfill-2015,2015_01_NO_ARI,2015,1,ARI,NO,0.6491,0.6111,2.0,3.641,4.363,1.0,5.0,,,31.0,19.0,1.0,1.0
backfill-2015,2015_01_NYG_DAL,2015,1,DAL,NYG,0.61,0.6947,7.0,6.573,4.108,0.0,2.0,,,27.0,26.0,1.0,1.0
backfill-2015,2015_01_SEA_STL,2015,1,LA,SEA,0.2969,0.2748,-3.5,0.375,2.946,1.0,1.0,,,34.0,31.0,1.0,0.0
backfill-2015,2015_01_TEN_TB,2015,1,TB,TEN,0.5863,0.5953,3.0,0.0,0.0,1.0,2.0,84.0,8.0,14.0,42.0,0.0,0.0
backfill-2015,2015_01_MIN_SF,2015,1,SF,MIN,0.5894,0.6086,-2.5,-2.836,1.191,0.0,0.0,70.0,5.0,20.0,3.0,1.0,1.0
backfill-2015,2015_01_PHI_ATL,2015,1,ATL,PHI,0.4954,0.4262,-3.5,3.134,-0.493,2.0,0.0,,,26.0,24.0,1.0,0.0
backfill-2015,2015_02_DEN_KC,2015,2,KC,DEN,0.5619,0.4745,3.0,2.609,-1.209,0.0,2.0,87.0,13.0,24.0,31.0,0.0,0.0
backfill-2015,2015_02_ARI_CHI,2015,2,CHI,ARI,0.316,0.3366,-2.0,-2.683,3.518,2.0,2.0,70.0,6.0,23.0,48.0,0.0,1.0
backfill-2015,2015_02_ATL_NYG,2015,2,NYG,ATL,0.5658,0.542,2.0,2.983,3.945,5.0,3.0,73.0,9.0,20.0,24.0,0.0,0.0
backfill-2015,2015_02_BAL_OAK,2015,2,LV,BAL,0.2623,0.2888,-6.0,-6.024,2.095,3.0,2.0,80.0,8.0,37.0,33.0,1.0,0.0
backfill-2015,2015_02_DAL_PHI,2015,2,PHI,DAL,0.4434,0.4509,7.0,0.357,7.31,1.0,3.0,77.0,15.0,10.0,20.0,0.0,1.0
backfill-2015,2015_02_DET_MIN,2015,2,MIN,DET,0.5226,0.4551,2.5,0.495,0.697,0.0,2.0,67.0,0.0,26.0,16.0,1.0,1.0
backfill-2015,2015_02_HOU_CAR,2015,2,CAR,HOU,0.6358,0.628,3.0,-1.277,-0.662,2.0,4.0,88.0,6.0,24.0,17.0,1.0,1.0
backfill-2015,2015_02_MIA_JAX,2015,2,JAX,MIA,0.4001,0.3247,-5.0,-6.995,1.18,6.0,1.0,87.0,5.0,23.0,20.0,1.0,0.0
backfill-2015,2015_02_NE_BUF,2015,2,BUF,NE,0.3911,0.3775,2.0,-1.474,6.821,2.0,2.0,62.0,7.0,32.0,40.0,0.0,1.0
backfill-2015,2015_02_SD_CIN,2015,2,CIN,LAC,0.6708,0.5694,3.5,-0.791,0.414,1.0,5.0,69.0,6.0,24.0,19.0,1.0,1.0
backfill-2015,2015_02_SEA_GB,2015,2,GB,SEA,0.6075,0.4854,3.5,7.989,2.092,1.0,1.0,62.0,9.0,27.0,17.0,1.0,1.0
backfill-2015,2015_02_SF_PIT,2015,2,PIT,SF,0.6765,0.5494,6.0,6.509,-2.019,0.0,1.0,66.0,10.0,43.0,18.0,1.0,1.0
backfill-2015,2015_02_STL_WAS,2015,2,WAS,LA,0.3003,0.3475,-3.0,-0.132,0.618,3.0,2.0,72.0,9.0,24.0,10.0,1.0,0.0
backfill-2015,2015_02_TB_NO,2015,2,NO,TB,0.7488,0.7201,9.5,3.277,-2.972,3.0,2.0,,,19.0,26.0,0.0,0.0
backfill-2015,2015_02_TEN_CLE,2015,2,CLE,TEN,0.5085,0.5649,1.0,-2.927,4.53,3.0,4.0,64.0,12.0,28.0,14.0,1.0,1.0
backfill-2015,2015_02_NYJ_IND,2015,2,IND,NYJ,0.6944,0.6596,6.0,-0.286,3.02,2.0,3.0,,,7.0,20.0,0.0,0.0
backfill-2015,2015_03_WAS_NYG,2015,3,NYG,WAS,0.7112,0.6249,3.0,3.461,-0.411,6.0,2.0,71.0,4.0,32.0,21.0,1.0,1.0
backfill-2015,2015_03_ATL_DAL,2015,3,DAL,ATL,0.6447,0.7078,1.0,-1.857,4.588,3.0,3.0,,,28.0,39.0,0.0,0.0
backfill-2015,2015_03_BUF_MIA,2015,3,MIA,BUF,0.4677,0.4504,1.0,0.693,-1.751,2.0,2.0,87.0,6.0,14.0,41.0,0.0,1.0
backfill-2015,2015_03_CHI_SEA,2015,3,SEA,CHI,0.8821,0.8279,16.5,2.676,-6.149,2.0,3.0,60.0,5.0,26.0,0.0,1.0,1.0
backfill-2015,2015_03_CIN_BAL,2015,3,BAL,CIN,0.5175,0.4845,2.5,3.628,1.842,3.0,2.0,70.0,12.0,24.0,28.0,0.0,0.0
backfill-2015,2015_03_DEN_DET,2015,3,DET,DEN,0.3873,0.3508,-3.0,0.936,-2.478,2.0,1.0,,,12.0,24.0,0.0,1.0
backfill-2015,2015_03_IND_TEN,2015,3,TEN,IND,0.4253,0.3271,-3.0,3.675,-0.205,3.0,3.0,74.0,3.0,33.0,35.0,0.0,1.0
backfill-2015,2015_03_JAX_NE,2015,3,NE,JAX,0.9029,0.8887,14.5,6.848,-4.945,1.0,5.0,68.0,6.0,51.0,17.0,1.0,1.0
backfill-2015,2015_03_NO_CAR,2015,3,CAR,NO,0.7193,0.7078,10.0,-0.509,-3.644,3.0,3.0,69.0,9.0,27.0,22.0,1.0,1.0
backfill-2015,2015_03_OAK_CLE,2015,3,CLE,LV,0.5649,0.5795,3.5,-2.381,-4.358,3.0,2.0,75.0,16.0,20.0,27.0,0.0,0.0
backfill-2015,2015_03_PHI_NYJ,2015,3,NYJ,PHI,0.5624,0.5315,3.0,3.754,-0.992,3.0,4.0,66.0,7.0,17.0,24.0,0.0,0.0
backfill-2015,2015_03_PIT_STL,2015,3,LA,PIT,0.3843,0.3751,1.5,-0.378,7.024,0.0,2.0,,,6.0,12.0,0.0,1.0
backfill-2015,2015_03_SD_MIN,2015,3,MIN,LAC,0.6137,0.4881,2.5,1.29,-0.243,0.0,4.0,75.0,12.0,31.0,14.0,1.0,1.0
backfill-2015,2015_03_SF_ARI,2015,3,ARI,SF,0.7188,0.6234,7.0,3.543,-0.593,2.0,1.0,,,47.0,7.0,1.0,1.0
backfill-2015,2015_03_TB_HOU,2015,3,HOU,TB,0.7628,0.6819,6.0,-1.358,-2.068,5.0,3.0,,,19.0,9.0,1.0,1.0
backfill-2015,2015_03_KC_GB,2015,3,GB,KC,0.7473,0.6752,4.5,7.233,0.81,2.0,0.0,67.0,5.0,38.0,28.0,1.0,1.0
backfill-2015,2015_04_BAL_PIT,2015,4,PIT,BAL,0.5732,0.6539,-3.0,-4.426,2.887,4.0,4.0,63.0,8.0,20.0,23.0,0.0,0.0
backfill-2015,2015_04_CAR_TB,2015,4,TB,CAR,0.2455,0.2538,-3.0,-2.085,1.915,4.0,4.0,74.0,5.0,23.0,37.0,0.0,1.0
backfill-2015,2015_04_CLE_SD,2015,4,LAC,CLE,0.7153,0.677,4.5,-0.243,-0.813,7.0,5.0,68.0,11.0,30.0,27.0,1.0,1.0
backfill-2015,2015_04_DAL_NO,2015,4,NO,DAL,0.4413,0.332,3.0,2.64,-1.315,1.0,2.0,,,26.0,20.0,1.0,0.0
backfill-2015,2015_04_GB_SF,2015,4,SF,GB,0.2653,0.3187,-7.5,-1.742,7.583,1.0,3.0,74.0,5.0,3.0,17.0,0.0,1.0
backfill-2015,2015_04_HOU_ATL,2015,4,ATL,HOU,0.5671,0.608,4.0,4.957,-1.124,4.0,3.0,,,48.0,21.0,1.0,1.0
backfill-2015,2015_04_JAX_IND,2015,4,IND,JAX,0.7747,0.7504,4.0,-0.736,-4.36,2.0,6.0,,,16.0,13.0,1.0,1.0
backfill-2015,2015_04_KC_CIN,2015,4,CIN,KC,0.6279,0.6253,3.5,0.873,0.014,1.0,0.0,68.0,5.0,36.0,21.0,1.0,1.0
backfill-2015,2015_04_MIN_DEN,2015,4,DEN,MIN,0.7543,0.7184,7.0,-1.176,0.15,1.0,4.0,61.0,9.0,23.0,20.0,1.0,1.0
backfill-2015,2015_04_NYG_BUF,2015,4,BUF,NYG,0.6501,0.6818,6.0,0.009,5.05,5.0,4.0,60.0,8.0,10.0,24.0,0.0,0.0
backfill-2015,2015_04_NYJ_MIA,2015,4,MIA,NYJ,0.4905,0.5059,-2.5,-0.077,3.233,2.0,5.0,59.0,5.0,14.0,27.0,0.0,1.0
backfill-2015,2015_04_OAK_CHI,2015,4,CHI,LV,0.4252,0.4845,-3.0,-1.507,-2.079,1.0,3.0,55.0,12.0,22.0,20.0,1.0,0.0
backfill-2015,2015_04_PHI_WAS,2015,4,WAS,PHI,0.3234,0.3315,-3.0,-0.224,-1.75,3.0,3.0,58.0,13.0,23.0,20.0,1.0,0.0
backfill-2015,2015_04_STL_ARI,2015,4,ARI,LA,0.7764,0.7436,7.0,5.525,-0.067,1.0,3.0,,,22.0,24.0,0.0,0.0
backfill-2015,2015_04_DET_SEA,2015,4,SEA,DET,0.8073,0.7544,10.0,2.231,0.544,2.0,4.0,74.0,8.0,13.0,10.0,1.0,1.0
backfill-2015,2015_05_IND_HOU,2015,5,HOU,IND,0.5112,0.4469,4.5,-1.708,-1.368,5.0,3.0,,,20.0,27.0,0.0,0.0
backfill-2015,2015_05_ARI_DET,2015,5,DET,ARI,0.3713,0.3776,-4.5,1.219,5.332,3.0,0.0,,,17.0,42.0,0.0,1.0
backfill-2015,2015_05_BUF_TEN,2015,5,TEN,BUF,0.4183,0.2885,1.0,3.118,-0.411,1.0,4.0,67.0,5.0,13.0,14.0,0.0,1.0
backfill-2015,2015_05_CHI_KC,2015,5,KC,CHI,0.771,0.7025,10.0,0.877,-1.088,1.0,2.0,72.0,10.0,17.0,18.0,0.0,0.0
backfill-2015,2015_05_CLE_BAL,2015,5,BAL,CLE,0.7759,0.7362,6.0,0.915,-0.661,4.0,3.0,65.0,2.0,30.0,33.0,0.0,0.0
backfill-2015,2015_05_DEN_OAK,2015,5,LV,DEN,0.2541,0.2226,-5.0,-1.501,-2.664,4.0,2.0,72.0,10.0,10.0,16.0,0.0,1.0
backfill-2015,2015_05_JAX_TB,2015,5,TB,JAX,0.5587,0.5262,1.0,-4.221,-4.386,4.0,4.0,84.0,9.0,38.0,31.0,1.0,1.0
backfill-2015,2015_05_NE_DAL,2015,5,DAL,NE,0.3429,0.3314,-8.0,0.555,7.676,3.0,0.0,,,6.0,30.0,0.0,1.0
backfill-2015,2015_05_NO_PHI,2015,5,PHI,NO,0.6234,0.6235,6.5,-1.461,3.354,3.0,2.0,67.0,6.0,39.0,17.0,1.0,1.0
backfill-2015,2015_05_SEA_CIN,2015,5,CIN,SEA,0.594,0.4859,3.0,2.415,1.42,0.0,6.0,66.0,3.0,27.0,24.0,1.0,1.0
backfill-2015,2015_05_SF_NYG,2015,5,NYG,SF,0.6269,0.596,7.5,6.162,-2.534,4.0,2.0,61.0,4.0,30.0,27.0,1.0,1.0
backfill-2015,2015_05_STL_GB,2015,5,GB,LA,0.828,0.7937,8.5,6.685,-1.053,2.0,2.0,67.0,14.0,24.0,10.0,1.0,1.0
backfill-2015,2015_05_WAS_ATL,2015,5,ATL,WAS,0.7652,0.7449,7.5,5.169,2.505,1.0,4.0,,,25.0,19.0,1.0,1.0
backfill-2015,2015_05_PIT_SD,2015,5,LAC,PIT,0.4742,0.4354,4.0,1.28,-5.75,5.0,2.0,93.0,10.0,20.0,24.0,0.0,1.0
backfill-2015,2015_06_ATL_NO,2015,6,NO,ATL,0.3391,0.3559,-3.0,2.129,4.559,5.0,2.0,,,31.0,21.0,1.0,0.0
backfill-2015,2015_06_ARI_PIT,2015,6,PIT,ARI,0.4514,0.5152,-5.5,-5.793,5.574,3.0,1.0,45.0,12.0,25.0,13.0,1.0,0.0
backfill-2015,2015_06_BAL_SF,2015,6,SF,BAL,0.454,0.4761,-2.5,-1.716,0.319,1.0,5.0,69.0,7.0,25.0,20.0,1.0,0.0
backfill-2015,2015_06_CAR_SEA,2015,6,SEA,CAR,0.6522,0.6123,7.0,1.278,1.983,5.0,4.0,61.0,5.0,23.0,27.0,0.0,0.0
backfill-2015,2015_06_CHI_DET,2015,6,DET,CHI,0.6307,0.6082,3.5,-0.163,0.223,3.0,4.0,,,37.0,34.0,1.0,1.0
backfill-2015,2015_06_CIN_BUF,2015,6,BUF,CIN,0.3802,0.4287,-3.0,-2.969,3.568,3.0,0.0,40.0,4.0,21.0,34.0,0.0,1.0
backfill-2015,2015_06_DEN_CLE,2015,6,CLE,DEN,0.2692,0.2162,-3.5,-0.703,-2.804,3.0,2.0,47.0,20.0,23.0,26.0,0.0,1.0
backfill-2015,2015_06_HOU_JAX,2015,6,JAX,HOU,0.4706,0.3894,2.5,-2.202,-0.679,3.0,3.0,73.0,18.0,20.0,31.0,0.0,1.0
backfill-2015,2015_06_KC_MIN,2015,6,MIN,KC,0.5779,0.5563,3.5,0.86,0.491,1.0,2.0,54.0,10.0,16.0,10.0,1.0,1.0
backfill-2015,2015_06_MIA_TEN,2015,6,TEN,MIA,0.498,0.4294,2.5,2.786,-1.639,1.0,0.0,56.0,8.0,10.0,38.0,0.0,1.0
backfill-2015,2015_06_NE_IND,2015,6,IND,NE,0.2703,0.298,-8.0,-1.892,8.221,0.0,1.0,,,27.0,34.0,0.0,1.0
backfill-2015,2015_06_SD_GB,2015,6,GB,LAC,0.8152,0.7833,10.5,4.716,1.546,2.0,6.0,54.0,12.0,27.0,20.0,1.0,1.0
backfill-2015,2015_06_WAS_NYJ,2015,6,NYJ,WAS,0.7617,0.6978,7.5,4.105,1.144,3.0,5.0,49.0,16.0,34.0,20.0,1.0,1.0
backfill-2015,2015_06_NYG_PHI,2015,6,PHI,NYG,0.6054,0.5577,3.5,-1.76,6.734,4.0,3.0,44.0,6.0,27.0,7.0,1.0,1.0
backfill-2015,2015_07_SEA_SF,2015,7,SF,SEA,0.3936,0.3631,-6.5,0.33,-0.107,0.0,5.0,75.0,8.0,3.0,20.0,0.0,1.0
backfill-2015,2015_07_ATL_TEN,2015,7,TEN,ATL,0.2583,0.2578,-5.5,-2.408,4.056,3.0,0.0,59.0,8.0,7.0,10.0,0.0,1.0
backfill-2015,2015_07_BUF_JAX,2015,7,JAX,BUF,0.3476,0.2671,-3.5,-1.596,-1.793,2.0,8.0,48.0,2.0,34.0,31.0,1.0,0.0
backfill-2015,2015_07_CLE_STL,2015,7,LA,CLE,0.6099,0.6185,6.5,-4.008,-1.722,2.0,3.0,,,24.0,6.0,1.0,1.0
backfill-2015,2015_07_DAL_NYG,2015,7,NYG,DAL,0.5227,0.4963,3.0,5.81,-2.884,2.0,1.0,71.0,14.0,27.0,20.0,1.0,1.0
backfill-2015,2015_07_HOU_MIA,2015,7,MIA,HOU,0.4956,0.5364,4.5,-1.71,1.289,1.0,3.0,84.0,13.0,44.0,26.0,1.0,0.0
backfill-2015,2015_07_MIN_DET,2015,7,DET,MIN,0.4432,0.4459,1.0,-0.548,1.014,2.0,2.0,,,19.0,28.0,0.0,1.0
backfill-2015,2015_07_NO_IND,2015,7,IND,NO,0.6199,0.638,5.5,-0.106,2.516,2.0,3.0,,,21.0,27.0,0.0,0.0
backfill-2015,2015_07_NYJ_NE,2015,7,NE,NYJ,0.8003,0.8025,7.0,7.764,4.68,3.0,2.0,58.0,9.0,30.0,23.0,1.0,1.0
backfill-2015,2015_07_OAK_SD,2015,7,LAC,LV,0.651,0.6541,3.5,1.533,-2.624,4.0,2.0,77.0,4.0,29.0,37.0,0.0,0.0
backfill-2015,2015_07_PHI_CAR,2015,7,CAR,PHI,0.6615,0.6022,3.0,2.457,-1.275,4.0,2.0,71.0,0.0,27.0,16.0,1.0,1.0
backfill-2015,2015_07_PIT_KC,2015,7,KC,PIT,0.3596,0.354,4.0,1.046,3.013,2.0,3.0,58.0,7.0,23.0,13.0,1.0,0.0
backfill-2015,2015_07_TB_WAS,2015,7,WAS,TB,0.594,0.5647,3.0,-0.848,-2.224,5.0,3.0,64.0,5.0,31.0,30.0,1.0,1.0
backfill-2015,2015_07_BAL_ARI,2015,7,ARI,BAL,0.6841,0.6686,10.0,5.671,0.116,2.0,3.0,,,26.0,18.0,1.0,1.0
backfill-2015,2015_08_MIA_NE,2015,8,NE,MIA,0.8562,0.8418,8.0,9.259,-0.374,3.0,0.0,58.0,10.0,36.0,7.0,1.0,1.0
backfill-2015,2015_08_ARI_CLE,2015,8,CLE,ARI,0.2663,0.2534,-7.0,-1.489,5.715,3.0,2.0,58.0,21.0,20.0,34.0,0.0,1.0
backfill-2015,2015_08_CIN_PIT,2015,8,PIT,CIN,0.4435,0.4558,1.0,7.448,3.777,4.0,0.0,62.0,11.0,10.0,16.0,0.0,1.0
backfill-2015,2015_08_DET_KC,2015,8,KC,DET,0.6875,0.6496,3.0,2.338,-0.716,3.0,1.0,50.0,2.0,45.0,10.0,1.0,1.0
backfill-2015,2015_08_GB_DEN,2015,8,DEN,GB,0.5418,0.5119,-2.5,-3.402,6.158,2.0,0.0,61.0,9.0,29.0,10.0,1.0,1.0
backfill-2015,2015_08_MIN_CHI,2015,8,CHI,MIN,0.3346,0.3271,-1.0,0.291,1.538,1.0,4.0,62.0,11.0,20.0,23.0,0.0,1.0
backfill-2015,2015_08_NYG_NO,2015,8,NO,NYG,0.5368,0.5016,3.0,0.679,5.424,3.0,4.0,,,52.0,49.0,1.0,1.0
backfill-2015,2015_08_NYJ_OAK,2015,8,LV,NYJ,0.4013,0.422,-3.0,-0.151,5.39,1.0,4.0,68.0,8.0,34.0,20.0,1.0,0.0
backfill-2015,2015_08_SD_BAL,2015,8,BAL,LAC,0.6972,0.5855,4.5,2.407,2.195,3.0,5.0,63.0,10.0,29.0,26.0,1.0,1.0
backfill-2015,2015_08_SEA_DAL,2015,8,DAL,SEA,0.3576,0.3703,-4.5,-3.566,0.93,1.0,0.0,,,12.0,13.0,0.0,1.0
backfill-2015,2015_08_SF_STL,2015,8,LA,SF,0.5773,0.5631,8.0,-3.685,-0.026,1.0,1.0,,,27.0,6.0,1.0,1.0
backfill-2015,2015_08_TB_ATL,2015,8,ATL,TB,0.7957,0.7753,8.0,1.792,-0.225,2.0,6.0,,,20.0,23.0,0.0,0.0
backfill-2015,2015_08_TEN_HOU,2015,8,HOU,TEN,0.6822,0.7037,3.5,0.356,-3.37,5.0,3.0,,,20.0,6.0,1.0,1.0
backfill-2015,2015_08_IND_CAR,2015,8,CAR,IND,0.7174,0.6984,5.0,0.827,0.2,4.0,4.0,60.0,7.0,29.0,26.0,1.0,1.0
backfill-2015,2015_09_CLE_CIN,2015,9,CIN,CLE,0.8857,0.8648,13.0,3.66,-2.563,1.0,6.0,71.0,4.0,31.0,10.0,1.0,1.0
backfill-2015,2015_09_ATL_SF,2015,9,SF,ATL,0.3399,0.432,-9.5,-6.562,2.186,4.0,4.0,58.0,0.0,17.0,16.0,1.0,0.0
backfill-2015,2015_09_DEN_IND,2015,9,IND,DEN,0.2852,0.2759,-3.5,0.157,-3.186,2.0,2.0,,,27.0,24.0,1.0,0.0
backfill-2015,2015_09_GB_CAR,2015,9,CAR,GB,0.5315,0.5006,-2.0,0.11,4.613,2.0,0.0,57.0,10.0,37.0,29.0,1.0,1.0
backfill-2015,2015_09_JAX_NYJ,2015,9,NYJ,JAX,0.7853,0.7333,7.5,5.643,-1.024,2.0,1.0,56.0,10.0,28.0,23.0,1.0,1.0
backfill-2015,2015_09_MIA_BUF,2015,9,BUF,MIA,0.5066,0.5784,4.0,0.35,-1.134,2.0,3.0,49.0,7.0,33.0,17.0,1.0,1.0
backfill-2015,2015_09_NYG_TB,2015,9,TB,NYG,0.3271,0.3631,-1.5,0.505,6.524,3.0,5.0,80.0,3.0,18.0,32.0,0.0,1.0
backfill-2015,2015_09_OAK_PIT,2015,9,PIT,LV,0.7216,0.6836,6.0,6.179,0.215,2.0,1.0,54.0,5.0,38.0,35.0,1.0,1.0
backfill-2015,2015_09_PHI_DAL,2015,9,DAL,PHI,0.4324,0.4895,-3.0,-3.674,-0.961,0.0,1.0,,,27.0,33.0,0.0,1.0
backfill-2015,2015_09_STL_MIN,2015,9,MIN,LA,0.64,0.6101,2.0,0.728,-3.462,3.0,1.0,51.0,14.0,21.0,18.0,1.0,1.0
backfill-2015,2015_09_TEN_NO,2015,9,NO,TEN,0.8385,0.7964,7.0,3.54,-0.115,5.0,2.0,,,28.0,34.0,0.0,0.0
backfill-2015,2015_09_WAS_NE,2015,9,NE,WAS,0.918,0.9094,13.5,10.79,0.765,4.0,0.0,54.0,12.0,27.0,10.0,1.0,1.0
backfill-2015,2015_09_CHI_SD,2015,9,LAC,CHI,0.695,0.6239,3.5,3.548,1.847,6.0,3.0,63.0,9.0,19.0,22.0,0.0,0.0
backfill-2015,2015_10_BUF_NYJ,2015,10,NYJ,BUF,0.6136,0.5002,2.5,3.502,1.107,5.0,1.0,60.0,16.0,17.0,22.0,0.0,0.0
backfill-2015,2015_10_ARI_SEA,2015,10,SEA,ARI,0.5272,0.5792,3.0,0.231,7.096,1.0,0.0,49.0,0.0,32.0,39.0,0.0,0.0
backfill-2015,2015_10_CAR_TEN,2015,10,TEN,CAR,0.2436,0.1582,-3.5,2.546,0.198,2.0,1.0,57.0,2.0,10.0,27.0,0.0,1.0
backfill-2015,2015_10_CHI_STL,2015,10,LA,CHI,0.6924,0.674,7.5,-3.834,2.464,1.0,1.0,,,13.0,37.0,0.0,0.0
backfill-2015,2015_10_CLE_PIT,2015,10,PIT,CLE,0.8306,0.8013,7.0,1.196,-2.639,4.0,3.0,61.0,12.0,30.0,9.0,1.0,1.0
backfill-2015,2015_10_DAL_TB,2015,10,TB,DAL,0.3726,0.364,-1.0,0.869,-3.612,4.0,2.0,79.0,13.0,10.0,6.0,1.0,0.0
backfill-2015,2015_10_DET_GB,2015,10,GB,DET,0.8545,0.8137,10.5,3.295,-1.709,0.0,1.0,55.0,7.0,16.0,18.0,0.0,0.0
backfill-2015,2015_10_JAX_BAL,2015,10,BAL,JAX,0.8043,0.7527,4.0,2.957,0.277,1.0,1.0,60.0,10.0,20.0,22.0,0.0,0.0
backfill-2015,2015_10_KC_DEN,2015,10,DEN,KC,0.696,0.7242,4.0,-2.191,3.373,1.0,3.0,64.0,5.0,13.0,29.0,0.0,0.0
backfill-2015,2015_10_MIA_PHI,2015,10,PHI,MIA,0.6463,0.6941,5.5,-0.661,-0.686,2.0,2.0,59.0,13.0,19.0,20.0,0.0,0.0
backfill-2015,2015_10_MIN_OAK,2015,10,LV,MIN,0.4714,0.3868,3.0,2.467,0.956,2.0,2.0,62.0,31.0,14.0,30.0,0.0,1.0
backfill-2015,2015_10_NE_NYG,2015,10,NYG,NE,0.2388,0.2383,-7.0,4.824,10.561,5.0,4.0,60.0,8.0,26.0,27.0,0.0,1.0
backfill-2015,2015_10_NO_WAS,2015,10,WAS,NO,0.4298,0.4107,-1.0,0.274,3.259,0.0,4.0,61.0,5.0,47.0,14.0,1.0,0.0
backfill-2015,2015_10_HOU_CIN,2015,10,CIN,HOU,0.8284,0.8089,10.0,5.119,0.902,1.0,2.0,53.0,4.0,6.0,10.0,0.0,0.0
backfill-2015,2015_11_TEN_JAX,2015,11,JAX,TEN,0.5601,0.5735,3.0,-0.086,2.438,4.0,3.0,75.0,5.0,19.0,13.0,1.0,1.0
backfill-2015,2015_11_CIN_ARI,2015,11,ARI,CIN,0.5992,0.5394,4.0,6.566,4.639,2.0,3.0,,,34.0,31.0,1.0,1.0
backfill-2015,2015_11_DAL_MIA,2015,11,MIA,DAL,0.5252,0.5355,-2.5,-1.698,6.426,3.0,3.0,74.0,10.0,14.0,24.0,0.0,0.0
backfill-2015,2015_11_DEN_CHI,2015,11,CHI,DEN,0.3613,0.2893,-2.5,2.343,-0.952,1.0,2.0,29.0,9.0,15.0,17.0,0.0,1.0
backfill-2015,2015_11_GB_MIN,2015,11,MIN,GB,0.5277,0.4948,-1.0,0.322,2.875,0.0,1.0,30.0,8.0,13.0,30.0,0.0,0.0
backfill-2015,2015_11_IND_ATL,2015,11,ATL,IND,0.6332,0.5239,3.5,1.026,0.177,1.0,3.0,,,21.0,24.0,0.0,0.0
backfill-2015,2015_11_KC_SD,2015,11,LAC,KC,0.3354,0.3194,-3.0,3.657,2.014,1.0,2.0,87.0,4.0,3.0,33.0,0.0,1.0
backfill-2015,2015_11_NYJ_HOU,2015,11,HOU,NYJ,0.4909,0.5491,-4.0,-1.044,3.086,2.0,1.0,,,24.0,17.0,1.0,0.0
backfill-2015,2015_11_OAK_DET,2015,11,DET,LV,0.4918,0.5436,-2.0,-1.043,2.183,1.0,2.0,,,18.0,13.0,1.0,0.0
backfill-2015,2015_11_SF_SEA,2015,11,SEA,SF,0.8081,0.756,14.0,0.476,-4.349,2.0,1.0,46.0,6.0,29.0,13.0,1.0,1.0
backfill-2015,2015_11_STL_BAL,2015,11,BAL,LA,0.6777,0.5771,3.0,1.752,-2.885,1.0,1.0,47.0,14.0,16.0,13.0,1.0,1.0
backfill-2015,2015_11_TB_PHI,2015,11,PHI,TB,0.7373,0.7603,7.0,1.061,0.684,3.0,2.0,48.0,15.0,17.0,45.0,0.0,0.0
backfill-2015,2015_11_WAS_CAR,2015,11,CAR,WAS,0.8205,0.8264,7.0,1.924,1.947,3.0,1.0,50.0,8.0,44.0,16.0,1.0,1.0
backfill-2015,2015_11_BUF_NE,2015,11,NE,BUF,0.815,0.809,7.0,10.195,0.457,3.0,1.0,29.0,8.0,20.0,13.0,1.0,1.0
backfill-2015,2015_12_CAR_DAL,2015,12,DAL,CAR,0.2781,0.2962,-1.0,5.87,3.23,2.0,1.0,,,14.0,33.0,0.0,1.0
backfill-2015,2015_12_CHI_GB,2015,12,GB,CHI,0.8114,0.7975,7.5,4.276,2.96,2.0,3.0,39.0,19.0,13.0,17.0,0.0,0.0
backfill-2015,2015_12_PHI_DET,2015,12,DET,PHI,0.453,0.4766,3.0,-1.31,0.391,0.0,2.0,,,45.0,14.0,1.0,0.0
backfill-2015,2015_12_ARI_SF,2015,12,SF,ARI,0.2365,0.2556,-7.5,-4.598,7.818,1.0,2.0,54.0,4.0,13.0,19.0,0.0,1.0
backfill-2015,2015_12_BUF_KC,2015,12,KC,BUF,0.6892,0.6414,4.5,1.635,0.555,4.0,4.0,35.0,7.0,30.0,22.0,1.0,1.0
backfill-2015,2015_12_MIA_NYJ,2015,12,NYJ,MIA,0.6086,0.5728,4.5,2.501,-1.399,2.0,2.0,45.0,5.0,38.0,20.0,1.0,1.0
backfill-2015,2015_12_MIN_ATL,2015,12,ATL,MIN,0.4724,0.4526,2.0,2.375,0.439,3.0,0.0,,,10.0,20.0,0.0,1.0
backfill-2015,2015_12_NE_DEN,2015,12,DEN,NE,0.3612,0.36,-2.5,-0.536,9.109,2.0,3.0,23.0,3.0,30.0,24.0,1.0,0.0
backfill-2015,2015_12_NO_HOU,2015,12,HOU,NO,0.6086,0.6384,3.5,0.931,3.553,0.0,3.0,,,24.0,6.0,1.0,1.0
backfill-2015,2015_12_NYG_WAS,2015,12,WAS,NYG,0.3575,0.3838,-1.0,1.491,4.894,1.0,4.0,46.0,5.0,20.0,14.0,1.0,0.0
backfill-2015,2015_12_OAK_TEN,2015,12,TEN,LV,0.3762,0.3894,-1.0,2.191,3.568,2.0,3.0,56.0,4.0,21.0,24.0,0.0,1.0
backfill-2015,2015_12_PIT_SEA,2015,12,SEA,PIT,0.6119,0.6001,3.0,1.049,4.797,3.0,0.0,38.0,2.0,39.0,30.0,1.0,1.0
backfill-2015,2015_12_SD_JAX,2015,12,JAX,LAC,0.592,0.4886,5.0,0.531,3.22,4.0,2.0,75.0,8.0,25.0,31.0,0.0,0.0
backfill-2015,2015_12_STL_CIN,2015,12,CIN,LA,0.8186,0.7794,10.5,6.49,-5.452,1.0,1.0,41.0,8.0,31.0,7.0,1.0,1.0
backfill-2015,2015_12_TB_IND,2015,12,IND,TB,0.6478,0.677,3.0,0.408,2.213,4.0,3.0,,,25.0,12.0,1.0,1.0
backfill-2015,2015_12_BAL_CLE,2015,12,CLE,BAL,0.401,0.355,6.0,-0.663,-4.333,4.0,4.0,45.0,9.0,27.0,33.0,0.0,1.0
backfill-2015,2015_13_GB_DET,2015,13,DET,GB,0.3185,0.3564,-2.5,0.638,2.074,1.0,1.0,,,23.0,27.0,0.0,1.0
backfill-2015,2015_13_ARI_STL,2015,13,LA,ARI,0.226,0.2361,-3.5,-6.208,7.407,4.0,4.0,,,3.0,27.0,0.0,1.0
backfill-2015,2015_13_ATL_TB,2015,13,TB,ATL,0.4782,0.4704,1.0,3.357,2.456,4.0,2.0,79.0,18.0,23.0,19.0,1.0,0.0
backfill-2015,2015_13_BAL_MIA,2015,13,MIA,BAL,0.4103,0.4168,3.5,-1.416,-3.261,3.0,3.0,80.0,21.0,15.0,13.0,1.0,0.0
backfill-2015,2015_13_CAR_NO,2015,13,NO,CAR,0.1689,0.1906,-5.5,2.157,3.87,2.0,2.0,,,38.0,41.0,0.0,1.0
backfill-2015,2015_13_CIN_CLE,2015,13,CLE,CIN,0.2558,0.1727,-7.5,-2.91,5.92,4.0,2.0,45.0,12.0,3.0,37.0,0.0,1.0
backfill-2015,2015_13_DEN_SD,2015,13,LAC,DEN,0.2836,0.2258,-6.0,3.489,-0.54,2.0,4.0,78.0,4.0,3.0,17.0,0.0,1.0
backfill-2015,2015_13_HOU_BUF,2015,13,BUF,HOU,0.5628,0.5437,3.0,2.591,1.8,4.0,0.0,47.0,8.0,30.0,21.0,1.0,1.0
backfill-2015,2015_13_IND_PIT,2015,13,PIT,IND,0.608,0.5647,10.0,4.576,0.894,1.0,5.0,37.0,2.0,45.0,10.0,1.0,1.0
backfill-2015,2015_13_JAX_TEN,2015,13,TEN,JAX,0.5229,0.4779,3.0,1.417,1.664,2.0,3.0,56.0,1.0,42.0,39.0,1.0,1.0
backfill-2015,2015_13_KC_OAK,2015,13,LV,KC,0.3154,0.2834,-3.0,4.317,1.997,4.0,4.0,57.0,3.0,20.0,34.0,0.0,1.0
backfill-2015,2015_13_NYJ_NYG,2015,13,NYG,NYJ,0.6295,0.568,-2.0,4.395,3.448,3.0,3.0,51.0,8.0,20.0,23.0,0.0,0.0
backfill-2015,2015_13_PHI_NE,2015,13,NE,PHI,0.8524,0.8577,9.5,8.106,-1.703,2.0,1.0,52.0,5.0,28.0,35.0,0.0,0.0
backfill-2015,2015_13_SEA_MIN,2015,13,MIN,SEA,0.4955,0.4487,-2.5,1.681,3.158,2.0,4.0,37.0,3.0,7.0,38.0,0.0,1.0
backfill-2015,2015_13_SF_CHI,2015,13,CHI,SF,0.6593,0.6037,6.0,3.352,-4.32,1.0,2.0,50.0,5.0,20.0,26.0,0.0,0.0
backfill-2015,2015_13_DAL_WAS,2015,13,WAS,DAL,0.6053,0.4856,2.0,2.236,-5.112,1.0,1.0,41.0,0.0,16.0,19.0,0.0,0.0
backfill-2015,2015_14_MIN_ARI,2015,14,ARI,MIN,0.7325,0.7099,10.0,7.714,-0.283,4.0,5.0,,,23.0,20.0,1.0,1.0
backfill-2015,2015_14_ATL_CAR,2015,14,CAR,ATL,0.8448,0.824,8.5,5.541,1.209,2.0,2.0,63.0,6.0,38.0,0.0,1.0,1.0
backfill-2015,2015_14_BUF_PHI,2015,14,PHI,BUF,0.4979,0.4895,1.0,-1.747,3.691,0.0,4.0,66.0,3.0,23.0,20.0,1.0,0.0
backfill-2015,2015_14_DAL_GB,2015,14,GB,DAL,0.7958,0.7283,6.0,1.753,-2.537,1.0,1.0,53.0,10.0,28.0,7.0,1.0,1.0
backfill-2015,2015_14_DET_STL,2015,14,LA,DET,0.4256,0.4514,-3.0,-3.832,0.008,4.0,0.0,,,21.0,14.0,1.0,0.0
backfill-2015,2015_14_IND_JAX,2015,14,JAX,IND,0.295,0.2814,1.0,1.771,0.041,1.0,5.0,79.0,5.0,51.0,16.0,1.0,0.0
backfill-2015,2015_14_NE_HOU,2015,14,HOU,NE,0.3719,0.2691,-4.0,3.098,7.086,0.0,1.0,,,6.0,27.0,0.0,1.0
backfill-2015,2015_14_NO_TB,2015,14,TB,NO,0.5498,0.5944,6.0,3.847,2.032,2.0,2.0,81.0,15.0,17.0,24.0,0.0,0.0
backfill-2015,2015_14_OAK_DEN,2015,14,DEN,LV,0.8196,0.8428,6.0,-0.83,1.269,3.0,2.0,45.0,2.0,12.0,15.0,0.0,0.0
backfill-2015,2015_14_PIT_CIN,2015,14,CIN,PIT,0.6341,0.617,1.0,6.718,5.687,2.0,0.0,63.0,8.0,20.0,33.0,0.0,0.0
backfill-2015,2015_14_SD_KC,2015,14,KC,LAC,0.8535,0.8122,11.5,3.155,2.456,4.0,5.0,61.0,14.0,10.0,3.0,1.0,1.0
backfill-2015,2015_14_SEA_BAL,2015,14,BAL,SEA,0.2953,0.2853,-10.5,-5.805,5.075,3.0,3.0,65.0,2.0,6.0,35.0,0.0,1.0
backfill-2015,2015_14_SF_CLE,2015,14,CLE,SF,0.4337,0.3703,2.5,-2.163,-4.175,3.0,3.0,63.0,11.0,24.0,10.0,1.0,0.0
backfill-2015,2015_14_TEN_NYJ,2015,14,NYJ,TEN,0.8105,0.7732,8.0,4.155,1.996,0.0,4.0,67.0,5.0,30.0,8.0,1.0,1.0
backfill-2015,2015_14_WAS_CHI,2015,14,CHI,WAS,0.5727,0.5747,4.0,2.553,2.146,2.0,3.0,62.0,12.0,21.0,24.0,0.0,0.0
backfill-2015,2015_14_NYG_MIA,2015,14,MIA,NYG,0.4268,0.4593,-2.5,-2.849,3.808,3.0,1.0,77.0,6.0,24.0,31.0,0.0,1.0
backfill-2015,2015_15_TB_STL,2015,15,LA,TB,0.5632,0.5727,1.0,-5.644,4.55,2.0,3.0,,,31.0,23.0,1.0,1.0
backfill-2015,2015_15_NYJ_DAL,2015,15,DAL,NYJ,0.3808,0.4912,-3.0,-3.016,5.963,3.0,1.0,,,16.0,19.0,0.0,1.0
backfill-2015,2015_15_ARI_PHI,2015,15,PHI,ARI,0.2908,0.3142,-3.5,-2.494,7.743,0.0,1.0,37.0,4.0,17.0,40.0,0.0,1.0
backfill-2015,2015_15_ATL_JAX,2015,15,JAX,ATL,0.4657,0.4585,2.0,1.155,-0.544,2.0,1.0,65.0,8.0,17.0,23.0,0.0,1.0
backfill-2015,2015_15_BUF_WAS,2015,15,WAS,BUF,0.4895,0.4203,-2.5,3.091,3.994,2.0,4.0,43.0,3.0,35.0,25.0,1.0,0.0
backfill-2015,2015_15_CAR_NYG,2015,15,NYG,CAR,0.2517,0.2679,-4.5,3.788,5.412,3.0,3.0,41.0,8.0,35.0,38.0,0.0,1.0
backfill-2015,2015_15_CHI_MIN,2015,15,MIN,CHI,0.6988,0.6943,4.0,1.333,2.66,4.0,1.0,36.0,3.0,38.0,17.0,1.0,1.0
backfill-2015,2015_15_CIN_SF,2015,15,SF,CIN,0.3905,0.2692,-7.0,-4.603,-0.86,2.0,4.0,52.0,14.0,14.0,24.0,0.0,1.0
backfill-2015,2015_15_CLE_SEA,2015,15,SEA,CLE,0.9049,0.8881,14.5,7.177,-1.708,3.0,2.0,47.0,10.0,30.0,13.0,1.0,1.0
backfill-2015,2015_15_DEN_PIT,2015,15,PIT,DEN,0.6178,0.5207,7.5,6.509,-0.984,0.0,4.0,41.0,8.0,34.0,27.0,1.0,1.0
backfill-2015,2015_15_GB_OAK,2015,15,LV,GB,0.3293,0.2671,-4.0,-0.978,0.811,2.0,2.0,54.0,18.0,20.0,30.0,0.0,1.0
backfill-2015,2015_15_HOU_IND,2015,15,IND,HOU,0.5304,0.5225,2.5,-0.94,-2.094,3.0,2.0,,,10.0,16.0,0.0,0.0
backfill-2015,2015_15_KC_BAL,2015,15,BAL,KC,0.2888,0.3053,-6.5,-5.071,3.805,4.0,3.0,41.0,5.0,14.0,34.0,0.0,1.0
backfill-2015,2015_15_MIA_SD,2015,15,LAC,MIA,0.5436,0.5391,1.0,3.337,-1.537,2.0,3.0,61.0,11.0,30.0,14.0,1.0,1.0
backfill-2015,2015_15_TEN_NE,2015,15,NE,TEN,0.8986,0.9284,14.5,5.744,0.029,3.0,4.0,40.0,12.0,33.0,16.0,1.0,1.0
backfill-2015,2015_15_DET_NO,2015,15,NO,DET,0.5238,0.5089,2.5,3.741,-0.097,0.0,0.0,,,27.0,35.0,0.0,0.0
backfill-2015,2015_16_SD_OAK,2015,16,LV,LAC,0.5643,0.5444,4.0,-1.734,3.661,2.0,3.0,47.0,25.0,23.0,20.0,1.0,1.0
backfill-2015,2015_16_WAS_PHI,2015,16,PHI,WAS,0.5329,0.585,3.5,-1.743,3.902,0.0,1.0,52.0,6.0,24.0,38.0,0.0,0.0
backfill-2015,2015_16_CAR_ATL,2015,16,ATL,CAR,0.1927,0.2194,-7.0,-1.053,6.927,2.0,2.0,,,20.0,13.0,1.0,0.0
backfill-2015,2015_16_CHI_TB,2015,16,TB,CHI,0.5096,0.522,3.0,5.968,1.173,4.0,2.0,83.0,13.0,21.0,26.0,0.0,0.0
backfill-2015,2015_16_CLE_KC,2015,16,KC,CLE,0.8676,0.8699,11.5,3.633,-1.758,2.0,1.0,36.0,16.0,17.0,13.0,1.0,1.0
backfill-2015,2015_16_DAL_BUF,2015,16,BUF,DAL,0.6577,0.5939,6.5,4.76,-1.203,3.0,3.0,39.0,11.0,16.0,6.0,1.0,1.0
backfill-2015,2015_16_GB_ARI,2015,16,ARI,GB,0.6832,0.6024,6.0,8.362,-0.058,1.0,2.0,,,38.0,8.0,1.0,1.0
backfill-2015,2015_16_HOU_TEN,2015,16,TEN,HOU,0.3284,0.2679,-3.5,-4.366,0.489,1.0,2.0,73.0,15.0,6.0,34.0,0.0,1.0
backfill-2015,2015_16_IND_MIA,2015,16,MIA,IND,0.4837,0.4462,2.5,0.133,-1.256,2.0,2.0,82.0,15.0,12.0,18.0,0.0,1.0
backfill-2015,2015_16_JAX_NO,2015,16,NO,JAX,0.5305,0.5974,2.5,4.088,0.815,1.0,2.0,,,38.0,27.0,1.0,1.0
backfill-2015,2015_16_NE_NYJ,2015,16,NYJ,NE,0.3728,0.2777,-2.5,5.795,5.84,1.0,2.0,57.0,11.0,26.0,20.0,1.0,0.0
backfill-2015,2015_16_NYG_MIN,2015,16,MIN,NYG,0.6437,0.6327,7.0,2.651,3.845,0.0,4.0,13.0,8.0,49.0,17.0,1.0,1.0
backfill-2015,2015_16_PIT_BAL,2015,16,BAL,PIT,0.2461,0.2703,-11.0,-1.947,7.04,2.0,0.0,64.0,9.0,20.0,17.0,1.0,0.0
backfill-2015,2015_16_SF_DET,2015,16,DET,SF,0.6593,0.6434,8.5,0.802,-5.43,0.0,4.0,,,32.0,17.0,1.0,1.0
backfill-2015,2015_16_STL_SEA,2015,16,SEA,LA,0.845,0.83,11.0,9.071,-4.215,3.0,1.0,37.0,0.0,17.0,23.0,0.0,0.0
backfill-2015,2015_16_CIN_DEN,2015,16,DEN,CIN,0.5848,0.5412,3.5,-0.284,-0.211,2.0,3.0,16.0,6.0,20.0,17.0,1.0,1.0
backfill-2015,2015_17_BAL_CIN,2015,17,CIN,BAL,0.7005,0.7329,10.0,0.934,-1.244,2.0,0.0,35.0,7.0,24.0,16.0,1.0,1.0
backfill-2015,2015_17_DET_CHI,2015,17,CHI,DET,0.4485,0.4504,-2.5,1.47,1.962,2.0,2.0,31.0,15.0,20.0,24.0,0.0,1.0
backfill-2015,2015_17_JAX_HOU,2015,17,HOU,JAX,0.7501,0.7599,5.0,1.582,0.984,2.0,3.0,,,30.0,6.0,1.0,1.0
backfill-2015,2015_17_MIN_GB,2015,17,GB,MIN,0.6228,0.6108,3.0,-1.531,2.617,2.0,1.0,24.0,11.0,13.0,20.0,0.0,0.0
backfill-2015,2015_17_NE_MIA,2015,17,MIA,NE,0.2371,0.1532,-10.0,-0.217,5.859,2.0,6.0,80.0,7.0,20.0,10.0,1.0,0.0
backfill-2015,2015_17_NO_ATL,2015,17,ATL,NO,0.6162,0.6431,6.0,0.144,6.604,1.0,3.0,,,17.0,20.0,0.0,0.0
backfill-2015,2015_17_NYJ_BUF,2015,17,BUF,NYJ,0.5028,0.4874,-2.5,2.843,4.955,2.0,0.0,35.0,21.0,22.0,17.0,1.0,1.0
backfill-2015,2015_17_OAK_KC,2015,17,KC,LV,0.8258,0.8086,6.5,4.003,-1.032,0.0,0.0,37.0,9.0,23.0,17.0,1.0,1.0
backfill-2015,2015_17_PHI_NYG,2015,17,NYG,PHI,0.5708,0.5503,4.0,0.199,-1.715,3.0,3.0,45.0,17.0,30.0,35.0,0.0,0.0
backfill-2015,2015_17_PIT_CLE,2015,17,CLE,PIT,0.184,0.1948,-13.0,-3.336,5.212,4.0,0.0,34.0,18.0,12.0,28.0,0.0,1.0
backfill-2015,2015_17_SD_DEN,2015,17,DEN,LAC,0.8283,0.8135,10.0,0.385,3.9,0.0,2.0,50.0,5.0,27.0,20.0,1.0,1.0
backfill-2015,2015_17_SEA_ARI,2015,17,ARI,SEA,0.6635,0.6327,6.0,7.992,9.51,2.0,4.0,,,6.0,36.0,0.0,0.0
backfill-2015,2015_17_STL_SF,2015,17,SF,LA,0.4106,0.3913,-3.0,-3.744,-3.732,4.0,1.0,53.0,6.0,19.0,16.0,1.0,0.0
backfill-2015,2015_17_TB_CAR,2015,17,CAR,TB,0.8344,0.8694,10.0,6.03,5.74,4.0,1.0,54.0,4.0,38.0,10.0,1.0,1.0
backfill-2015,2015_17_TEN_IND,2015,17,IND,TEN,0.7471,0.7733,3.5,-5.047,0.0,3.0,3.0,,,30.0,24.0,1.0,1.0
backfill-2015,2015_17_WAS_DAL,2015,17,DAL,WAS,0.4472,0.4588,3.0,-1.565,5.668,1.0,4.0,,,23.0,34.0,0.0,1.0
backfill-2015,2015_18_KC_HOU,2015,18,HOU,KC,0.3993,0.3527,-3.0,2.438,3.374,0.0,1.0,,,0.0,30.0,0.0,1.0
backfill-2015,2015_18_PIT_CIN,2015,18,CIN,PIT,0.4934,0.5254,-2.0,0.496,3.944,3.0,1.0,51.0,5.0,16.0,18.0,0.0,1.0
backfill-2015,2015_18_GB_WAS,2015,18,WAS,GB,0.5799,0.4246,2.0,7.25,-2.984,0.0,1.0,61.0,14.0,18.0,35.0,0.0,0.0
backfill-2015,2015_18_SEA_MIN,2015,18,MIN,SEA,0.4106,0.4035,-4.0,1.076,10.402,1.0,1.0,-6.0,12.0,9.0,10.0,0.0,1.0
backfill-2015,2015_19_GB_ARI,2015,19,ARI,GB,0.6796,0.6159,7.0,7.575,-1.52,0.0,2.0,,,26.0,20.0,1.0,1.0
backfill-2015,2015_19_KC_NE,2015,19,NE,KC,0.508,0.4721,6.0,4.64,3.289,1.0,2.0,38.0,6.0,27.0,20.0,1.0,1.0
backfill-2015,2015_19_PIT_DEN,2015,19,DEN,PIT,0.5331,0.5372,7.0,-2.736,3.537,0.0,2.0,43.0,9.0,23.0,16.0,1.0,1.0
backfill-2015,2015_19_SEA_CAR,2015,19,CAR,SEA,0.4773,0.5017,2.5,7.51,9.598,1.0,1.0,43.0,7.0,31.0,24.0,1.0,0.0
backfill-2015,2015_20_ARI_CAR,2015,20,CAR,ARI,0.5531,0.5562,3.5,8.268,7.433,1.0,0.0,39.0,4.0,49.0,15.0,1.0,1.0
backfill-2015,2015_20_NE_DEN,2015,20,DEN,NE,0.613,0.5475,-2.5,-2.279,3.938,0.0,0.0,46.0,6.0,20.0,18.0,1.0,1.0
backfill-2015,2015_21_CAR_DEN,2015,21,DEN,CAR,0.4178,0.4587,-4.5,-2.625,8.958,0.0,0.0,76.0,16.0,24.0,10.0,1.0,0.0
backfill-2016,2016_01_CAR_DEN,2016,1,DEN,CAR,0.4902,0.5437,-3.0,0.0,7.152,1.0,1.0,85.0,10.0,21.0,20.0,1.0,0.0
backfill-2016,2016_01_BUF_BAL,2016,1,BAL,BUF,0.4233,0.474,3.0,0.199,3.564,3.0,2.0,84.0,8.0,13.0,7.0,1.0,0.0
backfill-2016,2016_01_CHI_HOU,2016,1,HOU,CHI,0.6287,0.6308,5.5,0.588,0.812,1.0,0.0,,,23.0,14.0,1.0,1.0
backfill-2016,2016_01_CIN_NYJ,2016,1,NYJ,CIN,0.4943,0.4651,1.0,3.404,6.061,3.0,2.0,79.0,17.0,22.0,23.0,0.0,1.0
backfill-2016,2016_01_CLE_PHI,2016,1,PHI,CLE,0.6974,0.6704,3.5,0.0,-3.493,1.0,1.0,85.0,14.0,29.0,10.0,1.0,1.0
backfill-2016,2016_01_DET_IND,2016,1,IND,DET,0.5133,0.5081,2.5,0.194,2.067,4.0,0.0,,,35.0,39.0,0.0,0.0
backfill-2016,2016_01_GB_JAX,2016,1,JAX,GB,0.3565,0.2884,-3.5,-1.158,-1.604,0.0,4.0,90.0,3.0,23.0,27.0,0.0,1.0
backfill-2016,2016_01_MIA_SEA,2016,1,SEA,MIA,0.82,0.779,10.5,9.357,0.115,1.0,2.0,61.0,2.0,12.0,10.0,1.0,1.0
backfill-2016,2016_01_MIN_TEN,2016,1,TEN,MIN,0.3099,0.2498,-2.5,-0.838,-2.628,1.0,2.0,76.0,5.0,16.0,25.0,0.0,1.0
backfill-2016,2016_01_NE_ARI,2016,1,ARI,NE,0.6536,0.5527,9.0,3.861,-1.232,1.0,0.0,,,21.0,23.0,0.0,0.0
backfill-2016,2016_01_NYG_DAL,2016,1,DAL,NYG,0.5361,0.5136,1.0,0.0,0.864,3.0,1.0,,,19.0,20.0,0.0,0.0
backfill-2016,2016_01_OAK_NO,2016,1,NO,LV,0.5577,0.5525,2.5,6.325,-2.571,1.0,1.0,,,34.0,35.0,0.0,0.0
backfill-2016,2016_01_SD_KC,2016,1,KC,LAC,0.7833,0.7638,6.5,2.799,1.834,1.0,0.0,74.0,9.0,33.0,27.0,1.0,1.0
backfill-2016,2016_01_TB_ATL,2016,1,ATL,TB,0.5757,0.6445,2.5,1.374,4.107,1.0,1.0,,,24.0,31.0,0.0,0.0
backfill-2016,2016_01_LA_SF,2016,1,SF,LA,0.4826,0.4743,-2.5,-2.261,-2.403,1.0,3.0,66.0,17.0,28.0,0.0,1.0,0.0
backfill-2016,2016_01_PIT_WAS,2016,1,WAS,PIT,0.4167,0.4146,-2.5,5.93,4.57,0.0,4.0,79.0,4.0,16.0,38.0,0.0,1.0
backfill-2016,2016_02_NYJ_BUF,2016,2,BUF,NYJ,0.5251,0.5209,1.5,2.759,2.812,2.0,3.0,60.0,11.0,31.0,37.0,0.0,0.0
backfill-2016,2016_02_ATL_OAK,2016,2,LV,ATL,0.5576,0.5517,4.0,-2.814,2.392,2.0,2.0,79.0,7.0,28.0,35.0,0.0,0.0
backfill-2016,2016_02_BAL_CLE,2016,2,CLE,BAL,0.4318,0.377,-4.0,0.036,1.263,0.0,2.0,74.0,7.0,20.0,25.0,0.0,1.0
backfill-2016,2016_02_CIN_PIT,2016,2,PIT,CIN,0.6483,0.5855,3.0,5.437,4.887,3.0,1.0,72.0,4.0,24.0,16.0,1.0,1.0
backfill-2016,2016_02_DAL_WAS,2016,2,WAS,DAL,0.6172,0.5925,3.5,6.038,0.485,2.0,3.0,81.0,6.0,23.0,27.0,0.0,0.0
backfill-2016,2016_02_GB_MIN,2016,2,MIN,GB,0.5286,0.5357,-1.5,-1.385,-1.116,3.0,4.0,,,17.0,14.0,1.0,1.0
backfill-2016,2016_02_IND_DEN,2016,2,DEN,IND,0.8027,0.7694,5.0,-0.218,0.462,1.0,5.0,85.0,4.0,34.0,20.0,1.0,1.0
backfill-2016,2016_02_JAX_SD,2016,2,LAC,JAX,0.5549,0.6127,3.0,2.603,-0.579,1.0,2.0,82.0,7.0,38.0,14.0,1.0,1.0
backfill-2016,2016_02_KC_HOU,2016,2,HOU,KC,0.4065,0.4027,-1.0,1.15,3.817,2.0,4.0,,,19.0,12.0,1.0,0.0
backfill-2016,2016_02_MIA_NE,2016,2,NE,MIA,0.7769,0.7705,5.5,-0.157,0.573,2.0,1.0,79.0,10.0,31.0,24.0,1.0,1.0
backfill-2016,2016_02_NO_NYG,2016,2,NYG,NO,0.5425,0.5689,3.5,1.666,7.972,1.0,3.0,80.0,5.0,16.0,13.0,1.0,1.0
backfill-2016,2016_02_SEA_LA,2016,2,LA,SEA,0.2792,0.2892,-5.5,-4.654,9.297,3.0,2.0,88.0,3.0,9.0,3.0,1.0,0.0
backfill-2016,2016_02_SF_CAR,2016,2,CAR,SF,0.7658,0.7505,12.0,6.303,-1.202,0.0,1.0,82.0,4.0,46.0,27.0,1.0,1.0
backfill-2016,2016_02_TB_ARI,2016,2,ARI,TB,0.7274,0.745,7.5,4.6,4.338,2.0,0.0,,,40.0,7.0,1.0,1.0
backfill-2016,2016_02_TEN_DET,2016,2,DET,TEN,0.7844,0.7743,6.0,4.239,-1.358,1.0,2.0,,,15.0,16.0,0.0,0.0
backfill-2016,2016_02_PHI_CHI,2016,2,CHI,PHI,0.4776,0.4269,3.0,-0.448,0.698,0.0,2.0,84.0,5.0,14.0,29.0,0.0,1.0
backfill-2016,2016_03_HOU_NE,2016,3,NE,HOU,0.5992,0.6474,1.0,0.492,0.748,1.0,3.0,68.0,4.0,27.0,0.0,1.0,1.0
backfill-2016,2016_03_ARI_BUF,2016,3,BUF,ARI,0.4096,0.3564,-5.0,3.212,4.876,2.0,3.0,64.0,8.0,33.0,18.0,1.0,0.0
backfill-2016,2016_03_BAL_JAX,2016,3,JAX,BAL,0.4073,0.3326,-1.0,-1.329,0.578,2.0,1.0,88.0,8.0,17.0,19.0,0.0,1.0
backfill-2016,2016_03_CHI_DAL,2016,3,DAL,CHI,0.6171,0.6189,6.5,3.96,-1.97,3.0,4.0,,,31.0,17.0,1.0,1.0
backfill-2016,2016_03_CLE_MIA,2016,3,MIA,CLE,0.6885,0.6289,10.0,1.308,0.0,2.0,5.0,86.0,16.0,30.0,24.0,1.0,1.0
backfill-2016,2016_03_DEN_CIN,2016,3,CIN,DEN,0.5459,0.4159,3.5,4.733,0.217,1.0,3.0,81.0,3.0,17.0,29.0,0.0,0.0
backfill-2016,2016_03_DET_GB,2016,3,GB,DET,0.6096,0.6299,6.0,-2.142,5.403,1.0,3.0,72.0,17.0,34.0,27.0,1.0,1.0
backfill-2016,2016_03_LA_TB,2016,3,TB,LA,0.4701,0.469,3.5,2.484,-4.811,4.0,2.0,91.0,4.0,32.0,37.0,0.0,1.0
backfill-2016,2016_03_MIN_CAR,2016,3,CAR,MIN,0.6649,0.6161,6.0,6.816,-1.178,2.0,2.0,80.0,0.0,10.0,22.0,0.0,0.0
backfill-2016,2016_03_NYJ_KC,2016,3,KC,NYJ,0.6845,0.6241,3.0,2.369,4.37,4.0,1.0,65.0,9.0,24.0,3.0,1.0,1.0
backfill-2016,2016_03_OAK_TEN,2016,3,TEN,LV,0.4437,0.4128,-1.5,-0.766,-2.708,0.0,2.0,89.0,2.0,10.0,17.0,0.0,1.0
backfill-2016,2016_03_PIT_PHI,2016,3,PHI,PIT,0.3977,0.3999,-3.5,0.847,5.432,3.0,3.0,73.0,7.0,34.0,3.0,1.0,0.0
backfill-2016,2016_03_SD_IND,2016,3,IND,LAC,0.5318,0.5412,1.5,-1.249,2.126,4.0,3.0,,,26.0,22.0,1.0,1.0
backfill-2016,2016_03_SF_SEA,2016,3,SEA,SF,0.7568,0.7344,10.5,8.253,-1.716,3.0,1.0,66.0,6.0,37.0,18.0,1.0,1.0
backfill-2016,2016_03_WAS_NYG,2016,3,NYG,WAS,0.5757,0.5871,3.5,0.02,5.11,3.0,1.0,67.0,2.0,27.0,29.0,0.0,0.0
backfill-2016,2016_03_ATL_NO,2016,3,NO,ATL,0.5137,0.4886,2.5,6.143,3.155,2.0,2.0,,,32.0,45.0,0.0,0.0
backfill-2016,2016_04_MIA_CIN,2016,4,CIN,MIA,0.748,0.6859,7.5,3.669,0.77,2.0,6.0,62.0,2.0,22.0,7.0,1.0,1.0
backfill-2016,2016_04_BUF_NE,2016,4,NE,BUF,0.7216,0.7126,3.5,-0.654,3.455,0.0,4.0,56.0,7.0,0.0,16.0,0.0,0.0
backfill-2016,2016_04_CAR_ATL,2016,4,ATL,CAR,0.4148,0.3939,-2.5,3.882,4.323,2.0,3.0,,,48.0,33.0,1.0,0.0
backfill-2016,2016_04_CLE_WAS,2016,4,WAS,CLE,0.7431,0.6992,7.5,6.267,0.09,4.0,7.0,67.0,1.0,31.0,20.0,1.0,1.0
backfill-2016,2016_04_DAL_SF,2016,4,SF,DAL,0.5249,0.4902,-1.0,-2.861,6.481,1.0,2.0,68.0,10.0,17.0,24.0,0.0,0.0
backfill-2016,2016_04_DEN_TB,2016,4,TB,DEN,0.2344,0.2022,-3.5,2.395,2.843,4.0,3.0,88.0,7.0,7.0,27.0,0.0,1.0
backfill-2016,2016_04_DET_CHI,2016,4,CHI,DET,0.3541,0.3853,-3.0,-3.259,6.653,5.0,2.0,62.0,6.0,17.0,14.0,1.0,0.0
backfill-2016,2016_04_IND_JAX,2016,4,JAX,IND,0.4416,0.3759,1.0,-1.814,-0.49,2.0,3.0,59.0,7.0,30.0,27.0,1.0,0.0
backfill-2016,2016_04_KC_PIT,2016,4,PIT,KC,0.5979,0.5014,3.0,3.56,2.404,7.0,2.0,59.0,6.0,43.0,14.0,1.0,1.0
backfill-2016,2016_04_LA_ARI,2016,4,ARI,LA,0.6864,0.6581,10.0,3.376,-3.212,2.0,1.0,,,13.0,17.0,0.0,0.0
backfill-2016,2016_04_NO_SD,2016,4,LAC,NO,0.5228,0.5746,4.0,2.357,4.87,5.0,4.0,74.0,8.0,34.0,35.0,0.0,0.0
backfill-2016,2016_04_OAK_BAL,2016,4,BAL,LV,0.62,0.6229,3.5,-0.783,-1.991,3.0,3.0,65.0,2.0,27.0,28.0,0.0,0.0
backfill-2016,2016_04_SEA_NYJ,2016,4,NYJ,SEA,0.4123,0.3975,-1.0,3.01,7.805,3.0,1.0,61.0,0.0,17.0,27.0,0.0,1.0
backfill-2016,2016_04_TEN_HOU,2016,4,HOU,TEN,0.7617,0.7831,4.0,-0.457,-0.127,4.0,2.0,,,27.0,20.0,1.0,1.0
backfill-2016,2016_04_NYG_MIN,2016,4,MIN,NYG,0.7933,0.7422,3.5,-0.635,0.469,0.0,5.0,,,24.0,10.0,1.0,1.0
backfill-2016,2016_05_ARI_SF,2016,5,SF,ARI,0.4688,0.3558,-3.5,-3.071,-2.202,3.0,3.0,75.0,16.0,21.0,33.0,0.0,1.0
backfill-2016,2016_05_ATL_DEN,2016,5,DEN,ATL,0.6832,0.733,3.5,1.545,5.972,2.0,3.0,72.0,5.0,16.0,23.0,0.0,0.0
backfill-2016,2016_05_BUF_LA,2016,5,LA,BUF,0.51,0.4754,-2.5,-2.238,4.488,0.0,4.0,91.0,5.0,19.0,30.0,0.0,0.0
backfill-2016,2016_05_CHI_IND,2016,5,IND,CHI,0.649,0.6105,4.0,-1.288,-2.106,2.0,5.0,,,29.0,23.0,1.0,1.0
backfill-2016,2016_05_CIN_DAL,2016,5,DAL,CIN,0.4698,0.4517,-2.5,6.813,4.185,2.0,2.0,,,28.0,14.0,1.0,0.0
backfill-2016,2016_05_HOU_MIN,2016,5,MIN,HOU,0.6365,0.6841,6.0,0.781,-0.741,5.0,2.0,,,31.0,13.0,1.0,1.0
backfill-2016,2016_05_NE_CLE,2016,5,CLE,NE,0.2721,0.2043,-10.0,1.006,2.203,6.0,3.0,58.0,13.0,13.0,33.0,0.0,1.0
backfill-2016,2016_05_NYG_GB,2016,5,GB,NYG,0.7655,0.7131,7.0,-0.128,-0.978,2.0,4.0,49.0,7.0,23.0,16.0,1.0,1.0
backfill-2016,2016_05_NYJ_PIT,2016,5,PIT,NYJ,0.7428,0.7106,10.0,3.507,4.054,9.0,6.0,57.0,9.0,31.0,13.0,1.0,1.0
backfill-2016,2016_05_PHI_DET,2016,5,DET,PHI,0.3658,0.405,-3.5,6.314,3.663,4.0,0.0,,,24.0,23.0,1.0,0.0
backfill-2016,2016_05_SD_OAK,2016,5,LV,LAC,0.6162,0.592,3.5,-1.608,3.911,3.0,3.0,75.0,7.0,34.0,31.0,1.0,1.0
backfill-2016,2016_05_TEN_MIA,2016,5,MIA,TEN,0.6948,0.6774,2.5,0.348,-2.157,4.0,3.0,88.0,15.0,17.0,30.0,0.0,0.0
backfill-2016,2016_05_WAS_BAL,2016,5,BAL,WAS,0.5923,0.5778,4.0,0.069,5.711,1.0,4.0,62.0,16.0,10.0,16.0,0.0,0.0
backfill-2016,2016_05_TB_CAR,2016,5,CAR,TB,0.6901,0.7706,6.0,0.825,-0.287,5.0,7.0,66.0,7.0,14.0,17.0,0.0,0.0
backfill-2016,2016_06_DEN_SD,2016,6,LAC,DEN,0.2914,0.2368,-3.0,4.155,2.708,2.0,1.0,70.0,9.0,21.0,13.0,1.0,0.0
backfill-2016,2016_06_ATL_SEA,2016,6,SEA,ATL,0.606,0.6278,7.0,6.703,6.535,2.0,1.0,54.0,10.0,26.0,24.0,1.0,1.0
backfill-2016,2016_06_BAL_NYG,2016,6,NYG,BAL,0.4916,0.493,3.5,-1.149,-0.952,3.0,6.0,66.0,6.0,27.0,23.0,1.0,0.0
backfill-2016,2016_06_CAR_NO,2016,6,NO,CAR,0.4068,0.3631,-2.5,5.596,2.987,3.0,5.0,,,41.0,38.0,1.0,0.0
backfill-2016,2016_06_CIN_NE,2016,6,NE,CIN,0.6264,0.6561,7.5,3.775,3.737,2.0,1.0,66.0,14.0,35.0,17.0,1.0,1.0
backfill-2016,2016_06_CLE_TEN,2016,6,TEN,CLE,0.6178,0.5957,7.5,-1.485,1.313,1.0,5.0,75.0,10.0,28.0,26.0,1.0,1.0
backfill-2016,2016_06_DAL_GB,2016,6,GB,DAL,0.6363,0.6397,5.0,-0.356,6.898,3.0,3.0,69.0,8.0,16.0,30.0,0.0,0.0
backfill-2016,2016_06_IND_HOU,2016,6,HOU,IND,0.5953,0.616,3.0,-1.824,-0.47,5.0,3.0,,,26.0,23.0,1.0,1.0
backfill-2016,2016_06_JAX_CHI,2016,6,CHI,JAX,0.5139,0.5704,2.5,-0.468,-1.091,4.0,0.0,69.0,7.0,16.0,17.0,0.0,0.0
backfill-2016,2016_06_KC_OAK,2016,6,LV,KC,0.3828,0.3916,-1.0,-1.828,1.741,3.0,0.0,61.0,6.0,10.0,26.0,0.0,1.0
backfill-2016,2016_06_LA_DET,2016,6,DET,LA,0.5844,0.5351,2.5,4.766,-2.645,4.0,1.0,,,31.0,28.0,1.0,1.0
backfill-2016,2016_06_PHI_WAS,2016,6,WAS,PHI,0.4421,0.4547,-3.0,5.61,4.408,1.0,0.0,69.0,13.0,27.0,20.0,1.0,0.0
backfill-2016,2016_06_PIT_MIA,2016,6,MIA,PIT,0.2175,0.2168,-7.5,-0.397,4.002,2.0,6.0,81.0,15.0,30.0,15.0,1.0,0.0
backfill-2016,2016_06_SF_BUF,2016,6,BUF,SF,0.7899,0.7722,7.5,3.275,-0.957,1.0,1.0,72.0,22.0,45.0,16.0,1.0,1.0
backfill-2016,2016_06_NYJ_ARI,2016,6,ARI,NYJ,0.6773,0.6671,7.5,2.14,2.862,2.0,1.0,,,28.0,3.0,1.0,1.0
backfill-2016,2016_07_CHI_GB,2016,7,GB,CHI,0.8013,0.7731,7.5,-0.794,-0.338,7.0,6.0,47.0,10.0,26.0,10.0,1.0,1.0
backfill-2016,2016_07_BAL_NYJ,2016,7,NYJ,BAL,0.5152,0.5344,2.0,0.218,-1.417,4.0,7.0,58.0,36.0,24.0,16.0,1.0,1.0
backfill-2016,2016_07_BUF_MIA,2016,7,MIA,BUF,0.3756,0.314,-2.5,0.623,3.084,3.0,3.0,81.0,11.0,28.0,25.0,1.0,0.0
backfill-2016,2016_07_CLE_CIN,2016,7,CIN,CLE,0.8105,0.7858,11.5,5.183,2.52,0.0,5.0,65.0,5.0,31.0,17.0,1.0,1.0
backfill-2016,2016_07_IND_TEN,2016,7,TEN,IND,0.4874,0.4244,4.0,-0.3,0.207,0.0,7.0,68.0,5.0,26.0,34.0,0.0,1.0
backfill-2016,2016_07_MIN_PHI,2016,7,PHI,MIN,0.4111,0.3827,-2.5,3.425,1.394,0.0,3.0,62.0,20.0,21.0,10.0,1.0,0.0
backfill-2016,2016_07_NE_PIT,2016,7,PIT,NE,0.4843,0.4813,-7.5,-2.177,4.846,7.0,0.0,63.0,13.0,16.0,27.0,0.0,1.0
backfill-2016,2016_07_NO_KC,2016,7,KC,NO,0.7518,0.7502,6.0,1.583,8.338,0.0,6.0,68.0,9.0,27.0,21.0,1.0,1.0
backfill-2016,2016_07_NYG_LA,2016,7,LA,NYG,0.5932,0.5639,-3.0,-0.026,-0.081,4.0,3.0,55.0,12.0,10.0,17.0,0.0,0.0
backfill-2016,2016_07_OAK_JAX,2016,7,JAX,LV,0.4348,0.4284,1.5,-1.172,-0.637,0.0,1.0,70.0,6.0,16.0,33.0,0.0,1.0
backfill-2016,2016_07_SD_ATL,2016,7,ATL,LAC,0.7286,0.6905,4.5,7.059,5.277,2.0,3.0,,,30.0,33.0,0.0,0.0
backfill-2016,2016_07_TB_SF,2016,7,SF,TB,0.5066,0.4987,1.0,-1.26,-0.103,1.0,3.0,68.0,5.0,17.0,34.0,0.0,0.0
backfill-2016,2016_07_WAS_DET,2016,7,DET,WAS,0.586,0.5022,-1.0,6.378,4.346,5.0,1.0,,,20.0,17.0,1.0,1.0
backfill-2016,2016_07_HOU_DEN,2016,7,DEN,HOU,0.7324,0.6666,8.5,2.14,-1.36,1.0,4.0,71.0,5.0,27.0,9.0,1.0,1.0
backfill-2016,2016_08_JAX_TEN,2016,8,TEN,JAX,0.5935,0.545,3.0,0.202,-2.403,3.0,0.0,71.0,3.0,36.0,22.0,1.0,1.0
backfill-2016,2016_08_ARI_CAR,2016,8,CAR,ARI,0.5834,0.4612,2.5,2.082,0.541,2.0,3.0,85.0,5.0,30.0,20.0,1.0,1.0
backfill-2016,2016_08_DET_HOU,2016,8,HOU,DET,0.5581,0.5369,1.0,-2.316,8.182,1.0,2.0,,,20.0,13.0,1.0,1.0
backfill-2016,2016_08_GB_ATL,2016,8,ATL,GB,0.5909,0.5044,3.0,7.84,0.366,1.0,4.0,,,33.0,32.0,1.0,1.0
backfill-2016,2016_08_KC_IND,2016,8,IND,KC,0.3921,0.3442,-3.0,0.872,1.843,6.0,3.0,,,14.0,30.0,0.0,1.0
backfill-2016,2016_08_NE_BUF,2016,8,BUF,NE,0.471,0.4318,-5.5,2.655,5.724,3.0,0.0,49.0,9.0,25.0,41.0,0.0,1.0
backfill-2016,2016_08_NYJ_CLE,2016,8,CLE,NYJ,0.3938,0.3036,-2.5,1.728,0.074,2.0,6.0,53.0,15.0,28.0,31.0,0.0,1.0
backfill-2016,2016_08_OAK_TB,2016,8,TB,LV,0.4629,0.4984,1.0,0.464,0.291,2.0,1.0,86.0,15.0,24.0,30.0,0.0,1.0
backfill-2016,2016_08_PHI_DAL,2016,8,DAL,PHI,0.4989,0.5289,5.0,6.952,1.714,2.0,2.0,,,29.0,23.0,1.0,0.0
backfill-2016,2016_08_SD_DEN,2016,8,DEN,LAC,0.7774,0.7465,3.5,2.124,5.757,1.0,3.0,76.0,6.0,27.0,19.0,1.0,1.0
backfill-2016,2016_08_SEA_NO,2016,8,NO,SEA,0.3156,0.2638,-1.0,9.262,2.491,4.0,6.0,,,25.0,20.0,1.0,0.0
backfill-2016,2016_08_MIN_CHI,2016,8,CHI,MIN,0.2259,0.2133,-5.5,-1.824,-0.03,4.0,4.0,58.0,12.0,20.0,10.0,1.0,0.0
backfill-2016,2016_09_ATL_TB,2016,9,TB,ATL,0.2903,0.3681,-4.5,0.075,8.321,4.0,3.0,76.0,2.0,28.0,43.0,0.0,1.0
backfill-2016,2016_09_CAR_LA,2016,9,LA,CAR,0.3917,0.3918,-3.0,-0.741,3.014,1.0,3.0,75.0,2.0,10.0,13.0,0.0,1.0
backfill-2016,2016_09_DAL_CLE,2016,9,CLE,DAL,0.2298,0.1876,-7.0,2.751,6.779,0.0,5.0,58.0,4.0,10.0,35.0,0.0,1.0
backfill-2016,2016_09_DEN_OAK,2016,9,LV,DEN,0.4043,0.3384,1.0,2.764,0.868,1.0,1.0,65.0,6.0,30.0,20.0,1.0,0.0
backfill-2016,2016_09_DET_MIN,2016,9,MIN,DET,0.6422,0.6642,4.0,0.007,7.103,4.0,1.0,,,16.0,22.0,0.0,0.0
backfill-2016,2016_09_IND_GB,2016,9,GB,IND,0.7369,0.6948,7.5,3.415,0.559,4.0,5.0,68.0,7.0,26.0,31.0,0.0,0.0
backfill-2016,2016_09_JAX_KC,2016,9,KC,JAX,0.7724,0.8734,7.0,-6.048,-1.521,4.0,1.0,62.0,7.0,19.0,14.0,1.0,1.0
backfill-2016,2016_09_NO_SF,2016,9,SF,NO,0.3444,0.3956,-5.0,-1.898,8.544,2.0,3.0,70.0,0.0,23.0,41.0,0.0,1.0
backfill-2016,2016_09_NYJ_MIA,2016,9,MIA,NYJ,0.5456,0.494,3.5,0.809,-0.053,3.0,5.0,80.0,14.0,27.0,23.0,1.0,1.0
backfill-2016,2016_09_PHI_NYG,2016,9,NYG,PHI,0.4014,0.4449,3.0,-1.535,1.614,2.0,2.0,56.0,9.0,28.0,23.0,1.0,0.0
backfill-2016,2016_09_PIT_BAL,2016,9,BAL,PIT,0.3333,0.3726,-3.5,-3.119,3.569,4.0,1.0,65.0,15.0,21.0,14.0,1.0,0.0
backfill-2016,2016_09_TEN_SD,2016,9,LAC,TEN,0.5986,0.6669,3.5,2.728,0.719,6.0,1.0,76.0,6.0,43.0,35.0,1.0,1.0
backfill-2016,2016_09_BUF_SEA,2016,9,SEA,BUF,0.6903,0.6261,5.5,1.906,1.442,5.0,3.0,61.0,4.0,31.0,25.0,1.0,1.0
backfill-2016,2016_10_CLE_BAL,2016,10,BAL,CLE,0.7561,0.776,7.5,-4.252,2.544,5.0,1.0,54.0,3.0,28.0,7.0,1.0,1.0
backfill-2016,2016_10_ATL_PHI,2016,10,PHI,ATL,0.5145,0.4901,2.0,0.732,8.921,3.0,3.0,58.0,10.0,24.0,15.0,1.0,1.0
backfill-2016,2016_10_CHI_TB,2016,10,TB,CHI,0.5193,0.5442,-2.5,0.67,-2.194,4.0,1.0,81.0,4.0,36.0,10.0,1.0,1.0
backfill-2016,2016_10_DAL_PIT,2016,10,PIT,DAL,0.4608,0.4647,3.0,3.615,8.359,4.0,2.0,56.0,7.0,30.0,35.0,0.0,1.0
backfill-2016,2016_10_DEN_NO,2016,10,NO,DEN,0.4361,0.3654,3.0,8.539,0.611,2.0,2.0,,,23.0,25.0,0.0,1.0
backfill-2016,2016_10_GB_TEN,2016,10,TEN,GB,0.4524,0.3006,-3.0,1.117,4.839,0.0,4.0,56.0,3.0,47.0,25.0,1.0,0.0
backfill-2016,2016_10_HOU_JAX,2016,10,JAX,HOU,0.315,0.2689,3.0,-1.13,-2.884,1.0,2.0,69.0,10.0,21.0,24.0,0.0,1.0
backfill-2016,2016_10_KC_CAR,2016,10,CAR,KC,0.5201,0.4496,3.0,1.582,2.294,2.0,4.0,45.0,6.0,17.0,20.0,0.0,0.0
backfill-2016,2016_10_LA_NYJ,2016,10,NYJ,LA,0.6199,0.5823,-1.0,0.026,-1.782,5.0,1.0,62.0,7.0,6.0,9.0,0.0,0.0
backfill-2016,2016_10_MIA_SD,2016,10,LAC,MIA,0.5023,0.5592,4.0,2.937,0.465,5.0,1.0,85.0,11.0,24.0,31.0,0.0,0.0
backfill-2016,2016_10_MIN_WAS,2016,10,WAS,MIN,0.5064,0.4839,2.5,3.709,0.811,1.0,2.0,58.0,7.0,26.0,20.0,1.0,1.0
backfill-2016,2016_10_SEA_NE,2016,10,NE,SEA,0.6592,0.616,7.5,7.829,1.679,0.0,2.0,43.0,3.0,24.0,31.0,0.0,0.0
backfill-2016,2016_10_SF_ARI,2016,10,ARI,SF,0.8211,0.8153,14.0,-0.065,-2.06,2.0,1.0,,,23.0,20.0,1.0,1.0
backfill-2016,2016_10_CIN_NYG,2016,10,NYG,CIN,0.4954,0.5219,-1.0,-1.593,5.303,1.0,1.0,56.0,2.0,21.0,20.0,1.0,0.0
backfill-2016,2016_11_NO_CAR,2016,11,CAR,NO,0.6062,0.6538,3.5,1.33,7.007,3.0,2.0,63.0,6.0,23.0,20.0,1.0,1.0
backfill-2016,2016_11_ARI_MIN,2016,11,MIN,ARI,0.5664,0.4913,2.0,1.679,-0.018,1.0,1.0,,,30.0,24.0,1.0,1.0
backfill-2016,2016_11_BAL_DAL,2016,11,DAL,BAL,0.7569,0.7088,7.0,8.732,-3.428,2.0,5.0,,,27.0,17.0,1.0,1.0
backfill-2016,2016_11_BUF_CIN,2016,11,CIN,BUF,0.5126,0.5073,2.5,3.684,2.475,1.0,1.0,36.0,8.0,12.0,16.0,0.0,0.0
backfill-2016,2016_11_CHI_NYG,2016,11,NYG,CHI,0.7516,0.7213,7.0,-0.289,-3.285,2.0,3.0,41.0,10.0,22.0,16.0,1.0,1.0
backfill-2016,2016_11_GB_WAS,2016,11,WAS,GB,0.637,0.6,2.5,3.607,4.537,0.0,4.0,38.0,23.0,42.0,24.0,1.0,1.0
backfill-2016,2016_11_JAX_DET,2016,11,DET,JAX,0.7713,0.7939,5.5,6.539,-2.486,1.0,1.0,,,26.0,19.0,1.0,1.0
backfill-2016,2016_11_MIA_LA,2016,11,LA,MIA,0.4934,0.4953,1.0,0.0,1.316,0.0,4.0,63.0,3.0,10.0,14.0,0.0,1.0
backfill-2016,2016_11_NE_SF,2016,11,SF,NE,0.2014,0.1577,-10.5,-0.152,8.187,1.0,2.0,64.0,6.0,17.0,30.0,0.0,1.0
backfill-2016,2016_11_PHI_SEA,2016,11,SEA,PHI,0.715,0.6735,6.5,3.378,0.918,2.0,1.0,54.0,5.0,26.0,15.0,1.0,1.0
backfill-2016,2016_11_PIT_CLE,2016,11,CLE,PIT,0.2481,0.2217,-8.0,2.013,3.814,0.0,5.0,36.0,27.0,9.0,24.0,0.0,1.0
backfill-2016,2016_11_TB_KC,2016,11,KC,TB,0.7866,0.7987,7.0,1.975,0.857,2.0,3.0,46.0,9.0,17.0,19.0,0.0,0.0
backfill-2016,2016_11_TEN_IND,2016,11,IND,TEN,0.573,0.6401,3.0,1.473,3.326,2.0,0.0,,,24.0,17.0,1.0,1.0
backfill-2016,2016_11_HOU_OAK,2016,11,LV,HOU,0.5875,0.5416,6.5,2.895,-3.351,0.0,3.0,63.0,6.0,27.0,20.0,1.0,1.0
backfill-2016,2016_12_MIN_DET,2016,12,DET,MIN,0.5404,0.5061,2.0,5.764,1.57,0.0,3.0,,,16.0,13.0,1.0,1.0
backfill-2016,2016_12_PIT_IND,2016,12,IND,PIT,0.4428,0.4867,-8.0,-1.896,3.972,2.0,4.0,,,7.0,28.0,0.0,1.0
backfill-2016,2016_12_WAS_DAL,2016,12,DAL,WAS,0.6615,0.6361,5.5,9.465,5.875,2.0,1.0,,,31.0,26.0,1.0,1.0
backfill-2016,2016_12_ARI_ATL,2016,12,ATL,ARI,0.6049,0.5416,3.5,7.755,-1.983,0.0,0.0,,,38.0,19.0,1.0,1.0
backfill-2016,2016_12_CAR_OAK,2016,12,LV,CAR,0.543,0.5192,3.5,4.116,-0.076,1.0,3.0,59.0,12.0,35.0,32.0,1.0,1.0
backfill-2016,2016_12_CIN_BAL,2016,12,BAL,CIN,0.5224,0.5038,3.5,-2.352,2.951,4.0,3.0,50.0,12.0,19.0,14.0,1.0,1.0
backfill-2016,2016_12_JAX_BUF,2016,12,BUF,JAX,0.8085,0.8329,8.5,1.752,-0.641,4.0,4.0,42.0,13.0,28.0,21.0,1.0,1.0
backfill-2016,2016_12_KC_DEN,2016,12,DEN,KC,0.6108,0.5299,3.5,0.814,2.423,1.0,3.0,44.0,21.0,27.0,30.0,0.0,0.0
backfill-2016,2016_12_LA_NO,2016,12,NO,LA,0.5546,0.5783,7.5,6.326,-2.244,1.0,0.0,,,49.0,21.0,1.0,1.0
backfill-2016,2016_12_NE_NYJ,2016,12,NYJ,NE,0.2589,0.266,-9.0,-0.738,7.617,2.0,1.0,47.0,10.0,17.0,22.0,0.0,1.0
backfill-2016,2016_12_NYG_CLE,2016,12,CLE,NYG,0.2075,0.2088,-6.5,-0.467,0.762,1.0,3.0,48.0,10.0,13.0,27.0,0.0,1.0
backfill-2016,2016_12_SD_HOU,2016,12,HOU,LAC,0.6332,0.6229,-2.5,-2.367,2.77,4.0,3.0,,,13.0,21.0,0.0,0.0
backfill-2016,2016_12_SEA_TB,2016,12,TB,SEA,0.3052,0.2602,-5.0,2.552,3.939,1.0,5.0,81.0,6.0,14.0,5.0,1.0,0.0
backfill-2016,2016_12_SF_MIA,2016,12,MIA,SF,0.7675,0.7742,7.0,-0.264,0.61,3.0,0.0,79.0,13.0,31.0,24.0,1.0,1.0
backfill-2016,2016_12_TEN_CHI,2016,12,CHI,TEN,0.4128,0.505,-6.5,-3.237,4.243,3.0,1.0,40.0,11.0,21.0,27.0,0.0,1.0
backfill-2016,2016_12_GB_PHI,2016,12,PHI,GB,0.6393,0.6455,4.0,0.344,6.128,2.0,5.0,47.0,7.0,13.0,27.0,0.0,0.0
backfill-2016,2016_13_DAL_MIN,2016,13,MIN,DAL,0.4202,0.4071,-3.0,-0.043,10.388,4.0,4.0,,,15.0,17.0,0.0,1.0
backfill-2016,2016_13_BUF_OAK,2016,13,LV,BUF,0.5812,0.5448,3.0,3.221,2.303,4.0,3.0,59.0,4.0,38.0,24.0,1.0,1.0
backfill-2016,2016_13_CAR_SEA,2016,13,SEA,CAR,0.6796,0.6512,8.5,3.565,0.479,4.0,4.0,37.0,4.0,40.0,7.0,1.0,1.0
backfill-2016,2016_13_DEN_JAX,2016,13,JAX,DEN,0.1955,0.1722,-3.5,-0.368,0.525,5.0,4.0,70.0,10.0,10.0,20.0,0.0,1.0
backfill-2016,2016_13_DET_NO,2016,13,NO,DET,0.509,0.4789,6.5,6.096,3.995,2.0,0.0,,,13.0,28.0,0.0,0.0
backfill-2016,2016_13_HOU_GB,2016,13,GB,HOU,0.578,0.5717,7.0,7.208,-2.965,4.0,3.0,32.0,8.0,21.0,13.0,1.0,1.0
backfill-2016,2016_13_KC_ATL,2016,13,ATL,KC,0.4981,0.4461,5.0,7.465,1.494,1.0,0.0,,,28.0,29.0,0.0,1.0
backfill-2016,2016_13_LA_NE,2016,13,NE,LA,0.837,0.8363,13.0,7.228,-3.66,2.0,1.0,39.0,8.0,26.0,10.0,1.0,1.0
backfill-2016,2016_13_MIA_BAL,2016,13,BAL,MIA,0.5733,0.5027,3.5,-2.186,1.261,4.0,2.0,47.0,3.0,38.0,6.0,1.0,1.0
backfill-2016,2016_13_NYG_PIT,2016,13,PIT,NYG,0.6247,0.5839,7.0,5.052,0.586,2.0,4.0,43.0,71.0,24.0,14.0,1.0,1.0
backfill-2016,2016_13_PHI_CIN,2016,13,CIN,PHI,0.4635,0.5066,1.0,2.441,0.246,5.0,2.0,42.0,10.0,32.0,14.0,1.0,0.0
backfill-2016,2016_13_SF_CHI,2016,13,CHI,SF,0.582,0.5889,-0.0,-3.097,0.768,1.0,0.0,33.0,5.0,26.0,6.0,1.0,1.0
backfill-2016,2016_13_TB_SD,2016,13,LAC,TB,0.5361,0.5288,3.5,2.58,2.459,3.0,2.0,72.0,7.0,21.0,28.0,0.0,0.0
backfill-2016,2016_13_WAS_ARI,2016,13,ARI,WAS,0.5507,0.5138,2.5,-0.456,7.926,1.0,2.0,,,31.0,23.0,1.0,1.0
backfill-2016,2016_13_IND_NYJ,2016,13,NYJ,IND,0.5465,0.5169,1.0,0.078,1.423,4.0,3.0,45.0,6.0,10.0,41.0,0.0,0.0
backfill-2016,2016_14_OAK_KC,2016,14,KC,LV,0.6529,0.6279,3.5,1.677,3.148,0.0,3.0,21.0,7.0,21.0,13.0,1.0,1.0
backfill-2016,2016_14_ARI_MIA,2016,14,MIA,ARI,0.4694,0.4557,-2.0,-0.616,0.015,4.0,1.0,77.0,18.0,26.0,23.0,1.0,0.0
backfill-2016,2016_14_ATL_LA,2016,14,LA,ATL,0.2878,0.3192,-4.5,-5.683,5.6,1.0,2.0,65.0,1.0,14.0,42.0,0.0,1.0
backfill-2016,2016_14_CHI_DET,2016,14,DET,CHI,0.785,0.7844,7.5,5.039,-2.135,1.0,2.0,,,20.0,17.0,1.0,1.0
backfill-2016,2016_14_CIN_CLE,2016,14,CLE,CIN,0.2437,0.212,-4.0,-3.954,4.135,0.0,5.0,28.0,15.0,10.0,23.0,0.0,1.0
backfill-2016,2016_14_DAL_NYG,2016,14,NYG,DAL,0.3371,0.3614,-3.5,-0.962,8.641,3.0,3.0,32.0,0.0,10.0,7.0,1.0,0.0
backfill-2016,2016_14_DEN_TEN,2016,14,TEN,DEN,0.2846,0.2767,2.0,4.898,2.318,0.0,2.0,50.0,5.0,13.0,10.0,1.0,0.0
backfill-2016,2016_14_HOU_IND,2016,14,IND,HOU,0.6202,0.5889,6.5,2.202,-2.673,5.0,5.0,,,17.0,22.0,0.0,0.0
backfill-2016,2016_14_MIN_JAX,2016,14,JAX,MIN,0.2683,0.2334,-3.0,-1.838,-0.614,5.0,3.0,71.0,5.0,16.0,25.0,0.0,1.0
backfill-2016,2016_14_NO_TB,2016,14,TB,NO,0.5669,0.6098,2.0,4.912,5.59,4.0,0.0,79.0,9.0,16.0,11.0,1.0,1.0
backfill-2016,2016_14_NYJ_SF,2016,14,SF,NYJ,0.4334,0.3768,3.0,-0.966,-2.408,1.0,6.0,54.0,8.0,17.0,23.0,0.0,1.0
backfill-2016,2016_14_PIT_BUF,2016,14,BUF,PIT,0.4569,0.4802,-1.0,0.9,4.794,1.0,3.0,27.0,9.0,20.0,27.0,0.0,1.0
backfill-2016,2016_14_SD_CAR,2016,14,CAR,LAC,0.6357,0.6367,1.0,0.361,1.799,3.0,1.0,37.0,6.0,28.0,16.0,1.0,1.0
backfill-2016,2016_14_SEA_GB,2016,14,GB,SEA,0.3784,0.3575,-3.0,7.741,3.963,2.0,4.0,26.0,5.0,38.0,10.0,1.0,0.0
backfill-2016,2016_14_WAS_PHI,2016,14,PHI,WAS,0.4617,0.48,-1.5,0.062,7.644,1.0,3.0,35.0,3.0,22.0,27.0,0.0,1.0
backfill-2016,2016_14_BAL_NE,2016,14,NE,BAL,0.783,0.742,6.0,7.587,-1.419,1.0,3.0,31.0,3.0,30.0,23.0,1.0,1.0
backfill-2016,2016_15_LA_SEA,2016,15,SEA,LA,0.8463,0.8111,15.0,1.227,-7.126,2.0,4.0,36.0,5.0,24.0,3.0,1.0,1.0
backfill-2016,2016_15_MIA_NYJ,2016,15,NYJ,MIA,0.3872,0.4363,-2.5,-2.204,0.458,6.0,1.0,35.0,5.0,13.0,34.0,0.0,1.0
backfill-2016,2016_15_CLE_BUF,2016,15,BUF,CLE,0.8392,0.8539,10.5,1.342,-4.074,2.0,0.0,26.0,15.0,33.0,13.0,1.0,1.0
backfill-2016,2016_15_DET_NYG,2016,15,NYG,DET,0.5728,0.486,4.0,-2.822,3.392,1.0,2.0,55.0,1.0,17.0,6.0,1.0,1.0
backfill-2016,2016_15_GB_CHI,2016,15,CHI,GB,0.2492,0.2709,-4.5,-1.593,7.665,2.0,2.0,11.0,12.0,27.0,30.0,0.0,1.0
backfill-2016,2016_15_IND_MIN,2016,15,MIN,IND,0.6793,0.6302,5.0,0.891,2.571,4.0,4.0,,,6.0,34.0,0.0,0.0
backfill-2016,2016_15_JAX_HOU,2016,15,HOU,JAX,0.8172,0.7943,3.5,-2.115,-0.977,4.0,3.0,,,21.0,20.0,1.0,1.0
backfill-2016,2016_15_NE_DEN,2016,15,DEN,NE,0.5237,0.4039,-3.0,2.597,7.912,2.0,1.0,18.0,9.0,3.0,16.0,0.0,0.0
backfill-2016,2016_15_NO_ARI,2016,15,ARI,NO,0.6468,0.6425,3.0,-2.167,5.311,1.0,2.0,,,41.0,48.0,0.0,0.0
backfill-2016,2016_15_OAK_SD,2016,15,LAC,LV,0.3552,0.3637,-2.5,0.579,1.222,2.0,3.0,62.0,5.0,16.0,19.0,0.0,1.0
backfill-2016,2016_15_PHI_BAL,2016,15,BAL,PHI,0.6069,0.6182,5.0,-0.239,-0.903,1.0,2.0,62.0,9.0,27.0,26.0,1.0,1.0
backfill-2016,2016_15_PIT_CIN,2016,15,CIN,PIT,0.4012,0.426,-3.0,4.613,3.562,2.0,2.0,24.0,8.0,20.0,24.0,0.0,1.0
backfill-2016,2016_15_SF_ATL,2016,15,ATL,SF,0.8749,0.8774,13.5,6.156,-0.622,5.0,2.0,,,41.0,13.0,1.0,1.0
backfill-2016,2016_15_TB_DAL,2016,15,DAL,TB,0.6771,0.671,7.0,5.493,5.359,3.0,1.0,,,26.0,20.0,1.0,1.0
backfill-2016,2016_15_TEN_KC,2016,15,KC,TEN,0.7355,0.8158,6.0,2.745,4.975,2.0,1.0,1.0,5.0,17.0,19.0,0.0,0.0
backfill-2016,2016_15_CAR_WAS,2016,15,WAS,CAR,0.5477,0.5288,7.0,7.614,-1.228,2.0,2.0,32.0,8.0,15.0,26.0,0.0,0.0
backfill-2016,2016_16_NYG_PHI,2016,16,PHI,NYG,0.3958,0.396,2.0,-2.171,-1.453,0.0,2.0,40.0,10.0,24.0,19.0,1.0,0.0
backfill-2016,2016_16_ARI_SEA,2016,16,SEA,ARI,0.7184,0.7044,9.0,0.718,-0.19,1.0,2.0,39.0,2.0,31.0,34.0,0.0,0.0
backfill-2016,2016_16_ATL_CAR,2016,16,CAR,ATL,0.4569,0.5118,-3.0,-0.105,5.938,1.0,2.0,56.0,5.0,16.0,33.0,0.0,1.0
backfill-2016,2016_16_CIN_HOU,2016,16,HOU,CIN,0.5646,0.521,3.0,-1.728,4.286,0.0,4.0,,,12.0,10.0,1.0,1.0
backfill-2016,2016_16_IND_OAK,2016,16,LV,IND,0.6136,0.6267,3.5,0.815,4.173,3.0,1.0,50.0,9.0,33.0,25.0,1.0,1.0
backfill-2016,2016_16_MIA_BUF,2016,16,BUF,MIA,0.5597,0.5459,4.5,1.059,1.173,2.0,3.0,38.0,13.0,31.0,34.0,0.0,0.0
backfill-2016,2016_16_MIN_GB,2016,16,GB,MIN,0.705,0.6536,6.0,7.651,-0.404,2.0,4.0,37.0,8.0,38.0,25.0,1.0,1.0
backfill-2016,2016_16_NYJ_NE,2016,16,NE,NYJ,0.8803,0.877,17.0,8.572,-3.463,1.0,3.0,40.0,6.0,41.0,3.0,1.0,1.0
backfill-2016,2016_16_SD_CLE,2016,16,CLE,LAC,0.2921,0.2714,-4.5,-3.937,0.193,0.0,2.0,38.0,13.0,20.0,17.0,1.0,0.0
backfill-2016,2016_16_SF_LA,2016,16,LA,SF,0.6735,0.6868,6.0,-7.061,0.644,3.0,2.0,59.0,6.0,21.0,22.0,0.0,0.0
backfill-2016,2016_16_TB_NO,2016,16,NO,TB,0.4797,0.4936,3.0,5.805,6.254,1.0,3.0,,,31.0,24.0,1.0,0.0
backfill-2016,2016_16_TEN_JAX,2016,16,JAX,TEN,0.3018,0.3027,-4.0,-2.788,5.179,6.0,1.0,67.0,5.0,38.0,17.0,1.0,0.0
backfill-2016,2016_16_WAS_CHI,2016,16,CHI,WAS,0.3622,0.3321,-3.0,-1.059,7.018,2.0,2.0,37.0,1.0,21.0,41.0,0.0,1.0
backfill-2016,2016_16_BAL_PIT,2016,16,PIT,BAL,0.7152,0.674,5.5,5.213,-0.499,3.0,2.0,41.0,9.0,31.0,27.0,1.0,1.0
backfill-2016,2016_16_DEN_KC,2016,16,KC,DEN,0.6919,0.6471,3.5,1.794,1.312,1.0,4.0,53.0,9.0,33.0,10.0,1.0,1.0
backfill-2016,2016_16_DET_DAL,2016,16,DAL,DET,0.7201,0.6659,6.5,5.621,3.521,5.0,3.0,,,42.0,21.0,1.0,1.0
backfill-2016,2016_17_ARI_LA,2016,17,LA,ARI,0.3296,0.3284,-7.0,-7.725,0.623,3.0,1.0,59.0,0.0,6.0,44.0,0.0,1.0
backfill-2016,2016_17_BAL_CIN,2016,17,CIN,BAL,0.5611,0.5246,-2.5,3.313,0.642,4.0,2.0,40.0,6.0,27.0,10.0,1.0,1.0
backfill-2016,2016_17_BUF_NYJ,2016,17,NYJ,BUF,0.42,0.3708,-3.5,-1.073,-2.293,5.0,2.0,42.0,11.0,30.0,10.0,1.0,0.0
backfill-2016,2016_17_CAR_TB,2016,17,TB,CAR,0.5049,0.4748,3.5,6.252,-1.101,1.0,2.0,81.0,6.0,17.0,16.0,1.0,1.0
backfill-2016,2016_17_CHI_MIN,2016,17,MIN,CHI,0.6775,0.7238,6.0,-0.828,-1.402,5.0,1.0,,,38.0,10.0,1.0,1.0
backfill-2016,2016_17_CLE_PIT,2016,17,PIT,CLE,0.8761,0.9088,3.5,-1.972,-4.287,3.0,1.0,41.0,1.0,27.0,24.0,1.0,1.0
backfill-2016,2016_17_DAL_PHI,2016,17,PHI,DAL,0.3594,0.298,6.5,-1.766,0.921,1.0,7.0,50.0,10.0,27.0,13.0,1.0,0.0
backfill-2016,2016_17_GB_DET,2016,17,DET,GB,0.4746,0.4478,-3.5,3.191,8.814,2.0,1.0,,,24.0,31.0,0.0,1.0
backfill-2016,2016_17_HOU_TEN,2016,17,TEN,HOU,0.4371,0.4124,3.0,-2.821,-3.179,0.0,4.0,52.0,7.0,24.0,17.0,1.0,0.0
backfill-2016,2016_17_JAX_IND,2016,17,IND,JAX,0.7208,0.7687,5.5,5.338,-1.488,2.0,1.0,,,24.0,20.0,1.0,1.0
backfill-2016,2016_17_KC_SD,2016,17,LAC,KC,0.2339,0.2178,-5.5,-0.466,2.479,3.0,1.0,59.0,10.0,27.0,37.0,0.0,1.0
backfill-2016,2016_17_NE_MIA,2016,17,MIA,NE,0.3437,0.3012,-7.5,1.196,7.433,3.0,3.0,80.0,15.0,14.0,35.0,0.0,1.0
backfill-2016,2016_17_NO_ATL,2016,17,ATL,NO,0.7028,0.7045,7.5,6.312,4.711,2.0,1.0,,,38.0,32.0,1.0,1.0
backfill-2016,2016_17_NYG_WAS,2016,17,WAS,NYG,0.5535,0.5357,10.0,7.781,-1.168,3.0,2.0,53.0,1.0,10.0,19.0,0.0,0.0
backfill-2016,2016_17_OAK_DEN,2016,17,DEN,LV,0.5634,0.4709,1.0,-0.92,-2.481,5.0,3.0,45.0,9.0,24.0,6.0,1.0,1.0
backfill-2016,2016_17_SEA_SF,2016,17,SF,SEA,0.2477,0.159,-11.5,1.295,0.525,2.0,1.0,54.0,5.0,23.0,25.0,0.0,1.0
backfill-2016,2016_18_DET_SEA,2016,18,SEA,DET,0.6685,0.6713,8.0,1.65,2.468,2.0,0.0,38.0,7.0,26.0,6.0,1.0,1.0
backfill-2016,2016_18_OAK_HOU,2016,18,HOU,LV,0.5045,0.4149,4.0,-1.208,-3.279,2.0,3.0,,,27.0,14.0,1.0,1.0
backfill-2016,2016_18_MIA_PIT,2016,18,PIT,MIA,0.7286,0.6853,11.0,3.881,1.728,2.0,2.0,17.0,16.0,30.0,12.0,1.0,1.0
backfill-2016,2016_18_NYG_GB,2016,18,GB,NYG,0.6173,0.6145,5.0,9.394,-2.489,2.0,1.0,14.0,7.0,38.0,13.0,1.0,1.0
backfill-2016,2016_19_HOU_NE,2016,19,NE,HOU,0.8477,0.8126,16.0,7.426,-1.413,0.0,0.0,28.0,6.0,34.0,16.0,1.0,1.0
backfill-2016,2016_19_SEA_ATL,2016,19,ATL,SEA,0.66,0.5645,6.5,7.13,2.709,0.0,0.0,,,36.0,20.0,1.0,1.0
backfill-2016,2016_19_GB_DAL,2016,19,DAL,GB,0.5061,0.5134,5.5,5.873,9.019,0.0,3.0,,,31.0,34.0,0.0,0.0
backfill-2016,2016_19_PIT_KC,2016,19,KC,PIT,0.6416,0.5861,2.5,3.13,2.734,0.0,2.0,33.0,9.0,16.0,18.0,0.0,0.0
backfill-2016,2016_20_GB_ATL,2016,20,ATL,GB,0.5875,0.5583,6.5,7.694,9.73,0.0,2.0,,,44.0,21.0,1.0,1.0
backfill-2016,2016_20_PIT_NE,2016,20,NE,PIT,0.6905,0.6598,5.5,6.055,2.828,0.0,0.0,41.0,10.0,36.0,17.0,1.0,1.0
backfill-2016,2016_21_NE_ATL,2016,21,ATL,NE,0.5269,0.4375,-3.0,9.411,5.458,0.0,0.0,,,28.0,34.0,0.0,0.0
backfill-2017,2017_01_KC_NE,2017,1,NE,KC,0.6834,0.6508,8.0,5.506,1.994,1.0,2.0,63.0,8.0,27.0,42.0,0.0,0.0
backfill-2017,2017_01_ARI_DET,2017,1,DET,ARI,0.4924,0.4916,-2.5,0.978,0.786,0.0,1.0,,,35.0,23.0,1.0,0.0
backfill-2017,2017_01_ATL_CHI,2017,1,CHI,ATL,0.2053,0.2381,-6.5,-1.212,8.421,1.0,1.0,64.0,10.0,17.0,23.0,0.0,1.0
backfill-2017,2017_01_BAL_CIN,2017,1,CIN,BAL,0.6072,0.5824,2.5,2.473,-0.17,2.0,2.0,68.0,9.0,0.0,20.0,0.0,0.0
backfill-2017,2017_01_CAR_SF,2017,1,SF,CAR,0.2929,0.3045,-4.5,-0.812,-2.066,1.0,3.0,87.0,8.0,3.0,23.0,0.0,1.0
backfill-2017,2017_01_IND_LA,2017,1,LA,IND,0.4663,0.3831,3.5,-8.647,-3.07,0.0,5.0,90.0,2.0,46.0,9.0,1.0,0.0
backfill-2017,2017_01_JAX_HOU,2017,1,HOU,JAX,0.7136,0.7015,5.5,-2.955,-0.93,2.0,1.0,,,7.0,29.0,0.0,0.0
backfill-2017,2017_01_NYG_DAL,2017,1,DAL,NYG,0.6602,0.6035,6.0,6.145,-2.652,1.0,1.0,,,19.0,3.0,1.0,1.0
backfill-2017,2017_01_NYJ_BUF,2017,1,BUF,NYJ,0.6138,0.5826,7.0,2.961,-2.451,2.0,2.0,65.0,6.0,21.0,12.0,1.0,1.0
backfill-2017,2017_01_OAK_TEN,2017,1,TEN,LV,0.4669,0.4482,2.5,4.432,1.156,1.0,2.0,72.0,7.0,16.0,26.0,0.0,1.0
backfill-2017,2017_01_PHI_WAS,2017,1,WAS,PHI,0.5517,0.5313,-2.0,7.445,-0.607,0.0,0.0,67.0,5.0,17.0,30.0,0.0,0.0
backfill-2017,2017_01_PIT_CLE,2017,1,CLE,PIT,0.2112,0.2134,-10.0,0.0,3.878,1.0,1.0,63.0,11.0,18.0,21.0,0.0,1.0
backfill-2017,2017_01_SEA_GB,2017,1,GB,SEA,0.6245,0.567,2.5,10.211,1.893,1.0,1.0,71.0,11.0,17.0,9.0,1.0,1.0
backfill-2017,2017_01_LAC_DEN,2017,1,DEN,LAC,0.6783,0.6993,3.0,-0.774,-0.487,4.0,1.0,73.0,12.0,24.0,21.0,1.0,1.0
backfill-2017,2017_01_NO_MIN,2017,1,MIN,NO,0.603,0.5443,3.0,1.745,4.183,1.0,3.0,,,29.0,19.0,1.0,1.0
backfill-2017,2017_02_HOU_CIN,2017,2,CIN,HOU,0.6696,0.5819,5.5,-0.638,-3.751,2.0,7.0,69.0,2.0,9.0,13.0,0.0,0.0
backfill-2017,2017_02_ARI_IND,2017,2,IND,ARI,0.4755,0.4842,-7.0,-1.069,0.082,6.0,4.0,,,13.0,16.0,0.0,1.0
backfill-2017,2017_02_BUF_CAR,2017,2,CAR,BUF,0.5851,0.6039,6.5,-2.233,2.899,0.0,1.0,83.0,5.0,9.0,3.0,1.0,1.0
backfill-2017,2017_02_CHI_TB,2017,2,TB,CHI,0.7558,0.7142,7.0,4.313,-1.122,1.0,1.0,88.0,7.0,29.0,7.0,1.0,1.0
backfill-2017,2017_02_CLE_BAL,2017,2,BAL,CLE,0.7854,0.7839,7.5,1.057,-0.201,3.0,2.0,80.0,2.0,24.0,10.0,1.0,1.0
backfill-2017,2017_02_DAL_DEN,2017,2,DEN,DAL,0.5497,0.5018,-2.5,-0.06,4.875,4.0,2.0,72.0,5.0,42.0,17.0,1.0,1.0
backfill-2017,2017_02_GB_ATL,2017,2,ATL,GB,0.6377,0.5751,3.5,9.719,8.563,0.0,2.0,,,34.0,23.0,1.0,1.0
backfill-2017,2017_02_MIA_LAC,2017,2,LAC,MIA,0.4171,0.4358,3.5,-0.714,-3.222,3.0,1.0,71.0,7.0,17.0,19.0,0.0,1.0
backfill-2017,2017_02_MIN_PIT,2017,2,PIT,MIN,0.6778,0.6519,8.5,3.134,-2.932,1.0,0.0,78.0,1.0,26.0,9.0,1.0,1.0
backfill-2017,2017_02_NE_NO,2017,2,NO,NE,0.3975,0.3047,-5.5,4.102,5.154,2.0,4.0,,,20.0,36.0,0.0,1.0
backfill-2017,2017_02_NYJ_OAK,2017,2,LV,NYJ,0.7286,0.6916,14.0,2.478,-4.445,0.0,6.0,70.0,6.0,45.0,20.0,1.0,1.0
backfill-2017,2017_02_PHI_KC,2017,2,KC,PHI,0.7352,0.6855,4.0,2.459,-0.412,2.0,2.0,68.0,7.0,27.0,20.0,1.0,1.0
backfill-2017,2017_02_SF_SEA,2017,2,SEA,SF,0.8132,0.8013,13.5,-0.008,-2.508,1.0,1.0,65.0,12.0,12.0,9.0,1.0,1.0
backfill-2017,2017_02_TEN_JAX,2017,2,JAX,TEN,0.546,0.5315,-1.0,-1.707,3.778,1.0,2.0,84.0,10.0,16.0,37.0,0.0,0.0
backfill-2017,2017_02_WAS_LA,2017,2,LA,WAS,0.4357,0.4955,3.0,-6.917,5.838,0.0,0.0,74.0,3.0,20.0,27.0,0.0,1.0
backfill-2017,2017_02_DET_NYG,2017,2,NYG,DET,0.5141,0.5191,3.0,-3.098,0.874,1.0,0.0,72.0,5.0,10.0,24.0,0.0,0.0
backfill-2017,2017_03_LA_SF,2017,3,SF,LA,0.4702,0.4107,-3.0,-2.37,-6.405,2.0,0.0,68.0,13.0,39.0,41.0,0.0,1.0
backfill-2017,2017_03_ATL_DET,2017,3,DET,ATL,0.3757,0.4061,-3.0,1.176,10.078,3.0,4.0,,,26.0,30.0,0.0,1.0
backfill-2017,2017_03_BAL_JAX,2017,3,JAX,BAL,0.382,0.3462,-3.0,-2.549,1.945,2.0,4.0,70.0,10.0,44.0,7.0,1.0,0.0
backfill-2017,2017_03_CIN_GB,2017,3,GB,CIN,0.663,0.7034,7.0,7.129,-1.775,7.0,3.0,89.0,8.0,27.0,24.0,1.0,1.0
backfill-2017,2017_03_CLE_IND,2017,3,IND,CLE,0.7126,0.7139,1.0,-1.683,-3.21,7.0,3.0,,,31.0,28.0,1.0,1.0
backfill-2017,2017_03_DEN_BUF,2017,3,BUF,DEN,0.4339,0.3889,-3.5,2.158,0.202,3.0,2.0,83.0,5.0,26.0,16.0,1.0,0.0
backfill-2017,2017_03_HOU_NE,2017,3,NE,HOU,0.799,0.7834,13.5,7.097,-2.917,1.0,3.0,84.0,4.0,36.0,33.0,1.0,1.0
backfill-2017,2017_03_KC_LAC,2017,3,LAC,KC,0.2535,0.2305,-3.0,1.904,3.33,2.0,2.0,84.0,5.0,10.0,24.0,0.0,1.0
backfill-2017,2017_03_MIA_NYJ,2017,3,NYJ,MIA,0.4035,0.4041,-5.5,-2.624,-1.926,4.0,2.0,88.0,5.0,20.0,6.0,1.0,0.0
backfill-2017,2017_03_NO_CAR,2017,3,CAR,NO,0.6798,0.6774,5.5,-2.07,3.281,2.0,4.0,82.0,6.0,13.0,34.0,0.0,0.0
backfill-2017,2017_03_NYG_PHI,2017,3,PHI,NYG,0.6226,0.6182,5.0,0.918,-3.101,4.0,3.0,89.0,6.0,27.0,24.0,1.0,1.0
backfill-2017,2017_03_OAK_WAS,2017,3,WAS,LV,0.4907,0.4472,-3.5,4.373,3.875,0.0,0.0,76.0,0.0,27.0,10.0,1.0,0.0
backfill-2017,2017_03_PIT_CHI,2017,3,CHI,PIT,0.2534,0.2106,-7.0,-1.077,3.045,2.0,2.0,89.0,5.0,23.0,17.0,1.0,0.0
backfill-2017,2017_03_SEA_TEN,2017,3,TEN,SEA,0.4471,0.4249,2.0,4.176,-0.598,2.0,1.0,88.0,4.0,33.0,27.0,1.0,0.0
backfill-2017,2017_03_TB_MIN,2017,3,MIN,TB,0.5041,0.5138,-0.0,-1.868,4.941,1.0,3.0,,,34.0,17.0,1.0,1.0
backfill-2017,2017_03_DAL_ARI,2017,3,ARI,DAL,0.488,0.485,-3.0,0.502,2.389,2.0,3.0,,,17.0,28.0,0.0,1.0
backfill-2017,2017_04_CHI_GB,2017,4,GB,CHI,0.8227,0.786,7.5,6.473,-1.756,3.0,2.0,65.0,5.0,35.0,14.0,1.0,1.0
backfill-2017,2017_04_BUF_ATL,2017,4,ATL,BUF,0.7332,0.7288,8.0,9.917,3.095,5.0,1.0,,,17.0,23.0,0.0,0.0
backfill-2017,2017_04_CAR_NE,2017,4,NE,CAR,0.7924,0.7456,9.0,7.948,-3.323,1.0,5.0,61.0,6.0,30.0,33.0,0.0,0.0
backfill-2017,2017_04_CIN_CLE,2017,4,CLE,CIN,0.3817,0.3469,-3.0,-3.109,-1.209,1.0,4.0,63.0,6.0,7.0,31.0,0.0,1.0
backfill-2017,2017_04_DET_MIN,2017,4,MIN,DET,0.5288,0.5323,2.5,-0.273,0.741,1.0,2.0,,,7.0,14.0,0.0,0.0
backfill-2017,2017_04_IND_SEA,2017,4,SEA,IND,0.695,0.6434,12.5,1.082,-0.403,1.0,6.0,61.0,8.0,46.0,18.0,1.0,1.0
backfill-2017,2017_04_JAX_NYJ,2017,4,NYJ,JAX,0.5523,0.5484,-4.0,-1.761,-0.856,4.0,2.0,64.0,5.0,23.0,20.0,1.0,1.0
backfill-2017,2017_04_LA_DAL,2017,4,DAL,LA,0.7713,0.7381,5.0,1.478,-4.4,0.0,1.0,,,30.0,35.0,0.0,0.0
backfill-2017,2017_04_NO_MIA,2017,4,MIA,NO,0.4822,0.5087,-4.0,-3.182,3.853,2.0,1.0,63.0,13.0,0.0,20.0,0.0,1.0
backfill-2017,2017_04_NYG_TB,2017,4,TB,NYG,0.6169,0.5823,2.5,4.212,-3.11,3.0,0.0,91.0,8.0,25.0,23.0,1.0,1.0
backfill-2017,2017_04_OAK_DEN,2017,4,DEN,LV,0.5805,0.5882,3.5,0.65,1.073,1.0,0.0,72.0,7.0,16.0,10.0,1.0,1.0
backfill-2017,2017_04_PHI_LAC,2017,4,LAC,PHI,0.3639,0.3587,1.5,0.398,0.784,1.0,5.0,72.0,6.0,24.0,26.0,0.0,1.0
backfill-2017,2017_04_PIT_BAL,2017,4,BAL,PIT,0.3727,0.4036,-3.5,-0.078,1.74,3.0,0.0,64.0,6.0,9.0,26.0,0.0,1.0
backfill-2017,2017_04_SF_ARI,2017,4,ARI,SF,0.7777,0.7617,6.5,0.555,-1.95,3.0,2.0,,,18.0,15.0,1.0,1.0
backfill-2017,2017_04_TEN_HOU,2017,4,HOU,TEN,0.5408,0.5053,-2.5,-1.084,3.001,2.0,2.0,,,57.0,14.0,1.0,1.0
backfill-2017,2017_04_WAS_KC,2017,4,KC,WAS,0.73,0.7278,6.5,2.503,4.937,2.0,1.0,82.0,14.0,29.0,20.0,1.0,1.0
backfill-2017,2017_05_NE_TB,2017,5,TB,NE,0.4121,0.3387,-3.5,3.735,7.727,4.0,2.0,76.0,9.0,14.0,19.0,0.0,1.0
backfill-2017,2017_05_ARI_PHI,2017,5,PHI,ARI,0.6222,0.6097,6.0,2.013,1.795,2.0,2.0,77.0,10.0,34.0,7.0,1.0,1.0
backfill-2017,2017_05_BAL_OAK,2017,5,LV,BAL,0.6733,0.6169,3.0,-1.055,-1.412,0.0,3.0,72.0,8.0,17.0,30.0,0.0,0.0
backfill-2017,2017_05_BUF_CIN,2017,5,CIN,BUF,0.4621,0.4399,3.0,0.547,2.674,4.0,2.0,63.0,10.0,20.0,16.0,1.0,0.0
backfill-2017,2017_05_CAR_DET,2017,5,DET,CAR,0.626,0.5741,2.0,0.485,-1.368,3.0,3.0,,,24.0,27.0,0.0,0.0
backfill-2017,2017_05_GB_DAL,2017,5,DAL,GB,0.4762,0.4745,2.5,0.788,6.511,1.0,2.0,,,31.0,35.0,0.0,1.0
backfill-2017,2017_05_JAX_PIT,2017,5,PIT,JAX,0.7901,0.7629,7.5,1.147,-1.318,1.0,1.0,73.0,9.0,9.0,30.0,0.0,0.0
backfill-2017,2017_05_KC_HOU,2017,5,HOU,KC,0.3951,0.2986,-2.0,2.11,3.716,3.0,3.0,,,34.0,42.0,0.0,1.0
backfill-2017,2017_05_LAC_NYG,2017,5,NYG,LAC,0.6239,0.6206,3.0,-2.698,1.952,2.0,2.0,76.0,7.0,22.0,27.0,0.0,0.0
backfill-2017,2017_05_NYJ_CLE,2017,5,CLE,NYJ,0.3827,0.3094,-1.5,-5.254,-2.929,2.0,4.0,67.0,8.0,14.0,17.0,0.0,1.0
backfill-2017,2017_05_SEA_LA,2017,5,LA,SEA,0.3643,0.4118,2.0,-3.18,1.654,1.0,4.0,78.0,0.0,10.0,16.0,0.0,1.0
backfill-2017,2017_05_SF_IND,2017,5,IND,SF,0.6611,0.7018,-1.0,-1.767,-0.257,4.0,4.0,,,26.0,23.0,1.0,1.0
backfill-2017,2017_05_TEN_MIA,2017,5,MIA,TEN,0.5466,0.5339,-0.0,-2.942,-4.843,0.0,2.0,89.0,9.0,16.0,10.0,1.0,1.0
backfill-2017,2017_05_MIN_CHI,2017,5,CHI,MIN,0.3275,0.3659,-3.5,0.0,2.991,2.0,1.0,70.0,10.0,17.0,20.0,0.0,1.0
backfill-2017,2017_06_PHI_CAR,2017,6,CAR,PHI,0.5601,0.5156,3.0,0.193,3.168,3.0,2.0,72.0,6.0,23.0,28.0,0.0,0.0
backfill-2017,2017_06_CHI_BAL,2017,6,BAL,CHI,0.7538,0.7106,5.5,-0.888,-2.041,4.0,2.0,69.0,7.0,24.0,27.0,0.0,0.0
backfill-2017,2017_06_CLE_HOU,2017,6,HOU,CLE,0.7472,0.797,7.5,3.702,1.223,4.0,1.0,,,33.0,17.0,1.0,1.0
backfill-2017,2017_06_DET_NO,2017,6,NO,DET,0.5969,0.533,6.0,4.665,-1.209,0.0,1.0,,,52.0,38.0,1.0,1.0
backfill-2017,2017_06_GB_MIN,2017,6,MIN,GB,0.334,0.4007,-3.0,-0.142,7.351,3.0,4.0,,,23.0,10.0,1.0,0.0
backfill-2017,2017_06_LAC_OAK,2017,6,LV,LAC,0.6217,0.6241,3.0,1.279,1.749,4.0,0.0,76.0,9.0,16.0,17.0,0.0,0.0
backfill-2017,2017_06_LA_JAX,2017,6,JAX,LA,0.6006,0.5997,1.0,-1.928,-3.045,1.0,1.0,88.0,10.0,17.0,27.0,0.0,0.0
backfill-2017,2017_06_MIA_ATL,2017,6,ATL,MIA,0.7757,0.7488,14.0,7.874,-4.127,3.0,1.0,,,17.0,20.0,0.0,0.0
backfill-2017,2017_06_NE_NYJ,2017,6,NYJ,NE,0.2671,0.2847,-9.0,-3.447,7.871,0.0,1.0,73.0,13.0,17.0,24.0,0.0,1.0
backfill-2017,2017_06_NYG_DEN,2017,6,DEN,NYG,0.7973,0.7335,14.0,0.811,-2.125,2.0,6.0,61.0,4.0,10.0,23.0,0.0,0.0
backfill-2017,2017_06_PIT_KC,2017,6,KC,PIT,0.7167,0.7271,3.5,4.898,0.253,4.0,0.0,60.0,14.0,13.0,19.0,0.0,0.0
backfill-2017,2017_06_SF_WAS,2017,6,WAS,SF,0.7962,0.7996,12.0,4.264,0.696,4.0,1.0,68.0,4.0,26.0,24.0,1.0,1.0
backfill-2017,2017_06_TB_ARI,2017,6,ARI,TB,0.5483,0.52,-2.5,2.036,2.444,1.0,4.0,,,38.0,33.0,1.0,1.0
backfill-2017,2017_06_IND_TEN,2017,6,TEN,IND,0.4739,0.5369,7.0,3.439,-1.593,2.0,3.0,57.0,7.0,36.0,22.0,1.0,0.0
backfill-2017,2017_07_KC_OAK,2017,7,LV,KC,0.306,0.2839,-3.0,-0.079,4.777,2.0,3.0,62.0,1.0,31.0,30.0,1.0,0.0
backfill-2017,2017_07_ARI_LA,2017,7,LA,ARI,0.5584,0.5191,3.0,-2.075,1.457,1.0,0.0,54.0,10.0,33.0,0.0,1.0,1.0
backfill-2017,2017_07_ATL_NE,2017,7,NE,ATL,0.5707,0.6357,3.0,7.897,6.592,3.0,1.0,56.0,2.0,23.0,7.0,1.0,1.0
backfill-2017,2017_07_BAL_MIN,2017,7,MIN,BAL,0.6396,0.6437,5.0,0.597,-4.191,3.0,6.0,,,24.0,16.0,1.0,1.0
backfill-2017,2017_07_CAR_CHI,2017,7,CHI,CAR,0.4106,0.344,-2.5,-2.485,-0.29,3.0,4.0,70.0,15.0,17.0,3.0,1.0,0.0
backfill-2017,2017_07_CIN_PIT,2017,7,PIT,CIN,0.696,0.6688,4.0,-0.071,0.895,2.0,3.0,79.0,6.0,29.0,14.0,1.0,1.0
backfill-2017,2017_07_DAL_SF,2017,7,SF,DAL,0.2431,0.236,-6.5,1.884,2.078,2.0,1.0,68.0,10.0,10.0,40.0,0.0,1.0
backfill-2017,2017_07_DEN_LAC,2017,7,LAC,DEN,0.4586,0.3951,-1.0,2.411,-0.093,0.0,7.0,90.0,4.0,21.0,0.0,1.0,0.0
backfill-2017,2017_07_JAX_IND,2017,7,IND,JAX,0.434,0.4879,-3.0,-1.457,-0.498,3.0,1.0,,,0.0,27.0,0.0,1.0
backfill-2017,2017_07_NO_GB,2017,7,GB,NO,0.4916,0.5757,-3.5,-2.237,3.002,5.0,0.0,52.0,10.0,17.0,26.0,0.0,1.0
backfill-2017,2017_07_NYJ_MIA,2017,7,MIA,NYJ,0.5213,0.587,3.0,-4.111,-2.973,1.0,1.0,86.0,18.0,31.0,28.0,1.0,1.0
backfill-2017,2017_07_SEA_NYG,2017,7,NYG,SEA,0.3347,0.4106,-4.0,-0.801,2.563,5.0,3.0,75.0,7.0,7.0,24.0,0.0,1.0
backfill-2017,2017_07_TB_BUF,2017,7,BUF,TB,0.6358,0.6197,3.0,2.643,1.707,2.0,2.0,74.0,9.0,30.0,27.0,1.0,1.0
backfill-2017,2017_07_TEN_CLE,2017,7,CLE,TEN,0.3468,0.2863,-5.5,-5.64,2.535,1.0,2.0,74.0,12.0,9.0,12.0,0.0,1.0
backfill-2017,2017_07_WAS_PHI,2017,7,PHI,WAS,0.6917,0.6381,5.0,3.461,3.941,0.0,3.0,70.0,9.0,34.0,24.0,1.0,1.0
backfill-2017,2017_08_MIA_BAL,2017,8,BAL,MIA,0.4593,0.4856,3.0,-5.02,1.494,5.0,2.0,56.0,9.0,40.0,0.0,1.0,0.0
backfill-2017,2017_08_ATL_NYJ,2017,8,NYJ,ATL,0.3384,0.351,-6.5,-2.953,6.27,3.0,2.0,63.0,5.0,20.0,25.0,0.0,1.0
backfill-2017,2017_08_CAR_TB,2017,8,TB,CAR,0.5814,0.4946,1.5,2.31,-1.578,3.0,3.0,63.0,13.0,3.0,17.0,0.0,0.0
backfill-2017,2017_08_CHI_NO,2017,8,NO,CHI,0.7975,0.7466,7.5,4.682,-3.256,1.0,4.0,,,20.0,12.0,1.0,1.0
backfill-2017,2017_08_DAL_WAS,2017,8,WAS,DAL,0.4911,0.4753,-3.0,4.169,5.139,3.0,2.0,60.0,4.0,19.0,33.0,0.0,1.0
backfill-2017,2017_08_HOU_SEA,2017,8,SEA,HOU,0.692,0.6651,6.0,2.817,2.937,2.0,3.0,50.0,2.0,41.0,38.0,1.0,1.0
backfill-2017,2017_08_IND_CIN,2017,8,CIN,IND,0.7087,0.6672,11.0,-1.986,-2.649,4.0,3.0,39.0,9.0,24.0,23.0,1.0,1.0
backfill-2017,2017_08_LAC_NE,2017,8,NE,LAC,0.7467,0.8072,6.5,7.535,3.168,3.0,1.0,62.0,8.0,21.0,13.0,1.0,1.0
backfill-2017,2017_08_MIN_CLE,2017,8,CLE,MIN,0.25,0.1767,-11.0,-5.526,-1.049,3.0,3.0,56.0,11.0,16.0,33.0,0.0,1.0
backfill-2017,2017_08_OAK_BUF,2017,8,BUF,LV,0.6567,0.6192,2.5,3.509,1.434,3.0,3.0,42.0,7.0,34.0,14.0,1.0,1.0
backfill-2017,2017_08_PIT_DET,2017,8,DET,PIT,0.4305,0.4211,-3.0,-3.002,-0.149,3.0,3.0,,,15.0,20.0,0.0,1.0
backfill-2017,2017_08_SF_PHI,2017,8,PHI,SF,0.9007,0.8813,13.0,4.464,-1.31,1.0,2.0,67.0,12.0,33.0,10.0,1.0,1.0
backfill-2017,2017_08_DEN_KC,2017,8,KC,DEN,0.7703,0.7435,7.0,6.672,-2.679,0.0,1.0,44.0,12.0,29.0,19.0,1.0,1.0
backfill-2017,2017_09_BUF_NYJ,2017,9,NYJ,BUF,0.3774,0.3665,-3.0,-1.489,4.482,3.0,2.0,68.0,11.0,34.0,21.0,1.0,0.0
backfill-2017,2017_09_ARI_SF,2017,9,SF,ARI,0.3279,0.3023,-2.5,-3.97,-3.476,7.0,1.0,61.0,8.0,10.0,20.0,0.0,1.0
backfill-2017,2017_09_ATL_CAR,2017,9,CAR,ATL,0.416,0.439,-3.0,-1.974,4.84,2.0,1.0,61.0,4.0,20.0,17.0,1.0,0.0
backfill-2017,2017_09_BAL_TEN,2017,9,TEN,BAL,0.5803,0.5007,3.0,2.408,-4.205,1.0,3.0,75.0,10.0,23.0,20.0,1.0,1.0
backfill-2017,2017_09_CIN_JAX,2017,9,JAX,CIN,0.5804,0.5544,6.0,0.965,-1.593,0.0,2.0,78.0,12.0,23.0,7.0,1.0,1.0
backfill-2017,2017_09_DEN_PHI,2017,9,PHI,DEN,0.7723,0.7114,7.0,4.705,-1.161,0.0,1.0,61.0,5.0,51.0,23.0,1.0,1.0
backfill-2017,2017_09_IND_HOU,2017,9,HOU,IND,0.6984,0.6948,6.0,-4.644,-3.156,2.0,3.0,,,14.0,20.0,0.0,0.0
backfill-2017,2017_09_KC_DAL,2017,9,DAL,KC,0.4395,0.4197,2.0,4.389,5.948,2.0,2.0,,,28.0,17.0,1.0,0.0
backfill-2017,2017_09_LA_NYG,2017,9,NYG,LA,0.4089,0.4624,-5.5,-2.545,-0.381,6.0,0.0,56.0,6.0,17.0,51.0,0.0,1.0
backfill-2017,2017_09_OAK_MIA,2017,9,MIA,LV,0.5169,0.5445,-3.0,-3.428,0.799,0.0,3.0,77.0,2.0,24.0,27.0,0.0,0.0
backfill-2017,2017_09_TB_NO,2017,9,NO,TB,0.7935,0.7504,7.0,5.112,0.777,1.0,1.0,,,30.0,10.0,1.0,1.0
backfill-2017,2017_09_WAS_SEA,2017,9,SEA,WAS,0.7292,0.7035,8.0,3.955,3.2,2.0,7.0,36.0,11.0,14.0,17.0,0.0,0.0
backfill-2017,2017_09_DET_GB,2017,9,GB,DET,0.5502,0.618,-2.5,-2.026,-2.232,4.0,2.0,35.0,3.0,17.0,30.0,0.0,0.0
backfill-2017,2017_10_SEA_ARI,2017,10,ARI,SEA,0.4223,0.3899,-6.0,-3.271,3.562,0.0,4.0,,,16.0,22.0,0.0,1.0
backfill-2017,2017_10_CIN_TEN,2017,10,TEN,CIN,0.6392,0.5834,4.5,0.941,-1.737,1.0,4.0,53.0,4.0,24.0,20.0,1.0,1.0
backfill-2017,2017_10_CLE_DET,2017,10,DET,CLE,0.8758,0.8557,10.5,0.178,-5.825,3.0,0.0,,,38.0,24.0,1.0,1.0
backfill-2017,2017_10_DAL_ATL,2017,10,ATL,DAL,0.5328,0.5037,3.5,3.974,4.177,1.0,1.0,,,27.0,7.0,1.0,1.0
backfill-2017,2017_10_GB_CHI,2017,10,CHI,GB,0.4432,0.3969,4.5,-3.688,-2.427,0.0,3.0,40.0,6.0,16.0,23.0,0.0,1.0
backfill-2017,2017_10_HOU_LA,2017,10,LA,HOU,0.6983,0.6488,12.0,2.052,-5.079,3.0,2.0,68.0,0.0,33.0,7.0,1.0,1.0
backfill-2017,2017_10_LAC_JAX,2017,10,JAX,LAC,0.6213,0.6112,5.0,3.203,3.123,0.0,0.0,76.0,5.0,20.0,17.0,1.0,1.0
backfill-2017,2017_10_MIN_WAS,2017,10,WAS,MIN,0.4367,0.4401,-1.0,3.091,0.632,2.0,2.0,44.0,4.0,30.0,38.0,0.0,1.0
backfill-2017,2017_10_NE_DEN,2017,10,DEN,NE,0.2791,0.241,-7.0,-1.8,8.477,0.0,3.0,48.0,5.0,16.0,41.0,0.0,1.0
backfill-2017,2017_10_NO_BUF,2017,10,BUF,NO,0.525,0.4202,-2.0,4.369,4.909,2.0,1.0,42.0,2.0,10.0,47.0,0.0,0.0
backfill-2017,2017_10_NYG_SF,2017,10,SF,NYG,0.3678,0.3327,-3.0,-5.206,-2.176,4.0,4.0,68.0,5.0,31.0,21.0,1.0,0.0
backfill-2017,2017_10_NYJ_TB,2017,10,TB,NYJ,0.4191,0.4741,1.0,-0.153,-0.159,3.0,2.0,79.0,16.0,15.0,10.0,1.0,0.0
backfill-2017,2017_10_PIT_IND,2017,10,IND,PIT,0.2474,0.2643,-10.5,-2.605,0.509,2.0,1.0,,,17.0,20.0,0.0,1.0
backfill-2017,2017_10_MIA_CAR,2017,10,CAR,MIA,0.7158,0.6691,8.0,-0.421,-1.634,1.0,0.0,49.0,6.0,45.0,21.0,1.0,1.0
backfill-2017,2017_11_TEN_PIT,2017,11,PIT,TEN,0.7356,0.712,7.0,1.258,1.819,1.0,0.0,40.0,17.0,40.0,17.0,1.0,1.0
backfill-2017,2017_11_ARI_HOU,2017,11,HOU,ARI,0.5009,0.5224,2.5,-6.126,-4.51,3.0,1.0,,,31.0,21.0,1.0,1.0
backfill-2017,2017_11_BAL_GB,2017,11,GB,BAL,0.5972,0.6168,-2.5,-1.709,-4.633,4.0,1.0,28.0,14.0,0.0,23.0,0.0,0.0
backfill-2017,2017_11_BUF_LAC,2017,11,LAC,BUF,0.5411,0.4825,7.0,2.365,1.271,3.0,3.0,76.0,6.0,54.0,24.0,1.0,1.0
backfill-2017,2017_11_CIN_DEN,2017,11,DEN,CIN,0.5762,0.5607,2.5,-2.609,-1.959,2.0,3.0,60.0,7.0,17.0,20.0,0.0,0.0
backfill-2017,2017_11_DET_CHI,2017,11,CHI,DET,0.3847,0.3471,-3.0,-2.674,-0.219,0.0,2.0,33.0,16.0,24.0,27.0,0.0,1.0
backfill-2017,2017_11_JAX_CLE,2017,11,CLE,JAX,0.2478,0.1982,-7.5,-5.1,1.308,0.0,2.0,38.0,16.0,7.0,19.0,0.0,1.0
backfill-2017,2017_11_KC_NYG,2017,11,NYG,KC,0.2173,0.2208,-10.0,-1.391,5.07,3.0,4.0,50.0,23.0,12.0,9.0,1.0,0.0
backfill-2017,2017_11_LA_MIN,2017,11,MIN,LA,0.5907,0.5837,1.0,1.881,3.551,2.0,1.0,,,24.0,7.0,1.0,1.0
backfill-2017,2017_11_NE_OAK,2017,11,LV,NE,0.2739,0.2343,-7.0,3.004,8.1,1.0,4.0,66.0,0.0,8.0,33.0,0.0,1.0
backfill-2017,2017_11_PHI_DAL,2017,11,DAL,PHI,0.4059,0.4651,-6.0,3.513,5.785,2.0,0.0,,,9.0,37.0,0.0,1.0
backfill-2017,2017_11_TB_MIA,2017,11,MIA,TB,0.4779,0.5224,-1.0,-1.839,-1.035,0.0,3.0,81.0,9.0,20.0,30.0,0.0,1.0
backfill-2017,2017_11_WAS_NO,2017,11,NO,WAS,0.8133,0.7486,9.5,5.743,2.547,0.0,3.0,,,34.0,31.0,1.0,1.0
backfill-2017,2017_11_ATL_SEA,2017,11,SEA,ATL,0.5214,0.5189,1.0,3.087,2.341,3.0,1.0,45.0,6.0,31.0,34.0,0.0,0.0
backfill-2017,2017_12_LAC_DAL,2017,12,DAL,LAC,0.5935,0.6229,-1.0,0.721,2.949,1.0,0.0,,,6.0,28.0,0.0,0.0
backfill-2017,2017_12_MIN_DET,2017,12,DET,MIN,0.4344,0.453,-2.5,1.161,3.07,2.0,0.0,,,23.0,30.0,0.0,1.0
backfill-2017,2017_12_NYG_WAS,2017,12,WAS,NYG,0.6113,0.6342,7.0,4.127,-1.194,4.0,4.0,33.0,0.0,20.0,10.0,1.0,1.0
backfill-2017,2017_12_BUF_KC,2017,12,KC,BUF,0.7665,0.739,8.5,4.895,1.695,2.0,3.0,62.0,9.0,10.0,16.0,0.0,0.0
backfill-2017,2017_12_CAR_NYJ,2017,12,NYJ,CAR,0.3649,0.3893,-5.5,0.835,2.038,0.0,0.0,47.0,23.0,27.0,35.0,0.0,1.0
backfill-2017,2017_12_CHI_PHI,2017,12,PHI,CHI,0.8779,0.848,14.0,6.265,-2.533,0.0,4.0,49.0,17.0,31.0,3.0,1.0,1.0
backfill-2017,2017_12_CLE_CIN,2017,12,CIN,CLE,0.8068,0.8054,7.5,-1.912,-7.246,2.0,2.0,46.0,3.0,30.0,16.0,1.0,1.0
backfill-2017,2017_12_DEN_OAK,2017,12,LV,DEN,0.6521,0.5775,3.5,3.012,-1.373,1.0,0.0,61.0,13.0,21.0,14.0,1.0,1.0
backfill-2017,2017_12_GB_PIT,2017,12,PIT,GB,0.7588,0.731,14.0,1.534,-3.611,3.0,3.0,38.0,7.0,31.0,28.0,1.0,1.0
backfill-2017,2017_12_JAX_ARI,2017,12,ARI,JAX,0.356,0.4028,-6.5,-3.702,0.875,2.0,1.0,,,27.0,24.0,1.0,0.0
backfill-2017,2017_12_MIA_NE,2017,12,NE,MIA,0.8722,0.8851,17.0,8.763,0.622,4.0,3.0,47.0,17.0,35.0,17.0,1.0,1.0
backfill-2017,2017_12_NO_LA,2017,12,LA,NO,0.4048,0.3892,2.5,4.932,6.256,3.0,2.0,72.0,1.0,26.0,20.0,1.0,0.0
backfill-2017,2017_12_SEA_SF,2017,12,SF,SEA,0.2088,0.1948,-7.0,-2.036,3.738,1.0,4.0,66.0,12.0,13.0,24.0,0.0,1.0
backfill-2017,2017_12_TB_ATL,2017,12,ATL,TB,0.7361,0.7473,10.5,3.196,-0.195,2.0,4.0,,,34.0,20.0,1.0,1.0
backfill-2017,2017_12_TEN_IND,2017,12,IND,TEN,0.4025,0.4326,-3.0,-2.246,1.376,2.0,0.0,,,16.0,20.0,0.0,1.0
backfill-2017,2017_12_HOU_BAL,2017,12,BAL,HOU,0.6615,0.6283,7.5,-4.33,-5.628,1.0,3.0,50.0,1.0,23.0,16.0,1.0,1.0
backfill-2017,2017_13_WAS_DAL,2017,13,DAL,WAS,0.5624,0.5625,-1.5,-1.076,4.309,2.0,4.0,,,38.0,14.0,1.0,1.0
backfill-2017,2017_13_CAR_NO,2017,13,NO,CAR,0.6291,0.609,5.5,5.428,1.821,2.0,1.0,,,31.0,21.0,1.0,1.0
backfill-2017,2017_13_CLE_LAC,2017,13,LAC,CLE,0.8786,0.8688,13.5,4.601,-6.075,1.0,1.0,68.0,7.0,19.0,10.0,1.0,1.0
backfill-2017,2017_13_DEN_MIA,2017,13,MIA,DEN,0.5616,0.5065,-1.0,-0.971,-1.941,4.0,4.0,80.0,11.0,35.0,9.0,1.0,1.0
backfill-2017,2017_13_DET_BAL,2017,13,BAL,DET,0.5703,0.5534,2.5,-5.175,0.79,1.0,2.0,53.0,4.0,44.0,20.0,1.0,1.0
backfill-2017,2017_13_HOU_TEN,2017,13,TEN,HOU,0.669,0.6037,7.0,0.824,-5.934,0.0,3.0,60.0,4.0,24.0,13.0,1.0,1.0
backfill-2017,2017_13_IND_JAX,2017,13,JAX,IND,0.7518,0.711,10.0,0.693,-3.261,3.0,4.0,70.0,7.0,30.0,10.0,1.0,1.0
backfill-2017,2017_13_KC_NYJ,2017,13,NYJ,KC,0.3699,0.3408,-3.5,1.281,3.082,1.0,3.0,48.0,0.0,38.0,31.0,1.0,0.0
backfill-2017,2017_13_LA_ARI,2017,13,ARI,LA,0.3747,0.3825,-7.5,-3.116,4.663,4.0,2.0,,,16.0,32.0,0.0,1.0
backfill-2017,2017_13_MIN_ATL,2017,13,ATL,MIN,0.5757,0.5488,2.0,3.296,4.648,1.0,1.0,,,9.0,14.0,0.0,0.0
backfill-2017,2017_13_NE_BUF,2017,13,BUF,NE,0.2549,0.229,-7.5,1.105,8.687,4.0,2.0,48.0,13.0,3.0,23.0,0.0,1.0
backfill-2017,2017_13_NYG_OAK,2017,13,LV,NYG,0.7279,0.6622,10.0,2.403,0.781,1.0,2.0,58.0,11.0,24.0,17.0,1.0,1.0
backfill-2017,2017_13_PHI_SEA,2017,13,SEA,PHI,0.434,0.423,-3.5,4.948,6.891,5.0,0.0,44.0,3.0,24.0,10.0,1.0,0.0
backfill-2017,2017_13_SF_CHI,2017,13,CHI,SF,0.6379,0.6678,2.5,-3.614,2.066,2.0,0.0,54.0,6.0,14.0,15.0,0.0,0.0
backfill-2017,2017_13_TB_GB,2017,13,GB,TB,0.6105,0.5944,3.0,-2.407,0.741,2.0,6.0,42.0,8.0,26.0,20.0,1.0,1.0
backfill-2017,2017_13_PIT_CIN,2017,13,CIN,PIT,0.2881,0.296,-4.5,0.867,2.605,3.0,3.0,61.0,9.0,20.0,23.0,0.0,1.0
backfill-2017,2017_14_NO_ATL,2017,14,ATL,NO,0.5511,0.5092,2.5,2.484,5.419,2.0,1.0,,,20.0,17.0,1.0,1.0
backfill-2017,2017_14_BAL_PIT,2017,14,PIT,BAL,0.6838,0.6614,6.0,2.68,-5.232,3.0,1.0,33.0,12.0,39.0,38.0,1.0,1.0
backfill-2017,2017_14_CHI_CIN,2017,14,CIN,CHI,0.6961,0.6587,6.0,2.185,-3.481,6.0,3.0,31.0,11.0,7.0,33.0,0.0,0.0
backfill-2017,2017_14_DAL_NYG,2017,14,NYG,DAL,0.2687,0.3289,-4.0,-2.074,0.305,2.0,0.0,39.0,11.0,10.0,30.0,0.0,1.0
backfill-2017,2017_14_DET_TB,2017,14,TB,DET,0.4631,0.4473,-0.0,0.039,0.978,4.0,1.0,55.0,9.0,21.0,24.0,0.0,1.0
backfill-2017,2017_14_GB_CLE,2017,14,CLE,GB,0.2647,0.1923,-2.5,-6.048,-2.582,1.0,2.0,29.0,24.0,21.0,27.0,0.0,1.0
backfill-2017,2017_14_IND_BUF,2017,14,BUF,IND,0.7215,0.6867,3.5,-4.908,-3.34,1.0,4.0,32.0,15.0,13.0,7.0,1.0,1.0
backfill-2017,2017_14_MIN_CAR,2017,14,CAR,MIN,0.442,0.4068,-2.5,1.773,5.453,1.0,2.0,41.0,5.0,31.0,24.0,1.0,0.0
backfill-2017,2017_14_NYJ_DEN,2017,14,DEN,NYJ,0.3709,0.4357,-1.0,-3.293,3.16,2.0,1.0,60.0,3.0,23.0,0.0,1.0,0.0
backfill-2017,2017_14_OAK_KC,2017,14,KC,LV,0.6379,0.6231,4.5,4.364,2.534,2.0,3.0,46.0,13.0,26.0,15.0,1.0,1.0
backfill-2017,2017_14_PHI_LA,2017,14,LA,PHI,0.5265,0.4644,-1.0,4.929,6.305,1.0,0.0,83.0,0.0,35.0,43.0,0.0,0.0
backfill-2017,2017_14_SEA_JAX,2017,14,JAX,SEA,0.5043,0.4168,3.0,2.89,6.018,1.0,3.0,54.0,5.0,30.0,24.0,1.0,1.0
backfill-2017,2017_14_SF_HOU,2017,14,HOU,SF,0.6832,0.7121,1.0,-4.167,2.894,4.0,0.0,,,16.0,26.0,0.0,0.0
backfill-2017,2017_14_TEN_ARI,2017,14,ARI,TEN,0.4021,0.4255,-2.5,-3.932,0.603,2.0,1.0,,,12.0,7.0,1.0,0.0
backfill-2017,2017_14_WAS_LAC,2017,14,LAC,WAS,0.6692,0.641,6.0,4.871,3.567,0.0,3.0,81.0,4.0,30.0,13.0,1.0,1.0
backfill-2017,2017_14_NE_MIA,2017,14,MIA,NE,0.2473,0.1611,-10.0,-1.863,7.718,4.0,2.0,55.0,7.0,27.0,20.0,1.0,0.0
backfill-2017,2017_15_DEN_IND,2017,15,IND,DEN,0.4987,0.4503,-3.0,-4.346,-3.299,5.0,1.0,,,13.0,25.0,0.0,1.0
backfill-2017,2017_15_CHI_DET,2017,15,DET,CHI,0.6769,0.6744,5.0,2.462,-2.072,2.0,0.0,,,20.0,10.0,1.0,1.0
backfill-2017,2017_15_LAC_KC,2017,15,KC,LAC,0.5862,0.5622,1.0,4.799,6.545,1.0,0.0,53.0,9.0,30.0,13.0,1.0,1.0
backfill-2017,2017_15_ARI_WAS,2017,15,WAS,ARI,0.5531,0.534,4.0,1.386,-4.476,2.0,4.0,50.0,1.0,20.0,15.0,1.0,1.0
backfill-2017,2017_15_BAL_CLE,2017,15,CLE,BAL,0.1827,0.1402,-6.5,-4.275,-3.168,1.0,0.0,36.0,0.0,10.0,27.0,0.0,1.0
backfill-2017,2017_15_CIN_MIN,2017,15,MIN,CIN,0.8493,0.8032,12.5,3.426,1.163,4.0,5.0,,,34.0,7.0,1.0,1.0
backfill-2017,2017_15_DAL_OAK,2017,15,LV,DAL,0.4412,0.4325,-3.0,0.711,1.169,5.0,3.0,57.0,4.0,17.0,20.0,0.0,1.0
backfill-2017,2017_15_GB_CAR,2017,15,CAR,GB,0.6457,0.6414,3.0,2.307,6.114,2.0,1.0,51.0,5.0,31.0,24.0,1.0,1.0
backfill-2017,2017_15_HOU_JAX,2017,15,JAX,HOU,0.7833,0.7498,10.5,2.114,-1.42,2.0,4.0,72.0,5.0,45.0,7.0,1.0,1.0
backfill-2017,2017_15_LA_SEA,2017,15,SEA,LA,0.5898,0.588,-1.0,5.472,3.455,3.0,1.0,47.0,15.0,7.0,42.0,0.0,0.0
backfill-2017,2017_15_MIA_BUF,2017,15,BUF,MIA,0.5706,0.5738,3.5,0.672,-2.392,3.0,5.0,22.0,8.0,24.0,16.0,1.0,1.0
backfill-2017,2017_15_NE_PIT,2017,15,PIT,NE,0.5031,0.4785,-2.5,4.17,6.283,1.0,1.0,42.0,4.0,24.0,27.0,0.0,0.0
backfill-2017,2017_15_NYJ_NO,2017,15,NO,NYJ,0.8011,0.7903,16.5,4.653,-4.26,2.0,1.0,,,31.0,19.0,1.0,1.0
backfill-2017,2017_15_PHI_NYG,2017,15,NYG,PHI,0.2616,0.1751,-7.5,-2.114,-5.423,2.0,0.0,35.0,0.0,29.0,34.0,0.0,1.0
backfill-2017,2017_15_TEN_SF,2017,15,SF,TEN,0.4172,0.333,2.5,3.453,-0.893,1.0,1.0,65.0,17.0,25.0,23.0,1.0,0.0
backfill-2017,2017_15_ATL_TB,2017,15,TB,ATL,0.2789,0.2678,-7.0,0.959,2.599,3.0,2.0,71.0,2.0,21.0,24.0,0.0,1.0
backfill-2017,2017_16_IND_BAL,2017,16,BAL,IND,0.8606,0.8203,13.5,-1.894,-3.39,1.0,5.0,63.0,14.0,23.0,16.0,1.0,1.0
backfill-2017,2017_16_MIN_GB,2017,16,GB,MIN,0.2801,0.3445,-8.5,-1.559,4.371,3.0,1.0,10.0,6.0,0.0,16.0,0.0,1.0
backfill-2017,2017_16_ATL_NO,2017,16,NO,ATL,0.5247,0.5421,5.5,4.302,4.173,3.0,0.0,,,23.0,13.0,1.0,1.0
backfill-2017,2017_16_BUF_NE,2017,16,NE,BUF,0.8124,0.7989,11.0,6.072,1.0,2.0,1.0,35.0,7.0,37.0,16.0,1.0,1.0
backfill-2017,2017_16_CLE_CHI,2017,16,CHI,CLE,0.7955,0.7839,5.5,-1.97,-5.763,1.0,0.0,24.0,8.0,20.0,3.0,1.0,1.0
backfill-2017,2017_16_DEN_WAS,2017,16,WAS,DEN,0.5531,0.5616,3.0,0.749,-1.927,4.0,0.0,43.0,7.0,27.0,11.0,1.0,1.0
backfill-2017,2017_16_DET_CIN,2017,16,CIN,DET,0.3711,0.3594,-3.0,-1.597,2.821,3.0,2.0,35.0,2.0,26.0,17.0,1.0,0.0
backfill-2017,2017_16_JAX_SF,2017,16,SF,JAX,0.2942,0.2555,-4.0,4.742,4.224,1.0,2.0,52.0,0.0,44.0,33.0,1.0,0.0
backfill-2017,2017_16_LAC_NYJ,2017,16,NYJ,LAC,0.4124,0.3829,-7.5,-4.741,5.175,1.0,2.0,40.0,6.0,7.0,14.0,0.0,1.0
backfill-2017,2017_16_LA_TEN,2017,16,TEN,LA,0.3514,0.3565,-5.5,0.194,3.086,0.0,1.0,39.0,11.0,23.0,27.0,0.0,1.0
backfill-2017,2017_16_MIA_KC,2017,16,KC,MIA,0.7861,0.7305,11.0,4.426,-2.17,0.0,2.0,23.0,15.0,29.0,13.0,1.0,1.0
backfill-2017,2017_16_NYG_ARI,2017,16,ARI,NYG,0.6634,0.6526,3.0,-3.031,-2.006,3.0,2.0,,,23.0,0.0,1.0,1.0
backfill-2017,2017_16_SEA_DAL,2017,16,DAL,SEA,0.5978,0.5587,4.5,1.081,2.986,1.0,2.0,,,12.0,21.0,0.0,0.0
backfill-2017,2017_16_TB_CAR,2017,16,CAR,TB,0.8068,0.7682,10.0,1.527,1.342,1.0,3.0,55.0,6.0,22.0,19.0,1.0,1.0
backfill-2017,2017_16_OAK_PHI,2017,16,PHI,LV,0.7877,0.7918,10.0,-4.101,2.512,0.0,3.0,29.0,15.0,19.0,10.0,1.0,1.0
backfill-2017,2017_16_PIT_HOU,2017,16,HOU,PIT,0.1883,0.2013,-8.0,-2.693,4.809,3.0,1.0,,,6.0,34.0,0.0,1.0
backfill-2017,2017_17_ARI_SEA,2017,17,SEA,ARI,0.7673,0.708,8.0,3.665,-3.557,2.0,0.0,40.0,7.0,24.0,26.0,0.0,0.0
backfill-2017,2017_17_BUF_MIA,2017,17,MIA,BUF,0.4472,0.4552,-2.5,-0.807,0.235,3.0,1.0,71.0,9.0,16.0,22.0,0.0,1.0
backfill-2017,2017_17_CAR_ATL,2017,17,ATL,CAR,0.6297,0.5613,5.0,4.251,-0.68,1.0,0.0,,,22.0,10.0,1.0,1.0
backfill-2017,2017_17_CHI_MIN,2017,17,MIN,CHI,0.8478,0.8262,13.5,3.481,-1.285,4.0,2.0,,,23.0,10.0,1.0,1.0
backfill-2017,2017_17_CIN_BAL,2017,17,BAL,CIN,0.7558,0.7332,8.0,-1.673,-2.121,1.0,2.0,19.0,12.0,27.0,31.0,0.0,0.0
backfill-2017,2017_17_CLE_PIT,2017,17,PIT,CLE,0.9048,0.9431,5.0,-1.021,-5.309,1.0,1.0,11.0,3.0,28.0,24.0,1.0,1.0
backfill-2017,2017_17_DAL_PHI,2017,17,PHI,DAL,0.698,0.7225,-3.5,0.0,-0.915,2.0,2.0,19.0,17.0,0.0,6.0,0.0,0.0
backfill-2017,2017_17_GB_DET,2017,17,DET,GB,0.608,0.5742,7.5,2.869,-3.398,1.0,6.0,,,35.0,11.0,1.0,1.0
backfill-2017,2017_17_HOU_IND,2017,17,IND,HOU,0.5526,0.4947,5.5,-3.003,-3.539,3.0,3.0,,,22.0,13.0,1.0,1.0
backfill-2017,2017_17_JAX_TEN,2017,17,TEN,JAX,0.4054,0.4474,2.5,-0.176,4.382,1.0,1.0,23.0,5.0,15.0,10.0,1.0,0.0
backfill-2017,2017_17_KC_DEN,2017,17,DEN,KC,0.2955,0.2922,3.0,-3.206,0.0,3.0,2.0,17.0,4.0,24.0,27.0,0.0,1.0
backfill-2017,2017_17_NO_TB,2017,17,TB,NO,0.2729,0.2245,-6.0,1.631,4.754,2.0,3.0,71.0,3.0,31.0,24.0,1.0,0.0
backfill-2017,2017_17_NYJ_NE,2017,17,NE,NYJ,0.8838,0.8866,17.0,6.253,-5.299,3.0,2.0,13.0,14.0,26.0,6.0,1.0,1.0
backfill-2017,2017_17_OAK_LAC,2017,17,LAC,LV,0.6919,0.6672,7.0,5.283,1.281,1.0,2.0,62.0,2.0,30.0,10.0,1.0,1.0
backfill-2017,2017_17_SF_LA,2017,17,LA,SF,0.7621,0.8108,-6.5,-2.034,4.781,1.0,0.0,67.0,3.0,13.0,34.0,0.0,0.0
backfill-2017,2017_17_WAS_NYG,2017,17,NYG,WAS,0.3433,0.3318,-5.0,-4.289,-0.321,3.0,3.0,16.0,16.0,18.0,10.0,1.0,0.0
backfill-2017,2017_18_ATL_LA,2017,18,LA,ATL,0.4812,0.4342,6.5,4.313,4.184,1.0,0.0,62.0,3.0,13.0,26.0,0.0,1.0
backfill-2017,2017_18_TEN_KC,2017,18,KC,TEN,0.7299,0.7157,8.5,3.63,-1.403,1.0,1.0,33.0,10.0,21.0,22.0,0.0,0.0
backfill-2017,2017_18_BUF_JAX,2017,18,JAX,BUF,0.587,0.538,8.5,4.082,1.533,0.0,1.0,53.0,18.0,10.0,3.0,1.0,1.0
backfill-2017,2017_18_CAR_NO,2017,18,NO,CAR,0.5974,0.6019,6.5,4.383,-1.121,0.0,0.0,,,31.0,26.0,1.0,1.0
backfill-2017,2017_19_ATL_PHI,2017,19,PHI,ATL,0.5265,0.5185,-2.5,-3.889,4.887,0.0,0.0,32.0,16.0,15.0,10.0,1.0,1.0
backfill-2017,2017_19_TEN_NE,2017,19,NE,TEN,0.8491,0.8253,13.5,5.102,-1.256,0.0,1.0,24.0,12.0,35.0,14.0,1.0,1.0
backfill-2017,2017_19_JAX_PIT,2017,19,PIT,JAX,0.6726,0.7157,7.0,7.375,2.38,0.0,0.0,18.0,2.0,42.0,45.0,0.0,0.0
backfill-2017,2017_19_NO_MIN,2017,19,MIN,NO,0.6389,0.5849,5.5,3.396,5.422,0.0,1.0,,,29.0,24.0,1.0,1.0
backfill-2017,2017_20_JAX_NE,2017,20,NE,JAX,0.7672,0.7833,7.5,5.432,2.404,0.0,0.0,48.0,3.0,24.0,20.0,1.0,1.0
backfill-2017,2017_20_MIN_PHI,2017,20,PHI,MIN,0.5718,0.5141,-3.0,-2.255,3.6,0.0,1.0,47.0,5.0,38.0,7.0,1.0,1.0
backfill-2017,2017_21_PHI_NE,2017,21,NE,PHI,0.6572,0.6222,4.5,5.22,-0.876,0.0,0.0,,,33.0,41.0,0.0,0.0
backfill-2018,2018_01_ATL_PHI,2018,1,PHI,ATL,0.634,0.6169,1.0,1.842,4.823,3.0,3.0,81.0,8.0,18.0,12.0,1.0,1.0
backfill-2018,2018_01_BUF_BAL,2018,1,BAL,BUF,0.649,0.5968,7.5,-1.144,-3.728,2.0,1.0,61.0,12.0,47.0,3.0,1.0,1.0
backfill-2018,2018_01_CHI_GB,2018,1,GB,CHI,0.5429,0.5838,6.5,5.036,-2.373,2.0,2.0,62.0,10.0,24.0,23.0,1.0,1.0
backfill-2018,2018_01_CIN_IND,2018,1,IND,CIN,0.402,0.4438,-1.0,4.875,-1.288,1.0,1.0,,,23.0,34.0,0.0,1.0
backfill-2018,2018_01_DAL_CAR,2018,1,CAR,DAL,0.609,0.5424,2.5,1.716,-2.196,1.0,3.0,81.0,9.0,16.0,8.0,1.0,1.0
backfill-2018,2018_01_HOU_NE,2018,1,NE,HOU,0.8709,0.8368,6.0,5.841,4.11,0.0,1.0,62.0,10.0,27.0,20.0,1.0,1.0
backfill-2018,2018_01_JAX_NYG,2018,1,NYG,JAX,0.3648,0.3732,-2.5,-5.074,3.677,2.0,0.0,59.0,7.0,15.0,20.0,0.0,1.0
backfill-2018,2018_01_KC_LAC,2018,1,LAC,KC,0.5778,0.5052,3.5,6.3,1.355,1.0,1.0,84.0,8.0,28.0,38.0,0.0,0.0
backfill-2018,2018_01_SEA_DEN,2018,1,DEN,SEA,0.4335,0.4039,3.0,2.227,2.81,0.0,2.0,84.0,5.0,27.0,24.0,1.0,0.0
backfill-2018,2018_01_SF_MIN,2018,1,MIN,SF,0.6925,0.715,6.0,-2.247,4.071,4.0,3.0,,,24.0,16.0,1.0,1.0
backfill-2018,2018_01_TB_NO,2018,1,NO,TB,0.7394,0.6979,10.0,5.272,-0.306,0.0,3.0,,,40.0,48.0,0.0,0.0
backfill-2018,2018_01_TEN_MIA,2018,1,MIA,TEN,0.5332,0.4786,-1.0,-0.037,-0.76,1.0,4.0,89.0,7.0,27.0,20.0,1.0,1.0
backfill-2018,2018_01_WAS_ARI,2018,1,ARI,WAS,0.5833,0.56,2.0,1.957,4.008,1.0,1.0,,,6.0,24.0,0.0,0.0
backfill-2018,2018_01_LA_OAK,2018,1,LV,LA,0.44,0.4432,-6.0,1.637,4.255,1.0,1.0,69.0,10.0,13.0,33.0,0.0,1.0
backfill-2018,2018_01_NYJ_DET,2018,1,DET,NYJ,0.7211,0.6637,7.0,5.457,0.0,1.0,3.0,,,17.0,48.0,0.0,0.0
backfill-2018,2018_02_BAL_CIN,2018,2,CIN,BAL,0.4223,0.4413,1.0,-1.783,0.015,1.0,4.0,82.0,3.0,34.0,23.0,1.0,0.0
backfill-2018,2018_02_ARI_LA,2018,2,LA,ARI,0.7286,0.6854,13.5,4.196,0.192,2.0,2.0,86.0,2.0,34.0,0.0,1.0,1.0
backfill-2018,2018_02_CAR_ATL,2018,2,ATL,CAR,0.5979,0.5665,5.5,3.195,1.687,3.0,4.0,,,31.0,24.0,1.0,1.0
backfill-2018,2018_02_CLE_NO,2018,2,NO,CLE,0.8607,0.833,10.0,5.835,-1.825,1.0,3.0,,,21.0,18.0,1.0,1.0
backfill-2018,2018_02_DET_SF,2018,2,SF,DET,0.5332,0.5241,6.0,3.273,3.583,3.0,2.0,73.0,12.0,30.0,27.0,1.0,1.0
backfill-2018,2018_02_HOU_TEN,2018,2,TEN,HOU,0.6519,0.6535,-3.5,-6.639,2.672,3.0,1.0,81.0,12.0,20.0,17.0,1.0,1.0
backfill-2018,2018_02_IND_WAS,2018,2,WAS,IND,0.7302,0.7056,6.0,3.365,5.373,1.0,4.0,71.0,5.0,9.0,21.0,0.0,0.0
backfill-2018,2018_02_KC_PIT,2018,2,PIT,KC,0.5454,0.5414,4.5,8.065,4.135,3.0,2.0,80.0,10.0,37.0,42.0,0.0,0.0
backfill-2018,2018_02_LAC_BUF,2018,2,BUF,LAC,0.4874,0.4689,-7.5,-0.418,7.473,2.0,3.0,83.0,6.0,20.0,31.0,0.0,1.0
backfill-2018,2018_02_MIA_NYJ,2018,2,NYJ,MIA,0.5588,0.5599,3.0,0.761,0.968,2.0,0.0,80.0,4.0,12.0,20.0,0.0,0.0
backfill-2018,2018_02_NE_JAX,2018,2,JAX,NE,0.4004,0.3849,-2.0,3.718,5.104,0.0,0.0,97.0,15.0,31.0,20.0,1.0,0.0
backfill-2018,2018_02_NYG_DAL,2018,2,DAL,NYG,0.7277,0.7135,3.0,-2.787,-5.993,4.0,1.0,,,20.0,13.0,1.0,1.0
backfill-2018,2018_02_OAK_DEN,2018,2,DEN,LV,0.6268,0.5864,5.5,0.915,-1.111,0.0,1.0,92.0,4.0,20.0,19.0,1.0,1.0
backfill-2018,2018_02_PHI_TB,2018,2,TB,PHI,0.3775,0.3164,-3.0,2.182,1.317,2.0,3.0,91.0,9.0,27.0,21.0,1.0,0.0
backfill-2018,2018_02_SEA_CHI,2018,2,CHI,SEA,0.5038,0.4136,5.0,-2.212,1.856,1.0,6.0,79.0,2.0,24.0,17.0,1.0,1.0
backfill-2018,2018_03_NYJ_CLE,2018,3,CLE,NYJ,0.3745,0.3229,3.0,-1.706,-0.854,3.0,3.0,83.0,11.0,21.0,17.0,1.0,0.0
backfill-2018,2018_03_BUF_MIN,2018,3,MIN,BUF,0.7825,0.7553,16.5,0.085,-0.704,4.0,1.0,,,6.0,27.0,0.0,0.0
backfill-2018,2018_03_CHI_ARI,2018,3,ARI,CHI,0.4868,0.4967,-6.0,-0.352,-1.978,2.0,2.0,,,14.0,16.0,0.0,1.0
backfill-2018,2018_03_CIN_CAR,2018,3,CAR,CIN,0.6143,0.5785,2.5,1.711,-0.746,4.0,2.0,80.0,3.0,31.0,21.0,1.0,1.0
backfill-2018,2018_03_DAL_SEA,2018,3,SEA,DAL,0.4941,0.4897,1.0,1.055,-3.692,3.0,2.0,61.0,4.0,24.0,13.0,1.0,0.0
backfill-2018,2018_03_DEN_BAL,2018,3,BAL,DEN,0.6184,0.6399,5.5,-0.856,0.094,3.0,0.0,61.0,5.0,27.0,14.0,1.0,1.0
backfill-2018,2018_03_GB_WAS,2018,3,WAS,GB,0.5605,0.5292,-2.5,3.771,3.972,2.0,1.0,62.0,6.0,31.0,17.0,1.0,1.0
backfill-2018,2018_03_IND_PHI,2018,3,PHI,IND,0.8253,0.8032,6.5,7.632,4.251,2.0,6.0,61.0,5.0,20.0,16.0,1.0,1.0
backfill-2018,2018_03_LAC_LA,2018,3,LA,LAC,0.574,0.5886,7.5,3.224,8.508,2.0,2.0,80.0,5.0,35.0,23.0,1.0,1.0
backfill-2018,2018_03_NE_DET,2018,3,DET,NE,0.336,0.3142,-7.0,1.669,5.696,1.0,3.0,,,26.0,10.0,1.0,0.0
backfill-2018,2018_03_NO_ATL,2018,3,ATL,NO,0.5765,0.6078,1.5,3.384,5.145,4.0,2.0,,,37.0,43.0,0.0,0.0
backfill-2018,2018_03_NYG_HOU,2018,3,HOU,NYG,0.5574,0.5334,6.5,3.057,-4.898,1.0,2.0,,,22.0,27.0,0.0,0.0
backfill-2018,2018_03_OAK_MIA,2018,3,MIA,LV,0.6534,0.6369,3.0,0.914,-0.31,0.0,1.0,90.0,7.0,28.0,20.0,1.0,1.0
backfill-2018,2018_03_SF_KC,2018,3,KC,SF,0.7478,0.7308,6.0,8.303,3.637,2.0,1.0,70.0,4.0,38.0,27.0,1.0,1.0
backfill-2018,2018_03_TEN_JAX,2018,3,JAX,TEN,0.7535,0.6749,10.0,5.603,-5.845,0.0,2.0,89.0,10.0,6.0,9.0,0.0,0.0
backfill-2018,2018_03_PIT_TB,2018,3,TB,PIT,0.4361,0.4776,1.0,4.246,8.709,3.0,3.0,77.0,5.0,27.0,30.0,0.0,1.0
backfill-2018,2018_04_MIN_LA,2018,4,LA,MIN,0.6478,0.5938,7.5,4.428,-2.133,3.0,2.0,75.0,3.0,38.0,31.0,1.0,1.0
backfill-2018,2018_04_BAL_PIT,2018,4,PIT,BAL,0.6103,0.5873,3.0,9.077,-0.3,2.0,2.0,69.0,2.0,14.0,26.0,0.0,0.0
backfill-2018,2018_04_BUF_GB,2018,4,GB,BUF,0.5212,0.476,8.5,2.683,0.946,2.0,0.0,49.0,9.0,22.0,0.0,1.0,1.0
backfill-2018,2018_04_CIN_ATL,2018,4,ATL,CIN,0.6419,0.6427,3.5,3.787,0.175,3.0,2.0,,,36.0,37.0,0.0,0.0
backfill-2018,2018_04_CLE_OAK,2018,4,LV,CLE,0.6458,0.6673,2.5,-0.34,2.58,1.0,1.0,71.0,8.0,45.0,42.0,1.0,1.0
backfill-2018,2018_04_DET_DAL,2018,4,DAL,DET,0.5758,0.5614,2.5,-3.949,1.74,3.0,2.0,,,26.0,24.0,1.0,1.0
backfill-2018,2018_04_HOU_IND,2018,4,IND,HOU,0.639,0.6194,-1.0,4.528,4.018,5.0,0.0,,,34.0,37.0,0.0,0.0
backfill-2018,2018_04_MIA_NE,2018,4,NE,MIA,0.6915,0.6446,6.5,3.88,1.283,0.0,3.0,65.0,6.0,38.0,7.0,1.0,1.0
backfill-2018,2018_04_NO_NYG,2018,4,NYG,NO,0.2662,0.3062,-3.5,-3.817,6.914,5.0,1.0,71.0,7.0,18.0,33.0,0.0,1.0
backfill-2018,2018_04_NYJ_JAX,2018,4,JAX,NYJ,0.7203,0.7079,7.5,3.651,-1.048,1.0,2.0,86.0,10.0,31.0,12.0,1.0,1.0
backfill-2018,2018_04_PHI_TEN,2018,4,TEN,PHI,0.3437,0.3434,-3.0,-1.026,6.322,2.0,2.0,80.0,4.0,26.0,23.0,1.0,0.0
backfill-2018,2018_04_SEA_ARI,2018,4,ARI,SEA,0.3838,0.388,-3.5,-0.15,1.219,0.0,4.0,,,17.0,20.0,0.0,1.0
backfill-2018,2018_04_SF_LAC,2018,4,LAC,SF,0.6515,0.6319,10.0,9.283,-3.797,3.0,3.0,78.0,9.0,29.0,27.0,1.0,1.0
backfill-2018,2018_04_TB_CHI,2018,4,CHI,TB,0.4761,0.4795,3.0,-2.562,5.471,3.0,1.0,66.0,5.0,48.0,10.0,1.0,0.0
backfill-2018,2018_04_KC_DEN,2018,4,DEN,KC,0.2825,0.2999,-3.5,-1.489,9.954,2.0,1.0,65.0,5.0,23.0,27.0,0.0,1.0
backfill-2018,2018_05_IND_NE,2018,5,NE,IND,0.8336,0.7974,10.5,5.312,4.887,0.0,7.0,66.0,6.0,38.0,24.0,1.0,1.0
backfill-2018,2018_05_ARI_SF,2018,5,SF,ARI,0.5867,0.6054,3.0,-3.781,0.719,1.0,0.0,79.0,15.0,18.0,28.0,0.0,0.0
backfill-2018,2018_05_ATL_PIT,2018,5,PIT,ATL,0.6072,0.5287,3.5,7.724,5.201,3.0,3.0,83.0,5.0,41.0,17.0,1.0,1.0
backfill-2018,2018_05_BAL_CLE,2018,5,CLE,BAL,0.2274,0.1955,-3.0,0.352,0.96,1.0,2.0,72.0,5.0,12.0,9.0,1.0,0.0
backfill-2018,2018_05_DAL_HOU,2018,5,HOU,DAL,0.3829,0.3429,3.5,6.341,-1.212,2.0,3.0,,,19.0,16.0,1.0,0.0
backfill-2018,2018_05_DEN_NYJ,2018,5,NYJ,DEN,0.5413,0.5075,-1.0,-2.183,-1.976,3.0,2.0,77.0,7.0,34.0,16.0,1.0,1.0
backfill-2018,2018_05_GB_DET,2018,5,DET,GB,0.5883,0.5532,1.0,2.28,2.69,3.0,1.0,,,31.0,23.0,1.0,1.0
backfill-2018,2018_05_JAX_KC,2018,5,KC,JAX,0.6802,0.6317,3.0,10.028,4.402,1.0,2.0,58.0,5.0,30.0,14.0,1.0,1.0
backfill-2018,2018_05_LA_SEA,2018,5,SEA,LA,0.4156,0.4346,-7.5,0.46,6.275,2.0,1.0,53.0,5.0,31.0,33.0,0.0,1.0
backfill-2018,2018_05_MIA_CIN,2018,5,CIN,MIA,0.6554,0.5821,6.0,1.137,-0.512,4.0,4.0,87.0,4.0,27.0,17.0,1.0,1.0
backfill-2018,2018_05_MIN_PHI,2018,5,PHI,MIN,0.6867,0.6516,3.5,5.278,-1.906,2.0,4.0,79.0,6.0,21.0,23.0,0.0,0.0
backfill-2018,2018_05_NYG_CAR,2018,5,CAR,NYG,0.7364,0.7676,7.0,0.105,-4.025,1.0,2.0,80.0,3.0,33.0,31.0,1.0,1.0
backfill-2018,2018_05_OAK_LAC,2018,5,LAC,LV,0.694,0.6923,5.5,8.21,-0.117,4.0,1.0,75.0,10.0,26.0,10.0,1.0,1.0
backfill-2018,2018_05_TEN_BUF,2018,5,BUF,TEN,0.5458,0.4648,-6.0,-2.243,0.327,0.0,2.0,62.0,8.0,13.0,12.0,1.0,1.0
backfill-2018,2018_05_WAS_NO,2018,5,NO,WAS,0.6248,0.6835,5.5,6.973,3.891,1.0,2.0,,,43.0,19.0,1.0,1.0
backfill-2018,2018_06_PHI_NYG,2018,6,NYG,PHI,0.307,0.2495,-1.5,-3.512,5.014,2.0,5.0,70.0,3.0,13.0,34.0,0.0,1.0
backfill-2018,2018_06_ARI_MIN,2018,6,MIN,ARI,0.6846,0.7056,10.0,-0.93,-0.399,4.0,0.0,,,27.0,17.0,1.0,1.0
backfill-2018,2018_06_BAL_TEN,2018,6,TEN,BAL,0.4539,0.4693,-2.5,-0.11,1.28,2.0,2.0,66.0,4.0,0.0,21.0,0.0,1.0
backfill-2018,2018_06_BUF_HOU,2018,6,HOU,BUF,0.4908,0.4387,10.5,6.412,-2.808,2.0,0.0,,,20.0,13.0,1.0,0.0
backfill-2018,2018_06_CAR_WAS,2018,6,WAS,CAR,0.4486,0.3989,-1.0,3.905,0.123,2.0,4.0,52.0,0.0,23.0,17.0,1.0,0.0
backfill-2018,2018_06_CHI_MIA,2018,6,MIA,CHI,0.4106,0.4804,-7.5,-1.524,-0.298,1.0,1.0,89.0,8.0,31.0,28.0,1.0,0.0
backfill-2018,2018_06_IND_NYJ,2018,6,NYJ,IND,0.6004,0.6224,2.5,-1.273,4.619,4.0,6.0,60.0,7.0,42.0,34.0,1.0,1.0
backfill-2018,2018_06_JAX_DAL,2018,6,DAL,JAX,0.4952,0.4719,-3.0,-0.114,1.935,2.0,5.0,,,40.0,7.0,1.0,0.0
backfill-2018,2018_06_KC_NE,2018,6,NE,KC,0.5283,0.4852,4.0,5.437,10.107,0.0,4.0,45.0,0.0,43.0,40.0,1.0,1.0
backfill-2018,2018_06_LAC_CLE,2018,6,CLE,LAC,0.2631,0.2613,1.0,-0.18,7.449,3.0,4.0,51.0,9.0,14.0,38.0,0.0,1.0
backfill-2018,2018_06_LA_DEN,2018,6,DEN,LA,0.2587,0.262,-7.0,-1.58,6.604,0.0,1.0,25.0,6.0,20.0,23.0,0.0,1.0
backfill-2018,2018_06_PIT_CIN,2018,6,CIN,PIT,0.4477,0.4658,1.0,0.524,7.471,3.0,3.0,51.0,6.0,21.0,28.0,0.0,1.0
backfill-2018,2018_06_SEA_OAK,2018,6,LV,SEA,0.4231,0.3678,-3.0,-0.371,0.471,2.0,2.0,52.0,10.0,3.0,27.0,0.0,1.0
backfill-2018,2018_06_TB_ATL,2018,6,ATL,TB,0.6058,0.6257,3.0,5.542,2.497,3.0,1.0,,,34.0,29.0,1.0,1.0
backfill-2018,2018_06_SF_GB,2018,6,GB,SF,0.6455,0.6033,9.0,3.414,-3.848,0.0,2.0,37.0,5.0,33.0,30.0,1.0,1.0
backfill-2018,2018_07_DEN_ARI,2018,7,ARI,DEN,0.6206,0.5693,-1.0,-2.036,-2.064,3.0,5.0,,,10.0,45.0,0.0,0.0
backfill-2018,2018_07_BUF_IND,2018,7,IND,BUF,0.5093,0.4353,7.0,1.947,-1.389,5.0,3.0,,,37.0,5.0,1.0,1.0
backfill-2018,2018_07_CAR_PHI,2018,7,PHI,CAR,0.6588,0.6438,5.0,5.188,0.845,5.0,1.0,49.0,19.0,17.0,21.0,0.0,0.0
backfill-2018,2018_07_CIN_KC,2018,7,KC,CIN,0.7704,0.7133,6.5,10.204,0.277,3.0,5.0,59.0,10.0,45.0,10.0,1.0,1.0
backfill-2018,2018_07_CLE_TB,2018,7,TB,CLE,0.7468,0.7307,3.5,3.552,-3.089,2.0,3.0,79.0,7.0,26.0,23.0,1.0,1.0
backfill-2018,2018_07_DAL_WAS,2018,7,WAS,DAL,0.5199,0.479,-1.5,4.335,0.489,3.0,2.0,52.0,12.0,20.0,17.0,1.0,1.0
backfill-2018,2018_07_DET_MIA,2018,7,MIA,DET,0.4528,0.5013,-3.0,-1.306,3.325,3.0,1.0,89.0,8.0,21.0,32.0,0.0,1.0
backfill-2018,2018_07_HOU_JAX,2018,7,JAX,HOU,0.6948,0.6696,4.0,0.868,4.259,3.0,4.0,68.0,15.0,7.0,20.0,0.0,0.0
backfill-2018,2018_07_LA_SF,2018,7,SF,LA,0.2535,0.253,-8.0,-2.555,6.078,2.0,1.0,62.0,5.0,10.0,39.0,0.0,1.0
backfill-2018,2018_07_MIN_NYJ,2018,7,NYJ,MIN,0.4445,0.3855,-3.5,0.006,-1.731,6.0,4.0,46.0,16.0,17.0,37.0,0.0,1.0
backfill-2018,2018_07_NE_CHI,2018,7,CHI,NE,0.4447,0.3532,-1.0,1.856,5.445,1.0,1.0,44.0,9.0,31.0,38.0,0.0,1.0
backfill-2018,2018_07_NO_BAL,2018,7,BAL,NO,0.5465,0.5098,2.5,1.366,8.723,1.0,2.0,54.0,15.0,23.0,24.0,0.0,0.0
backfill-2018,2018_07_TEN_LAC,2018,7,LAC,TEN,0.6984,0.6539,6.5,6.629,0.208,2.0,2.0,66.0,6.0,20.0,19.0,1.0,1.0
backfill-2018,2018_07_NYG_ATL,2018,7,ATL,NYG,0.7674,0.7675,4.5,6.241,-3.347,1.0,1.0,,,23.0,20.0,1.0,1.0
backfill-2018,2018_08_MIA_HOU,2018,8,HOU,MIA,0.6392,0.5487,7.5,2.612,-0.62,7.0,3.0,,,42.0,23.0,1.0,1.0
backfill-2018,2018_08_BAL_CAR,2018,8,CAR,BAL,0.5705,0.5242,-2.5,2.139,1.414,3.0,3.0,61.0,10.0,36.0,21.0,1.0,1.0
backfill-2018,2018_08_CLE_PIT,2018,8,PIT,CLE,0.8904,0.8644,8.5,8.704,-3.498,1.0,3.0,47.0,11.0,33.0,18.0,1.0,1.0
backfill-2018,2018_08_DEN_KC,2018,8,KC,DEN,0.8294,0.8031,8.5,11.524,-1.981,3.0,5.0,56.0,12.0,30.0,23.0,1.0,1.0
backfill-2018,2018_08_GB_LA,2018,8,LA,GB,0.7383,0.7596,7.5,6.5,4.474,2.0,0.0,82.0,1.0,29.0,27.0,1.0,1.0
backfill-2018,2018_08_IND_OAK,2018,8,LV,IND,0.5311,0.4973,-3.5,-2.06,2.87,0.0,5.0,69.0,8.0,28.0,42.0,0.0,0.0
backfill-2018,2018_08_NO_MIN,2018,8,MIN,NO,0.4497,0.5051,-2.5,-0.958,8.925,5.0,1.0,,,20.0,30.0,0.0,1.0
backfill-2018,2018_08_NYJ_CHI,2018,8,CHI,NYJ,0.672,0.6034,8.5,2.377,-2.966,1.0,3.0,48.0,18.0,24.0,10.0,1.0,1.0
backfill-2018,2018_08_PHI_JAX,2018,8,JAX,PHI,0.3823,0.3701,-4.0,1.018,6.333,5.0,4.0,48.0,12.0,18.0,24.0,0.0,1.0
backfill-2018,2018_08_SEA_DET,2018,8,DET,SEA,0.5667,0.5208,3.0,4.258,0.341,1.0,2.0,,,14.0,28.0,0.0,0.0
backfill-2018,2018_08_SF_ARI,2018,8,ARI,SF,0.4855,0.5249,-2.5,-6.411,-4.114,2.0,1.0,,,18.0,15.0,1.0,0.0
backfill-2018,2018_08_TB_CIN,2018,8,CIN,TB,0.5311,0.5759,3.5,0.086,1.987,7.0,2.0,55.0,7.0,37.0,34.0,1.0,1.0
backfill-2018,2018_08_WAS_NYG,2018,8,NYG,WAS,0.3397,0.341,-1.0,-1.868,2.964,2.0,1.0,51.0,11.0,13.0,20.0,0.0,1.0
backfill-2018,2018_08_NE_BUF,2018,8,BUF,NE,0.2793,0.2327,-13.5,-3.141,6.717,3.0,4.0,46.0,16.0,6.0,25.0,0.0,1.0
backfill-2018,2018_09_OAK_SF,2018,9,SF,LV,0.5476,0.5825,-1.5,0.0,-0.406,3.0,1.0,82.0,8.0,34.0,3.0,1.0,1.0
backfill-2018,2018_09_ATL_WAS,2018,9,WAS,ATL,0.4677,0.4981,1.5,3.044,7.252,3.0,2.0,55.0,5.0,14.0,38.0,0.0,1.0
backfill-2018,2018_09_CHI_BUF,2018,9,BUF,CHI,0.4121,0.3901,-10.5,-5.513,2.347,2.0,2.0,49.0,12.0,9.0,41.0,0.0,1.0
backfill-2018,2018_09_DET_MIN,2018,9,MIN,DET,0.6005,0.6323,4.5,-1.068,3.348,3.0,1.0,,,24.0,9.0,1.0,1.0
backfill-2018,2018_09_GB_NE,2018,9,NE,GB,0.7328,0.7775,5.0,6.153,4.133,2.0,1.0,40.0,2.0,31.0,17.0,1.0,1.0
backfill-2018,2018_09_HOU_DEN,2018,9,DEN,HOU,0.4995,0.476,1.0,-1.832,2.813,4.0,1.0,53.0,3.0,17.0,19.0,0.0,1.0
backfill-2018,2018_09_KC_CLE,2018,9,CLE,KC,0.1653,0.1295,-7.5,-3.577,11.464,1.0,3.0,53.0,16.0,21.0,37.0,0.0,1.0
backfill-2018,2018_09_LAC_SEA,2018,9,SEA,LAC,0.5426,0.5594,1.0,1.408,6.885,2.0,3.0,56.0,4.0,17.0,25.0,0.0,0.0
backfill-2018,2018_09_LA_NO,2018,9,NO,LA,0.5237,0.5374,-2.5,9.336,6.529,1.0,0.0,,,45.0,35.0,1.0,1.0
backfill-2018,2018_09_NYJ_MIA,2018,9,MIA,NYJ,0.6067,0.5595,3.0,0.015,-2.653,3.0,3.0,87.0,16.0,13.0,6.0,1.0,1.0
backfill-2018,2018_09_PIT_BAL,2018,9,BAL,PIT,0.4005,0.4644,1.5,0.756,8.078,3.0,1.0,55.0,6.0,16.0,23.0,0.0,1.0
backfill-2018,2018_09_TB_CAR,2018,9,CAR,TB,0.7279,0.7233,6.0,1.872,5.908,1.0,3.0,62.0,8.0,42.0,28.0,1.0,1.0
backfill-2018,2018_09_TEN_DAL,2018,9,DAL,TEN,0.6343,0.6112,4.5,-0.876,-0.143,4.0,1.0,,,14.0,28.0,0.0,0.0
backfill-2018,2018_10_CAR_PIT,2018,10,PIT,CAR,0.6335,0.5725,3.5,8.462,3.404,2.0,2.0,40.0,4.0,52.0,21.0,1.0,1.0
backfill-2018,2018_10_ARI_KC,2018,10,KC,ARI,0.8796,0.8561,16.5,12.434,-5.565,2.0,2.0,43.0,5.0,26.0,14.0,1.0,1.0
backfill-2018,2018_10_ATL_CLE,2018,10,CLE,ATL,0.1673,0.1862,-5.5,-3.256,8.228,0.0,1.0,36.0,9.0,28.0,16.0,1.0,0.0
backfill-2018,2018_10_BUF_NYJ,2018,10,NYJ,BUF,0.6872,0.5877,6.5,1.417,-1.488,4.0,3.0,46.0,10.0,10.0,41.0,0.0,0.0
backfill-2018,2018_10_DAL_PHI,2018,10,PHI,DAL,0.7233,0.7058,7.5,5.845,-1.535,3.0,6.0,38.0,5.0,20.0,27.0,0.0,0.0
backfill-2018,2018_10_DET_CHI,2018,10,CHI,DET,0.6606,0.6017,7.5,2.29,2.178,1.0,3.0,37.0,12.0,34.0,22.0,1.0,1.0
backfill-2018,2018_10_JAX_IND,2018,10,IND,JAX,0.5672,0.5083,3.0,2.876,1.516,3.0,3.0,,,29.0,26.0,1.0,1.0
backfill-2018,2018_10_LAC_OAK,2018,10,LV,LAC,0.1777,0.2039,-10.5,-0.88,7.907,0.0,1.0,69.0,16.0,6.0,20.0,0.0,1.0
backfill-2018,2018_10_MIA_GB,2018,10,GB,MIA,0.6438,0.5598,13.0,3.416,-0.589,1.0,3.0,33.0,6.0,31.0,12.0,1.0,1.0
backfill-2018,2018_10_NE_TEN,2018,10,TEN,NE,0.3247,0.3258,-6.0,0.746,5.458,1.0,0.0,46.0,4.0,34.0,10.0,1.0,0.0
backfill-2018,2018_10_NO_CIN,2018,10,CIN,NO,0.2476,0.3195,-5.5,2.484,10.346,7.0,1.0,39.0,6.0,14.0,51.0,0.0,1.0
backfill-2018,2018_10_SEA_LA,2018,10,LA,SEA,0.6833,0.6452,10.0,7.076,2.306,0.0,1.0,75.0,1.0,36.0,31.0,1.0,1.0
backfill-2018,2018_10_WAS_TB,2018,10,TB,WAS,0.4512,0.4769,3.5,5.72,2.612,4.0,2.0,82.0,3.0,3.0,16.0,0.0,1.0
backfill-2018,2018_10_NYG_SF,2018,10,SF,NYG,0.5844,0.623,3.0,4.343,-3.304,3.0,0.0,62.0,0.0,23.0,27.0,0.0,0.0
backfill-2018,2018_11_GB_SEA,2018,11,SEA,GB,0.6753,0.6222,3.0,3.041,3.474,1.0,5.0,54.0,6.0,27.0,24.0,1.0,1.0
backfill-2018,2018_11_CAR_DET,2018,11,DET,CAR,0.3741,0.3803,-4.0,2.43,4.147,3.0,1.0,,,20.0,19.0,1.0,0.0
backfill-2018,2018_11_CIN_BAL,2018,11,BAL,CIN,0.6345,0.6192,6.5,0.663,1.678,3.0,6.0,48.0,8.0,24.0,21.0,1.0,1.0
backfill-2018,2018_11_DAL_ATL,2018,11,ATL,DAL,0.5848,0.5671,3.5,8.084,0.021,1.0,6.0,,,19.0,22.0,0.0,0.0
backfill-2018,2018_11_DEN_LAC,2018,11,LAC,DEN,0.7442,0.7628,7.5,7.952,-1.594,1.0,3.0,69.0,4.0,22.0,23.0,0.0,0.0
backfill-2018,2018_11_HOU_WAS,2018,11,WAS,HOU,0.536,0.5718,-3.0,1.651,3.847,3.0,0.0,48.0,6.0,21.0,23.0,0.0,0.0
backfill-2018,2018_11_MIN_CHI,2018,11,CHI,MIN,0.5433,0.4831,2.5,3.86,-1.955,1.0,2.0,33.0,6.0,25.0,20.0,1.0,1.0
backfill-2018,2018_11_OAK_ARI,2018,11,ARI,LV,0.5763,0.6441,4.5,-6.106,-0.541,2.0,2.0,,,21.0,23.0,0.0,0.0
backfill-2018,2018_11_PHI_NO,2018,11,NO,PHI,0.7505,0.6876,7.0,11.172,5.158,2.0,4.0,,,48.0,7.0,1.0,1.0
backfill-2018,2018_11_PIT_JAX,2018,11,JAX,PIT,0.2245,0.2616,-4.0,1.926,9.787,3.0,2.0,73.0,8.0,16.0,20.0,0.0,1.0
backfill-2018,2018_11_TB_NYG,2018,11,NYG,TB,0.5145,0.4749,3.0,-1.331,5.907,0.0,5.0,42.0,1.0,38.0,35.0,1.0,1.0
backfill-2018,2018_11_TEN_IND,2018,11,IND,TEN,0.415,0.3941,2.0,3.205,2.375,3.0,1.0,,,38.0,10.0,1.0,0.0
backfill-2018,2018_11_KC_LA,2018,11,LA,KC,0.5191,0.4829,3.0,8.301,12.509,1.0,2.0,65.0,0.0,54.0,51.0,1.0,1.0
backfill-2018,2018_12_ATL_NO,2018,12,NO,ATL,0.78,0.7773,11.5,12.809,8.342,1.0,1.0,,,31.0,17.0,1.0,1.0
backfill-2018,2018_12_CHI_DET,2018,12,DET,CHI,0.4307,0.4132,-3.0,1.738,-0.419,2.0,3.0,,,16.0,23.0,0.0,1.0
backfill-2018,2018_12_WAS_DAL,2018,12,DAL,WAS,0.6469,0.5928,7.0,0.139,0.234,5.0,1.0,,,31.0,23.0,1.0,1.0
backfill-2018,2018_12_ARI_LAC,2018,12,LAC,ARI,0.8536,0.8054,14.0,7.439,-6.329,0.0,4.0,74.0,3.0,45.0,10.0,1.0,1.0
backfill-2018,2018_12_CLE_CIN,2018,12,CIN,CLE,0.7287,0.7099,-1.0,2.074,-1.726,2.0,0.0,44.0,4.0,20.0,35.0,0.0,0.0
backfill-2018,2018_12_GB_MIN,2018,12,MIN,GB,0.6805,0.6747,4.0,-0.424,3.943,4.0,3.0,,,24.0,17.0,1.0,1.0
backfill-2018,2018_12_JAX_BUF,2018,12,BUF,JAX,0.4811,0.4966,-3.0,-3.014,1.058,2.0,4.0,44.0,12.0,24.0,21.0,1.0,0.0
backfill-2018,2018_12_MIA_IND,2018,12,IND,MIA,0.7029,0.6455,9.0,4.775,-1.356,3.0,1.0,,,27.0,24.0,1.0,1.0
backfill-2018,2018_12_NE_NYJ,2018,12,NYJ,NE,0.228,0.206,-13.0,0.971,3.584,3.0,1.0,54.0,8.0,13.0,27.0,0.0,1.0
backfill-2018,2018_12_NYG_PHI,2018,12,PHI,NYG,0.72,0.7619,4.5,2.767,0.94,5.0,1.0,56.0,10.0,25.0,22.0,1.0,1.0
backfill-2018,2018_12_OAK_BAL,2018,12,BAL,LV,0.8171,0.8067,13.0,0.164,-0.183,2.0,1.0,60.0,7.0,34.0,17.0,1.0,1.0
backfill-2018,2018_12_PIT_DEN,2018,12,DEN,PIT,0.2389,0.2431,-3.0,-0.81,7.718,2.0,2.0,41.0,7.0,24.0,17.0,1.0,0.0
backfill-2018,2018_12_SEA_CAR,2018,12,CAR,SEA,0.6247,0.5733,3.0,4.176,3.134,1.0,1.0,57.0,1.0,27.0,30.0,0.0,0.0
backfill-2018,2018_12_SF_TB,2018,12,TB,SF,0.472,0.5676,1.5,4.371,3.376,3.0,2.0,77.0,7.0,27.0,9.0,1.0,0.0
backfill-2018,2018_12_TEN_HOU,2018,12,HOU,TEN,0.5373,0.5344,3.5,2.535,1.611,0.0,2.0,,,34.0,17.0,1.0,1.0
backfill-2018,2018_13_NO_DAL,2018,13,DAL,NO,0.29,0.3143,-7.0,1.528,11.21,4.0,1.0,,,13.0,10.0,1.0,0.0
backfill-2018,2018_13_ARI_GB,2018,13,GB,ARI,0.732,0.6796,13.5,2.837,-6.666,5.0,1.0,34.0,20.0,17.0,20.0,0.0,0.0
backfill-2018,2018_13_BAL_ATL,2018,13,ATL,BAL,0.5096,0.4776,2.5,9.776,-0.023,0.0,3.0,,,16.0,26.0,0.0,0.0
backfill-2018,2018_13_BUF_MIA,2018,13,MIA,BUF,0.5744,0.5257,3.5,-1.935,-1.898,2.0,2.0,86.0,15.0,21.0,17.0,1.0,1.0
backfill-2018,2018_13_CAR_TB,2018,13,TB,CAR,0.3819,0.3661,-3.5,5.86,5.034,4.0,0.0,81.0,15.0,24.0,17.0,1.0,0.0
backfill-2018,2018_13_CHI_NYG,2018,13,NYG,CHI,0.2951,0.2715,-3.5,2.508,-0.735,2.0,3.0,52.0,3.0,30.0,27.0,1.0,0.0
backfill-2018,2018_13_CLE_HOU,2018,13,HOU,CLE,0.7515,0.733,5.0,4.192,0.126,0.0,1.0,,,29.0,13.0,1.0,1.0
backfill-2018,2018_13_DEN_CIN,2018,13,CIN,DEN,0.4959,0.4799,-3.5,1.989,-0.289,3.0,2.0,63.0,12.0,10.0,24.0,0.0,1.0
backfill-2018,2018_13_IND_JAX,2018,13,JAX,IND,0.3663,0.4337,-4.0,-0.748,5.324,1.0,2.0,78.0,13.0,6.0,0.0,1.0,0.0
backfill-2018,2018_13_KC_OAK,2018,13,LV,KC,0.1149,0.1392,-14.0,0.604,12.047,1.0,1.0,57.0,6.0,33.0,40.0,0.0,1.0
backfill-2018,2018_13_LAC_PIT,2018,13,PIT,LAC,0.6508,0.5863,3.5,9.011,7.205,2.0,3.0,57.0,8.0,30.0,33.0,0.0,0.0
backfill-2018,2018_13_LA_DET,2018,13,DET,LA,0.2199,0.2791,-10.5,2.001,8.773,4.0,0.0,,,16.0,30.0,0.0,1.0
backfill-2018,2018_13_MIN_NE,2018,13,NE,MIN,0.6539,0.6105,6.0,3.986,0.236,1.0,2.0,53.0,6.0,24.0,10.0,1.0,1.0
backfill-2018,2018_13_NYJ_TEN,2018,13,TEN,NYJ,0.7471,0.7284,10.5,1.891,1.081,2.0,1.0,70.0,13.0,26.0,22.0,1.0,1.0
backfill-2018,2018_13_SF_SEA,2018,13,SEA,SF,0.7967,0.7934,10.0,4.293,1.2,4.0,4.0,45.0,2.0,43.0,16.0,1.0,1.0
backfill-2018,2018_13_WAS_PHI,2018,13,PHI,WAS,0.674,0.6526,5.5,3.202,-0.224,3.0,0.0,36.0,15.0,28.0,13.0,1.0,1.0
backfill-2018,2018_14_JAX_TEN,2018,14,TEN,JAX,0.612,0.6079,5.5,2.207,-1.53,2.0,2.0,44.0,5.0,30.0,9.0,1.0,1.0
backfill-2018,2018_14_ATL_GB,2018,14,GB,ATL,0.4622,0.4734,4.0,3.007,7.41,2.0,1.0,25.0,10.0,34.0,20.0,1.0,0.0
backfill-2018,2018_14_BAL_KC,2018,14,KC,BAL,0.7223,0.6669,6.5,11.119,-1.018,1.0,1.0,27.0,0.0,27.0,24.0,1.0,1.0
backfill-2018,2018_14_CAR_CLE,2018,14,CLE,CAR,0.333,0.331,-1.0,-0.215,3.815,2.0,2.0,28.0,4.0,26.0,20.0,1.0,0.0
backfill-2018,2018_14_CIN_LAC,2018,14,LAC,CIN,0.8407,0.803,17.0,7.436,0.162,4.0,4.0,,,26.0,21.0,1.0,1.0
backfill-2018,2018_14_DEN_SF,2018,14,SF,DEN,0.4576,0.3342,-3.0,1.302,-0.251,3.0,3.0,54.0,3.0,20.0,14.0,1.0,0.0
backfill-2018,2018_14_DET_ARI,2018,14,ARI,DET,0.4525,0.4515,-2.5,-6.133,0.803,1.0,2.0,,,3.0,17.0,0.0,1.0
backfill-2018,2018_14_IND_HOU,2018,14,HOU,IND,0.6913,0.6374,4.0,4.207,4.428,1.0,4.0,,,21.0,24.0,0.0,0.0
backfill-2018,2018_14_LA_CHI,2018,14,CHI,LA,0.3678,0.3918,-3.0,5.589,7.432,1.0,1.0,29.0,4.0,15.0,6.0,1.0,0.0
backfill-2018,2018_14_NE_MIA,2018,14,MIA,NE,0.2228,0.2449,-8.5,-1.696,4.141,2.0,0.0,82.0,13.0,34.0,33.0,1.0,0.0
backfill-2018,2018_14_NO_TB,2018,14,TB,NO,0.2146,0.2266,-8.5,6.595,10.263,4.0,1.0,71.0,7.0,14.0,28.0,0.0,1.0
backfill-2018,2018_14_NYG_WAS,2018,14,WAS,NYG,0.5516,0.6326,-3.0,-1.961,2.309,3.0,0.0,33.0,6.0,16.0,40.0,0.0,0.0
backfill-2018,2018_14_NYJ_BUF,2018,14,BUF,NYJ,0.6317,0.6391,4.5,-0.881,-3.89,3.0,0.0,31.0,12.0,23.0,27.0,0.0,0.0
backfill-2018,2018_14_PHI_DAL,2018,14,DAL,PHI,0.5922,0.5321,3.5,1.293,2.824,4.0,2.0,,,29.0,23.0,1.0,1.0
backfill-2018,2018_14_PIT_OAK,2018,14,LV,PIT,0.143,0.1732,-10.5,0.837,7.982,0.0,2.0,55.0,8.0,24.0,21.0,1.0,0.0
backfill-2018,2018_14_MIN_SEA,2018,14,SEA,MIN,0.6315,0.5664,3.0,6.081,-1.824,2.0,3.0,48.0,9.0,21.0,7.0,1.0,1.0
backfill-2018,2018_15_LAC_KC,2018,15,KC,LAC,0.6105,0.6195,3.5,10.253,7.075,3.0,4.0,39.0,5.0,28.0,29.0,0.0,0.0
backfill-2018,2018_15_CLE_DEN,2018,15,DEN,CLE,0.5842,0.6396,1.0,-0.095,-0.575,3.0,2.0,46.0,0.0,16.0,17.0,0.0,0.0
backfill-2018,2018_15_HOU_NYJ,2018,15,NYJ,HOU,0.2918,0.308,-7.0,-3.249,3.396,3.0,0.0,51.0,8.0,22.0,29.0,0.0,1.0
backfill-2018,2018_15_ARI_ATL,2018,15,ATL,ARI,0.7538,0.6843,10.0,5.882,-7.227,1.0,0.0,,,40.0,14.0,1.0,1.0
backfill-2018,2018_15_DAL_IND,2018,15,IND,DAL,0.4991,0.4085,3.0,5.952,2.843,3.0,3.0,,,23.0,0.0,1.0,0.0
backfill-2018,2018_15_DET_BUF,2018,15,BUF,DET,0.4627,0.4258,2.5,-0.642,0.056,1.0,5.0,39.0,7.0,14.0,13.0,1.0,0.0
backfill-2018,2018_15_GB_CHI,2018,15,CHI,GB,0.7152,0.7035,6.0,4.947,3.816,0.0,1.0,45.0,10.0,24.0,17.0,1.0,1.0
backfill-2018,2018_15_MIA_MIN,2018,15,MIN,MIA,0.715,0.6817,7.5,-0.844,-2.073,1.0,1.0,,,41.0,17.0,1.0,1.0
backfill-2018,2018_15_NE_PIT,2018,15,PIT,NE,0.531,0.4708,-2.5,8.855,6.528,1.0,0.0,42.0,5.0,17.0,10.0,1.0,1.0
backfill-2018,2018_15_OAK_CIN,2018,15,CIN,LV,0.5942,0.6237,3.0,0.719,1.092,2.0,0.0,43.0,2.0,30.0,16.0,1.0,1.0
backfill-2018,2018_15_PHI_LA,2018,15,LA,PHI,0.6743,0.6433,13.5,4.071,1.553,0.0,5.0,60.0,5.0,23.0,30.0,0.0,0.0
backfill-2018,2018_15_SEA_SF,2018,15,SF,SEA,0.2661,0.2464,-3.5,1.653,4.852,1.0,4.0,61.0,11.0,26.0,23.0,1.0,0.0
backfill-2018,2018_15_TB_BAL,2018,15,BAL,TB,0.6898,0.7095,8.5,-0.497,5.501,1.0,2.0,43.0,10.0,20.0,12.0,1.0,1.0
backfill-2018,2018_15_TEN_NYG,2018,15,NYG,TEN,0.4494,0.4371,-2.5,1.725,2.092,1.0,3.0,40.0,6.0,0.0,17.0,0.0,1.0
backfill-2018,2018_15_WAS_JAX,2018,15,JAX,WAS,0.6339,0.5454,7.5,-2.436,0.053,4.0,4.0,64.0,12.0,13.0,16.0,0.0,0.0
backfill-2018,2018_15_NO_CAR,2018,15,CAR,NO,0.2359,0.26,-6.0,3.464,8.867,2.0,1.0,48.0,3.0,9.0,12.0,0.0,1.0
backfill-2018,2018_16_BAL_LAC,2018,16,LAC,BAL,0.6442,0.6138,4.0,7.89,-0.78,2.0,0.0,60.0,5.0,10.0,22.0,0.0,0.0
backfill-2018,2018_16_WAS_TEN,2018,16,TEN,WAS,0.7105,0.684,12.5,0.949,0.478,4.0,2.0,51.0,9.0,25.0,16.0,1.0,1.0
backfill-2018,2018_16_ATL_CAR,2018,16,CAR,ATL,0.4776,0.5624,-2.5,-0.278,4.933,2.0,0.0,52.0,7.0,10.0,24.0,0.0,1.0
backfill-2018,2018_16_BUF_NE,2018,16,NE,BUF,0.853,0.8114,14.0,5.74,-0.576,0.0,1.0,40.0,12.0,24.0,12.0,1.0,1.0
backfill-2018,2018_16_CHI_SF,2018,16,SF,CHI,0.3349,0.2728,-3.5,2.494,6.219,1.0,2.0,50.0,5.0,9.0,14.0,0.0,1.0
backfill-2018,2018_16_CIN_CLE,2018,16,CLE,CIN,0.592,0.5354,10.0,-0.249,0.318,0.0,3.0,37.0,9.0,26.0,18.0,1.0,1.0
backfill-2018,2018_16_GB_NYJ,2018,16,NYJ,GB,0.3768,0.3868,-3.0,-2.714,3.7,2.0,4.0,43.0,8.0,38.0,44.0,0.0,1.0
backfill-2018,2018_16_HOU_PHI,2018,16,PHI,HOU,0.5812,0.6144,1.0,2.599,2.693,3.0,1.0,44.0,5.0,32.0,30.0,1.0,1.0
backfill-2018,2018_16_JAX_MIA,2018,16,MIA,JAX,0.5568,0.5531,3.0,-3.003,-3.558,1.0,4.0,73.0,9.0,7.0,17.0,0.0,0.0
backfill-2018,2018_16_KC_SEA,2018,16,SEA,KC,0.4287,0.4123,-1.0,5.666,10.357,1.0,2.0,43.0,8.0,38.0,31.0,1.0,0.0
backfill-2018,2018_16_LA_ARI,2018,16,ARI,LA,0.1837,0.1977,-14.5,-9.298,2.037,0.0,0.0,,,9.0,31.0,0.0,1.0
backfill-2018,2018_16_MIN_DET,2018,16,DET,MIN,0.389,0.4019,-6.5,-0.991,-2.621,2.0,1.0,,,9.0,27.0,0.0,1.0
backfill-2018,2018_16_NYG_IND,2018,16,IND,NYG,0.7177,0.7005,10.0,6.12,0.377,1.0,4.0,,,28.0,27.0,1.0,1.0
backfill-2018,2018_16_PIT_NO,2018,16,NO,PIT,0.6668,0.6873,6.5,7.893,9.609,1.0,1.0,,,31.0,28.0,1.0,1.0
backfill-2018,2018_16_TB_DAL,2018,16,DAL,TB,0.7186,0.7042,7.0,1.32,4.579,2.0,0.0,,,27.0,20.0,1.0,1.0
backfill-2018,2018_16_DEN_OAK,2018,16,LV,DEN,0.3261,0.3433,-2.5,0.242,0.399,0.0,1.0,58.0,14.0,27.0,14.0,1.0,0.0
backfill-2018,2018_17_ARI_SEA,2018,17,SEA,ARI,0.8926,0.8555,15.5,6.277,-9.472,1.0,1.0,45.0,5.0,27.0,24.0,1.0,1.0
backfill-2018,2018_17_ATL_TB,2018,17,TB,ATL,0.4128,0.4171,-2.5,3.506,5.062,2.0,1.0,80.0,5.0,32.0,34.0,0.0,1.0
backfill-2018,2018_17_CAR_NO,2018,17,NO,CAR,0.8315,0.8447,8.0,-0.666,0.543,3.0,3.0,,,14.0,33.0,0.0,0.0
backfill-2018,2018_17_CHI_MIN,2018,17,MIN,CHI,0.5656,0.5025,6.0,-2.091,6.903,4.0,3.0,,,10.0,24.0,0.0,0.0
backfill-2018,2018_17_CIN_PIT,2018,17,PIT,CIN,0.8361,0.7956,14.0,9.953,0.382,1.0,2.0,42.0,9.0,16.0,13.0,1.0,1.0
backfill-2018,2018_17_CLE_BAL,2018,17,BAL,CLE,0.7656,0.7737,7.0,-0.524,0.916,0.0,1.0,48.0,2.0,26.0,24.0,1.0,1.0
backfill-2018,2018_17_DAL_NYG,2018,17,NYG,DAL,0.3501,0.334,7.5,1.466,1.489,5.0,2.0,37.0,2.0,35.0,36.0,0.0,1.0
backfill-2018,2018_17_DET_GB,2018,17,GB,DET,0.6028,0.5932,7.5,-3.455,-2.5,2.0,3.0,26.0,15.0,0.0,31.0,0.0,0.0
backfill-2018,2018_17_IND_TEN,2018,17,TEN,IND,0.5514,0.5654,-5.0,-4.222,6.768,1.0,2.0,53.0,4.0,17.0,33.0,0.0,0.0
backfill-2018,2018_17_JAX_HOU,2018,17,HOU,JAX,0.72,0.6744,7.0,3.613,-0.873,0.0,4.0,,,20.0,3.0,1.0,1.0
backfill-2018,2018_17_LAC_DEN,2018,17,DEN,LAC,0.2697,0.3035,-7.0,0.669,5.963,0.0,0.0,51.0,6.0,9.0,23.0,0.0,1.0
backfill-2018,2018_17_MIA_BUF,2018,17,BUF,MIA,0.583,0.5353,5.5,-1.322,-3.653,2.0,1.0,33.0,9.0,42.0,17.0,1.0,1.0
backfill-2018,2018_17_NYJ_NE,2018,17,NE,NYJ,0.8945,0.8652,14.0,4.101,-0.621,1.0,4.0,33.0,2.0,38.0,3.0,1.0,1.0
backfill-2018,2018_17_OAK_KC,2018,17,KC,LV,0.8709,0.862,14.5,10.435,0.032,1.0,1.0,45.0,15.0,35.0,3.0,1.0,1.0
backfill-2018,2018_17_PHI_WAS,2018,17,WAS,PHI,0.2897,0.3022,-6.0,0.816,4.342,3.0,5.0,46.0,3.0,0.0,24.0,0.0,1.0
backfill-2018,2018_17_SF_LA,2018,17,LA,SF,0.7808,0.8165,10.5,1.55,2.03,2.0,4.0,65.0,3.0,48.0,32.0,1.0,1.0
backfill-2018,2018_18_IND_HOU,2018,18,HOU,IND,0.5336,0.5105,2.0,4.795,7.477,0.0,3.0,,,7.0,21.0,0.0,0.0
backfill-2018,2018_18_SEA_DAL,2018,18,DAL,SEA,0.5245,0.4902,2.5,2.761,4.556,2.0,1.0,,,24.0,22.0,1.0,1.0
backfill-2018,2018_18_LAC_BAL,2018,18,BAL,LAC,0.5716,0.5488,3.0,-0.691,5.472,0.0,2.0,52.0,12.0,17.0,23.0,0.0,0.0
backfill-2018,2018_18_PHI_CHI,2018,18,CHI,PHI,0.5896,0.5679,6.5,5.064,4.111,1.0,4.0,39.0,12.0,15.0,16.0,0.0,0.0
backfill-2018,2018_19_DAL_LA,2018,19,LA,DAL,0.6453,0.6104,7.5,2.877,3.045,0.0,1.0,57.0,1.0,30.0,22.0,1.0,1.0
backfill-2018,2018_19_IND_KC,2018,19,KC,IND,0.6351,0.615,4.0,10.801,7.231,1.0,2.0,32.0,13.0,31.0,13.0,1.0,1.0
backfill-2018,2018_19_LAC_NE,2018,19,NE,LAC,0.6087,0.538,4.0,4.792,4.299,0.0,0.0,26.0,3.0,41.0,28.0,1.0,1.0
backfill-2018,2018_19_PHI_NO,2018,19,NO,PHI,0.5912,0.6,8.5,6.644,5.873,1.0,1.0,,,20.0,14.0,1.0,1.0
backfill-2018,2018_20_LA_NO,2018,20,NO,LA,0.5931,0.5948,3.0,6.529,2.506,1.0,0.0,,,23.0,26.0,0.0,0.0
backfill-2018,2018_20_NE_KC,2018,20,KC,NE,0.6009,0.5672,3.0,8.898,4.657,1.0,0.0,19.0,14.0,31.0,37.0,0.0,0.0
backfill-2018,2018_21_NE_LA,2018,21,LA,NE,0.4898,0.5178,-2.0,2.371,4.93,0.0,0.0,,,3.0,13.0,0.0,1.0
backfill-2019,2019_01_GB_CHI,2019,1,CHI,GB,0.7144,0.7186,3.5,4.155,3.38,0.0,2.0,65.0,10.0,3.0,10.0,0.0,0.0
backfill-2019,2019_01_ATL_MIN,2019,1,MIN,ATL,0.5531,0.5758,3.5,-2.568,4.974,1.0,1.0,,,28.0,12.0,1.0,1.0
backfill-2019,2019_01_BAL_MIA,2019,1,MIA,BAL,0.3521,0.3229,-7.0,5.559,-1.358,0.0,0.0,91.0,8.0,10.0,59.0,0.0,1.0
backfill-2019,2019_01_BUF_NYJ,2019,1,NYJ,BUF,0.4582,0.4564,2.5,-1.058,-0.281,0.0,2.0,77.0,6.0,16.0,17.0,0.0,1.0
backfill-2019,2019_01_CIN_SEA,2019,1,SEA,CIN,0.7615,0.7223,9.5,3.672,1.542,3.0,4.0,64.0,7.0,21.0,20.0,1.0,1.0
backfill-2019,2019_01_IND_LAC,2019,1,LAC,IND,0.6118,0.5747,6.0,4.472,-1.726,5.0,2.0,77.0,10.0,30.0,24.0,1.0,1.0
backfill-2019,2019_01_KC_JAX,2019,1,JAX,KC,0.2893,0.3269,-3.5,6.472,8.737,3.0,0.0,91.0,6.0,26.0,40.0,0.0,1.0
backfill-2019,2019_01_LA_CAR,2019,1,CAR,LA,0.4359,0.4305,-1.5,2.694,0.308,2.0,0.0,87.0,3.0,27.0,30.0,0.0,1.0
backfill-2019,2019_01_NYG_DAL,2019,1,DAL,NYG,0.6777,0.6816,7.0,4.119,3.122,3.0,2.0,,,35.0,17.0,1.0,1.0
backfill-2019,2019_01_PIT_NE,2019,1,NE,PIT,0.6036,0.6335,5.5,4.901,8.039,0.0,1.0,66.0,2.0,33.0,3.0,1.0,1.0
backfill-2019,2019_01_SF_TB,2019,1,TB,SF,0.5831,0.573,1.0,4.192,4.423,2.0,3.0,93.0,9.0,17.0,31.0,0.0,0.0
backfill-2019,2019_01_TEN_CLE,2019,1,CLE,TEN,0.5054,0.4502,5.5,3.086,1.457,0.0,1.0,71.0,10.0,13.0,43.0,0.0,0.0
backfill-2019,2019_01_WAS_PHI,2019,1,PHI,WAS,0.7533,0.7229,10.5,3.402,-0.308,3.0,2.0,79.0,4.0,32.0,27.0,1.0,1.0
backfill-2019,2019_01_DEN_OAK,2019,1,LV,DEN,0.5409,0.4831,-3.0,-0.288,-0.048,1.0,3.0,68.0,15.0,24.0,16.0,1.0,1.0
backfill-2019,2019_01_HOU_NO,2019,1,NO,HOU,0.6747,0.6721,6.5,6.554,4.288,2.0,0.0,,,30.0,28.0,1.0,1.0
backfill-2019,2019_02_TB_CAR,2019,2,CAR,TB,0.6433,0.6679,6.5,1.263,1.451,1.0,1.0,85.0,3.0,14.0,20.0,0.0,0.0
backfill-2019,2019_02_ARI_BAL,2019,2,BAL,ARI,0.8196,0.798,13.0,0.504,-1.848,1.0,1.0,82.0,8.0,23.0,17.0,1.0,1.0
backfill-2019,2019_02_BUF_NYG,2019,2,NYG,BUF,0.5622,0.5057,-1.0,2.486,-1.761,3.0,2.0,79.0,5.0,14.0,28.0,0.0,0.0
backfill-2019,2019_02_CHI_DEN,2019,2,DEN,CHI,0.4373,0.3523,-3.0,1.92,2.564,3.0,0.0,87.0,3.0,14.0,16.0,0.0,1.0
backfill-2019,2019_02_DAL_WAS,2019,2,WAS,DAL,0.2994,0.3573,-6.0,1.59,6.086,6.0,2.0,80.0,7.0,21.0,31.0,0.0,1.0
backfill-2019,2019_02_IND_TEN,2019,2,TEN,IND,0.6143,0.5566,3.0,2.867,-0.352,2.0,3.0,93.0,1.0,17.0,19.0,0.0,0.0
backfill-2019,2019_02_JAX_HOU,2019,2,HOU,JAX,0.6861,0.6525,7.5,3.993,2.182,0.0,3.0,,,13.0,12.0,1.0,1.0
backfill-2019,2019_02_KC_OAK,2019,2,LV,KC,0.229,0.2768,-7.0,-0.223,8.661,2.0,1.0,70.0,13.0,10.0,28.0,0.0,1.0
backfill-2019,2019_02_LAC_DET,2019,2,DET,LAC,0.4505,0.3921,-1.0,-2.035,4.562,0.0,2.0,,,13.0,10.0,1.0,0.0
backfill-2019,2019_02_MIN_GB,2019,2,GB,MIN,0.5174,0.4366,3.0,2.202,-2.058,2.0,2.0,72.0,5.0,21.0,16.0,1.0,1.0
backfill-2019,2019_02_NE_MIA,2019,2,MIA,NE,0.2277,0.1933,-18.0,5.099,6.64,2.0,1.0,87.0,4.0,0.0,43.0,0.0,1.0
backfill-2019,2019_02_NO_LA,2019,2,LA,NO,0.5137,0.5236,2.0,-0.982,5.834,0.0,1.0,85.0,4.0,27.0,9.0,1.0,1.0
backfill-2019,2019_02_PHI_ATL,2019,2,ATL,PHI,0.4175,0.4081,-1.0,3.059,4.654,1.0,3.0,,,24.0,20.0,1.0,0.0
backfill-2019,2019_02_SEA_PIT,2019,2,PIT,SEA,0.5742,0.515,4.0,6.718,4.38,1.0,5.0,81.0,3.0,26.0,28.0,0.0,0.0
backfill-2019,2019_02_SF_CIN,2019,2,CIN,SF,0.4812,0.502,1.0,1.486,4.491,2.0,3.0,81.0,5.0,17.0,41.0,0.0,1.0
backfill-2019,2019_02_CLE_NYJ,2019,2,NYJ,CLE,0.4225,0.479,-6.5,-4.016,2.208,3.0,4.0,72.0,3.0,3.0,23.0,0.0,1.0
backfill-2019,2019_03_TEN_JAX,2019,3,JAX,TEN,0.3778,0.3878,-1.5,1.266,1.75,2.0,3.0,73.0,9.0,20.0,7.0,1.0,0.0
backfill-2019,2019_03_ATL_IND,2019,3,IND,ATL,0.5554,0.6002,1.0,0.089,1.757,2.0,1.0,,,27.0,24.0,1.0,1.0
backfill-2019,2019_03_BAL_KC,2019,3,KC,BAL,0.6343,0.5955,4.5,9.907,1.359,3.0,2.0,,,33.0,28.0,1.0,1.0
backfill-2019,2019_03_CAR_ARI,2019,3,ARI,CAR,0.4464,0.3996,2.5,0.095,2.948,1.0,4.0,,,20.0,38.0,0.0,1.0
backfill-2019,2019_03_CIN_BUF,2019,3,BUF,CIN,0.6031,0.6597,5.5,0.547,1.509,3.0,6.0,83.0,13.0,21.0,17.0,1.0,1.0
backfill-2019,2019_03_DEN_GB,2019,3,GB,DEN,0.7112,0.6731,7.0,2.013,1.898,3.0,3.0,69.0,7.0,27.0,16.0,1.0,1.0
backfill-2019,2019_03_DET_PHI,2019,3,PHI,DET,0.6132,0.6283,4.0,4.363,-0.628,5.0,1.0,84.0,7.0,24.0,27.0,0.0,0.0
backfill-2019,2019_03_HOU_LAC,2019,3,LAC,HOU,0.6681,0.6278,3.0,3.76,2.715,2.0,0.0,87.0,4.0,20.0,27.0,0.0,0.0
backfill-2019,2019_03_LA_CLE,2019,3,CLE,LA,0.3537,0.2948,-4.0,2.694,-1.234,4.0,1.0,83.0,12.0,13.0,20.0,0.0,1.0
backfill-2019,2019_03_MIA_DAL,2019,3,DAL,MIA,0.8223,0.7969,22.0,7.065,-8.596,6.0,2.0,,,31.0,6.0,1.0,1.0
backfill-2019,2019_03_NO_SEA,2019,3,SEA,NO,0.6117,0.5279,5.0,4.151,-1.523,2.0,3.0,63.0,8.0,27.0,33.0,0.0,0.0
backfill-2019,2019_03_NYG_TB,2019,3,TB,NYG,0.6315,0.6021,5.0,1.931,-0.47,4.0,1.0,88.0,11.0,31.0,32.0,0.0,0.0
backfill-2019,2019_03_NYJ_NE,2019,3,NE,NYJ,0.895,0.8864,20.5,6.743,-1.241,1.0,5.0,81.0,10.0,30.0,14.0,1.0,1.0
backfill-2019,2019_03_OAK_MIN,2019,3,MIN,LV,0.7344,0.718,8.5,-3.051,-0.758,1.0,2.0,,,34.0,14.0,1.0,1.0
backfill-2019,2019_03_PIT_SF,2019,3,SF,PIT,0.5037,0.4693,6.0,5.544,-0.113,4.0,3.0,79.0,3.0,24.0,20.0,1.0,1.0
backfill-2019,2019_03_CHI_WAS,2019,3,WAS,CHI,0.3824,0.3361,-5.0,2.073,1.576,3.0,1.0,87.0,5.0,15.0,31.0,0.0,1.0
backfill-2019,2019_04_PHI_GB,2019,4,GB,PHI,0.5462,0.5071,3.5,2.577,3.022,2.0,3.0,60.0,3.0,27.0,34.0,0.0,0.0
backfill-2019,2019_04_CAR_HOU,2019,4,HOU,CAR,0.6096,0.6045,5.5,4.138,4.332,1.0,2.0,,,10.0,16.0,0.0,0.0
backfill-2019,2019_04_CLE_BAL,2019,4,BAL,CLE,0.7695,0.7311,7.5,2.141,2.287,3.0,1.0,83.0,8.0,25.0,40.0,0.0,0.0
backfill-2019,2019_04_DAL_NO,2019,4,NO,DAL,0.4133,0.5727,-2.5,-2.582,6.704,3.0,3.0,,,12.0,10.0,1.0,0.0
backfill-2019,2019_04_JAX_DEN,2019,4,DEN,JAX,0.476,0.4519,2.5,2.108,1.132,2.0,2.0,87.0,14.0,24.0,26.0,0.0,1.0
backfill-2019,2019_04_KC_DET,2019,4,DET,KC,0.3326,0.3648,-7.5,-0.239,10.171,1.0,3.0,,,30.0,34.0,0.0,1.0
backfill-2019,2019_04_LAC_MIA,2019,4,MIA,LAC,0.3006,0.2856,-15.0,-8.624,3.029,2.0,6.0,88.0,15.0,10.0,30.0,0.0,1.0
backfill-2019,2019_04_MIN_CHI,2019,4,CHI,MIN,0.6082,0.5772,-1.0,2.341,-2.071,2.0,2.0,67.0,8.0,16.0,6.0,1.0,1.0
backfill-2019,2019_04_NE_BUF,2019,4,BUF,NE,0.2686,0.2816,-7.0,1.158,6.832,2.0,0.0,58.0,10.0,10.0,16.0,0.0,1.0
backfill-2019,2019_04_OAK_IND,2019,4,IND,LV,0.7533,0.7597,5.5,1.532,0.123,4.0,2.0,,,24.0,31.0,0.0,0.0
backfill-2019,2019_04_SEA_ARI,2019,4,ARI,SEA,0.2896,0.2649,-5.5,-1.519,5.257,2.0,1.0,,,10.0,27.0,0.0,1.0
backfill-2019,2019_04_TB_LA,2019,4,LA,TB,0.8023,0.8027,9.0,-0.481,3.035,0.0,2.0,74.0,2.0,40.0,55.0,0.0,0.0
backfill-2019,2019_04_TEN_ATL,2019,4,ATL,TEN,0.5373,0.5396,3.5,2.931,0.72,1.0,1.0,,,10.0,24.0,0.0,0.0
backfill-2019,2019_04_WAS_NYG,2019,4,NYG,WAS,0.6584,0.5574,3.0,2.137,0.463,3.0,2.0,77.0,11.0,24.0,3.0,1.0,1.0
backfill-2019,2019_04_CIN_PIT,2019,4,PIT,CIN,0.6458,0.7243,3.5,-1.698,0.174,4.0,5.0,76.0,1.0,27.0,3.0,1.0,1.0
backfill-2019,2019_05_LA_SEA,2019,5,SEA,LA,0.549,0.5133,1.5,4.153,0.96,0.0,2.0,57.0,7.0,30.0,29.0,1.0,1.0
backfill-2019,2019_05_ARI_CIN,2019,5,CIN,ARI,0.6515,0.5832,3.0,-1.859,-2.151,4.0,5.0,76.0,6.0,23.0,26.0,0.0,0.0
backfill-2019,2019_05_ATL_HOU,2019,5,HOU,ATL,0.6305,0.6101,4.0,2.133,2.561,1.0,4.0,,,53.0,32.0,1.0,1.0
backfill-2019,2019_05_BAL_PIT,2019,5,PIT,BAL,0.4903,0.5394,-3.5,0.679,2.451,2.0,1.0,70.0,7.0,23.0,26.0,0.0,1.0
backfill-2019,2019_05_BUF_TEN,2019,5,TEN,BUF,0.6853,0.6176,3.5,0.51,0.29,2.0,2.0,77.0,13.0,7.0,14.0,0.0,0.0
backfill-2019,2019_05_CHI_OAK,2019,5,LV,CHI,0.3122,0.3045,-6.5,0.288,-0.701,1.0,5.0,59.0,15.0,24.0,21.0,1.0,0.0
backfill-2019,2019_05_DEN_LAC,2019,5,LAC,DEN,0.7848,0.7683,4.0,3.12,1.939,4.0,1.0,85.0,12.0,13.0,20.0,0.0,0.0
backfill-2019,2019_05_GB_DAL,2019,5,DAL,GB,0.6994,0.6534,3.5,7.017,3.082,1.0,4.0,,,24.0,34.0,0.0,0.0
backfill-2019,2019_05_IND_KC,2019,5,KC,IND,0.7427,0.7191,10.5,10.182,1.927,3.0,5.0,59.0,3.0,13.0,19.0,0.0,0.0
backfill-2019,2019_05_JAX_CAR,2019,5,CAR,JAX,0.6311,0.6175,3.0,2.639,1.401,6.0,2.0,72.0,4.0,34.0,27.0,1.0,1.0
backfill-2019,2019_05_MIN_NYG,2019,5,NYG,MIN,0.4773,0.3957,-5.5,3.084,-2.8,3.0,2.0,66.0,10.0,10.0,28.0,0.0,1.0
backfill-2019,2019_05_NE_WAS,2019,5,WAS,NE,0.2308,0.1566,-15.5,0.014,4.081,4.0,3.0,70.0,8.0,7.0,33.0,0.0,1.0
backfill-2019,2019_05_NYJ_PHI,2019,5,PHI,NYJ,0.8226,0.813,14.0,2.816,-4.352,5.0,4.0,68.0,10.0,31.0,6.0,1.0,1.0
backfill-2019,2019_05_TB_NO,2019,5,NO,TB,0.58,0.7268,3.0,-3.159,3.473,2.0,2.0,,,31.0,24.0,1.0,1.0
backfill-2019,2019_05_CLE_SF,2019,5,SF,CLE,0.6437,0.5712,5.0,3.987,2.47,2.0,1.0,87.0,8.0,31.0,3.0,1.0,1.0
backfill-2019,2019_06_NYG_NE,2019,6,NE,NYG,0.8593,0.8634,16.5,4.965,1.456,1.0,4.0,54.0,13.0,35.0,14.0,1.0,1.0
backfill-2019,2019_06_ATL_ARI,2019,6,ARI,ATL,0.3722,0.4115,-3.0,0.208,2.597,3.0,3.0,,,34.0,33.0,1.0,0.0
backfill-2019,2019_06_CAR_TB,2019,6,TB,CAR,0.5059,0.4456,-2.0,2.307,2.49,5.0,5.0,61.0,14.0,26.0,37.0,0.0,0.0
backfill-2019,2019_06_CIN_BAL,2019,6,BAL,CIN,0.8224,0.7947,10.5,3.235,-1.743,1.0,6.0,64.0,7.0,23.0,17.0,1.0,1.0
backfill-2019,2019_06_DAL_NYJ,2019,6,NYJ,DAL,0.1995,0.2552,-7.0,-0.733,6.63,4.0,0.0,66.0,7.0,24.0,22.0,1.0,0.0
backfill-2019,2019_06_HOU_KC,2019,6,KC,HOU,0.6415,0.6648,3.5,9.78,4.333,5.0,1.0,56.0,2.0,24.0,31.0,0.0,0.0
backfill-2019,2019_06_NO_JAX,2019,6,JAX,NO,0.3466,0.3002,2.5,0.823,-1.795,1.0,3.0,81.0,3.0,6.0,13.0,0.0,1.0
backfill-2019,2019_06_PHI_MIN,2019,6,MIN,PHI,0.5843,0.5134,3.5,-2.379,1.793,2.0,6.0,,,38.0,20.0,1.0,1.0
backfill-2019,2019_06_PIT_LAC,2019,6,LAC,PIT,0.5476,0.5537,6.0,1.431,1.183,4.0,5.0,71.0,9.0,17.0,24.0,0.0,0.0
backfill-2019,2019_06_SEA_CLE,2019,6,CLE,SEA,0.3648,0.3672,1.0,-0.896,4.614,0.0,3.0,58.0,20.0,28.0,32.0,0.0,1.0
backfill-2019,2019_06_SF_LA,2019,6,LA,SF,0.6231,0.6207,3.0,2.11,3.858,3.0,4.0,77.0,2.0,7.0,20.0,0.0,0.0
backfill-2019,2019_06_TEN_DEN,2019,6,DEN,TEN,0.4632,0.424,1.0,0.881,0.63,1.0,2.0,69.0,7.0,16.0,0.0,1.0,0.0
backfill-2019,2019_06_WAS_MIA,2019,6,MIA,WAS,0.518,0.5189,-6.0,-8.257,-0.038,0.0,5.0,84.0,13.0,16.0,17.0,0.0,0.0
backfill-2019,2019_06_DET_GB,2019,6,GB,DET,0.5839,0.5755,3.5,3.542,0.225,4.0,2.0,43.0,5.0,23.0,22.0,1.0,1.0
backfill-2019,2019_07_KC_DEN,2019,7,DEN,KC,0.3072,0.3395,-3.0,1.1,8.986,1.0,5.0,75.0,6.0,6.0,30.0,0.0,1.0
backfill-2019,2019_07_ARI_NYG,2019,7,NYG,ARI,0.5893,0.5993,3.5,-0.909,2.343,2.0,3.0,56.0,3.0,21.0,27.0,0.0,0.0
backfill-2019,2019_07_BAL_SEA,2019,7,SEA,BAL,0.6653,0.5849,3.0,6.342,3.709,2.0,1.0,50.0,8.0,16.0,30.0,0.0,0.0
backfill-2019,2019_07_HOU_IND,2019,7,IND,HOU,0.5513,0.5243,1.5,1.207,5.242,4.0,2.0,,,30.0,23.0,1.0,1.0
backfill-2019,2019_07_JAX_CIN,2019,7,CIN,JAX,0.3825,0.4006,-4.0,-0.875,-0.248,8.0,2.0,70.0,2.0,17.0,27.0,0.0,1.0
backfill-2019,2019_07_LAC_TEN,2019,7,TEN,LAC,0.4909,0.4936,3.0,-5.714,0.796,3.0,5.0,77.0,2.0,23.0,20.0,1.0,0.0
backfill-2019,2019_07_LA_ATL,2019,7,ATL,LA,0.457,0.3798,-3.0,5.133,-0.123,1.0,2.0,,,10.0,37.0,0.0,1.0
backfill-2019,2019_07_MIA_BUF,2019,7,BUF,MIA,0.7578,0.759,17.0,-0.79,-1.054,0.0,3.0,65.0,7.0,31.0,21.0,1.0,1.0
backfill-2019,2019_07_MIN_DET,2019,7,DET,MIN,0.4425,0.4261,-2.5,1.248,-0.093,2.0,1.0,,,30.0,42.0,0.0,1.0
backfill-2019,2019_07_NO_CHI,2019,7,CHI,NO,0.5089,0.4519,4.0,0.733,-1.878,0.0,5.0,54.0,6.0,25.0,36.0,0.0,0.0
backfill-2019,2019_07_OAK_GB,2019,7,GB,LV,0.6308,0.6698,5.5,2.974,0.727,4.0,3.0,55.0,6.0,42.0,24.0,1.0,1.0
backfill-2019,2019_07_PHI_DAL,2019,7,DAL,PHI,0.5808,0.5138,3.0,8.329,2.317,1.0,6.0,,,37.0,10.0,1.0,1.0
backfill-2019,2019_07_SF_WAS,2019,7,WAS,SF,0.2828,0.2743,-10.0,-0.362,2.803,5.0,6.0,55.0,12.0,0.0,9.0,0.0,1.0
backfill-2019,2019_07_NE_NYJ,2019,7,NYJ,NE,0.1715,0.1317,-9.5,-0.423,5.577,7.0,3.0,58.0,0.0,0.0,33.0,0.0,1.0
backfill-2019,2019_08_WAS_MIN,2019,8,MIN,WAS,0.8643,0.8364,16.5,2.684,-0.688,1.0,5.0,,,19.0,9.0,1.0,1.0
backfill-2019,2019_08_ARI_NO,2019,8,NO,ARI,0.8058,0.8548,12.5,3.593,2.151,3.0,2.0,,,31.0,9.0,1.0,1.0
backfill-2019,2019_08_CAR_SF,2019,8,SF,CAR,0.6003,0.5686,4.5,2.0,2.819,4.0,3.0,66.0,19.0,51.0,13.0,1.0,1.0
backfill-2019,2019_08_CIN_LA,2019,8,LA,CIN,0.8705,0.8368,12.0,0.069,-2.146,3.0,5.0,48.0,5.0,24.0,10.0,1.0,1.0
backfill-2019,2019_08_CLE_NE,2019,8,NE,CLE,0.8406,0.8502,9.5,4.91,-0.391,2.0,1.0,49.0,11.0,27.0,13.0,1.0,1.0
backfill-2019,2019_08_DEN_IND,2019,8,IND,DEN,0.7684,0.7295,6.0,2.429,-1.011,1.0,2.0,,,15.0,13.0,1.0,1.0
backfill-2019,2019_08_GB_KC,2019,8,KC,GB,0.4878,0.6309,-5.0,-0.594,4.959,6.0,2.0,54.0,5.0,24.0,31.0,0.0,1.0
backfill-2019,2019_08_LAC_CHI,2019,8,CHI,LAC,0.6138,0.6339,3.5,0.28,2.715,0.0,4.0,52.0,9.0,16.0,17.0,0.0,0.0
backfill-2019,2019_08_NYG_DET,2019,8,DET,NYG,0.667,0.6857,6.5,2.885,-1.968,3.0,2.0,,,31.0,26.0,1.0,1.0
backfill-2019,2019_08_NYJ_JAX,2019,8,JAX,NYJ,0.7354,0.7021,7.0,0.063,-3.783,3.0,7.0,79.0,11.0,29.0,15.0,1.0,1.0
backfill-2019,2019_08_OAK_HOU,2019,8,HOU,LV,0.6841,0.7057,5.0,5.026,0.648,3.0,0.0,,,27.0,24.0,1.0,1.0
backfill-2019,2019_08_PHI_BUF,2019,8,BUF,PHI,0.5781,0.5387,1.0,-0.598,2.873,0.0,6.0,54.0,23.0,13.0,31.0,0.0,0.0
backfill-2019,2019_08_SEA_ATL,2019,8,ATL,SEA,0.3204,0.3401,-7.5,-2.106,5.289,3.0,2.0,,,20.0,27.0,0.0,1.0
backfill-2019,2019_08_TB_TEN,2019,8,TEN,TB,0.5811,0.5955,2.0,-3.562,0.34,4.0,3.0,59.0,3.0,27.0,23.0,1.0,1.0
backfill-2019,2019_08_MIA_PIT,2019,8,PIT,MIA,0.8177,0.8085,14.0,0.942,-1.019,0.0,4.0,59.0,2.0,27.0,14.0,1.0,1.0
backfill-2019,2019_09_SF_ARI,2019,9,ARI,SF,0.2698,0.2406,-10.5,1.208,1.723,2.0,4.0,,,25.0,28.0,0.0,1.0
backfill-2019,2019_09_CHI_PHI,2019,9,PHI,CHI,0.5698,0.5471,5.0,2.821,0.854,2.0,1.0,52.0,13.0,22.0,14.0,1.0,1.0
backfill-2019,2019_09_CLE_DEN,2019,9,DEN,CLE,0.5381,0.5311,-4.0,0.0,-1.412,4.0,4.0,55.0,4.0,24.0,19.0,1.0,1.0
backfill-2019,2019_09_DET_OAK,2019,9,LV,DET,0.4087,0.4373,2.5,0.806,4.511,0.0,2.0,71.0,6.0,31.0,24.0,1.0,0.0
backfill-2019,2019_09_GB_LAC,2019,9,LAC,GB,0.4047,0.4218,-4.0,2.809,6.22,4.0,0.0,79.0,2.0,26.0,11.0,1.0,0.0
backfill-2019,2019_09_HOU_JAX,2019,9,JAX,HOU,0.4502,0.4256,1.0,1.376,5.014,2.0,5.0,53.0,6.0,3.0,26.0,0.0,1.0
backfill-2019,2019_09_IND_PIT,2019,9,PIT,IND,0.5545,0.5031,1.0,1.277,2.156,3.0,2.0,48.0,12.0,26.0,24.0,1.0,1.0
backfill-2019,2019_09_MIN_KC,2019,9,KC,MIN,0.466,0.5121,-5.5,-1.21,3.667,3.0,0.0,54.0,15.0,26.0,23.0,1.0,0.0
backfill-2019,2019_09_NE_BAL,2019,9,BAL,NE,0.4674,0.3619,-3.0,4.906,4.343,0.0,1.0,48.0,1.0,37.0,20.0,1.0,0.0
backfill-2019,2019_09_NYJ_MIA,2019,9,MIA,NYJ,0.5769,0.5273,-3.5,-0.995,-2.239,3.0,6.0,85.0,11.0,26.0,18.0,1.0,1.0
backfill-2019,2019_09_TB_SEA,2019,9,SEA,TB,0.735,0.7232,4.0,4.458,0.531,3.0,1.0,54.0,6.0,40.0,34.0,1.0,1.0
backfill-2019,2019_09_TEN_CAR,2019,9,CAR,TEN,0.652,0.5865,3.5,-0.578,-2.356,2.0,3.0,58.0,5.0,30.0,20.0,1.0,1.0
backfill-2019,2019_09_WAS_BUF,2019,9,BUF,WAS,0.7732,0.7213,10.5,-1.245,-4.094,1.0,5.0,42.0,18.0,24.0,9.0,1.0,1.0
backfill-2019,2019_09_DAL_NYG,2019,9,NYG,DAL,0.2314,0.2793,-6.5,-1.602,9.04,0.0,1.0,51.0,10.0,18.0,37.0,0.0,1.0
backfill-2019,2019_10_LAC_OAK,2019,10,LV,LAC,0.4422,0.4159,-1.0,2.271,3.562,2.0,5.0,54.0,9.0,26.0,24.0,1.0,0.0
backfill-2019,2019_10_ARI_TB,2019,10,TB,ARI,0.609,0.6169,5.5,2.243,1.603,3.0,4.0,77.0,8.0,30.0,27.0,1.0,1.0
backfill-2019,2019_10_ATL_NO,2019,10,NO,ATL,0.8296,0.8509,14.0,2.459,3.797,0.0,3.0,,,9.0,26.0,0.0,0.0
backfill-2019,2019_10_BAL_CIN,2019,10,CIN,BAL,0.1795,0.1607,-10.5,0.0,5.81,3.0,0.0,56.0,9.0,13.0,49.0,0.0,1.0
backfill-2019,2019_10_BUF_CLE,2019,10,CLE,BUF,0.4325,0.4323,3.0,-0.681,-0.426,2.0,0.0,50.0,10.0,19.0,16.0,1.0,0.0
backfill-2019,2019_10_CAR_GB,2019,10,GB,CAR,0.6418,0.5499,5.0,4.266,-0.27,1.0,1.0,34.0,6.0,24.0,16.0,1.0,1.0
backfill-2019,2019_10_DET_CHI,2019,10,CHI,DET,0.6111,0.6232,6.0,-0.541,-0.734,1.0,3.0,40.0,12.0,20.0,13.0,1.0,1.0
backfill-2019,2019_10_KC_TEN,2019,10,TEN,KC,0.3075,0.3616,-5.0,-2.299,8.643,4.0,2.0,63.0,9.0,35.0,32.0,1.0,0.0
backfill-2019,2019_10_LA_PIT,2019,10,PIT,LA,0.5243,0.5139,-4.0,1.022,1.785,4.0,2.0,55.0,12.0,17.0,12.0,1.0,1.0
backfill-2019,2019_10_MIA_IND,2019,10,IND,MIA,0.8247,0.8211,11.0,-2.026,-1.255,2.0,2.0,,,12.0,16.0,0.0,0.0
backfill-2019,2019_10_MIN_DAL,2019,10,DAL,MIN,0.5494,0.5089,3.5,7.927,3.668,1.0,3.0,,,24.0,28.0,0.0,0.0
backfill-2019,2019_10_NYG_NYJ,2019,10,NYJ,NYG,0.4432,0.4769,-3.0,-2.26,-2.613,4.0,4.0,48.0,8.0,34.0,27.0,1.0,0.0
backfill-2019,2019_10_SEA_SF,2019,10,SF,SEA,0.6251,0.5888,6.5,4.214,6.649,2.0,0.0,77.0,3.0,24.0,27.0,0.0,0.0
backfill-2019,2019_11_PIT_CLE,2019,11,CLE,PIT,0.3487,0.339,3.0,-1.244,-0.061,2.0,3.0,36.0,10.0,21.0,7.0,1.0,0.0
backfill-2019,2019_11_ARI_SF,2019,11,SF,ARI,0.826,0.8217,10.0,2.419,2.118,6.0,2.0,72.0,0.0,36.0,26.0,1.0,1.0
backfill-2019,2019_11_ATL_CAR,2019,11,CAR,ATL,0.6264,0.6416,3.5,-0.484,3.771,2.0,3.0,51.0,11.0,3.0,29.0,0.0,0.0
backfill-2019,2019_11_BUF_MIA,2019,11,MIA,BUF,0.3665,0.3799,-7.0,-1.791,0.665,1.0,0.0,62.0,13.0,20.0,37.0,0.0,1.0
backfill-2019,2019_11_CHI_LA,2019,11,LA,CHI,0.6186,0.5782,5.0,0.219,-1.125,3.0,4.0,79.0,0.0,17.0,7.0,1.0,1.0
backfill-2019,2019_11_CIN_OAK,2019,11,LV,CIN,0.7826,0.7408,13.0,2.799,-6.403,2.0,4.0,76.0,13.0,17.0,10.0,1.0,1.0
backfill-2019,2019_11_DAL_DET,2019,11,DET,DAL,0.2983,0.3923,-7.5,-1.157,9.245,3.0,1.0,,,27.0,35.0,0.0,1.0
backfill-2019,2019_11_DEN_MIN,2019,11,MIN,DEN,0.7734,0.763,10.0,6.345,1.063,4.0,3.0,,,27.0,23.0,1.0,1.0
backfill-2019,2019_11_HOU_BAL,2019,11,BAL,HOU,0.6109,0.625,4.0,7.856,6.773,1.0,0.0,44.0,10.0,41.0,7.0,1.0,1.0
backfill-2019,2019_11_JAX_IND,2019,11,IND,JAX,0.6393,0.6681,2.5,2.605,6.438,3.0,1.0,,,33.0,13.0,1.0,1.0
backfill-2019,2019_11_NE_PHI,2019,11,PHI,NE,0.3531,0.3813,-4.5,2.19,3.54,3.0,0.0,42.0,13.0,10.0,17.0,0.0,1.0
backfill-2019,2019_11_NO_TB,2019,11,TB,NO,0.3157,0.2965,-5.0,2.7,0.907,3.0,3.0,55.0,4.0,17.0,34.0,0.0,1.0
backfill-2019,2019_11_NYJ_WAS,2019,11,WAS,NYJ,0.6062,0.5511,1.0,-4.217,-0.29,4.0,5.0,43.0,8.0,17.0,34.0,0.0,0.0
backfill-2019,2019_11_KC_LAC,2019,11,LAC,KC,0.45,0.4451,-5.5,1.945,9.306,3.0,3.0,67.0,7.0,17.0,24.0,0.0,1.0
backfill-2019,2019_12_IND_HOU,2019,12,HOU,IND,0.5712,0.541,3.5,5.819,2.879,3.0,4.0,,,20.0,17.0,1.0,1.0
backfill-2019,2019_12_CAR_NO,2019,12,NO,CAR,0.7599,0.7355,10.0,2.624,-1.821,3.0,0.0,,,34.0,31.0,1.0,1.0
backfill-2019,2019_12_DAL_NE,2019,12,NE,DAL,0.6236,0.7048,5.5,3.289,10.301,0.0,1.0,38.0,16.0,13.0,9.0,1.0,1.0
backfill-2019,2019_12_DEN_BUF,2019,12,BUF,DEN,0.6547,0.6326,3.5,1.158,-0.05,2.0,2.0,40.0,17.0,20.0,3.0,1.0,1.0
backfill-2019,2019_12_DET_WAS,2019,12,WAS,DET,0.3368,0.3499,-4.0,-5.908,-0.558,2.0,6.0,46.0,17.0,19.0,16.0,1.0,0.0
backfill-2019,2019_12_GB_SF,2019,12,SF,GB,0.5971,0.5901,3.0,2.629,5.062,4.0,1.0,63.0,7.0,37.0,8.0,1.0,1.0
backfill-2019,2019_12_JAX_TEN,2019,12,TEN,JAX,0.6317,0.6358,4.5,-2.027,4.165,2.0,1.0,52.0,9.0,42.0,20.0,1.0,1.0
backfill-2019,2019_12_MIA_CLE,2019,12,CLE,MIA,0.7287,0.714,11.0,-1.715,-2.459,2.0,1.0,39.0,14.0,41.0,24.0,1.0,1.0
backfill-2019,2019_12_NYG_CHI,2019,12,CHI,NYG,0.7767,0.7832,6.0,-2.048,-1.946,2.0,2.0,48.0,12.0,19.0,14.0,1.0,1.0
backfill-2019,2019_12_OAK_NYJ,2019,12,NYJ,LV,0.3806,0.3905,-3.5,0.055,4.66,4.0,1.0,43.0,12.0,34.0,3.0,1.0,0.0
backfill-2019,2019_12_PIT_CIN,2019,12,CIN,PIT,0.2135,0.2208,-5.5,-8.742,-2.588,2.0,3.0,46.0,10.0,10.0,16.0,0.0,1.0
backfill-2019,2019_12_SEA_PHI,2019,12,PHI,SEA,0.4783,0.4797,-1.0,1.082,5.556,2.0,1.0,40.0,17.0,9.0,17.0,0.0,1.0
backfill-2019,2019_12_TB_ATL,2019,12,ATL,TB,0.6484,0.6558,3.5,4.778,1.003,3.0,2.0,,,22.0,35.0,0.0,0.0
backfill-2019,2019_12_BAL_LA,2019,12,LA,BAL,0.4401,0.4271,-3.5,1.081,10.08,2.0,1.0,62.0,5.0,6.0,45.0,0.0,1.0
backfill-2019,2019_13_BUF_DAL,2019,13,DAL,BUF,0.615,0.6082,6.5,7.296,2.151,2.0,1.0,,,15.0,26.0,0.0,0.0
backfill-2019,2019_13_CHI_DET,2019,13,DET,CHI,0.3989,0.3862,-5.5,0.0,-2.529,4.0,6.0,,,20.0,24.0,0.0,1.0
backfill-2019,2019_13_NO_ATL,2019,13,ATL,NO,0.347,0.3046,-7.0,2.424,3.027,1.0,3.0,,,18.0,26.0,0.0,1.0
backfill-2019,2019_13_CLE_PIT,2019,13,PIT,CLE,0.631,0.6305,-1.0,-0.565,0.485,2.0,1.0,46.0,6.0,20.0,13.0,1.0,1.0
backfill-2019,2019_13_GB_NYG,2019,13,NYG,GB,0.2299,0.2491,-6.5,-2.805,4.535,5.0,0.0,32.0,10.0,13.0,31.0,0.0,1.0
backfill-2019,2019_13_LAC_DEN,2019,13,DEN,LAC,0.3472,0.4224,-4.5,0.0,1.171,0.0,0.0,33.0,7.0,23.0,20.0,1.0,0.0
backfill-2019,2019_13_LA_ARI,2019,13,ARI,LA,0.2761,0.2706,-2.5,3.112,0.736,0.0,3.0,,,7.0,34.0,0.0,1.0
backfill-2019,2019_13_NE_HOU,2019,13,HOU,NE,0.4392,0.3506,-3.5,5.353,1.369,2.0,1.0,,,28.0,22.0,1.0,0.0
backfill-2019,2019_13_NYJ_CIN,2019,13,CIN,NYJ,0.4249,0.3779,-2.5,-1.222,0.574,4.0,3.0,46.0,15.0,22.0,6.0,1.0,0.0
backfill-2019,2019_13_OAK_KC,2019,13,KC,LV,0.7699,0.7731,11.5,9.657,3.059,1.0,1.0,36.0,20.0,40.0,9.0,1.0,1.0
backfill-2019,2019_13_PHI_MIA,2019,13,MIA,PHI,0.3766,0.2685,-10.5,-1.641,-1.608,0.0,0.0,82.0,15.0,37.0,31.0,1.0,0.0
backfill-2019,2019_13_SF_BAL,2019,13,BAL,SF,0.6943,0.6362,5.5,10.036,3.086,0.0,2.0,40.0,13.0,20.0,17.0,1.0,1.0
backfill-2019,2019_13_TB_JAX,2019,13,JAX,TB,0.4888,0.4747,-3.0,2.438,3.801,2.0,3.0,77.0,15.0,11.0,28.0,0.0,1.0
backfill-2019,2019_13_TEN_IND,2019,13,IND,TEN,0.6492,0.5836,-1.0,2.606,-1.422,2.0,1.0,,,17.0,31.0,0.0,0.0
backfill-2019,2019_13_WAS_CAR,2019,13,CAR,WAS,0.7609,0.7458,10.5,-0.977,-6.397,2.0,2.0,64.0,16.0,21.0,29.0,0.0,0.0
backfill-2019,2019_13_MIN_SEA,2019,13,SEA,MIN,0.5074,0.5354,2.5,4.705,6.381,2.0,1.0,51.0,1.0,37.0,30.0,1.0,1.0
backfill-2019,2019_14_DAL_CHI,2019,14,CHI,DAL,0.4941,0.5493,-3.0,-0.615,6.008,5.0,3.0,44.0,9.0,31.0,24.0,1.0,0.0
backfill-2019,2019_14_BAL_BUF,2019,14,BUF,BAL,0.3598,0.3276,-6.5,2.429,9.531,1.0,0.0,43.0,18.0,17.0,24.0,0.0,1.0
backfill-2019,2019_14_CAR_ATL,2019,14,ATL,CAR,0.6179,0.5588,3.5,1.569,-2.099,2.0,2.0,,,40.0,20.0,1.0,1.0
backfill-2019,2019_14_CIN_CLE,2019,14,CLE,CIN,0.7306,0.7386,6.5,0.009,-1.493,2.0,4.0,48.0,16.0,27.0,19.0,1.0,1.0
backfill-2019,2019_14_DEN_HOU,2019,14,HOU,DEN,0.7688,0.753,8.0,6.794,-0.808,1.0,1.0,,,24.0,38.0,0.0,0.0
backfill-2019,2019_14_DET_MIN,2019,14,MIN,DET,0.7736,0.7881,12.0,7.329,0.951,1.0,3.0,,,20.0,7.0,1.0,1.0
backfill-2019,2019_14_IND_TB,2019,14,TB,IND,0.5706,0.4973,3.0,3.134,2.238,4.0,3.0,78.0,9.0,38.0,35.0,1.0,1.0
backfill-2019,2019_14_KC_NE,2019,14,NE,KC,0.609,0.6274,3.0,0.437,9.545,0.0,3.0,32.0,8.0,16.0,23.0,0.0,0.0
backfill-2019,2019_14_LAC_JAX,2019,14,JAX,LAC,0.3886,0.3943,-3.5,-0.777,1.249,1.0,2.0,62.0,7.0,10.0,45.0,0.0,1.0
backfill-2019,2019_14_MIA_NYJ,2019,14,NYJ,MIA,0.5817,0.5528,5.0,-1.75,-0.644,6.0,2.0,41.0,9.0,22.0,21.0,1.0,1.0
backfill-2019,2019_14_PIT_ARI,2019,14,ARI,PIT,0.2545,0.2412,-2.5,0.674,-0.125,0.0,2.0,,,17.0,23.0,0.0,1.0
backfill-2019,2019_14_SEA_LA,2019,14,LA,SEA,0.5188,0.4493,1.0,1.936,4.322,2.0,4.0,60.0,4.0,28.0,12.0,1.0,1.0
backfill-2019,2019_14_SF_NO,2019,14,NO,SF,0.6643,0.583,1.0,3.556,1.87,5.0,2.0,,,46.0,48.0,0.0,0.0
backfill-2019,2019_14_TEN_OAK,2019,14,LV,TEN,0.3985,0.3445,-3.0,3.347,0.167,3.0,5.0,59.0,5.0,21.0,42.0,0.0,1.0
backfill-2019,2019_14_WAS_GB,2019,14,GB,WAS,0.8376,0.7921,13.0,6.063,-6.58,0.0,3.0,37.0,10.0,20.0,15.0,1.0,1.0
backfill-2019,2019_14_NYG_PHI,2019,14,PHI,NYG,0.795,0.7833,9.5,-0.53,2.507,1.0,6.0,53.0,11.0,23.0,17.0,1.0,1.0
backfill-2019,2019_15_NYJ_BAL,2019,15,BAL,NYJ,0.9091,0.8983,17.0,9.328,-0.676,2.0,8.0,33.0,3.0,42.0,21.0,1.0,1.0
backfill-2019,2019_15_ATL_SF,2019,15,SF,ATL,0.7841,0.7459,10.5,3.826,2.0,6.0,3.0,55.0,6.0,22.0,29.0,0.0,0.0
backfill-2019,2019_15_BUF_PIT,2019,15,PIT,BUF,0.6089,0.5915,1.0,0.562,0.727,2.0,1.0,31.0,6.0,10.0,17.0,0.0,0.0
backfill-2019,2019_15_CHI_GB,2019,15,GB,CHI,0.6551,0.5491,4.0,5.278,0.218,0.0,4.0,11.0,7.0,21.0,13.0,1.0,1.0
backfill-2019,2019_15_CLE_ARI,2019,15,ARI,CLE,0.3162,0.3261,-3.0,0.478,0.593,0.0,2.0,,,38.0,24.0,1.0,0.0
backfill-2019,2019_15_DEN_KC,2019,15,KC,DEN,0.7549,0.7592,10.0,8.021,3.264,2.0,5.0,24.0,8.0,23.0,3.0,1.0,1.0
backfill-2019,2019_15_HOU_TEN,2019,15,TEN,HOU,0.5621,0.5694,3.0,2.499,5.819,3.0,0.0,45.0,4.0,21.0,24.0,0.0,0.0
backfill-2019,2019_15_JAX_OAK,2019,15,LV,JAX,0.7002,0.5932,7.0,3.93,-2.461,1.0,1.0,59.0,7.0,16.0,20.0,0.0,0.0
backfill-2019,2019_15_LA_DAL,2019,15,DAL,LA,0.5004,0.4205,-1.0,5.715,2.165,1.0,2.0,,,44.0,21.0,1.0,1.0
backfill-2019,2019_15_MIA_NYG,2019,15,NYG,MIA,0.5142,0.4676,3.5,1.836,1.933,4.0,4.0,48.0,19.0,36.0,20.0,1.0,1.0
backfill-2019,2019_15_MIN_LAC,2019,15,LAC,MIN,0.4735,0.3962,-1.0,2.777,7.086,1.0,2.0,64.0,14.0,10.0,39.0,0.0,1.0
backfill-2019,2019_15_NE_CIN,2019,15,CIN,NE,0.1946,0.1432,-10.5,-1.775,-1.597,2.0,0.0,36.0,6.0,13.0,34.0,0.0,1.0
backfill-2019,2019_15_PHI_WAS,2019,15,WAS,PHI,0.3413,0.3195,-7.0,-6.258,-0.755,2.0,1.0,52.0,13.0,27.0,37.0,0.0,1.0
backfill-2019,2019_15_SEA_CAR,2019,15,CAR,SEA,0.3178,0.2821,-6.0,-3.344,2.429,4.0,2.0,56.0,5.0,24.0,30.0,0.0,1.0
backfill-2019,2019_15_TB_DET,2019,15,DET,TB,0.3508,0.4015,-5.5,-1.141,3.304,5.0,4.0,,,17.0,38.0,0.0,1.0
backfill-2019,2019_15_IND_NO,2019,15,NO,IND,0.7689,0.7231,8.0,4.332,2.887,5.0,1.0,,,34.0,7.0,1.0,1.0
backfill-2019,2019_16_BUF_NE,2019,16,NE,BUF,0.6344,0.6732,7.0,-0.672,1.834,1.0,1.0,33.0,2.0,24.0,17.0,1.0,1.0
backfill-2019,2019_16_HOU_TB,2019,16,TB,HOU,0.414,0.474,-3.0,3.66,7.534,3.0,2.0,73.0,11.0,20.0,23.0,0.0,1.0
backfill-2019,2019_16_LA_SF,2019,16,SF,LA,0.597,0.5917,7.0,3.564,1.775,3.0,1.0,58.0,12.0,34.0,31.0,1.0,1.0
backfill-2019,2019_16_ARI_SEA,2019,16,SEA,ARI,0.8352,0.8332,8.0,3.318,1.457,2.0,0.0,43.0,7.0,13.0,27.0,0.0,0.0
backfill-2019,2019_16_BAL_CLE,2019,16,CLE,BAL,0.1957,0.191,-9.5,-0.056,10.743,0.0,0.0,49.0,10.0,15.0,31.0,0.0,1.0
backfill-2019,2019_16_CAR_IND,2019,16,IND,CAR,0.666,0.6521,7.5,1.112,0.0,3.0,4.0,,,38.0,6.0,1.0,1.0
backfill-2019,2019_16_CIN_MIA,2019,16,MIA,CIN,0.5974,0.5689,-1.5,1.785,-3.44,0.0,2.0,76.0,15.0,38.0,35.0,1.0,1.0
backfill-2019,2019_16_DAL_PHI,2019,16,PHI,DAL,0.4403,0.4967,-2.0,-0.683,5.995,1.0,1.0,47.0,7.0,17.0,9.0,1.0,0.0
backfill-2019,2019_16_DET_DEN,2019,16,DEN,DET,0.6991,0.6684,9.5,0.59,-3.878,3.0,3.0,67.0,3.0,27.0,17.0,1.0,1.0
backfill-2019,2019_16_JAX_ATL,2019,16,ATL,JAX,0.7693,0.7259,7.5,0.798,-1.859,1.0,0.0,,,24.0,12.0,1.0,1.0
backfill-2019,2019_16_KC_CHI,2019,16,CHI,KC,0.3247,0.3726,-6.5,-0.52,7.01,2.0,2.0,45.0,10.0,3.0,26.0,0.0,1.0
backfill-2019,2019_16_NO_TEN,2019,16,TEN,NO,0.4453,0.4013,-3.5,4.231,5.323,2.0,3.0,50.0,4.0,28.0,38.0,0.0,1.0
backfill-2019,2019_16_NYG_WAS,2019,16,WAS,NYG,0.5836,0.5463,-1.0,-5.56,-2.757,2.0,1.0,44.0,6.0,35.0,41.0,0.0,0.0
backfill-2019,2019_16_OAK_LAC,2019,16,LAC,LV,0.692,0.7002,7.5,0.853,4.198,1.0,3.0,64.0,10.0,17.0,24.0,0.0,0.0
backfill-2019,2019_16_PIT_NYJ,2019,16,NYJ,PIT,0.3117,0.2941,-3.0,-0.779,-1.188,2.0,0.0,45.0,6.0,16.0,10.0,1.0,0.0
backfill-2019,2019_16_GB_MIN,2019,16,MIN,GB,0.6345,0.6236,4.0,8.331,3.705,1.0,1.0,,,10.0,23.0,0.0,0.0
backfill-2019,2019_17_ARI_LA,2019,17,LA,ARI,0.7147,0.7232,7.0,1.099,0.355,3.0,1.0,62.0,0.0,31.0,24.0,1.0,1.0
backfill-2019,2019_17_ATL_TB,2019,17,TB,ATL,0.4622,0.5178,1.0,3.327,1.746,2.0,3.0,78.0,12.0,22.0,28.0,0.0,1.0
backfill-2019,2019_17_CHI_MIN,2019,17,MIN,CHI,0.6683,0.6654,-5.5,-1.103,-1.803,2.0,5.0,,,19.0,21.0,0.0,0.0
backfill-2019,2019_17_CLE_CIN,2019,17,CIN,CLE,0.3387,0.3432,-2.5,-2.669,1.787,2.0,0.0,64.0,7.0,33.0,23.0,1.0,0.0
backfill-2019,2019_17_GB_DET,2019,17,DET,GB,0.1934,0.2099,-13.5,-4.067,2.732,1.0,3.0,,,20.0,23.0,0.0,1.0
backfill-2019,2019_17_IND_JAX,2019,17,JAX,IND,0.3469,0.3381,-5.0,-2.316,0.632,3.0,4.0,,,38.0,20.0,1.0,0.0
backfill-2019,2019_17_LAC_KC,2019,17,KC,LAC,0.7696,0.8161,10.0,7.27,2.553,1.0,1.0,40.0,16.0,31.0,21.0,1.0,1.0
backfill-2019,2019_17_MIA_NE,2019,17,NE,MIA,0.8501,0.8934,17.5,-0.697,3.028,0.0,2.0,43.0,2.0,24.0,27.0,0.0,0.0
backfill-2019,2019_17_NO_CAR,2019,17,CAR,NO,0.1705,0.1812,-13.5,-3.883,5.877,2.0,3.0,63.0,9.0,10.0,42.0,0.0,1.0
backfill-2019,2019_17_NYJ_BUF,2019,17,BUF,NYJ,0.7152,0.7449,-1.5,0.109,-1.974,2.0,2.0,43.0,7.0,6.0,13.0,0.0,0.0
backfill-2019,2019_17_OAK_DEN,2019,17,DEN,LV,0.6275,0.6528,5.5,0.642,5.348,3.0,2.0,31.0,6.0,16.0,15.0,1.0,1.0
backfill-2019,2019_17_PHI_NYG,2019,17,NYG,PHI,0.3188,0.2811,-4.0,-1.762,0.118,3.0,2.0,42.0,5.0,17.0,34.0,0.0,1.0
backfill-2019,2019_17_PIT_BAL,2019,17,BAL,PIT,0.7276,0.805,-2.0,-0.385,-2.126,1.0,2.0,46.0,7.0,28.0,10.0,1.0,1.0
backfill-2019,2019_17_SF_SEA,2019,17,SEA,SF,0.5434,0.4753,-3.5,1.426,3.012,2.0,3.0,51.0,3.0,21.0,26.0,0.0,0.0
backfill-2019,2019_17_TEN_HOU,2019,17,HOU,TEN,0.5218,0.6069,-10.0,-1.082,5.087,1.0,3.0,,,14.0,35.0,0.0,0.0
backfill-2019,2019_17_WAS_DAL,2019,17,DAL,WAS,0.8467,0.8101,13.0,5.354,-0.32,1.0,3.0,,,47.0,16.0,1.0,1.0
backfill-2019,2019_18_BUF_HOU,2019,18,HOU,BUF,0.5855,0.5763,2.5,4.506,1.376,0.0,0.0,,,22.0,19.0,1.0,1.0
backfill-2019,2019_18_TEN_NE,2019,18,NE,TEN,0.5701,0.6396,4.5,-0.355,6.711,0.0,1.0,44.0,4.0,13.0,20.0,0.0,0.0
backfill-2019,2019_18_MIN_NO,2019,18,NO,MIN,0.6618,0.6691,7.5,6.298,5.35,2.0,2.0,,,20.0,26.0,0.0,0.0
backfill-2019,2019_18_SEA_PHI,2019,18,PHI,SEA,0.607,0.5622,1.0,0.216,1.209,1.0,3.0,41.0,17.0,9.0,17.0,0.0,0.0
backfill-2019,2019_19_MIN_SF,2019,19,SF,MIN,0.6192,0.5569,7.0,3.942,4.9,0.0,2.0,56.0,11.0,27.0,10.0,1.0,1.0
backfill-2019,2019_19_TEN_BAL,2019,19,BAL,TEN,0.7334,0.7313,10.0,12.058,5.856,0.0,2.0,69.0,12.0,12.0,28.0,0.0,0.0
backfill-2019,2019_19_HOU_KC,2019,19,KC,HOU,0.744,0.7241,10.0,5.795,3.504,1.0,0.0,,,51.0,31.0,1.0,1.0
backfill-2019,2019_19_SEA_GB,2019,19,GB,SEA,0.645,0.6133,4.5,3.584,2.988,0.0,1.0,23.0,8.0,28.0,23.0,1.0,1.0
backfill-2019,2019_20_GB_SF,2019,20,SF,GB,0.5803,0.5679,8.0,3.526,2.142,0.0,0.0,58.0,5.0,37.0,20.0,1.0,1.0
backfill-2019,2019_20_TEN_KC,2019,20,KC,TEN,0.6367,0.6261,7.5,7.365,6.049,0.0,0.0,,,35.0,24.0,1.0,1.0
backfill-2019,2019_21_SF_KC,2019,21,KC,SF,0.5815,0.6083,1.5,8.602,2.03,0.0,0.0,,,31.0,20.0,1.0,1.0
backfill-2020,2020_01_HOU_KC,2020,1,KC,HOU,0.7578,0.7234,9.5,8.56,3.854,0.0,0.0,56.0,7.0,34.0,20.0,1.0,1.0
backfill-2020,2020_01_ARI_SF,2020,1,SF,ARI,0.6969,0.7574,7.0,3.613,-1.272,2.0,1.0,66.0,6.0,20.0,24.0,0.0,0.0
backfill-2020,2020_01_CHI_DET,2020,1,DET,CHI,0.3664,0.3727,2.5,4.776,-2.087,4.0,1.0,,,23.0,27.0,0.0,1.0
backfill-2020,2020_01_CLE_BAL,2020,1,BAL,CLE,0.8136,0.789,7.0,10.116,1.956,3.0,4.0,76.0,5.0,38.0,6.0,1.0,1.0
backfill-2020,2020_01_DAL_LA,2020,1,LA,DAL,0.5975,0.5622,1.0,4.107,5.353,0.0,1.0,,,20.0,17.0,1.0,1.0
backfill-2020,2020_01_GB_MIN,2020,1,MIN,GB,0.5573,0.5258,1.0,1.785,1.284,0.0,3.0,,,34.0,43.0,0.0,0.0
backfill-2020,2020_01_IND_JAX,2020,1,JAX,IND,0.416,0.4814,-7.0,-2.016,3.37,1.0,1.0,80.0,3.0,27.0,20.0,1.0,0.0
backfill-2020,2020_01_LAC_CIN,2020,1,CIN,LAC,0.4356,0.4281,-2.5,0.0,-1.961,3.0,1.0,83.0,6.0,13.0,16.0,0.0,1.0
backfill-2020,2020_01_LV_CAR,2020,1,CAR,LV,0.4611,0.5182,-3.0,-0.11,5.065,1.0,0.0,81.0,5.0,30.0,34.0,0.0,1.0
backfill-2020,2020_01_MIA_NE,2020,1,NE,MIA,0.6548,0.7576,7.5,-0.183,3.433,2.0,1.0,70.0,8.0,21.0,11.0,1.0,1.0
backfill-2020,2020_01_NYJ_BUF,2020,1,BUF,NYJ,0.6305,0.6149,6.5,2.275,0.542,1.0,4.0,67.0,15.0,27.0,17.0,1.0,1.0
backfill-2020,2020_01_PHI_WAS,2020,1,WAS,PHI,0.3496,0.3248,-5.5,-4.25,0.771,2.0,4.0,76.0,5.0,27.0,17.0,1.0,0.0
backfill-2020,2020_01_SEA_ATL,2020,1,ATL,SEA,0.5141,0.529,1.0,0.547,3.752,2.0,1.0,,,25.0,38.0,0.0,0.0
backfill-2020,2020_01_TB_NO,2020,1,NO,TB,0.7177,0.6949,4.0,5.403,-0.926,2.0,1.0,,,34.0,23.0,1.0,1.0
backfill-2020,2020_01_PIT_NYG,2020,1,NYG,PIT,0.4441,0.381,-6.0,-3.269,5.014,0.0,1.0,71.0,5.0,16.0,26.0,0.0,1.0
backfill-2020,2020_01_TEN_DEN,2020,1,DEN,TEN,0.428,0.4047,-3.0,0.667,5.722,2.0,5.0,79.0,10.0,14.0,16.0,0.0,1.0
backfill-2020,2020_02_CIN_CLE,2020,2,CLE,CIN,0.641,0.6119,6.0,1.721,-1.532,4.0,4.0,65.0,8.0,35.0,30.0,1.0,1.0
backfill-2020,2020_02_ATL_DAL,2020,2,DAL,ATL,0.6444,0.5672,3.0,4.438,-0.493,0.0,3.0,,,40.0,39.0,1.0,1.0
backfill-2020,2020_02_BAL_HOU,2020,2,HOU,BAL,0.3421,0.3519,-7.5,3.221,10.628,0.0,2.0,,,16.0,33.0,0.0,1.0
backfill-2020,2020_02_BUF_MIA,2020,2,MIA,BUF,0.3973,0.3682,-5.5,3.356,2.039,2.0,3.0,90.0,5.0,28.0,31.0,0.0,1.0
backfill-2020,2020_02_CAR_TB,2020,2,TB,CAR,0.6412,0.6544,7.5,-2.014,1.041,2.0,3.0,85.0,17.0,31.0,17.0,1.0,1.0
backfill-2020,2020_02_DEN_PIT,2020,2,PIT,DEN,0.6762,0.6037,6.0,3.579,0.339,2.0,2.0,64.0,5.0,26.0,21.0,1.0,1.0
backfill-2020,2020_02_DET_GB,2020,2,GB,DET,0.8244,0.7984,7.0,2.989,5.908,4.0,4.0,66.0,12.0,42.0,21.0,1.0,1.0
backfill-2020,2020_02_JAX_TEN,2020,2,TEN,JAX,0.7594,0.7264,7.0,6.335,-1.184,2.0,1.0,72.0,5.0,33.0,30.0,1.0,1.0
backfill-2020,2020_02_KC_LAC,2020,2,LAC,KC,0.237,0.2729,-8.5,0.0,7.756,1.0,3.0,,,20.0,23.0,0.0,1.0
backfill-2020,2020_02_LA_PHI,2020,2,PHI,LA,0.419,0.4479,2.0,-1.178,3.192,1.0,0.0,62.0,12.0,19.0,37.0,0.0,1.0
backfill-2020,2020_02_MIN_IND,2020,2,IND,MIN,0.3996,0.4239,3.5,3.022,1.752,1.0,1.0,,,28.0,11.0,1.0,0.0
backfill-2020,2020_02_NE_SEA,2020,2,SEA,NE,0.5386,0.5139,4.0,4.011,-0.157,2.0,1.0,70.0,5.0,35.0,30.0,1.0,1.0
backfill-2020,2020_02_NYG_CHI,2020,2,CHI,NYG,0.7552,0.7482,4.5,-1.401,-2.566,0.0,1.0,66.0,12.0,17.0,13.0,1.0,1.0
backfill-2020,2020_02_SF_NYJ,2020,2,NYJ,SF,0.3509,0.3419,-7.0,0.975,2.698,2.0,2.0,61.0,7.0,13.0,31.0,0.0,1.0
backfill-2020,2020_02_WAS_ARI,2020,2,ARI,WAS,0.6107,0.6323,7.5,-0.75,-4.368,2.0,1.0,,,30.0,15.0,1.0,1.0
backfill-2020,2020_02_NO_LV,2020,2,LV,NO,0.3394,0.3069,-4.0,4.761,4.053,3.0,3.0,,,34.0,24.0,1.0,0.0
backfill-2020,2020_03_MIA_JAX,2020,3,JAX,MIA,0.5495,0.6255,3.0,0.553,3.012,2.0,3.0,81.0,12.0,13.0,31.0,0.0,0.0
backfill-2020,2020_03_CAR_LAC,2020,3,LAC,CAR,0.6629,0.6673,6.0,0.962,0.935,6.0,2.0,,,16.0,21.0,0.0,0.0
backfill-2020,2020_03_CHI_ATL,2020,3,ATL,CHI,0.5099,0.4783,2.5,1.792,-0.889,2.0,0.0,,,26.0,30.0,0.0,0.0
backfill-2020,2020_03_DAL_SEA,2020,3,SEA,DAL,0.6795,0.6276,5.5,5.691,5.42,1.0,1.0,63.0,3.0,38.0,31.0,1.0,1.0
backfill-2020,2020_03_DET_ARI,2020,3,ARI,DET,0.6869,0.6865,4.5,0.5,4.486,2.0,2.0,,,23.0,26.0,0.0,0.0
backfill-2020,2020_03_GB_NO,2020,3,NO,GB,0.541,0.5037,3.5,5.706,3.611,2.0,3.0,,,30.0,37.0,0.0,0.0
backfill-2020,2020_03_HOU_PIT,2020,3,PIT,HOU,0.6527,0.6069,4.0,3.92,1.763,0.0,0.0,79.0,6.0,28.0,21.0,1.0,1.0
backfill-2020,2020_03_LA_BUF,2020,3,BUF,LA,0.5141,0.4721,1.5,3.972,2.956,3.0,1.0,79.0,16.0,35.0,32.0,1.0,1.0
backfill-2020,2020_03_LV_NE,2020,3,NE,LV,0.6912,0.6642,7.0,0.905,4.432,3.0,3.0,73.0,8.0,36.0,20.0,1.0,1.0
backfill-2020,2020_03_NYJ_IND,2020,3,IND,NYJ,0.6438,0.6431,12.5,2.914,0.864,2.0,5.0,,,36.0,7.0,1.0,1.0
backfill-2020,2020_03_SF_NYG,2020,3,NYG,SF,0.2961,0.2383,-3.0,-1.786,0.913,1.0,6.0,75.0,2.0,9.0,36.0,0.0,1.0
backfill-2020,2020_03_TB_DEN,2020,3,DEN,TB,0.4242,0.5032,-6.0,-1.575,-2.557,3.0,1.0,55.0,7.0,10.0,28.0,0.0,1.0
backfill-2020,2020_03_TEN_MIN,2020,3,MIN,TEN,0.4024,0.4034,-3.0,-0.005,6.336,2.0,3.0,,,30.0,31.0,0.0,1.0
backfill-2020,2020_03_WAS_CLE,2020,3,CLE,WAS,0.5916,0.6179,7.5,2.178,-4.228,3.0,2.0,73.0,18.0,34.0,20.0,1.0,1.0
backfill-2020,2020_03_KC_BAL,2020,3,BAL,KC,0.6092,0.5196,3.5,9.681,8.112,1.0,1.0,73.0,8.0,20.0,34.0,0.0,0.0
backfill-2020,2020_04_DEN_NYJ,2020,4,NYJ,DEN,0.4613,0.4801,1.0,-1.462,-0.722,3.0,2.0,64.0,6.0,28.0,37.0,0.0,1.0
backfill-2020,2020_04_ARI_CAR,2020,4,CAR,ARI,0.4583,0.4553,-3.0,0.605,-0.036,0.0,2.0,68.0,8.0,31.0,21.0,1.0,0.0
backfill-2020,2020_04_BAL_WAS,2020,4,WAS,BAL,0.2017,0.1944,-14.5,-4.155,6.925,3.0,0.0,65.0,5.0,17.0,31.0,0.0,1.0
backfill-2020,2020_04_BUF_LV,2020,4,LV,BUF,0.4343,0.4244,-3.0,3.93,3.326,6.0,1.0,,,23.0,30.0,0.0,1.0
backfill-2020,2020_04_CLE_DAL,2020,4,DAL,CLE,0.6615,0.6194,3.5,4.624,2.389,0.0,3.0,,,38.0,49.0,0.0,0.0
backfill-2020,2020_04_IND_CHI,2020,4,CHI,IND,0.5994,0.605,-3.5,2.087,2.961,1.0,2.0,52.0,10.0,11.0,19.0,0.0,0.0
backfill-2020,2020_04_JAX_CIN,2020,4,CIN,JAX,0.5476,0.4702,1.0,1.491,-0.321,4.0,2.0,64.0,6.0,33.0,25.0,1.0,1.0
backfill-2020,2020_04_LAC_TB,2020,4,TB,LAC,0.6398,0.654,7.5,-1.507,0.811,2.0,4.0,75.0,6.0,38.0,31.0,1.0,1.0
backfill-2020,2020_04_MIN_HOU,2020,4,HOU,MIN,0.5212,0.511,3.5,3.778,-0.678,0.0,2.0,,,23.0,31.0,0.0,0.0
backfill-2020,2020_04_NO_DET,2020,4,DET,NO,0.3198,0.3176,-3.0,3.98,5.494,1.0,6.0,,,29.0,35.0,0.0,1.0
backfill-2020,2020_04_NYG_LA,2020,4,LA,NYG,0.8475,0.8037,13.5,5.517,-1.612,1.0,1.0,,,17.0,9.0,1.0,1.0
backfill-2020,2020_04_PHI_SF,2020,4,SF,PHI,0.7726,0.7377,8.5,1.55,-1.113,7.0,5.0,84.0,12.0,20.0,25.0,0.0,0.0
backfill-2020,2020_04_SEA_MIA,2020,4,MIA,SEA,0.3654,0.3056,-4.5,4.058,7.317,2.0,3.0,86.0,13.0,23.0,31.0,0.0,1.0
backfill-2020,2020_04_ATL_GB,2020,4,GB,ATL,0.7506,0.7389,5.0,5.677,0.919,3.0,4.0,53.0,9.0,30.0,16.0,1.0,1.0
backfill-2020,2020_04_NE_KC,2020,4,KC,NE,0.7259,0.7067,7.0,10.264,-2.836,0.0,1.0,73.0,14.0,26.0,10.0,1.0,1.0
backfill-2020,2020_05_TB_CHI,2020,5,CHI,TB,0.5647,0.5296,-3.5,1.132,-0.009,2.0,4.0,57.0,7.0,20.0,19.0,1.0,1.0
backfill-2020,2020_05_ARI_NYJ,2020,5,NYJ,ARI,0.4368,0.4475,-7.0,-1.81,-0.232,3.0,1.0,64.0,8.0,10.0,30.0,0.0,1.0
backfill-2020,2020_05_CAR_ATL,2020,5,ATL,CAR,0.5405,0.596,2.5,0.003,2.624,1.0,1.0,,,16.0,23.0,0.0,0.0
backfill-2020,2020_05_CIN_BAL,2020,5,BAL,CIN,0.867,0.8457,12.5,5.959,2.498,1.0,2.0,69.0,3.0,27.0,3.0,1.0,1.0
backfill-2020,2020_05_IND_CLE,2020,5,CLE,IND,0.4414,0.4675,1.0,2.971,4.336,3.0,2.0,64.0,16.0,32.0,23.0,1.0,0.0
backfill-2020,2020_05_JAX_HOU,2020,5,HOU,JAX,0.6392,0.6366,6.5,3.336,-0.755,0.0,0.0,,,30.0,14.0,1.0,1.0
backfill-2020,2020_05_LA_WAS,2020,5,WAS,LA,0.2179,0.2481,-7.0,-2.872,5.527,2.0,1.0,69.0,2.0,10.0,30.0,0.0,1.0
backfill-2020,2020_05_LV_KC,2020,5,KC,LV,0.8538,0.8563,11.0,10.754,4.146,1.0,1.0,80.0,16.0,32.0,40.0,0.0,0.0
backfill-2020,2020_05_MIA_SF,2020,5,SF,MIA,0.6749,0.7593,8.5,3.339,5.353,4.0,2.0,73.0,6.0,17.0,43.0,0.0,0.0
backfill-2020,2020_05_MIN_SEA,2020,5,SEA,MIN,0.6753,0.6682,6.5,8.072,-0.416,1.0,1.0,54.0,10.0,27.0,26.0,1.0,1.0
backfill-2020,2020_05_NYG_DAL,2020,5,DAL,NYG,0.7458,0.7189,7.5,3.866,-2.493,2.0,1.0,,,37.0,34.0,1.0,1.0
backfill-2020,2020_05_PHI_PIT,2020,5,PIT,PHI,0.7055,0.6279,7.5,3.162,0.294,2.0,3.0,70.0,4.0,38.0,29.0,1.0,1.0
backfill-2020,2020_05_LAC_NO,2020,5,NO,LAC,0.6821,0.7308,7.0,5.461,3.215,3.0,3.0,,,30.0,27.0,1.0,1.0
backfill-2020,2020_05_BUF_TEN,2020,5,TEN,BUF,0.6297,0.6034,-3.0,6.298,4.426,0.0,1.0,73.0,3.0,42.0,16.0,1.0,1.0
backfill-2020,2020_06_ATL_MIN,2020,6,MIN,ATL,0.6128,0.6465,3.5,0.366,0.714,5.0,2.0,,,23.0,40.0,0.0,0.0
backfill-2020,2020_06_BAL_PHI,2020,6,PHI,BAL,0.3342,0.2955,-10.5,-0.081,3.223,7.0,1.0,61.0,7.0,28.0,30.0,0.0,1.0
backfill-2020,2020_06_CHI_CAR,2020,6,CAR,CHI,0.4158,0.429,2.0,3.144,-0.96,0.0,1.0,63.0,6.0,16.0,23.0,0.0,1.0
backfill-2020,2020_06_CIN_IND,2020,6,IND,CIN,0.7469,0.728,7.5,3.982,0.276,3.0,1.0,,,31.0,27.0,1.0,1.0
backfill-2020,2020_06_CLE_PIT,2020,6,PIT,CLE,0.6868,0.6239,3.0,3.929,2.498,2.0,4.0,61.0,9.0,38.0,7.0,1.0,1.0
backfill-2020,2020_06_DEN_NE,2020,6,NE,DEN,0.6544,0.6963,7.0,0.699,-0.511,0.0,2.0,58.0,7.0,12.0,18.0,0.0,0.0
backfill-2020,2020_06_DET_JAX,2020,6,JAX,DET,0.553,0.5134,-3.0,0.542,3.999,0.0,1.0,78.0,10.0,16.0,34.0,0.0,0.0
backfill-2020,2020_06_GB_TB,2020,6,TB,GB,0.3889,0.3832,-3.0,-0.238,6.099,0.0,1.0,88.0,12.0,38.0,10.0,1.0,0.0
backfill-2020,2020_06_HOU_TEN,2020,6,TEN,HOU,0.7461,0.7483,4.0,6.174,3.454,0.0,0.0,61.0,10.0,42.0,36.0,1.0,1.0
backfill-2020,2020_06_LA_SF,2020,6,SF,LA,0.4527,0.4579,-2.0,2.213,7.36,2.0,1.0,86.0,10.0,24.0,16.0,1.0,0.0
backfill-2020,2020_06_NYJ_MIA,2020,6,MIA,NYJ,0.7218,0.7097,9.5,6.84,-1.646,0.0,2.0,85.0,15.0,24.0,0.0,1.0,1.0
backfill-2020,2020_06_WAS_NYG,2020,6,NYG,WAS,0.5436,0.5415,2.0,-1.682,-3.369,0.0,2.0,62.0,0.0,20.0,19.0,1.0,1.0
backfill-2020,2020_06_ARI_DAL,2020,6,DAL,ARI,0.576,0.5715,1.0,-0.741,0.318,0.0,1.0,,,10.0,38.0,0.0,0.0
backfill-2020,2020_06_KC_BUF,2020,6,BUF,KC,0.3336,0.3413,-5.5,3.817,10.839,1.0,2.0,51.0,6.0,17.0,26.0,0.0,1.0
backfill-2020,2020_07_NYG_PHI,2020,7,PHI,NYG,0.7193,0.711,5.0,-0.941,-1.958,6.0,2.0,70.0,4.0,22.0,21.0,1.0,1.0
backfill-2020,2020_07_BUF_NYJ,2020,7,NYJ,BUF,0.3621,0.2766,-9.5,-2.595,5.582,2.0,5.0,52.0,8.0,10.0,18.0,0.0,1.0
backfill-2020,2020_07_CAR_NO,2020,7,NO,CAR,0.7384,0.7295,7.0,5.792,2.566,2.0,0.0,,,27.0,24.0,1.0,1.0
backfill-2020,2020_07_CLE_CIN,2020,7,CIN,CLE,0.4349,0.3719,-4.5,1.977,1.784,2.0,3.0,48.0,8.0,34.0,37.0,0.0,1.0
backfill-2020,2020_07_DAL_WAS,2020,7,WAS,DAL,0.3582,0.3822,-1.0,-0.943,-1.126,5.0,2.0,46.0,5.0,25.0,3.0,1.0,0.0
backfill-2020,2020_07_DET_ATL,2020,7,ATL,DET,0.6099,0.6313,1.0,4.22,4.157,0.0,1.0,,,22.0,23.0,0.0,0.0
backfill-2020,2020_07_GB_HOU,2020,7,HOU,GB,0.45,0.3511,-2.5,4.962,5.372,0.0,5.0,,,20.0,35.0,0.0,1.0
backfill-2020,2020_07_JAX_LAC,2020,7,LAC,JAX,0.6953,0.6621,8.0,3.39,1.091,2.0,3.0,,,39.0,29.0,1.0,1.0
backfill-2020,2020_07_KC_DEN,2020,7,DEN,KC,0.248,0.2618,-7.0,-1.105,10.777,2.0,4.0,14.0,11.0,16.0,43.0,0.0,1.0
backfill-2020,2020_07_PIT_TEN,2020,7,TEN,PIT,0.6947,0.6089,1.0,6.997,2.498,0.0,2.0,55.0,3.0,24.0,27.0,0.0,0.0
backfill-2020,2020_07_SEA_ARI,2020,7,ARI,SEA,0.4189,0.3831,-3.5,2.914,8.932,0.0,1.0,,,37.0,34.0,1.0,0.0
backfill-2020,2020_07_SF_NE,2020,7,NE,SF,0.5694,0.5299,3.0,-0.631,1.988,1.0,4.0,49.0,7.0,6.0,33.0,0.0,0.0
backfill-2020,2020_07_TB_LV,2020,7,LV,TB,0.4646,0.423,-3.5,5.931,1.49,2.0,0.0,,,20.0,45.0,0.0,1.0
backfill-2020,2020_07_CHI_LA,2020,7,LA,CHI,0.6525,0.5602,6.5,5.415,-1.485,0.0,1.0,,,24.0,10.0,1.0,1.0
backfill-2020,2020_08_ATL_CAR,2020,8,CAR,ATL,0.4712,0.4843,1.5,2.913,4.461,1.0,1.0,76.0,8.0,17.0,25.0,0.0,1.0
backfill-2020,2020_08_DAL_PHI,2020,8,PHI,DAL,0.5978,0.6379,10.0,-1.37,-0.994,5.0,1.0,49.0,17.0,23.0,9.0,1.0,1.0
backfill-2020,2020_08_IND_DET,2020,8,DET,IND,0.4057,0.4059,-3.5,4.637,5.093,0.0,0.0,,,21.0,41.0,0.0,1.0
backfill-2020,2020_08_LAC_DEN,2020,8,DEN,LAC,0.5675,0.5905,-3.0,-2.267,5.038,2.0,2.0,64.0,10.0,31.0,30.0,1.0,1.0
backfill-2020,2020_08_LA_MIA,2020,8,MIA,LA,0.4068,0.3998,-3.5,0.187,4.774,1.0,0.0,86.0,10.0,28.0,17.0,1.0,0.0
backfill-2020,2020_08_LV_CLE,2020,8,CLE,LV,0.549,0.5893,1.0,3.29,6.19,3.0,1.0,49.0,35.0,6.0,16.0,0.0,0.0
backfill-2020,2020_08_MIN_GB,2020,8,GB,MIN,0.695,0.7293,5.5,7.051,0.033,2.0,3.0,34.0,23.0,22.0,28.0,0.0,0.0
backfill-2020,2020_08_NE_BUF,2020,8,BUF,NE,0.5973,0.5811,4.0,6.265,-2.197,2.0,3.0,41.0,17.0,24.0,21.0,1.0,1.0
backfill-2020,2020_08_NO_CHI,2020,8,CHI,NO,0.4408,0.4596,-5.5,-3.3,5.415,1.0,3.0,40.0,20.0,23.0,26.0,0.0,1.0
backfill-2020,2020_08_NYJ_KC,2020,8,KC,NYJ,0.9181,0.9218,20.0,11.142,-4.834,2.0,6.0,52.0,11.0,35.0,9.0,1.0,1.0
backfill-2020,2020_08_PIT_BAL,2020,8,BAL,PIT,0.6153,0.6139,4.0,3.81,2.661,1.0,3.0,52.0,7.0,24.0,28.0,0.0,0.0
backfill-2020,2020_08_SF_SEA,2020,8,SEA,SF,0.6095,0.5574,1.0,7.921,3.119,4.0,6.0,55.0,4.0,37.0,27.0,1.0,1.0
backfill-2020,2020_08_TEN_CIN,2020,8,CIN,TEN,0.2015,0.2022,-7.5,3.857,6.909,5.0,3.0,48.0,24.0,31.0,20.0,1.0,0.0
backfill-2020,2020_08_TB_NYG,2020,8,NYG,TB,0.2234,0.2083,-13.0,-0.852,3.93,2.0,1.0,39.0,8.0,23.0,25.0,0.0,1.0
backfill-2020,2020_09_GB_SF,2020,9,SF,GB,0.4413,0.5136,-6.0,2.708,8.652,7.0,3.0,78.0,5.0,17.0,34.0,0.0,1.0
backfill-2020,2020_09_BAL_IND,2020,9,IND,BAL,0.522,0.407,1.0,4.545,2.898,2.0,3.0,,,10.0,24.0,0.0,0.0
backfill-2020,2020_09_CAR_KC,2020,9,KC,CAR,0.8832,0.8755,10.0,11.441,3.067,1.0,1.0,71.0,19.0,33.0,31.0,1.0,1.0
backfill-2020,2020_09_CHI_TEN,2020,9,TEN,CHI,0.647,0.6309,6.5,5.855,-3.343,2.0,4.0,77.0,14.0,24.0,17.0,1.0,1.0
backfill-2020,2020_09_DEN_ATL,2020,9,ATL,DEN,0.6067,0.5652,4.5,5.259,-1.893,3.0,2.0,,,34.0,27.0,1.0,1.0
backfill-2020,2020_09_DET_MIN,2020,9,MIN,DET,0.6419,0.6856,3.0,0.488,4.101,3.0,3.0,,,34.0,20.0,1.0,1.0
backfill-2020,2020_09_HOU_JAX,2020,9,JAX,HOU,0.3537,0.3666,-7.0,0.0,5.076,3.0,2.0,79.0,14.0,25.0,27.0,0.0,1.0
backfill-2020,2020_09_LV_LAC,2020,9,LAC,LV,0.4467,0.4568,-1.0,5.1,5.978,2.0,2.0,,,26.0,31.0,0.0,1.0
backfill-2020,2020_09_MIA_ARI,2020,9,ARI,MIA,0.56,0.5485,6.0,4.523,-1.987,2.0,1.0,,,31.0,34.0,0.0,0.0
backfill-2020,2020_09_NO_TB,2020,9,TB,NO,0.5538,0.5514,3.0,3.588,4.326,1.0,0.0,77.0,17.0,3.0,38.0,0.0,0.0
backfill-2020,2020_09_NYG_WAS,2020,9,WAS,NYG,0.6523,0.5948,3.0,-0.731,-0.68,2.0,2.0,75.0,1.0,20.0,23.0,0.0,0.0
backfill-2020,2020_09_PIT_DAL,2020,9,DAL,PIT,0.2361,0.2235,-14.0,-0.459,1.76,1.0,3.0,,,19.0,24.0,0.0,1.0
backfill-2020,2020_09_SEA_BUF,2020,9,BUF,SEA,0.407,0.4381,-3.0,5.957,9.753,5.0,6.0,69.0,4.0,44.0,34.0,1.0,0.0
backfill-2020,2020_09_NE_NYJ,2020,9,NYJ,NE,0.317,0.2897,-9.5,-3.791,-1.314,6.0,2.0,61.0,2.0,27.0,30.0,0.0,1.0
backfill-2020,2020_10_IND_TEN,2020,10,TEN,IND,0.6385,0.6386,-1.0,5.814,3.914,4.0,1.0,56.0,6.0,17.0,34.0,0.0,0.0
backfill-2020,2020_10_BAL_NE,2020,10,NE,BAL,0.3279,0.3225,-7.0,-0.057,1.895,0.0,2.0,52.0,13.0,23.0,17.0,1.0,0.0
backfill-2020,2020_10_BUF_ARI,2020,10,ARI,BUF,0.5457,0.4459,3.0,5.559,7.553,3.0,2.0,,,32.0,30.0,1.0,1.0
backfill-2020,2020_10_CIN_PIT,2020,10,PIT,CIN,0.7934,0.8254,6.5,3.151,5.085,0.0,6.0,52.0,21.0,36.0,10.0,1.0,1.0
backfill-2020,2020_10_DEN_LV,2020,10,LV,DEN,0.6589,0.6122,3.5,5.765,-1.57,2.0,1.0,,,37.0,12.0,1.0,1.0
backfill-2020,2020_10_HOU_CLE,2020,10,CLE,HOU,0.5431,0.563,4.5,2.919,6.27,0.0,3.0,59.0,25.0,10.0,7.0,1.0,1.0
backfill-2020,2020_10_JAX_GB,2020,10,GB,JAX,0.8865,0.8734,13.5,9.649,1.146,2.0,5.0,38.0,23.0,24.0,20.0,1.0,1.0
backfill-2020,2020_10_LAC_MIA,2020,10,MIA,LAC,0.6166,0.6996,1.0,0.272,5.463,0.0,2.0,83.0,7.0,29.0,21.0,1.0,1.0
backfill-2020,2020_10_PHI_NYG,2020,10,NYG,PHI,0.4127,0.3471,-4.5,-2.723,-2.998,1.0,1.0,56.0,18.0,27.0,17.0,1.0,0.0
backfill-2020,2020_10_SEA_LA,2020,10,LA,SEA,0.5325,0.4921,3.0,3.422,9.333,0.0,4.0,,,23.0,16.0,1.0,1.0
backfill-2020,2020_10_SF_NO,2020,10,NO,SF,0.7293,0.6808,9.5,4.569,2.073,0.0,4.0,,,27.0,13.0,1.0,1.0
backfill-2020,2020_10_TB_CAR,2020,10,CAR,TB,0.3312,0.3236,-6.0,4.641,1.782,4.0,0.0,65.0,15.0,23.0,46.0,0.0,1.0
backfill-2020,2020_10_WAS_DET,2020,10,DET,WAS,0.5704,0.5876,2.5,3.081,-2.228,1.0,4.0,,,30.0,27.0,1.0,1.0
backfill-2020,2020_10_MIN_CHI,2020,10,CHI,MIN,0.4991,0.5109,-3.5,-3.572,2.876,5.0,1.0,44.0,11.0,13.0,19.0,0.0,1.0
backfill-2020,2020_11_ARI_SEA,2020,11,SEA,ARI,0.5222,0.6165,3.0,7.055,5.6,6.0,3.0,48.0,11.0,28.0,21.0,1.0,1.0
backfill-2020,2020_11_ATL_NO,2020,11,NO,ATL,0.5801,0.7331,3.5,0.817,5.3,2.0,0.0,,,24.0,9.0,1.0,1.0
backfill-2020,2020_11_CIN_WAS,2020,11,WAS,CIN,0.5116,0.4772,2.0,-1.275,3.75,4.0,1.0,57.0,7.0,20.0,9.0,1.0,1.0
backfill-2020,2020_11_DAL_MIN,2020,11,MIN,DAL,0.7952,0.7546,7.0,2.738,-1.204,1.0,1.0,,,28.0,31.0,0.0,0.0
backfill-2020,2020_11_DET_CAR,2020,11,CAR,DET,0.4145,0.529,-3.0,-1.424,2.634,4.0,3.0,65.0,7.0,20.0,0.0,1.0,0.0
backfill-2020,2020_11_GB_IND,2020,11,IND,GB,0.5,0.4598,1.5,4.71,9.102,0.0,2.0,,,34.0,31.0,1.0,0.0
backfill-2020,2020_11_KC_LV,2020,11,LV,KC,0.2357,0.2876,-7.5,4.729,11.392,0.0,2.0,,,31.0,35.0,0.0,1.0
backfill-2020,2020_11_MIA_DEN,2020,11,DEN,MIA,0.4081,0.3861,-4.0,-4.134,-0.074,1.0,0.0,45.0,7.0,20.0,13.0,1.0,0.0
backfill-2020,2020_11_NE_HOU,2020,11,HOU,NE,0.427,0.4128,-2.5,6.166,0.989,1.0,1.0,,,27.0,20.0,1.0,0.0
backfill-2020,2020_11_NYJ_LAC,2020,11,LAC,NYJ,0.7465,0.6793,10.0,4.772,-3.315,0.0,2.0,,,34.0,28.0,1.0,1.0
backfill-2020,2020_11_PHI_CLE,2020,11,CLE,PHI,0.6264,0.5715,2.5,2.093,-4.082,0.0,1.0,38.0,8.0,22.0,17.0,1.0,1.0
backfill-2020,2020_11_PIT_JAX,2020,11,JAX,PIT,0.1987,0.1432,-11.0,-1.513,4.558,2.0,3.0,72.0,3.0,3.0,27.0,0.0,1.0
backfill-2020,2020_11_TEN_BAL,2020,11,BAL,TEN,0.7281,0.6532,6.0,1.257,5.285,2.0,7.0,53.0,6.0,24.0,30.0,0.0,0.0
backfill-2020,2020_11_LA_TB,2020,11,TB,LA,0.6003,0.5527,4.0,4.147,3.427,2.0,1.0,69.0,5.0,24.0,27.0,0.0,0.0
backfill-2020,2020_12_HOU_DET,2020,12,DET,HOU,0.3616,0.4043,-3.0,0.879,7.298,6.0,3.0,,,25.0,41.0,0.0,1.0
backfill-2020,2020_12_WAS_DAL,2020,12,DAL,WAS,0.5899,0.588,2.5,-1.313,-1.195,0.0,3.0,,,16.0,41.0,0.0,0.0
backfill-2020,2020_12_ARI_NE,2020,12,NE,ARI,0.5123,0.549,-1.0,2.577,6.427,2.0,3.0,52.0,8.0,20.0,17.0,1.0,1.0
backfill-2020,2020_12_CAR_MIN,2020,12,MIN,CAR,0.6795,0.6848,3.0,4.627,4.344,3.0,2.0,,,28.0,27.0,1.0,1.0
backfill-2020,2020_12_CHI_GB,2020,12,GB,CHI,0.7241,0.7095,7.5,8.758,-0.287,0.0,1.0,37.0,13.0,41.0,25.0,1.0,1.0
backfill-2020,2020_12_CLE_JAX,2020,12,JAX,CLE,0.2715,0.2813,-7.5,-1.572,1.517,4.0,2.0,70.0,1.0,25.0,27.0,0.0,1.0
backfill-2020,2020_12_KC_TB,2020,12,TB,KC,0.3268,0.3208,-3.5,4.094,12.436,3.0,0.0,81.0,5.0,24.0,27.0,0.0,1.0
backfill-2020,2020_12_LAC_BUF,2020,12,BUF,LAC,0.7333,0.7333,4.5,7.4,5.984,2.0,3.0,48.0,7.0,27.0,17.0,1.0,1.0
backfill-2020,2020_12_LV_ATL,2020,12,ATL,LV,0.4836,0.5032,-3.5,4.658,5.302,1.0,0.0,,,43.0,6.0,1.0,0.0
backfill-2020,2020_12_MIA_NYJ,2020,12,NYJ,MIA,0.2558,0.2432,-7.5,-4.443,5.404,3.0,2.0,54.0,2.0,3.0,20.0,0.0,1.0
backfill-2020,2020_12_NO_DEN,2020,12,DEN,NO,0.2961,0.264,-17.0,0.0,0.365,1.0,2.0,38.0,6.0,3.0,31.0,0.0,1.0
backfill-2020,2020_12_NYG_CIN,2020,12,CIN,NYG,0.4789,0.5119,-6.5,-2.754,-1.066,1.0,0.0,52.0,4.0,17.0,19.0,0.0,1.0
backfill-2020,2020_12_SF_LA,2020,12,LA,SF,0.7052,0.6423,5.0,3.028,1.756,1.0,4.0,,,20.0,23.0,0.0,0.0
backfill-2020,2020_12_TEN_IND,2020,12,IND,TEN,0.592,0.5385,3.0,4.714,5.866,1.0,3.0,,,26.0,45.0,0.0,0.0
backfill-2020,2020_12_SEA_PHI,2020,12,PHI,SEA,0.3465,0.3437,-6.5,-4.487,6.576,3.0,2.0,60.0,16.0,17.0,23.0,0.0,1.0
backfill-2020,2020_12_BAL_PIT,2020,12,PIT,BAL,0.6726,0.6123,10.5,5.455,-1.565,1.0,0.0,36.0,14.0,19.0,14.0,1.0,1.0
backfill-2020,2020_13_CIN_MIA,2020,13,MIA,CIN,0.7484,0.7699,10.5,-1.284,-4.288,2.0,2.0,81.0,5.0,19.0,7.0,1.0,1.0
backfill-2020,2020_13_CLE_TEN,2020,13,TEN,CLE,0.7167,0.6974,4.0,6.069,3.339,3.0,4.0,52.0,1.0,35.0,41.0,0.0,0.0
backfill-2020,2020_13_DEN_KC,2020,13,KC,DEN,0.8645,0.865,13.0,13.044,-2.751,1.0,1.0,41.0,9.0,22.0,16.0,1.0,1.0
backfill-2020,2020_13_DET_CHI,2020,13,CHI,DET,0.7016,0.7026,3.0,-0.262,0.764,0.0,3.0,35.0,5.0,30.0,34.0,0.0,0.0
backfill-2020,2020_13_IND_HOU,2020,13,HOU,IND,0.4333,0.4602,-3.5,8.216,4.357,2.0,4.0,,,20.0,26.0,0.0,1.0
backfill-2020,2020_13_JAX_MIN,2020,13,MIN,JAX,0.8642,0.8168,10.5,4.66,-1.037,3.0,5.0,,,27.0,24.0,1.0,1.0
backfill-2020,2020_13_LA_ARI,2020,13,ARI,LA,0.5359,0.423,-2.5,5.789,1.111,1.0,1.0,,,28.0,38.0,0.0,0.0
backfill-2020,2020_13_LV_NYJ,2020,13,NYJ,LV,0.2829,0.2625,-7.5,-5.742,2.451,1.0,3.0,39.0,18.0,28.0,31.0,0.0,1.0
backfill-2020,2020_13_NE_LAC,2020,13,LAC,NE,0.4366,0.3791,2.5,5.626,2.457,1.0,0.0,,,0.0,45.0,0.0,1.0
backfill-2020,2020_13_NO_ATL,2020,13,ATL,NO,0.3721,0.3296,-2.5,3.934,-0.044,1.0,4.0,,,16.0,21.0,0.0,1.0
backfill-2020,2020_13_NYG_SEA,2020,13,SEA,NYG,0.7807,0.7924,11.0,4.792,-2.665,3.0,1.0,51.0,4.0,12.0,17.0,0.0,0.0
backfill-2020,2020_13_PHI_GB,2020,13,GB,PHI,0.8197,0.7809,8.0,8.438,-3.801,1.0,2.0,34.0,9.0,30.0,16.0,1.0,1.0
backfill-2020,2020_13_BUF_SF,2020,13,SF,BUF,0.4207,0.4958,1.5,0.671,6.689,1.0,0.0,,,24.0,34.0,0.0,1.0
backfill-2020,2020_13_WAS_PIT,2020,13,PIT,WAS,0.8497,0.8431,5.5,4.1,-1.708,1.0,0.0,34.0,10.0,17.0,23.0,0.0,0.0
backfill-2020,2020_13_DAL_BAL,2020,13,BAL,DAL,0.8101,0.8196,8.5,2.786,-2.805,2.0,2.0,38.0,9.0,34.0,17.0,1.0,1.0
backfill-2020,2020_14_NE_LA,2020,14,LA,NE,0.666,0.6091,5.0,0.937,1.643,0.0,0.0,,,24.0,3.0,1.0,1.0
backfill-2020,2020_14_ARI_NYG,2020,14,NYG,ARI,0.5152,0.4815,-3.0,-0.114,4.211,1.0,2.0,59.0,15.0,7.0,26.0,0.0,0.0
backfill-2020,2020_14_ATL_LAC,2020,14,LAC,ATL,0.3328,0.3395,1.0,3.22,1.994,1.0,3.0,,,20.0,17.0,1.0,0.0
backfill-2020,2020_14_DAL_CIN,2020,14,CIN,DAL,0.5033,0.5265,-3.0,-4.327,-1.432,0.0,1.0,44.0,5.0,7.0,30.0,0.0,0.0
backfill-2020,2020_14_DEN_CAR,2020,14,CAR,DEN,0.5173,0.5021,4.0,4.146,-2.598,2.0,1.0,70.0,7.0,27.0,32.0,0.0,0.0
backfill-2020,2020_14_GB_DET,2020,14,DET,GB,0.2078,0.2085,-9.5,2.616,8.441,3.0,2.0,,,24.0,31.0,0.0,1.0
backfill-2020,2020_14_HOU_CHI,2020,14,CHI,HOU,0.5197,0.5014,-1.0,-0.477,8.222,2.0,1.0,34.0,1.0,36.0,7.0,1.0,1.0
backfill-2020,2020_14_IND_LV,2020,14,LV,IND,0.4103,0.4443,-2.5,2.737,5.28,2.0,1.0,,,27.0,44.0,0.0,1.0
backfill-2020,2020_14_KC_MIA,2020,14,MIA,KC,0.3081,0.2737,-7.5,-0.184,12.902,2.0,1.0,81.0,8.0,27.0,33.0,0.0,1.0
backfill-2020,2020_14_MIN_TB,2020,14,TB,MIN,0.661,0.587,7.0,5.032,5.095,1.0,3.0,78.0,5.0,26.0,14.0,1.0,1.0
backfill-2020,2020_14_NO_PHI,2020,14,PHI,NO,0.2556,0.1945,-7.5,-0.078,0.337,4.0,2.0,57.0,10.0,24.0,21.0,1.0,0.0
backfill-2020,2020_14_NYJ_SEA,2020,14,SEA,NYJ,0.8917,0.8666,16.5,2.466,-5.27,2.0,5.0,43.0,8.0,40.0,3.0,1.0,1.0
backfill-2020,2020_14_PIT_BUF,2020,14,BUF,PIT,0.5479,0.4907,2.0,5.625,4.096,1.0,2.0,35.0,11.0,26.0,15.0,1.0,1.0
backfill-2020,2020_14_TEN_JAX,2020,14,JAX,TEN,0.2215,0.1787,-7.5,-1.73,5.876,1.0,2.0,69.0,2.0,10.0,31.0,0.0,1.0
backfill-2020,2020_14_WAS_SF,2020,14,SF,WAS,0.6221,0.6394,3.0,1.688,-1.988,5.0,1.0,,,15.0,23.0,0.0,0.0
backfill-2020,2020_14_BAL_CLE,2020,14,CLE,BAL,0.5187,0.4346,-3.0,4.049,1.697,2.0,1.0,34.0,18.0,42.0,47.0,0.0,0.0
backfill-2020,2020_15_LAC_LV,2020,15,LV,LAC,0.6335,0.6461,3.5,3.395,3.605,4.0,4.0,,,27.0,30.0,0.0,0.0
backfill-2020,2020_15_BUF_DEN,2020,15,DEN,BUF,0.3021,0.3162,-5.5,-2.205,4.679,0.0,1.0,47.0,24.0,19.0,48.0,0.0,1.0
backfill-2020,2020_15_CAR_GB,2020,15,GB,CAR,0.8595,0.831,9.5,9.053,4.608,2.0,2.0,33.0,5.0,24.0,16.0,1.0,1.0
backfill-2020,2020_15_CHI_MIN,2020,15,MIN,CHI,0.6126,0.5899,2.5,5.469,-0.579,2.0,1.0,,,27.0,33.0,0.0,0.0
backfill-2020,2020_15_CLE_NYG,2020,15,NYG,CLE,0.4436,0.3813,-6.0,-2.643,4.524,1.0,2.0,36.0,0.0,6.0,20.0,0.0,1.0
backfill-2020,2020_15_DET_TEN,2020,15,TEN,DET,0.8144,0.8191,9.5,6.972,2.725,0.0,4.0,46.0,5.0,46.0,25.0,1.0,1.0
backfill-2020,2020_15_HOU_IND,2020,15,IND,HOU,0.7459,0.7406,7.5,5.77,7.788,0.0,0.0,,,27.0,20.0,1.0,1.0
backfill-2020,2020_15_JAX_BAL,2020,15,BAL,JAX,0.8966,0.8931,13.0,3.086,1.574,2.0,2.0,39.0,3.0,40.0,14.0,1.0,1.0
backfill-2020,2020_15_KC_NO,2020,15,NO,KC,0.419,0.4285,-2.5,3.135,10.709,3.0,3.0,,,29.0,32.0,0.0,1.0
backfill-2020,2020_15_NE_MIA,2020,15,MIA,NE,0.6029,0.5554,-1.5,0.015,-1.747,0.0,0.0,79.0,9.0,22.0,12.0,1.0,1.0
backfill-2020,2020_15_NYJ_LA,2020,15,LA,NYJ,0.9085,0.9013,17.5,-0.109,-5.238,0.0,0.0,,,20.0,23.0,0.0,0.0
backfill-2020,2020_15_PHI_ARI,2020,15,ARI,PHI,0.6348,0.6187,6.5,4.588,-0.169,5.0,3.0,,,33.0,26.0,1.0,1.0
backfill-2020,2020_15_SEA_WAS,2020,15,WAS,SEA,0.3977,0.4017,-6.0,-2.753,2.554,4.0,3.0,43.0,8.0,15.0,20.0,0.0,1.0
backfill-2020,2020_15_SF_DAL,2020,15,DAL,SF,0.4227,0.3998,-4.0,0.537,-0.253,1.0,2.0,,,41.0,33.0,1.0,0.0
backfill-2020,2020_15_TB_ATL,2020,15,ATL,TB,0.4129,0.43,-6.0,2.322,4.912,4.0,0.0,,,27.0,31.0,0.0,1.0
backfill-2020,2020_15_PIT_CIN,2020,15,CIN,PIT,0.1846,0.174,-14.5,-8.092,2.856,2.0,1.0,43.0,10.0,27.0,17.0,1.0,0.0
backfill-2020,2020_16_MIN_NO,2020,16,NO,MIN,0.7491,0.7652,6.5,3.911,4.971,3.0,6.0,,,52.0,33.0,1.0,1.0
backfill-2020,2020_16_MIA_LV,2020,16,LV,MIA,0.4421,0.3968,-2.0,2.542,0.239,1.0,2.0,,,25.0,26.0,0.0,1.0
backfill-2020,2020_16_SF_ARI,2020,16,ARI,SF,0.6695,0.6199,6.0,4.598,-3.37,1.0,6.0,,,12.0,20.0,0.0,0.0
backfill-2020,2020_16_TB_DET,2020,16,DET,TB,0.2384,0.2283,-12.0,3.481,4.809,2.0,1.0,,,7.0,47.0,0.0,1.0
backfill-2020,2020_16_ATL_KC,2020,16,KC,ATL,0.8039,0.8527,11.0,10.259,2.604,2.0,4.0,49.0,8.0,17.0,14.0,1.0,1.0
backfill-2020,2020_16_CAR_WAS,2020,16,WAS,CAR,0.6453,0.647,-1.0,-1.845,4.206,2.0,3.0,41.0,6.0,13.0,20.0,0.0,0.0
backfill-2020,2020_16_CHI_JAX,2020,16,JAX,CHI,0.2826,0.2461,-9.5,-1.751,0.002,2.0,3.0,55.0,5.0,17.0,41.0,0.0,1.0
backfill-2020,2020_16_CIN_HOU,2020,16,HOU,CIN,0.6308,0.6457,7.5,9.033,-2.585,1.0,4.0,,,31.0,37.0,0.0,0.0
backfill-2020,2020_16_CLE_NYJ,2020,16,NYJ,CLE,0.2574,0.2305,-6.5,-4.95,5.453,1.0,1.0,37.0,5.0,23.0,16.0,1.0,0.0
backfill-2020,2020_16_DEN_LAC,2020,16,LAC,DEN,0.5758,0.5085,2.5,4.194,-2.903,2.0,1.0,,,19.0,16.0,1.0,1.0
backfill-2020,2020_16_IND_PIT,2020,16,PIT,IND,0.4739,0.4911,-1.0,0.45,6.083,1.0,2.0,37.0,6.0,28.0,24.0,1.0,0.0
backfill-2020,2020_16_LA_SEA,2020,16,SEA,LA,0.5962,0.546,1.5,1.593,-0.986,2.0,1.0,45.0,2.0,20.0,9.0,1.0,1.0
backfill-2020,2020_16_NYG_BAL,2020,16,BAL,NYG,0.8265,0.8306,10.0,5.074,-0.636,1.0,1.0,38.0,3.0,27.0,13.0,1.0,1.0
backfill-2020,2020_16_PHI_DAL,2020,16,DAL,PHI,0.5314,0.5196,-3.0,-0.532,0.673,4.0,4.0,,,37.0,17.0,1.0,1.0
backfill-2020,2020_16_TEN_GB,2020,16,GB,TEN,0.6601,0.6017,3.0,6.636,7.366,4.0,1.0,28.0,15.0,40.0,14.0,1.0,1.0
backfill-2020,2020_16_BUF_NE,2020,16,NE,BUF,0.2961,0.3474,-7.0,-1.316,5.691,1.0,1.0,41.0,4.0,9.0,38.0,0.0,1.0
backfill-2020,2020_17_ARI_LA,2020,17,LA,ARI,0.6629,0.6516,1.0,0.0,0.134,2.0,0.0,,,18.0,7.0,1.0,1.0
backfill-2020,2020_17_ATL_TB,2020,17,TB,ATL,0.6718,0.7094,7.5,6.74,3.722,2.0,3.0,65.0,4.0,44.0,27.0,1.0,1.0
backfill-2020,2020_17_BAL_CIN,2020,17,CIN,BAL,0.2597,0.2152,-13.5,-0.01,4.692,3.0,0.0,39.0,10.0,3.0,38.0,0.0,1.0
backfill-2020,2020_17_DAL_NYG,2020,17,NYG,DAL,0.4517,0.4405,-1.5,-0.443,-0.419,2.0,2.0,33.0,6.0,23.0,19.0,1.0,0.0
backfill-2020,2020_17_GB_CHI,2020,17,CHI,GB,0.3245,0.3228,-4.5,2.436,8.418,2.0,2.0,32.0,7.0,16.0,35.0,0.0,1.0
backfill-2020,2020_17_JAX_IND,2020,17,IND,JAX,0.9041,0.8838,15.5,6.118,-1.623,3.0,3.0,,,28.0,14.0,1.0,1.0
backfill-2020,2020_17_LAC_KC,2020,17,KC,LAC,0.7688,0.8936,-7.0,-3.353,4.022,5.0,5.0,35.0,6.0,21.0,38.0,0.0,0.0
backfill-2020,2020_17_LV_DEN,2020,17,DEN,LV,0.4842,0.5128,-2.5,-2.226,1.042,1.0,1.0,53.0,10.0,31.0,32.0,0.0,1.0
backfill-2020,2020_17_MIA_BUF,2020,17,BUF,MIA,0.6831,0.6865,-3.5,7.171,-0.185,2.0,1.0,35.0,1.0,56.0,26.0,1.0,1.0
backfill-2020,2020_17_MIN_DET,2020,17,DET,MIN,0.3644,0.3538,-3.0,3.02,4.56,3.0,6.0,,,35.0,37.0,0.0,1.0
backfill-2020,2020_17_NO_CAR,2020,17,CAR,NO,0.2329,0.2123,-6.0,2.638,4.851,5.0,2.0,57.0,2.0,7.0,33.0,0.0,1.0
backfill-2020,2020_17_NYJ_NE,2020,17,NE,NYJ,0.7435,0.7396,3.0,-1.207,-4.647,3.0,0.0,33.0,5.0,28.0,14.0,1.0,1.0
backfill-2020,2020_17_PIT_CLE,2020,17,CLE,PIT,0.5404,0.4266,10.5,4.281,-3.496,1.0,3.0,38.0,7.0,24.0,22.0,1.0,1.0
backfill-2020,2020_17_SEA_SF,2020,17,SF,SEA,0.3496,0.3684,-7.0,-1.87,1.42,7.0,2.0,,,23.0,26.0,0.0,1.0
backfill-2020,2020_17_TEN_HOU,2020,17,HOU,TEN,0.278,0.2972,-7.0,8.47,5.753,2.0,1.0,,,38.0,41.0,0.0,1.0
backfill-2020,2020_17_WAS_PHI,2020,17,PHI,WAS,0.5209,0.4955,-6.5,0.195,-3.263,9.0,1.0,38.0,10.0,14.0,20.0,0.0,0.0
backfill-2020,2020_18_IND_BUF,2020,18,BUF,IND,0.6908,0.6755,7.0,7.878,4.586,0.0,2.0,34.0,6.0,27.0,24.0,1.0,1.0
backfill-2020,2020_18_LA_SEA,2020,18,SEA,LA,0.649,0.5992,3.0,1.141,0.933,0.0,0.0,39.0,1.0,20.0,30.0,0.0,0.0
backfill-2020,2020_18_TB_WAS,2020,18,WAS,TB,0.3322,0.3059,-10.0,-1.041,7.685,1.0,1.0,40.0,10.0,23.0,31.0,0.0,1.0
backfill-2020,2020_18_BAL_TEN,2020,18,TEN,BAL,0.4394,0.4569,-3.5,6.469,6.286,0.0,0.0,33.0,1.0,13.0,20.0,0.0,1.0
backfill-2020,2020_18_CHI_NO,2020,18,NO,CHI,0.7675,0.7805,11.0,4.954,2.914,2.0,1.0,,,21.0,9.0,1.0,1.0
backfill-2020,2020_18_CLE_PIT,2020,18,PIT,CLE,0.6012,0.6207,5.0,0.445,5.768,0.0,0.0,34.0,1.0,37.0,48.0,0.0,0.0
backfill-2020,2020_19_BAL_BUF,2020,19,BUF,BAL,0.6235,0.5818,2.5,8.191,5.985,0.0,0.0,34.0,13.0,17.0,3.0,1.0,1.0
backfill-2020,2020_19_LA_GB,2020,19,GB,LA,0.6937,0.6523,7.0,8.633,-2.565,1.0,2.0,35.0,13.0,32.0,18.0,1.0,1.0
backfill-2020,2020_19_CLE_KC,2020,19,KC,CLE,0.6452,0.7515,7.5,9.43,5.044,2.0,0.0,40.0,13.0,22.0,17.0,1.0,1.0
backfill-2020,2020_19_TB_NO,2020,19,NO,TB,0.5885,0.6237,2.5,4.871,6.945,1.0,1.0,,,20.0,30.0,0.0,0.0
backfill-2020,2020_20_BUF_KC,2020,20,KC,BUF,0.5011,0.5393,3.0,9.122,7.943,1.0,0.0,40.0,7.0,38.0,24.0,1.0,1.0
backfill-2020,2020_20_TB_GB,2020,20,GB,TB,0.6362,0.5982,3.0,8.948,6.593,1.0,1.0,29.0,10.0,26.0,31.0,0.0,0.0
backfill-2020,2020_21_KC_TB,2020,21,TB,KC,0.5011,0.4766,-3.0,9.027,10.37,0.0,2.0,63.0,9.0,31.0,9.0,1.0,1.0
backfill-2021,2021_01_DAL_TB,2021,1,TB,DAL,0.8219,0.79,10.0,7.394,4.577,1.0,0.0,82.0,9.0,31.0,29.0,1.0,1.0
backfill-2021,2021_01_ARI_TEN,2021,1,TEN,ARI,0.6724,0.6347,2.5,6.277,2.486,1.0,2.0,82.0,8.0,13.0,38.0,0.0,0.0
backfill-2021,2021_01_CHI_LA,2021,1,LA,CHI,0.6541,0.6429,9.5,2.768,-0.804,1.0,1.0,,,34.0,14.0,1.0,1.0
backfill-2021,2021_01_CLE_KC,2021,1,KC,CLE,0.6925,0.6955,5.5,7.359,5.175,1.0,2.0,88.0,8.0,33.0,29.0,1.0,1.0
backfill-2021,2021_01_DEN_NYG,2021,1,NYG,DEN,0.5257,0.5166,-3.0,-0.051,0.634,1.0,0.0,82.0,19.0,13.0,27.0,0.0,0.0
backfill-2021,2021_01_GB_NO,2021,1,NO,GB,0.5086,0.5225,-4.0,3.142,7.86,2.0,1.0,86.0,9.0,38.0,3.0,1.0,1.0
backfill-2021,2021_01_JAX_HOU,2021,1,HOU,JAX,0.6045,0.6687,-3.5,-2.443,0.0,2.0,1.0,,,37.0,21.0,1.0,1.0
backfill-2021,2021_01_LAC_WAS,2021,1,WAS,LAC,0.4987,0.4963,2.5,5.03,3.853,0.0,1.0,81.0,4.0,16.0,20.0,0.0,1.0
backfill-2021,2021_01_MIA_NE,2021,1,NE,MIA,0.4559,0.4999,3.5,0.0,-0.932,1.0,0.0,81.0,15.0,16.0,17.0,0.0,1.0
backfill-2021,2021_01_MIN_CIN,2021,1,CIN,MIN,0.4041,0.4335,-3.0,3.756,5.588,1.0,2.0,81.0,15.0,27.0,24.0,1.0,0.0
backfill-2021,2021_01_NYJ_CAR,2021,1,CAR,NYJ,0.5695,0.6236,3.5,-4.541,0.0,1.0,1.0,81.0,0.0,19.0,14.0,1.0,1.0
backfill-2021,2021_01_PHI_ATL,2021,1,ATL,PHI,0.6812,0.6244,3.5,2.152,-0.346,0.0,2.0,,,6.0,32.0,0.0,0.0
backfill-2021,2021_01_PIT_BUF,2021,1,BUF,PIT,0.753,0.6847,6.5,6.537,-0.095,1.0,0.0,73.0,17.0,16.0,23.0,0.0,0.0
backfill-2021,2021_01_SEA_IND,2021,1,IND,SEA,0.4597,0.5312,-3.0,-3.605,-1.176,3.0,0.0,,,16.0,28.0,0.0,1.0
backfill-2021,2021_01_SF_DET,2021,1,DET,SF,0.3583,0.4023,-9.5,-2.571,3.237,1.0,3.0,,,33.0,41.0,0.0,1.0
backfill-2021,2021_01_BAL_LV,2021,1,LV,BAL,0.4043,0.3628,-3.0,2.063,5.837,2.0,1.0,,,33.0,27.0,1.0,0.0
backfill-2021,2021_02_NYG_WAS,2021,2,WAS,NYG,0.5813,0.6081,4.0,-0.169,0.297,0.0,3.0,71.0,0.0,30.0,29.0,1.0,1.0
backfill-2021,2021_02_ATL_TB,2021,2,TB,ATL,0.8338,0.8059,13.5,9.212,-0.003,0.0,1.0,85.0,0.0,48.0,25.0,1.0,1.0
backfill-2021,2021_02_BUF_MIA,2021,2,MIA,BUF,0.3606,0.4505,-3.5,-0.792,6.107,1.0,0.0,89.0,7.0,0.0,35.0,0.0,1.0
backfill-2021,2021_02_CIN_CHI,2021,2,CHI,CIN,0.5747,0.604,2.0,-1.195,4.689,2.0,2.0,80.0,0.0,20.0,17.0,1.0,1.0
backfill-2021,2021_02_DAL_LAC,2021,2,LAC,DAL,0.5908,0.6315,3.0,3.874,5.727,2.0,1.0,,,17.0,20.0,0.0,0.0
backfill-2021,2021_02_DEN_JAX,2021,2,JAX,DEN,0.3746,0.3284,-6.0,-0.96,3.273,1.0,1.0,80.0,7.0,13.0,23.0,0.0,1.0
backfill-2021,2021_02_HOU_CLE,2021,2,CLE,HOU,0.5987,0.6369,13.5,6.777,-0.272,2.0,1.0,75.0,12.0,31.0,21.0,1.0,1.0
backfill-2021,2021_02_KC_BAL,2021,2,BAL,KC,0.3927,0.4349,-3.5,5.246,7.837,1.0,0.0,82.0,8.0,36.0,35.0,1.0,0.0
backfill-2021,2021_02_LA_IND,2021,2,IND,LA,0.399,0.4603,-4.0,-3.834,4.29,2.0,0.0,,,24.0,27.0,0.0,1.0
backfill-2021,2021_02_LV_PIT,2021,2,PIT,LV,0.6455,0.625,5.5,-0.681,2.2,1.0,5.0,77.0,4.0,17.0,26.0,0.0,0.0
backfill-2021,2021_02_MIN_ARI,2021,2,ARI,MIN,0.6549,0.617,4.0,2.681,5.501,1.0,4.0,,,34.0,33.0,1.0,1.0
backfill-2021,2021_02_NE_NYJ,2021,2,NYJ,NE,0.4122,0.3675,-5.5,-1.661,3.133,1.0,2.0,72.0,13.0,6.0,25.0,0.0,1.0
backfill-2021,2021_02_NO_CAR,2021,2,CAR,NO,0.3172,0.2779,-3.0,-2.975,3.715,0.0,5.0,83.0,4.0,26.0,7.0,1.0,0.0
backfill-2021,2021_02_SF_PHI,2021,2,PHI,SF,0.5253,0.4876,-3.0,1.161,3.162,1.0,2.0,76.0,13.0,11.0,17.0,0.0,0.0
backfill-2021,2021_02_TEN_SEA,2021,2,SEA,TEN,0.6676,0.6611,6.5,-0.636,5.129,2.0,1.0,62.0,14.0,30.0,33.0,0.0,0.0
backfill-2021,2021_02_DET_GB,2021,2,GB,DET,0.8519,0.809,11.5,6.114,-1.137,2.0,2.0,73.0,12.0,35.0,17.0,1.0,1.0
backfill-2021,2021_03_CAR_HOU,2021,3,HOU,CAR,0.3671,0.4494,-8.0,-0.451,-1.666,3.0,1.0,,,9.0,24.0,0.0,1.0
backfill-2021,2021_03_ARI_JAX,2021,3,JAX,ARI,0.2749,0.246,-8.0,-2.836,1.738,0.0,2.0,81.0,4.0,19.0,31.0,0.0,1.0
backfill-2021,2021_03_ATL_NYG,2021,3,NYG,ATL,0.4801,0.4964,3.0,0.793,-1.943,1.0,3.0,69.0,13.0,14.0,17.0,0.0,1.0
backfill-2021,2021_03_BAL_DET,2021,3,DET,BAL,0.2286,0.2522,-7.5,-1.617,5.391,1.0,2.0,,,17.0,19.0,0.0,1.0
backfill-2021,2021_03_CHI_CLE,2021,3,CLE,CHI,0.6155,0.6139,7.5,7.77,-2.147,2.0,2.0,70.0,22.0,26.0,6.0,1.0,1.0
backfill-2021,2021_03_CIN_PIT,2021,3,PIT,CIN,0.6762,0.6885,2.5,-1.452,3.129,3.0,3.0,67.0,9.0,10.0,24.0,0.0,0.0
backfill-2021,2021_03_GB_SF,2021,3,SF,GB,0.4311,0.4301,3.5,4.045,7.477,3.0,1.0,69.0,15.0,28.0,30.0,0.0,1.0
backfill-2021,2021_03_IND_TEN,2021,3,TEN,IND,0.5691,0.5562,4.5,6.114,-4.046,3.0,2.0,72.0,4.0,25.0,16.0,1.0,1.0
backfill-2021,2021_03_LAC_KC,2021,3,KC,LAC,0.741,0.7348,6.5,7.714,3.605,1.0,2.0,81.0,19.0,24.0,30.0,0.0,0.0
backfill-2021,2021_03_MIA_LV,2021,3,LV,MIA,0.5452,0.5764,4.0,3.758,-1.037,4.0,1.0,,,31.0,28.0,1.0,1.0
backfill-2021,2021_03_NO_NE,2021,3,NE,NO,0.4742,0.4183,3.0,1.631,2.794,0.0,1.0,73.0,11.0,13.0,28.0,0.0,1.0
backfill-2021,2021_03_NYJ_DEN,2021,3,DEN,NYJ,0.7633,0.732,10.5,2.529,-5.338,0.0,2.0,82.0,6.0,26.0,0.0,1.0,1.0
backfill-2021,2021_03_SEA_MIN,2021,3,MIN,SEA,0.4467,0.3948,-2.0,5.768,0.795,3.0,3.0,,,30.0,17.0,1.0,0.0
backfill-2021,2021_03_TB_LA,2021,3,LA,TB,0.4621,0.4436,-1.0,5.251,8.897,0.0,2.0,,,34.0,24.0,1.0,0.0
backfill-2021,2021_03_WAS_BUF,2021,3,BUF,WAS,0.7898,0.7692,7.5,7.253,0.071,0.0,0.0,67.0,21.0,43.0,21.0,1.0,1.0
backfill-2021,2021_03_PHI_DAL,2021,3,DAL,PHI,0.5702,0.5694,3.5,5.399,1.48,4.0,2.0,,,41.0,21.0,1.0,1.0
backfill-2021,2021_04_JAX_CIN,2021,4,CIN,JAX,0.7644,0.7523,7.5,3.303,-4.723,4.0,2.0,65.0,0.0,24.0,21.0,1.0,1.0
backfill-2021,2021_04_ARI_LA,2021,4,LA,ARI,0.6625,0.657,3.5,5.751,2.54,0.0,1.0,,,20.0,37.0,0.0,0.0
backfill-2021,2021_04_BAL_DEN,2021,4,DEN,BAL,0.4852,0.4297,1.0,3.628,5.431,1.0,2.0,77.0,11.0,7.0,23.0,0.0,1.0
backfill-2021,2021_04_CAR_DAL,2021,4,DAL,CAR,0.4566,0.4999,4.5,4.856,0.424,4.0,2.0,,,36.0,28.0,1.0,0.0
backfill-2021,2021_04_CLE_MIN,2021,4,MIN,CLE,0.4957,0.4642,-1.0,6.429,6.729,1.0,2.0,,,7.0,14.0,0.0,1.0
backfill-2021,2021_04_DET_CHI,2021,4,CHI,DET,0.7041,0.6825,3.0,-5.552,-2.25,2.0,1.0,72.0,4.0,24.0,14.0,1.0,1.0
backfill-2021,2021_04_HOU_BUF,2021,4,BUF,HOU,0.8378,0.8231,19.0,7.406,-2.158,2.0,4.0,67.0,12.0,40.0,0.0,1.0,1.0
backfill-2021,2021_04_IND_MIA,2021,4,MIA,IND,0.5688,0.5383,2.5,-1.363,-5.071,1.0,5.0,85.0,16.0,17.0,27.0,0.0,0.0
backfill-2021,2021_04_KC_PHI,2021,4,PHI,KC,0.2567,0.2881,-7.5,0.602,7.076,1.0,1.0,73.0,8.0,30.0,42.0,0.0,1.0
backfill-2021,2021_04_NYG_NO,2021,4,NO,NYG,0.833,0.8259,7.5,2.381,1.256,2.0,3.0,,,21.0,27.0,0.0,0.0
backfill-2021,2021_04_PIT_GB,2021,4,GB,PIT,0.7402,0.7109,6.5,6.753,-2.854,3.0,3.0,67.0,4.0,27.0,17.0,1.0,1.0
backfill-2021,2021_04_SEA_SF,2021,4,SF,SEA,0.5191,0.5086,2.5,4.09,0.056,2.0,3.0,80.0,0.0,21.0,28.0,0.0,0.0
backfill-2021,2021_04_TB_NE,2021,4,NE,TB,0.3099,0.3331,-6.0,-1.08,9.477,1.0,3.0,62.0,4.0,17.0,19.0,0.0,1.0
backfill-2021,2021_04_TEN_NYJ,2021,4,NYJ,TEN,0.2655,0.2562,-5.5,-8.386,6.002,3.0,6.0,78.0,9.0,27.0,24.0,1.0,0.0
backfill-2021,2021_04_WAS_ATL,2021,4,ATL,WAS,0.522,0.5469,-1.0,-2.242,0.086,2.0,1.0,,,30.0,34.0,0.0,0.0
backfill-2021,2021_04_LV_LAC,2021,4,LAC,LV,0.5932,0.523,3.0,5.056,3.829,1.0,0.0,,,28.0,14.0,1.0,1.0
backfill-2021,2021_05_LA_SEA,2021,5,SEA,LA,0.4842,0.5069,-2.5,0.151,7.323,1.0,0.0,56.0,8.0,17.0,26.0,0.0,1.0
backfill-2021,2021_05_BUF_KC,2021,5,KC,BUF,0.4922,0.4951,2.5,8.466,7.964,0.0,0.0,76.0,0.0,20.0,38.0,0.0,1.0
backfill-2021,2021_05_CHI_LV,2021,5,LV,CHI,0.6073,0.5974,5.5,1.997,-4.326,3.0,5.0,,,9.0,20.0,0.0,0.0
backfill-2021,2021_05_CLE_LAC,2021,5,LAC,CLE,0.5684,0.5074,2.5,3.695,4.747,1.0,2.0,,,47.0,42.0,1.0,1.0
backfill-2021,2021_05_DEN_PIT,2021,5,PIT,DEN,0.558,0.5287,-2.0,-4.177,1.59,4.0,1.0,71.0,9.0,27.0,19.0,1.0,1.0
backfill-2021,2021_05_DET_MIN,2021,5,MIN,DET,0.7412,0.7259,10.0,4.877,-0.748,2.0,0.0,,,19.0,17.0,1.0,1.0
backfill-2021,2021_05_GB_CIN,2021,5,CIN,GB,0.3848,0.3197,-2.0,3.99,6.067,2.0,2.0,76.0,12.0,22.0,25.0,0.0,1.0
backfill-2021,2021_05_MIA_TB,2021,5,TB,MIA,0.7993,0.7717,11.0,8.995,-1.241,3.0,0.0,84.0,7.0,45.0,17.0,1.0,1.0
backfill-2021,2021_05_NE_HOU,2021,5,HOU,NE,0.4129,0.4187,-8.0,-5.706,-0.566,2.0,3.0,,,22.0,25.0,0.0,1.0
backfill-2021,2021_05_NO_WAS,2021,5,WAS,NO,0.4242,0.3617,-2.5,1.658,1.051,3.0,2.0,70.0,12.0,22.0,33.0,0.0,1.0
backfill-2021,2021_05_NYG_DAL,2021,5,DAL,NYG,0.6533,0.6731,7.5,5.929,2.461,2.0,4.0,,,44.0,20.0,1.0,1.0
backfill-2021,2021_05_NYJ_ATL,2021,5,ATL,NYJ,0.6159,0.6426,3.0,-0.058,-6.443,5.0,4.0,63.0,8.0,27.0,20.0,1.0,1.0
backfill-2021,2021_05_PHI_CAR,2021,5,CAR,PHI,0.6447,0.6683,2.5,1.023,1.801,3.0,1.0,76.0,13.0,18.0,21.0,0.0,0.0
backfill-2021,2021_05_SF_ARI,2021,5,ARI,SF,0.7178,0.6646,6.0,3.015,1.864,2.0,3.0,,,17.0,10.0,1.0,1.0
backfill-2021,2021_05_TEN_JAX,2021,5,JAX,TEN,0.2614,0.2363,-4.0,-2.988,4.911,1.0,6.0,78.0,11.0,19.0,37.0,0.0,1.0
backfill-2021,2021_05_IND_BAL,2021,5,BAL,IND,0.6823,0.664,7.5,6.023,-3.737,1.0,5.0,69.0,6.0,31.0,25.0,1.0,1.0
backfill-2021,2021_06_TB_PHI,2021,6,PHI,TB,0.2755,0.2366,-7.0,0.841,9.195,1.0,3.0,74.0,8.0,22.0,28.0,0.0,1.0
backfill-2021,2021_06_ARI_CLE,2021,6,CLE,ARI,0.5082,0.4878,3.0,4.49,3.258,2.0,3.0,58.0,23.0,14.0,37.0,0.0,0.0
backfill-2021,2021_06_CIN_DET,2021,6,DET,CIN,0.3142,0.3751,-3.5,-3.228,5.365,0.0,1.0,,,11.0,34.0,0.0,1.0
backfill-2021,2021_06_DAL_NE,2021,6,NE,DAL,0.4963,0.4862,-3.5,0.631,5.524,2.0,1.0,62.0,11.0,29.0,35.0,0.0,1.0
backfill-2021,2021_06_GB_CHI,2021,6,CHI,GB,0.3527,0.3617,-5.5,-3.673,5.298,2.0,2.0,59.0,6.0,14.0,24.0,0.0,1.0
backfill-2021,2021_06_HOU_IND,2021,6,IND,HOU,0.6865,0.7087,10.5,-2.708,-2.262,5.0,2.0,,,31.0,3.0,1.0,1.0
backfill-2021,2021_06_KC_WAS,2021,6,WAS,KC,0.3135,0.3286,-6.0,0.953,7.123,5.0,3.0,62.0,13.0,13.0,31.0,0.0,1.0
backfill-2021,2021_06_LAC_BAL,2021,6,BAL,LAC,0.6727,0.6193,3.0,6.379,5.128,2.0,1.0,63.0,15.0,34.0,6.0,1.0,1.0
backfill-2021,2021_06_LA_NYG,2021,6,NYG,LA,0.2327,0.2617,-7.5,2.551,8.417,3.0,0.0,61.0,13.0,11.0,38.0,0.0,1.0
backfill-2021,2021_06_LV_DEN,2021,6,DEN,LV,0.5056,0.5149,5.0,2.45,3.267,1.0,1.0,76.0,8.0,24.0,34.0,0.0,0.0
backfill-2021,2021_06_MIA_JAX,2021,6,JAX,MIA,0.3564,0.3013,-2.5,-2.649,-0.555,2.0,2.0,63.0,11.0,23.0,20.0,1.0,0.0
backfill-2021,2021_06_MIN_CAR,2021,6,CAR,MIN,0.5179,0.5331,-2.5,0.539,4.638,3.0,2.0,62.0,7.0,28.0,34.0,0.0,0.0
backfill-2021,2021_06_SEA_PIT,2021,6,PIT,SEA,0.4844,0.481,5.5,-2.996,-1.844,2.0,3.0,49.0,6.0,23.0,20.0,1.0,0.0
backfill-2021,2021_06_BUF_TEN,2021,6,TEN,BUF,0.2845,0.333,-6.0,4.606,7.116,2.0,0.0,66.0,6.0,34.0,31.0,1.0,0.0
backfill-2021,2021_07_DEN_CLE,2021,7,CLE,DEN,0.5728,0.6645,2.0,-2.961,2.095,3.0,2.0,59.0,27.0,17.0,14.0,1.0,1.0
backfill-2021,2021_07_ATL_MIA,2021,7,MIA,ATL,0.4477,0.5329,-1.5,-0.597,1.76,0.0,2.0,85.0,9.0,28.0,30.0,0.0,1.0
backfill-2021,2021_07_CAR_NYG,2021,7,NYG,CAR,0.3673,0.4328,-3.0,0.553,-0.431,4.0,3.0,57.0,0.0,25.0,3.0,1.0,0.0
backfill-2021,2021_07_CHI_TB,2021,7,TB,CHI,0.8016,0.7717,12.5,8.506,-3.663,4.0,1.0,83.0,7.0,38.0,3.0,1.0,1.0
backfill-2021,2021_07_CIN_BAL,2021,7,BAL,CIN,0.7426,0.758,6.5,5.017,5.113,2.0,0.0,61.0,6.0,17.0,41.0,0.0,0.0
backfill-2021,2021_07_DET_LA,2021,7,LA,DET,0.8983,0.8767,17.0,8.392,-3.832,0.0,0.0,,,28.0,19.0,1.0,1.0
backfill-2021,2021_07_HOU_ARI,2021,7,ARI,HOU,0.8462,0.8418,20.5,4.92,-3.1,2.0,2.0,,,31.0,5.0,1.0,1.0
backfill-2021,2021_07_IND_SF,2021,7,SF,IND,0.5235,0.4757,3.5,3.941,-1.122,4.0,5.0,64.0,16.0,18.0,30.0,0.0,0.0
backfill-2021,2021_07_KC_TEN,2021,7,TEN,KC,0.4476,0.4601,-4.0,4.523,8.052,3.0,3.0,74.0,14.0,27.0,3.0,1.0,0.0
backfill-2021,2021_07_NYJ_NE,2021,7,NE,NYJ,0.7161,0.724,7.0,0.2,-6.264,2.0,2.0,52.0,0.0,54.0,13.0,1.0,1.0
backfill-2021,2021_07_PHI_LV,2021,7,LV,PHI,0.6574,0.6629,1.0,3.487,0.601,1.0,0.0,,,33.0,22.0,1.0,1.0
backfill-2021,2021_07_WAS_GB,2021,7,GB,WAS,0.8351,0.8159,8.5,6.409,0.532,2.0,4.0,49.0,11.0,24.0,10.0,1.0,1.0
backfill-2021,2021_07_NO_SEA,2021,7,SEA,NO,0.3685,0.4277,-6.0,-2.077,1.977,0.0,4.0,54.0,16.0,10.0,13.0,0.0,1.0
backfill-2021,2021_08_GB_ARI,2021,8,ARI,GB,0.5857,0.5097,6.5,5.162,6.666,1.0,1.0,,,21.0,24.0,0.0,0.0
backfill-2021,2021_08_CAR_ATL,2021,8,ATL,CAR,0.5911,0.5812,2.5,3.133,-0.78,0.0,2.0,,,13.0,19.0,0.0,0.0
backfill-2021,2021_08_CIN_NYJ,2021,8,NYJ,CIN,0.24,0.258,-11.5,-0.047,4.983,5.0,1.0,63.0,11.0,34.0,31.0,1.0,0.0
backfill-2021,2021_08_DAL_MIN,2021,8,MIN,DAL,0.4525,0.4794,4.5,6.215,-1.439,2.0,0.0,,,16.0,20.0,0.0,1.0
backfill-2021,2021_08_JAX_SEA,2021,8,SEA,JAX,0.7734,0.8031,4.0,-2.53,-1.275,1.0,1.0,54.0,8.0,31.0,7.0,1.0,1.0
backfill-2021,2021_08_LA_HOU,2021,8,HOU,LA,0.1992,0.1982,-17.0,-4.577,8.874,1.0,3.0,,,22.0,38.0,0.0,1.0
backfill-2021,2021_08_MIA_BUF,2021,8,BUF,MIA,0.8608,0.8311,15.0,6.062,0.174,2.0,2.0,54.0,9.0,26.0,11.0,1.0,1.0
backfill-2021,2021_08_NE_LAC,2021,8,LAC,NE,0.7048,0.611,3.5,6.304,1.948,0.0,1.0,,,24.0,27.0,0.0,0.0
backfill-2021,2021_08_PHI_DET,2021,8,DET,PHI,0.4003,0.4084,-3.0,-3.092,0.961,0.0,3.0,,,6.0,44.0,0.0,1.0
backfill-2021,2021_08_PIT_CLE,2021,8,CLE,PIT,0.4646,0.5816,5.5,2.249,-2.932,3.0,2.0,57.0,13.0,10.0,15.0,0.0,1.0
backfill-2021,2021_08_SF_CHI,2021,8,CHI,SF,0.5689,0.5674,-4.5,-6.062,3.021,1.0,5.0,53.0,12.0,22.0,33.0,0.0,0.0
backfill-2021,2021_08_TB_NO,2021,8,NO,TB,0.4284,0.4423,-4.0,2.59,7.815,4.0,1.0,,,36.0,27.0,1.0,0.0
backfill-2021,2021_08_TEN_IND,2021,8,IND,TEN,0.5416,0.4884,3.0,-0.815,3.806,1.0,3.0,,,31.0,34.0,0.0,0.0
backfill-2021,2021_08_WAS_DEN,2021,8,DEN,WAS,0.6184,0.5662,4.0,2.585,-0.306,1.0,3.0,41.0,4.0,17.0,10.0,1.0,1.0
backfill-2021,2021_08_NYG_KC,2021,8,KC,NYG,0.751,0.7472,10.5,7.505,-0.494,2.0,5.0,39.0,4.0,20.0,17.0,1.0,1.0
backfill-2021,2021_09_NYJ_IND,2021,9,IND,NYJ,0.7616,0.7869,10.5,-0.916,1.647,2.0,5.0,,,45.0,30.0,1.0,1.0
backfill-2021,2021_09_ARI_SF,2021,9,SF,ARI,0.4044,0.3512,5.5,3.296,-3.525,2.0,4.0,57.0,8.0,17.0,31.0,0.0,1.0
backfill-2021,2021_09_ATL_NO,2021,9,NO,ATL,0.6838,0.8028,7.0,-4.785,2.587,3.0,3.0,,,25.0,27.0,0.0,0.0
backfill-2021,2021_09_BUF_JAX,2021,9,JAX,BUF,0.1282,0.1122,-14.5,-2.046,5.948,0.0,3.0,59.0,16.0,9.0,6.0,1.0,0.0
backfill-2021,2021_09_CLE_CIN,2021,9,CIN,CLE,0.5348,0.5373,2.5,3.623,3.363,0.0,2.0,56.0,0.0,16.0,41.0,0.0,0.0
backfill-2021,2021_09_DEN_DAL,2021,9,DAL,DEN,0.7177,0.7052,10.5,6.951,3.115,2.0,1.0,,,16.0,30.0,0.0,0.0
backfill-2021,2021_09_GB_KC,2021,9,KC,GB,0.4986,0.4148,7.0,6.656,-0.382,1.0,1.0,51.0,12.0,13.0,7.0,1.0,0.0
backfill-2021,2021_09_HOU_MIA,2021,9,MIA,HOU,0.5772,0.6321,4.0,-1.187,0.552,0.0,4.0,72.0,19.0,17.0,9.0,1.0,1.0
backfill-2021,2021_09_LAC_PHI,2021,9,PHI,LAC,0.4456,0.4107,-1.0,1.017,5.283,1.0,4.0,54.0,11.0,24.0,27.0,0.0,1.0
backfill-2021,2021_09_LV_NYG,2021,9,NYG,LV,0.3428,0.3862,-3.0,0.322,4.195,4.0,0.0,54.0,4.0,23.0,16.0,1.0,0.0
backfill-2021,2021_09_MIN_BAL,2021,9,BAL,MIN,0.7043,0.6791,7.5,4.391,4.827,2.0,1.0,56.0,8.0,34.0,31.0,1.0,1.0
backfill-2021,2021_09_NE_CAR,2021,9,CAR,NE,0.4952,0.4486,-3.5,-0.403,1.951,0.0,0.0,61.0,16.0,6.0,24.0,0.0,1.0
backfill-2021,2021_09_TEN_LA,2021,9,LA,TEN,0.6195,0.5949,7.0,9.024,5.051,1.0,4.0,,,16.0,28.0,0.0,0.0
backfill-2021,2021_09_CHI_PIT,2021,9,PIT,CHI,0.7275,0.6595,7.0,-1.51,-4.258,1.0,5.0,55.0,7.0,29.0,27.0,1.0,1.0
backfill-2021,2021_10_BAL_MIA,2021,10,MIA,BAL,0.2837,0.3024,-8.5,-1.413,3.467,0.0,2.0,77.0,4.0,22.0,10.0,1.0,0.0
backfill-2021,2021_10_ATL_DAL,2021,10,DAL,ATL,0.6787,0.6537,8.0,4.763,3.465,1.0,4.0,,,43.0,3.0,1.0,1.0
backfill-2021,2021_10_BUF_NYJ,2021,10,NYJ,BUF,0.1788,0.1628,-13.0,2.43,4.448,2.0,1.0,47.0,4.0,17.0,45.0,0.0,1.0
backfill-2021,2021_10_CAR_ARI,2021,10,ARI,CAR,0.8364,0.8079,7.0,-1.916,-4.081,4.0,2.0,,,10.0,34.0,0.0,0.0
backfill-2021,2021_10_CLE_NE,2021,10,NE,CLE,0.5045,0.5271,2.5,1.532,3.707,1.0,1.0,48.0,6.0,45.0,7.0,1.0,1.0
backfill-2021,2021_10_JAX_IND,2021,10,IND,JAX,0.8281,0.8208,10.5,1.184,-2.15,1.0,0.0,,,23.0,17.0,1.0,1.0
backfill-2021,2021_10_KC_LV,2021,10,LV,KC,0.4262,0.3861,-2.5,3.673,4.373,4.0,2.0,,,14.0,41.0,0.0,1.0
backfill-2021,2021_10_MIN_LAC,2021,10,LAC,MIN,0.6797,0.6157,3.0,5.427,5.143,3.0,2.0,,,20.0,27.0,0.0,0.0
backfill-2021,2021_10_NO_TEN,2021,10,TEN,NO,0.5787,0.5628,3.0,3.783,-5.232,3.0,3.0,53.0,12.0,23.0,21.0,1.0,1.0
backfill-2021,2021_10_PHI_DEN,2021,10,DEN,PHI,0.6037,0.6347,1.0,4.006,2.359,2.0,0.0,57.0,19.0,13.0,30.0,0.0,0.0
backfill-2021,2021_10_SEA_GB,2021,10,GB,SEA,0.691,0.7126,3.0,5.217,1.395,3.0,3.0,35.0,11.0,17.0,0.0,1.0,1.0
backfill-2021,2021_10_TB_WAS,2021,10,WAS,TB,0.186,0.2066,-10.0,0.652,7.632,3.0,3.0,47.0,8.0,29.0,19.0,1.0,0.0
backfill-2021,2021_10_LA_SF,2021,10,SF,LA,0.3432,0.3448,-3.5,4.667,7.712,5.0,1.0,59.0,0.0,31.0,10.0,1.0,0.0
backfill-2021,2021_11_NE_ATL,2021,11,ATL,NE,0.3958,0.3334,-7.0,1.488,2.659,3.0,0.0,,,0.0,25.0,0.0,1.0
backfill-2021,2021_11_ARI_SEA,2021,11,SEA,ARI,0.4615,0.4362,2.5,-1.16,-3.404,0.0,4.0,46.0,0.0,13.0,23.0,0.0,1.0
backfill-2021,2021_11_BAL_CHI,2021,11,CHI,BAL,0.3393,0.3654,-5.0,-3.451,-2.491,3.0,3.0,46.0,9.0,13.0,16.0,0.0,1.0
backfill-2021,2021_11_CIN_LV,2021,11,LV,CIN,0.5028,0.539,-1.0,3.843,3.277,3.0,0.0,,,13.0,32.0,0.0,0.0
backfill-2021,2021_11_DAL_KC,2021,11,KC,DAL,0.675,0.6535,2.5,7.169,5.982,1.0,0.0,57.0,17.0,19.0,9.0,1.0,1.0
backfill-2021,2021_11_DET_CLE,2021,11,CLE,DET,0.8207,0.8212,13.0,2.377,-0.679,3.0,4.0,42.0,7.0,13.0,10.0,1.0,1.0
backfill-2021,2021_11_GB_MIN,2021,11,MIN,GB,0.4031,0.3286,-1.0,4.994,4.289,1.0,4.0,,,34.0,31.0,1.0,0.0
backfill-2021,2021_11_HOU_TEN,2021,11,TEN,HOU,0.8765,0.8779,10.5,3.839,0.422,7.0,2.0,59.0,8.0,13.0,22.0,0.0,0.0
backfill-2021,2021_11_IND_BUF,2021,11,BUF,IND,0.7207,0.6783,7.5,6.138,1.329,0.0,0.0,49.0,12.0,15.0,41.0,0.0,0.0
backfill-2021,2021_11_MIA_NYJ,2021,11,NYJ,MIA,0.34,0.3415,-3.5,-3.037,0.199,1.0,0.0,52.0,4.0,17.0,24.0,0.0,1.0
backfill-2021,2021_11_NO_PHI,2021,11,PHI,NO,0.4339,0.332,2.5,3.27,-4.136,1.0,6.0,51.0,4.0,40.0,29.0,1.0,0.0
backfill-2021,2021_11_PIT_LAC,2021,11,LAC,PIT,0.5576,0.5048,5.5,4.818,-0.058,3.0,4.0,,,41.0,37.0,1.0,1.0
backfill-2021,2021_11_SF_JAX,2021,11,JAX,SF,0.2709,0.2716,-6.5,-2.483,4.891,1.0,3.0,68.0,17.0,10.0,30.0,0.0,1.0
backfill-2021,2021_11_WAS_CAR,2021,11,CAR,WAS,0.5888,0.6014,3.5,0.72,0.835,0.0,2.0,54.0,0.0,21.0,27.0,0.0,0.0
backfill-2021,2021_11_NYG_TB,2021,11,TB,NYG,0.7279,0.7672,11.5,6.927,0.781,2.0,4.0,68.0,6.0,30.0,10.0,1.0,1.0
backfill-2021,2021_12_BUF_NO,2021,12,NO,BUF,0.4246,0.4988,-7.0,-3.476,6.365,4.0,0.0,,,6.0,31.0,0.0,1.0
backfill-2021,2021_12_CHI_DET,2021,12,DET,CHI,0.3827,0.3313,-2.0,-4.351,0.948,5.0,4.0,,,14.0,16.0,0.0,1.0
backfill-2021,2021_12_LV_DAL,2021,12,DAL,LV,0.6582,0.6748,7.0,3.786,2.378,0.0,2.0,,,33.0,36.0,0.0,0.0
backfill-2021,2021_12_ATL_JAX,2021,12,JAX,ATL,0.4233,0.3887,-1.5,-2.058,-0.004,1.0,2.0,61.0,4.0,14.0,21.0,0.0,1.0
backfill-2021,2021_12_CAR_MIA,2021,12,MIA,CAR,0.5488,0.5764,-1.0,1.137,-0.41,3.0,1.0,74.0,4.0,33.0,10.0,1.0,1.0
backfill-2021,2021_12_CLE_BAL,2021,12,BAL,CLE,0.5485,0.6182,3.0,2.294,1.388,3.0,1.0,43.0,0.0,16.0,10.0,1.0,1.0
backfill-2021,2021_12_LAC_DEN,2021,12,DEN,LAC,0.4463,0.4333,-2.5,4.483,5.127,2.0,2.0,62.0,0.0,28.0,13.0,1.0,0.0
backfill-2021,2021_12_LA_GB,2021,12,GB,LA,0.6528,0.653,-2.0,5.636,6.237,3.0,0.0,37.0,14.0,36.0,28.0,1.0,1.0
backfill-2021,2021_12_MIN_SF,2021,12,SF,MIN,0.5173,0.5345,3.5,4.398,5.284,2.0,1.0,68.0,7.0,34.0,26.0,1.0,1.0
backfill-2021,2021_12_NYJ_HOU,2021,12,HOU,NYJ,0.6291,0.6429,3.0,0.614,-5.535,2.0,1.0,,,14.0,21.0,0.0,0.0
backfill-2021,2021_12_PHI_NYG,2021,12,NYG,PHI,0.3911,0.4438,-4.0,-0.541,2.376,5.0,1.0,39.0,4.0,13.0,7.0,1.0,0.0
backfill-2021,2021_12_PIT_CIN,2021,12,CIN,PIT,0.5693,0.5237,3.5,3.319,-0.246,1.0,2.0,43.0,12.0,41.0,10.0,1.0,1.0
backfill-2021,2021_12_TB_IND,2021,12,IND,TB,0.5457,0.5051,-3.0,2.04,7.055,0.0,2.0,,,31.0,38.0,0.0,0.0
backfill-2021,2021_12_TEN_NE,2021,12,NE,TEN,0.6062,0.5386,7.5,1.207,4.46,0.0,6.0,33.0,6.0,36.0,13.0,1.0,1.0
backfill-2021,2021_12_SEA_WAS,2021,12,WAS,SEA,0.5231,0.508,-1.0,1.774,-1.578,3.0,5.0,41.0,9.0,17.0,15.0,1.0,1.0
backfill-2021,2021_13_DAL_NO,2021,13,NO,DAL,0.4772,0.5826,-6.0,0.371,4.249,3.0,1.0,,,17.0,27.0,0.0,1.0
backfill-2021,2021_13_ARI_CHI,2021,13,CHI,ARI,0.3108,0.3124,-7.5,2.928,4.815,6.0,1.0,34.0,8.0,22.0,33.0,0.0,1.0
backfill-2021,2021_13_BAL_PIT,2021,13,PIT,BAL,0.4461,0.4012,-4.0,-1.297,2.429,2.0,2.0,50.0,7.0,20.0,19.0,1.0,0.0
backfill-2021,2021_13_DEN_KC,2021,13,KC,DEN,0.7617,0.7558,8.5,4.741,3.283,2.0,1.0,58.0,22.0,22.0,9.0,1.0,1.0
backfill-2021,2021_13_IND_HOU,2021,13,HOU,IND,0.2018,0.24,-10.0,-0.283,2.328,5.0,0.0,,,0.0,31.0,0.0,1.0
backfill-2021,2021_13_JAX_LA,2021,13,LA,JAX,0.8692,0.8519,14.0,4.988,-1.648,1.0,1.0,,,37.0,7.0,1.0,1.0
backfill-2021,2021_13_LAC_CIN,2021,13,CIN,LAC,0.5879,0.6078,2.5,3.177,4.806,4.0,2.0,48.0,11.0,22.0,41.0,0.0,0.0
backfill-2021,2021_13_MIN_DET,2021,13,DET,MIN,0.2445,0.228,-7.0,-4.225,4.342,4.0,3.0,,,29.0,27.0,1.0,0.0
backfill-2021,2021_13_NYG_MIA,2021,13,MIA,NYG,0.6458,0.6221,6.5,1.171,-1.458,3.0,6.0,80.0,11.0,20.0,9.0,1.0,1.0
backfill-2021,2021_13_PHI_NYJ,2021,13,NYJ,PHI,0.2915,0.3497,-5.0,-5.822,1.77,2.0,1.0,45.0,0.0,18.0,33.0,0.0,1.0
backfill-2021,2021_13_SF_SEA,2021,13,SEA,SF,0.445,0.4429,-3.0,-1.334,5.121,1.0,5.0,41.0,4.0,30.0,23.0,1.0,0.0
backfill-2021,2021_13_TB_ATL,2021,13,ATL,TB,0.2463,0.2372,-11.0,1.446,5.881,1.0,2.0,,,17.0,30.0,0.0,1.0
backfill-2021,2021_13_WAS_LV,2021,13,LV,WAS,0.5606,0.5233,1.0,2.747,1.718,3.0,3.0,,,15.0,17.0,0.0,0.0
backfill-2021,2021_13_NE_BUF,2021,13,BUF,NE,0.605,0.568,3.0,7.786,2.565,0.0,0.0,36.0,27.0,10.0,14.0,0.0,0.0
backfill-2021,2021_14_PIT_MIN,2021,14,MIN,PIT,0.554,0.5367,3.5,3.974,-0.481,2.0,4.0,,,36.0,28.0,1.0,1.0
backfill-2021,2021_14_ATL_CAR,2021,14,CAR,ATL,0.5402,0.5754,2.5,-1.485,2.095,2.0,0.0,48.0,9.0,21.0,29.0,0.0,0.0
backfill-2021,2021_14_BAL_CLE,2021,14,CLE,BAL,0.4077,0.4373,3.0,0.384,2.869,3.0,2.0,46.0,14.0,24.0,22.0,1.0,0.0
backfill-2021,2021_14_BUF_TB,2021,14,TB,BUF,0.629,0.6002,3.5,6.846,6.156,1.0,2.0,82.0,4.0,33.0,27.0,1.0,1.0
backfill-2021,2021_14_CHI_GB,2021,14,GB,CHI,0.8452,0.8257,11.5,7.515,-3.609,2.0,3.0,36.0,8.0,45.0,30.0,1.0,1.0
backfill-2021,2021_14_DAL_WAS,2021,14,WAS,DAL,0.4585,0.4563,-6.5,1.943,2.374,2.0,0.0,48.0,17.0,20.0,27.0,0.0,1.0
backfill-2021,2021_14_DET_DEN,2021,14,DEN,DET,0.8176,0.772,13.0,2.27,-3.74,0.0,4.0,63.0,8.0,38.0,10.0,1.0,1.0
backfill-2021,2021_14_JAX_TEN,2021,14,TEN,JAX,0.8608,0.8691,8.5,3.256,-1.19,5.0,1.0,45.0,0.0,20.0,0.0,1.0,1.0
backfill-2021,2021_14_LV_KC,2021,14,KC,LV,0.8188,0.8013,10.0,3.153,1.008,1.0,4.0,47.0,19.0,48.0,9.0,1.0,1.0
backfill-2021,2021_14_NO_NYJ,2021,14,NYJ,NO,0.2794,0.2751,-4.5,-5.156,-1.027,3.0,3.0,46.0,13.0,9.0,30.0,0.0,1.0
backfill-2021,2021_14_NYG_LAC,2021,14,LAC,NYG,0.6799,0.6808,9.5,5.382,-2.821,3.0,3.0,,,37.0,21.0,1.0,1.0
backfill-2021,2021_14_SEA_HOU,2021,14,HOU,SEA,0.3069,0.3176,-10.0,-5.377,-1.52,2.0,4.0,,,13.0,33.0,0.0,1.0
backfill-2021,2021_14_SF_CIN,2021,14,CIN,SF,0.5618,0.5151,-2.5,3.572,4.347,4.0,5.0,48.0,9.0,23.0,26.0,0.0,0.0
backfill-2021,2021_14_LA_ARI,2021,14,ARI,LA,0.6526,0.6214,3.0,6.296,5.261,1.0,1.0,,,23.0,30.0,0.0,0.0
backfill-2021,2021_15_KC_LAC,2021,15,LAC,KC,0.4652,0.3678,-3.0,5.416,3.423,0.0,2.0,,,28.0,34.0,0.0,1.0
backfill-2021,2021_15_NE_IND,2021,15,IND,NE,0.5347,0.4799,-1.0,3.308,3.634,1.0,1.0,,,27.0,17.0,1.0,1.0
backfill-2021,2021_15_ARI_DET,2021,15,DET,ARI,0.1819,0.1617,-13.0,-4.256,6.092,2.0,2.0,,,30.0,12.0,1.0,0.0
backfill-2021,2021_15_ATL_SF,2021,15,SF,ATL,0.7034,0.6842,9.5,4.06,2.077,4.0,1.0,46.0,0.0,31.0,13.0,1.0,1.0
backfill-2021,2021_15_CAR_BUF,2021,15,BUF,CAR,0.8256,0.7929,14.0,5.284,-2.864,1.0,1.0,30.0,8.0,31.0,14.0,1.0,1.0
backfill-2021,2021_15_CIN_DEN,2021,15,DEN,CIN,0.5749,0.5369,3.0,2.056,3.926,2.0,2.0,61.0,19.0,10.0,15.0,0.0,0.0
backfill-2021,2021_15_DAL_NYG,2021,15,NYG,DAL,0.2939,0.3333,-11.5,-3.856,1.442,2.0,1.0,37.0,8.0,6.0,21.0,0.0,1.0
backfill-2021,2021_15_GB_BAL,2021,15,BAL,GB,0.3474,0.397,-9.5,-2.704,7.254,2.0,4.0,43.0,11.0,30.0,31.0,0.0,1.0
backfill-2021,2021_15_HOU_JAX,2021,15,JAX,HOU,0.535,0.4621,6.0,-1.419,-5.334,1.0,3.0,80.0,12.0,16.0,30.0,0.0,0.0
backfill-2021,2021_15_NO_TB,2021,15,TB,NO,0.7508,0.7333,11.5,6.671,-0.365,2.0,3.0,75.0,0.0,0.0,9.0,0.0,0.0
backfill-2021,2021_15_NYJ_MIA,2021,15,MIA,NYJ,0.8315,0.8098,10.5,1.825,-6.222,0.0,1.0,82.0,9.0,31.0,24.0,1.0,1.0
backfill-2021,2021_15_TEN_PIT,2021,15,PIT,TEN,0.4967,0.4035,1.0,-0.996,3.169,0.0,6.0,32.0,11.0,19.0,13.0,1.0,0.0
backfill-2021,2021_15_LV_CLE,2021,15,CLE,LV,0.6349,0.6581,-3.0,0.045,0.453,3.0,3.0,40.0,8.0,14.0,16.0,0.0,0.0
backfill-2021,2021_15_MIN_CHI,2021,15,CHI,MIN,0.3209,0.3997,-7.0,-4.276,2.057,5.0,0.0,37.0,8.0,9.0,17.0,0.0,1.0
backfill-2021,2021_15_SEA_LA,2021,15,LA,SEA,0.6619,0.64,7.5,5.02,0.668,0.0,0.0,,,20.0,10.0,1.0,1.0
backfill-2021,2021_15_WAS_PHI,2021,15,PHI,WAS,0.5905,0.5802,10.0,1.083,-0.769,0.0,0.0,42.0,7.0,27.0,17.0,1.0,1.0
backfill-2021,2021_16_SF_TEN,2021,16,TEN,SF,0.6075,0.5384,-3.5,2.41,4.866,4.0,4.0,48.0,7.0,20.0,17.0,1.0,1.0
backfill-2021,2021_16_CLE_GB,2021,16,GB,CLE,0.7522,0.7615,7.5,8.129,-0.424,4.0,1.0,35.0,11.0,24.0,22.0,1.0,1.0
backfill-2021,2021_16_IND_ARI,2021,16,ARI,IND,0.3933,0.4156,3.0,3.963,2.516,1.0,2.0,,,16.0,22.0,0.0,1.0
backfill-2021,2021_16_BAL_CIN,2021,16,CIN,BAL,0.5923,0.466,7.5,2.39,0.347,1.0,3.0,52.0,0.0,41.0,21.0,1.0,1.0
backfill-2021,2021_16_BUF_NE,2021,16,NE,BUF,0.5454,0.5416,1.0,3.445,5.69,3.0,0.0,38.0,13.0,21.0,33.0,0.0,0.0
backfill-2021,2021_16_CHI_SEA,2021,16,SEA,CHI,0.7295,0.6866,7.0,-1.139,-4.393,1.0,4.0,25.0,11.0,24.0,25.0,0.0,0.0
backfill-2021,2021_16_DEN_LV,2021,16,LV,DEN,0.5259,0.5218,-1.0,0.842,-1.701,2.0,2.0,,,17.0,13.0,1.0,1.0
backfill-2021,2021_16_DET_ATL,2021,16,ATL,DET,0.7212,0.6581,7.5,0.616,-1.584,1.0,2.0,,,20.0,16.0,1.0,1.0
backfill-2021,2021_16_JAX_NYJ,2021,16,NYJ,JAX,0.6463,0.6229,2.5,-6.602,-2.394,2.0,0.0,47.0,0.0,26.0,21.0,1.0,1.0
backfill-2021,2021_16_LAC_HOU,2021,16,HOU,LAC,0.3048,0.2821,-13.5,-4.611,5.221,1.0,1.0,,,41.0,29.0,1.0,0.0
backfill-2021,2021_16_LA_MIN,2021,16,MIN,LA,0.406,0.4363,-3.5,2.344,4.508,0.0,0.0,,,23.0,30.0,0.0,1.0
backfill-2021,2021_16_NYG_PHI,2021,16,PHI,NYG,0.7515,0.6984,11.0,2.495,-0.156,0.0,3.0,53.0,9.0,34.0,10.0,1.0,1.0
backfill-2021,2021_16_PIT_KC,2021,16,KC,PIT,0.793,0.7762,10.5,2.362,-0.907,0.0,4.0,60.0,22.0,36.0,10.0,1.0,1.0
backfill-2021,2021_16_TB_CAR,2021,16,CAR,TB,0.2292,0.2217,-11.5,-2.361,4.818,0.0,3.0,73.0,8.0,6.0,32.0,0.0,1.0
backfill-2021,2021_16_WAS_DAL,2021,16,DAL,WAS,0.7487,0.7211,10.5,1.393,0.288,1.0,4.0,,,56.0,14.0,1.0,1.0
backfill-2021,2021_16_MIA_NO,2021,16,NO,MIA,0.5572,0.5964,-3.0,0.0,2.323,0.0,0.0,,,3.0,20.0,0.0,0.0
backfill-2021,2021_17_ARI_DAL,2021,17,DAL,ARI,0.7211,0.6576,6.5,2.232,3.396,0.0,2.0,,,22.0,25.0,0.0,0.0
backfill-2021,2021_17_ATL_BUF,2021,17,BUF,ATL,0.8467,0.8086,14.0,5.955,-0.412,0.0,1.0,26.0,11.0,29.0,15.0,1.0,1.0
backfill-2021,2021_17_CAR_NO,2021,17,NO,CAR,0.766,0.742,7.0,-0.494,-3.201,1.0,3.0,,,18.0,10.0,1.0,1.0
backfill-2021,2021_17_DEN_LAC,2021,17,LAC,DEN,0.6357,0.6081,8.0,4.369,-0.823,1.0,1.0,,,34.0,13.0,1.0,1.0
backfill-2021,2021_17_DET_SEA,2021,17,SEA,DET,0.7951,0.7604,8.5,-1.533,-1.509,2.0,3.0,37.0,0.0,51.0,29.0,1.0,1.0
backfill-2021,2021_17_HOU_SF,2021,17,SF,HOU,0.7037,0.7475,14.0,0.304,-3.324,5.0,1.0,50.0,6.0,23.0,7.0,1.0,1.0
backfill-2021,2021_17_JAX_NE,2021,17,NE,JAX,0.9147,0.9061,17.5,2.635,-1.956,1.0,2.0,46.0,4.0,50.0,10.0,1.0,1.0
backfill-2021,2021_17_KC_CIN,2021,17,CIN,KC,0.3659,0.3216,-3.5,4.459,4.408,2.0,0.0,33.0,13.0,34.0,31.0,1.0,0.0
backfill-2021,2021_17_LA_BAL,2021,17,BAL,LA,0.4275,0.4098,-7.0,-1.244,2.783,3.0,0.0,59.0,6.0,19.0,20.0,0.0,1.0
backfill-2021,2021_17_LV_IND,2021,17,IND,LV,0.775,0.7631,8.5,1.85,1.293,1.0,0.0,,,20.0,23.0,0.0,0.0
backfill-2021,2021_17_MIA_TEN,2021,17,TEN,MIA,0.5616,0.5396,3.0,2.237,2.389,0.0,0.0,43.0,13.0,34.0,3.0,1.0,1.0
backfill-2021,2021_17_MIN_GB,2021,17,GB,MIN,0.7289,0.7572,13.0,8.03,-1.855,3.0,1.0,11.0,9.0,37.0,10.0,1.0,1.0
backfill-2021,2021_17_NYG_CHI,2021,17,CHI,NYG,0.6312,0.582,7.0,0.918,-5.653,1.0,4.0,25.0,13.0,29.0,3.0,1.0,1.0
backfill-2021,2021_17_PHI_WAS,2021,17,WAS,PHI,0.3848,0.3962,-6.5,-3.159,1.459,1.0,2.0,62.0,4.0,16.0,20.0,0.0,1.0
backfill-2021,2021_17_TB_NYJ,2021,17,NYJ,TB,0.1677,0.1393,-14.5,-5.443,3.449,1.0,3.0,57.0,9.0,24.0,28.0,0.0,1.0
backfill-2021,2021_17_CLE_PIT,2021,17,PIT,CLE,0.5237,0.5276,-1.0,-0.915,-0.409,1.0,3.0,25.0,12.0,26.0,14.0,1.0,1.0
backfill-2021,2021_18_DAL_PHI,2021,18,PHI,DAL,0.5215,0.4866,-6.5,2.24,2.509,1.0,0.0,31.0,8.0,26.0,51.0,0.0,0.0
backfill-2021,2021_18_KC_DEN,2021,18,DEN,KC,0.2218,0.2155,-11.5,-1.332,4.292,2.0,2.0,41.0,4.0,24.0,28.0,0.0,1.0
backfill-2021,2021_18_CAR_TB,2021,18,TB,CAR,0.8673,0.8626,11.0,4.385,-4.303,6.0,1.0,80.0,4.0,41.0,17.0,1.0,1.0
backfill-2021,2021_18_CHI_MIN,2021,18,MIN,CHI,0.6222,0.6335,3.5,1.943,-0.445,1.0,1.0,,,31.0,17.0,1.0,1.0
backfill-2021,2021_18_CIN_CLE,2021,18,CLE,CIN,0.4348,0.4194,6.5,-2.295,-2.414,0.0,2.0,38.0,22.0,21.0,16.0,1.0,0.0
backfill-2021,2021_18_GB_DET,2021,18,DET,GB,0.1378,0.1131,-4.0,-3.33,8.197,1.0,2.0,,,37.0,30.0,1.0,0.0
backfill-2021,2021_18_IND_JAX,2021,18,JAX,IND,0.1555,0.1081,-14.0,-3.504,1.17,1.0,1.0,76.0,19.0,26.0,11.0,1.0,0.0
backfill-2021,2021_18_LAC_LV,2021,18,LV,LAC,0.4328,0.499,-3.5,0.614,6.274,0.0,1.0,,,35.0,32.0,1.0,0.0
backfill-2021,2021_18_NE_MIA,2021,18,MIA,NE,0.45,0.4575,-6.0,1.558,4.265,0.0,1.0,75.0,8.0,33.0,24.0,1.0,0.0
backfill-2021,2021_18_NO_ATL,2021,18,ATL,NO,0.389,0.3636,-4.5,-1.95,-0.616,0.0,3.0,,,20.0,30.0,0.0,1.0
backfill-2021,2021_18_NYJ_BUF,2021,18,BUF,NYJ,0.8956,0.8997,16.0,5.501,-3.519,2.0,1.0,36.0,19.0,27.0,10.0,1.0,1.0
backfill-2021,2021_18_PIT_BAL,2021,18,BAL,PIT,0.5595,0.5597,3.0,-1.07,-3.089,3.0,3.0,36.0,0.0,13.0,16.0,0.0,0.0
backfill-2021,2021_18_SEA_ARI,2021,18,ARI,SEA,0.5708,0.5881,5.5,3.008,-0.499,4.0,3.0,,,30.0,38.0,0.0,0.0
backfill-2021,2021_18_SF_LA,2021,18,LA,SF,0.6344,0.6439,3.0,1.81,5.208,0.0,0.0,,,24.0,27.0,0.0,0.0
backfill-2021,2021_18_TEN_HOU,2021,18,HOU,TEN,0.2399,0.2453,-10.5,-3.881,1.819,1.0,2.0,,,25.0,28.0,0.0,1.0
backfill-2021,2021_18_WAS_NYG,2021,18,NYG,WAS,0.4663,0.4517,-6.0,-3.155,-2.656,3.0,4.0,38.0,0.0,7.0,22.0,0.0,1.0
backfill-2021,2021_19_LV_CIN,2021,19,CIN,LV,0.6003,0.5954,6.0,5.207,-0.992,1.0,0.0,31.0,12.0,26.0,19.0,1.0,1.0
backfill-2021,2021_19_NE_BUF,2021,19,BUF,NE,0.673,0.6674,4.5,5.071,2.553,0.0,0.0,7.0,8.0,47.0,17.0,1.0,1.0
backfill-2021,2021_19_PHI_TB,2021,19,TB,PHI,0.6591,0.7433,7.5,5.045,3.367,2.0,0.0,66.0,21.0,31.0,15.0,1.0,1.0
backfill-2021,2021_19_PIT_KC,2021,19,KC,PIT,0.791,0.7485,13.0,5.719,-2.725,1.0,0.0,30.0,8.0,42.0,21.0,1.0,1.0
backfill-2021,2021_19_SF_DAL,2021,19,DAL,SF,0.6299,0.5992,3.0,3.171,6.397,1.0,0.0,,,17.0,23.0,0.0,0.0
backfill-2021,2021_19_ARI_LA,2021,19,LA,ARI,0.6755,0.6771,4.0,1.737,1.633,2.0,0.0,,,34.0,11.0,1.0,1.0
backfill-2021,2021_20_CIN_TEN,2021,20,TEN,CIN,0.6043,0.6071,4.0,1.813,4.509,0.0,0.0,35.0,0.0,16.0,19.0,0.0,0.0
backfill-2021,2021_20_SF_GB,2021,20,GB,SF,0.6098,0.6171,5.5,7.824,4.989,1.0,0.0,15.0,12.0,10.0,13.0,0.0,0.0
backfill-2021,2021_20_BUF_KC,2021,20,KC,BUF,0.6017,0.571,2.5,7.274,7.939,0.0,0.0,35.0,6.0,42.0,36.0,1.0,1.0
backfill-2021,2021_20_LA_TB,2021,20,TB,LA,0.6366,0.6141,2.5,5.565,1.574,2.0,3.0,50.0,11.0,27.0,30.0,0.0,0.0
backfill-2021,2021_21_CIN_KC,2021,21,KC,CIN,0.728,0.7316,7.0,10.221,4.221,0.0,2.0,41.0,4.0,24.0,27.0,0.0,0.0
backfill-2021,2021_21_SF_LA,2021,21,LA,SF,0.6167,0.5864,3.5,3.843,4.014,1.0,0.0,,,20.0,17.0,1.0,1.0
backfill-2021,2021_22_LA_CIN,2021,22,CIN,LA,0.526,0.4542,-4.5,6.003,5.157,0.0,0.0,,,20.0,23.0,0.0,0.0
backfill-2022,2022_01_BUF_LA,2022,1,LA,BUF,0.5602,0.5473,-1.0,5.69,8.506,1.0,0.0,,,10.0,31.0,0.0,0.0
backfill-2022,2022_01_BAL_NYJ,2022,1,NYJ,BAL,0.3874,0.348,-6.5,-2.525,1.977,2.0,2.0,,,9.0,24.0,0.0,1.0
backfill-2022,2022_01_CLE_CAR,2022,1,CAR,CLE,0.4454,0.4148,2.5,-1.077,-1.524,0.0,0.0,,,24.0,26.0,0.0,1.0
backfill-2022,2022_01_GB_MIN,2022,1,MIN,GB,0.3829,0.4319,2.5,1.281,6.718,0.0,1.0,,,23.0,7.0,1.0,0.0
backfill-2022,2022_01_JAX_WAS,2022,1,WAS,JAX,0.6752,0.6883,3.0,0.424,-2.228,1.0,0.0,,,28.0,22.0,1.0,1.0
backfill-2022,2022_01_KC_ARI,2022,1,ARI,KC,0.2967,0.3516,-6.0,-0.055,7.886,3.0,0.0,,,21.0,44.0,0.0,1.0
backfill-2022,2022_01_LV_LAC,2022,1,LAC,LV,0.5738,0.5613,3.5,8.043,-0.275,2.0,0.0,,,24.0,19.0,1.0,1.0
backfill-2022,2022_01_NE_MIA,2022,1,MIA,NE,0.5391,0.5551,3.0,0.762,2.818,0.0,0.0,,,20.0,7.0,1.0,1.0
backfill-2022,2022_01_NO_ATL,2022,1,ATL,NO,0.3939,0.3908,-6.0,2.036,3.267,0.0,3.0,,,26.0,27.0,0.0,1.0
backfill-2022,2022_01_NYG_TEN,2022,1,TEN,NYG,0.7749,0.7616,5.5,0.294,-0.395,4.0,2.0,,,20.0,21.0,0.0,0.0
backfill-2022,2022_01_PHI_DET,2022,1,DET,PHI,0.3899,0.4037,-6.0,-2.379,2.985,3.0,0.0,,,35.0,38.0,0.0,1.0
backfill-2022,2022_01_PIT_CIN,2022,1,CIN,PIT,0.6429,0.6084,7.5,5.221,0.827,1.0,0.0,,,20.0,23.0,0.0,0.0
backfill-2022,2022_01_SF_CHI,2022,1,CHI,SF,0.397,0.3634,-6.5,-3.651,0.992,1.0,1.0,,,19.0,10.0,1.0,0.0
backfill-2022,2022_01_TB_DAL,2022,1,DAL,TB,0.4918,0.4741,-2.5,2.77,4.557,1.0,1.0,,,3.0,19.0,0.0,1.0
backfill-2022,2022_01_DEN_SEA,2022,1,SEA,DEN,0.6146,0.6461,-6.0,-1.607,-0.241,3.0,1.0,,,17.0,16.0,1.0,1.0
backfill-2022,2022_02_LAC_KC,2022,2,KC,LAC,0.7337,0.7184,4.0,11.013,6.945,1.0,2.0,,,27.0,24.0,1.0,1.0
backfill-2022,2022_02_ARI_LV,2022,2,LV,ARI,0.5469,0.5469,5.5,-0.749,-0.688,4.0,2.0,,,23.0,29.0,0.0,0.0
backfill-2022,2022_02_ATL_LA,2022,2,LA,ATL,0.7515,0.7393,10.5,3.291,2.304,2.0,1.0,,,31.0,27.0,1.0,1.0
backfill-2022,2022_02_CAR_NYG,2022,2,NYG,CAR,0.5557,0.5393,-1.0,-1.58,-1.836,6.0,1.0,,,19.0,16.0,1.0,1.0
backfill-2022,2022_02_CHI_GB,2022,2,GB,CHI,0.6838,0.6569,10.5,5.673,-1.846,0.0,1.0,,,27.0,10.0,1.0,1.0
backfill-2022,2022_02_CIN_DAL,2022,2,DAL,CIN,0.5249,0.5361,-7.5,-0.735,3.786,5.0,0.0,,,20.0,17.0,1.0,1.0
backfill-2022,2022_02_HOU_DEN,2022,2,DEN,HOU,0.5962,0.5893,10.5,0.988,-3.3,2.0,1.0,,,16.0,9.0,1.0,1.0
backfill-2022,2022_02_IND_JAX,2022,2,JAX,IND,0.3382,0.277,-3.0,-2.071,-3.079,0.0,2.0,,,24.0,0.0,1.0,0.0
backfill-2022,2022_02_MIA_BAL,2022,2,BAL,MIA,0.5372,0.4861,3.0,1.734,0.273,2.0,1.0,,,38.0,42.0,0.0,0.0
backfill-2022,2022_02_NE_PIT,2022,2,PIT,NE,0.5398,0.5684,-3.0,-0.005,2.637,0.0,0.0,,,14.0,17.0,0.0,0.0
backfill-2022,2022_02_NYJ_CLE,2022,2,CLE,NYJ,0.7718,0.7475,6.5,-1.963,-2.835,1.0,2.0,,,30.0,31.0,0.0,0.0
backfill-2022,2022_02_SEA_SF,2022,2,SF,SEA,0.5718,0.5616,8.5,0.364,-0.544,1.0,1.0,,,27.0,7.0,1.0,1.0
backfill-2022,2022_02_TB_NO,2022,2,NO,TB,0.4165,0.4159,-2.5,3.434,3.907,1.0,3.0,,,10.0,20.0,0.0,1.0
backfill-2022,2022_02_WAS_DET,2022,2,DET,WAS,0.418,0.4268,-1.0,-1.339,2.024,1.0,0.0,,,36.0,27.0,1.0,0.0
backfill-2022,2022_02_MIN_PHI,2022,2,PHI,MIN,0.5278,0.4935,2.5,3.752,2.767,0.0,1.0,,,24.0,7.0,1.0,1.0
backfill-2022,2022_02_TEN_BUF,2022,2,BUF,TEN,0.746,0.679,10.0,9.914,1.022,2.0,3.0,,,41.0,7.0,1.0,1.0
backfill-2022,2022_03_PIT_CLE,2022,3,CLE,PIT,0.5554,0.521,4.5,0.413,-1.527,1.0,0.0,,,29.0,17.0,1.0,1.0
backfill-2022,2022_03_ATL_SEA,2022,3,SEA,ATL,0.6291,0.6528,1.0,-1.025,2.055,3.0,1.0,,,23.0,27.0,0.0,0.0
backfill-2022,2022_03_BAL_NE,2022,3,NE,BAL,0.5882,0.5669,-2.5,1.563,2.201,0.0,1.0,,,26.0,37.0,0.0,0.0
backfill-2022,2022_03_BUF_MIA,2022,3,MIA,BUF,0.4014,0.4181,-4.0,2.76,10.071,2.0,4.0,,,21.0,19.0,1.0,0.0
backfill-2022,2022_03_CIN_NYJ,2022,3,NYJ,CIN,0.3392,0.3134,-6.5,-0.232,4.633,1.0,2.0,,,12.0,27.0,0.0,1.0
backfill-2022,2022_03_DET_MIN,2022,3,MIN,DET,0.6902,0.6758,6.5,1.136,-0.804,2.0,2.0,,,28.0,24.0,1.0,1.0
backfill-2022,2022_03_GB_TB,2022,3,TB,GB,0.6184,0.6522,1.0,3.642,5.805,4.0,1.0,,,12.0,14.0,0.0,0.0
backfill-2022,2022_03_HOU_CHI,2022,3,CHI,HOU,0.6602,0.6286,3.0,-2.968,-3.529,4.0,3.0,,,23.0,20.0,1.0,1.0
backfill-2022,2022_03_JAX_LAC,2022,3,LAC,JAX,0.709,0.7044,6.5,7.494,-0.186,2.0,0.0,,,10.0,38.0,0.0,0.0
backfill-2022,2022_03_KC_IND,2022,3,IND,KC,0.2932,0.3062,-4.5,-3.497,11.369,2.0,2.0,,,20.0,17.0,1.0,0.0
backfill-2022,2022_03_LA_ARI,2022,3,ARI,LA,0.3642,0.4114,-3.5,-1.232,2.671,2.0,4.0,,,12.0,20.0,0.0,1.0
backfill-2022,2022_03_LV_TEN,2022,3,TEN,LV,0.6215,0.6389,-1.5,0.085,0.277,5.0,2.0,,,24.0,22.0,1.0,1.0
backfill-2022,2022_03_NO_CAR,2022,3,CAR,NO,0.3627,0.3469,-2.0,-1.831,2.154,0.0,1.0,,,22.0,14.0,1.0,0.0
backfill-2022,2022_03_PHI_WAS,2022,3,WAS,PHI,0.4052,0.4081,-6.0,1.084,4.135,2.0,0.0,,,8.0,24.0,0.0,1.0
backfill-2022,2022_03_SF_DEN,2022,3,DEN,SF,0.4352,0.3916,-1.0,2.307,2.711,1.0,3.0,,,11.0,10.0,1.0,0.0
backfill-2022,2022_03_DAL_NYG,2022,3,NYG,DAL,0.4075,0.3505,1.0,-2.434,0.042,6.0,3.0,,,16.0,23.0,0.0,1.0
backfill-2022,2022_04_MIA_CIN,2022,4,CIN,MIA,0.5389,0.4708,4.0,5.004,3.138,2.0,2.0,,,27.0,15.0,1.0,1.0
backfill-2022,2022_04_ARI_CAR,2022,4,CAR,ARI,0.432,0.4561,1.0,-2.531,-1.797,0.0,3.0,,,16.0,26.0,0.0,1.0
backfill-2022,2022_04_BUF_BAL,2022,4,BAL,BUF,0.34,0.3782,-3.0,1.68,11.507,2.0,3.0,,,20.0,23.0,0.0,1.0
backfill-2022,2022_04_CHI_NYG,2022,4,NYG,CHI,0.4835,0.4438,3.0,-4.095,-3.465,5.0,5.0,,,20.0,12.0,1.0,0.0
backfill-2022,2022_04_CLE_ATL,2022,4,ATL,CLE,0.482,0.4327,-1.0,1.304,0.926,0.0,2.0,,,23.0,20.0,1.0,0.0
backfill-2022,2022_04_DEN_LV,2022,4,LV,DEN,0.4966,0.5129,2.5,0.0,1.671,2.0,5.0,,,32.0,23.0,1.0,0.0
backfill-2022,2022_04_JAX_PHI,2022,4,PHI,JAX,0.6928,0.7024,6.5,4.049,0.834,2.0,0.0,,,29.0,21.0,1.0,1.0
backfill-2022,2022_04_KC_TB,2022,4,TB,KC,0.511,0.5434,1.0,2.446,10.805,2.0,1.0,,,31.0,41.0,0.0,0.0
backfill-2022,2022_04_LAC_HOU,2022,4,HOU,LAC,0.4413,0.4311,-5.5,-2.709,5.496,2.0,1.0,,,24.0,34.0,0.0,1.0
backfill-2022,2022_04_MIN_NO,2022,4,NO,MIN,0.4034,0.5019,-4.0,-2.007,0.719,4.0,1.0,,,25.0,28.0,0.0,1.0
backfill-2022,2022_04_NE_GB,2022,4,GB,NE,0.704,0.671,10.0,4.218,-1.67,1.0,3.0,,,27.0,24.0,1.0,1.0
backfill-2022,2022_04_NYJ_PIT,2022,4,PIT,NYJ,0.7383,0.7305,3.0,-1.599,-2.953,1.0,1.0,,,20.0,24.0,0.0,0.0
backfill-2022,2022_04_SEA_DET,2022,4,DET,SEA,0.3892,0.4419,3.0,-0.187,-0.199,5.0,1.0,,,45.0,48.0,0.0,1.0
backfill-2022,2022_04_TEN_IND,2022,4,IND,TEN,0.5608,0.51,4.5,-2.735,1.67,1.0,3.0,,,17.0,24.0,0.0,0.0
backfill-2022,2022_04_WAS_DAL,2022,4,DAL,WAS,0.7476,0.7246,3.0,0.161,-0.184,1.0,1.0,,,25.0,10.0,1.0,1.0
backfill-2022,2022_04_LA_SF,2022,4,SF,LA,0.5094,0.4744,1.0,1.594,3.514,6.0,4.0,,,24.0,9.0,1.0,1.0
backfill-2022,2022_05_IND_DEN,2022,5,DEN,IND,0.53,0.4838,3.5,1.417,-2.308,4.0,4.0,,,9.0,12.0,0.0,0.0
backfill-2022,2022_05_ATL_TB,2022,5,TB,ATL,0.7571,0.7426,10.5,2.297,0.806,3.0,1.0,,,21.0,15.0,1.0,1.0
backfill-2022,2022_05_CHI_MIN,2022,5,MIN,CHI,0.6907,0.6779,10.0,-0.815,-3.154,1.0,2.0,,,29.0,22.0,1.0,1.0
backfill-2022,2022_05_CIN_BAL,2022,5,BAL,CIN,0.4097,0.4822,3.0,1.545,6.183,4.0,0.0,,,19.0,17.0,1.0,0.0
backfill-2022,2022_05_DAL_LA,2022,5,LA,DAL,0.5943,0.5445,5.5,3.147,0.268,4.0,2.0,,,10.0,22.0,0.0,0.0
backfill-2022,2022_05_DET_NE,2022,5,NE,DET,0.6104,0.669,3.0,-1.19,1.883,4.0,6.0,,,29.0,0.0,1.0,1.0
backfill-2022,2022_05_HOU_JAX,2022,5,JAX,HOU,0.6531,0.6363,7.0,-0.238,-2.932,1.0,4.0,,,6.0,13.0,0.0,0.0
backfill-2022,2022_05_LAC_CLE,2022,5,CLE,LAC,0.5426,0.5743,-1.0,1.385,6.339,0.0,1.0,,,28.0,30.0,0.0,0.0
backfill-2022,2022_05_MIA_NYJ,2022,5,NYJ,MIA,0.3511,0.2774,-3.0,-3.196,1.199,2.0,2.0,,,40.0,17.0,1.0,0.0
backfill-2022,2022_05_NYG_GB,2022,5,GB,NYG,0.7972,0.7688,8.5,3.58,-3.715,0.0,7.0,,,22.0,27.0,0.0,0.0
backfill-2022,2022_05_PHI_ARI,2022,5,ARI,PHI,0.3832,0.4356,-5.5,-3.005,2.787,5.0,4.0,,,17.0,20.0,0.0,1.0
backfill-2022,2022_05_PIT_BUF,2022,5,BUF,PIT,0.8247,0.7925,14.0,11.653,1.366,5.0,1.0,,,38.0,3.0,1.0,1.0
backfill-2022,2022_05_SEA_NO,2022,5,NO,SEA,0.4782,0.5318,5.5,-2.172,2.105,5.0,1.0,,,39.0,32.0,1.0,0.0
backfill-2022,2022_05_SF_CAR,2022,5,CAR,SF,0.3486,0.2834,-6.0,-4.902,2.182,3.0,7.0,,,15.0,37.0,0.0,1.0
backfill-2022,2022_05_TEN_WAS,2022,5,WAS,TEN,0.3646,0.3411,-1.0,-1.994,2.028,4.0,6.0,,,17.0,21.0,0.0,1.0
backfill-2022,2022_05_LV_KC,2022,5,KC,LV,0.8058,0.7863,7.5,10.897,-0.296,1.0,1.0,,,30.0,29.0,1.0,1.0
backfill-2022,2022_06_WAS_CHI,2022,6,CHI,WAS,0.6271,0.5847,-1.0,-0.172,-2.346,0.0,6.0,,,7.0,12.0,0.0,0.0
backfill-2022,2022_06_ARI_SEA,2022,6,SEA,ARI,0.5157,0.5199,-2.5,2.935,-2.341,3.0,4.0,,,19.0,9.0,1.0,1.0
backfill-2022,2022_06_BAL_NYG,2022,6,NYG,BAL,0.453,0.4173,-5.5,-1.285,1.325,6.0,4.0,,,24.0,20.0,1.0,0.0
backfill-2022,2022_06_BUF_KC,2022,6,KC,BUF,0.5312,0.5302,-2.5,10.816,13.019,3.0,1.0,,,20.0,24.0,0.0,0.0
backfill-2022,2022_06_CAR_LA,2022,6,LA,CAR,0.7827,0.758,10.0,1.576,-3.565,2.0,3.0,,,24.0,10.0,1.0,1.0
backfill-2022,2022_06_CIN_NO,2022,6,NO,CIN,0.4118,0.462,-3.0,-1.873,3.616,5.0,0.0,,,26.0,30.0,0.0,1.0
backfill-2022,2022_06_DAL_PHI,2022,6,PHI,DAL,0.5683,0.5188,6.5,3.059,0.178,0.0,1.0,,,26.0,17.0,1.0,1.0
backfill-2022,2022_06_JAX_IND,2022,6,IND,JAX,0.6029,0.6758,1.0,-3.217,-0.249,2.0,0.0,,,34.0,27.0,1.0,1.0
backfill-2022,2022_06_MIN_MIA,2022,6,MIA,MIN,0.4702,0.4911,-3.0,0.447,0.226,2.0,0.0,,,16.0,24.0,0.0,1.0
backfill-2022,2022_06_NE_CLE,2022,6,CLE,NE,0.5374,0.5168,2.5,2.268,0.047,3.0,1.0,,,15.0,38.0,0.0,0.0
backfill-2022,2022_06_NYJ_GB,2022,6,GB,NYJ,0.7359,0.7382,7.5,2.652,-2.532,2.0,1.0,,,10.0,27.0,0.0,0.0
backfill-2022,2022_06_SF_ATL,2022,6,ATL,SF,0.3304,0.3296,-3.5,1.135,3.021,1.0,5.0,,,28.0,14.0,1.0,0.0
backfill-2022,2022_06_TB_PIT,2022,6,PIT,TB,0.3319,0.3031,-10.0,0.336,4.674,6.0,4.0,,,20.0,18.0,1.0,0.0
backfill-2022,2022_06_DEN_LAC,2022,6,LAC,DEN,0.6759,0.63,3.5,5.986,0.69,1.0,2.0,,,19.0,16.0,1.0,1.0
backfill-2022,2022_07_NO_ARI,2022,7,ARI,NO,0.4973,0.5105,2.5,-1.754,-0.862,5.0,5.0,,,42.0,34.0,1.0,0.0
backfill-2022,2022_07_ATL_CIN,2022,7,CIN,ATL,0.6936,0.6594,6.5,2.953,1.693,4.0,2.0,,,35.0,17.0,1.0,1.0
backfill-2022,2022_07_CLE_BAL,2022,7,BAL,CLE,0.544,0.6288,6.5,1.456,0.906,1.0,3.0,,,23.0,20.0,1.0,1.0
backfill-2022,2022_07_DET_DAL,2022,7,DAL,DET,0.8001,0.796,7.0,-0.11,1.162,1.0,5.0,,,24.0,6.0,1.0,1.0
backfill-2022,2022_07_GB_WAS,2022,7,WAS,GB,0.3775,0.3966,-4.0,-2.875,-0.104,5.0,3.0,,,23.0,21.0,1.0,0.0
backfill-2022,2022_07_HOU_LV,2022,7,LV,HOU,0.639,0.6476,7.0,0.434,-2.206,1.0,1.0,,,38.0,20.0,1.0,1.0
backfill-2022,2022_07_IND_TEN,2022,7,TEN,IND,0.6626,0.613,2.5,1.23,-2.371,4.0,4.0,,,19.0,10.0,1.0,1.0
backfill-2022,2022_07_KC_SF,2022,7,SF,KC,0.3906,0.4194,-1.0,2.473,10.227,1.0,1.0,,,23.0,44.0,0.0,1.0
backfill-2022,2022_07_NYG_JAX,2022,7,JAX,NYG,0.4583,0.4285,3.0,1.576,-0.912,2.0,5.0,,,17.0,23.0,0.0,1.0
backfill-2022,2022_07_NYJ_DEN,2022,7,DEN,NYJ,0.4233,0.482,-2.0,-1.356,-3.191,2.0,2.0,,,9.0,16.0,0.0,1.0
backfill-2022,2022_07_PIT_MIA,2022,7,MIA,PIT,0.5833,0.5855,7.5,2.013,-0.042,1.0,2.0,,,16.0,10.0,1.0,1.0
backfill-2022,2022_07_SEA_LAC,2022,7,LAC,SEA,0.5373,0.5582,5.5,3.445,2.772,4.0,4.0,,,23.0,37.0,0.0,0.0
backfill-2022,2022_07_TB_CAR,2022,7,CAR,TB,0.253,0.2309,-13.0,-4.169,4.308,2.0,4.0,,,21.0,3.0,1.0,0.0
backfill-2022,2022_07_CHI_NE,2022,7,NE,CHI,0.6822,0.7231,9.5,2.169,-1.861,0.0,0.0,,,14.0,33.0,0.0,0.0
backfill-2022,2022_08_BAL_TB,2022,8,TB,BAL,0.6143,0.5805,2.0,2.392,2.262,6.0,1.0,,,22.0,27.0,0.0,0.0
backfill-2022,2022_08_ARI_MIN,2022,8,MIN,ARI,0.6762,0.6628,4.0,-0.621,-1.451,0.0,5.0,,,34.0,26.0,1.0,1.0
backfill-2022,2022_08_CAR_ATL,2022,8,ATL,CAR,0.6472,0.6162,4.5,1.775,-3.433,2.0,1.0,,,37.0,34.0,1.0,1.0
backfill-2022,2022_08_CHI_DAL,2022,8,DAL,CHI,0.7405,0.726,10.5,1.647,-1.823,1.0,1.0,,,49.0,29.0,1.0,1.0
backfill-2022,2022_08_DEN_JAX,2022,8,JAX,DEN,0.6187,0.5016,1.0,2.565,-0.983,3.0,5.0,,,17.0,21.0,0.0,0.0
backfill-2022,2022_08_GB_BUF,2022,8,BUF,GB,0.8248,0.7763,10.5,11.782,-0.609,1.0,2.0,,,27.0,17.0,1.0,1.0
backfill-2022,2022_08_LV_NO,2022,8,NO,LV,0.5209,0.5133,-1.0,2.27,1.467,3.0,0.0,,,24.0,0.0,1.0,1.0
backfill-2022,2022_08_MIA_DET,2022,8,DET,MIA,0.3412,0.3388,-3.5,0.49,2.171,6.0,1.0,,,27.0,31.0,0.0,1.0
backfill-2022,2022_08_NE_NYJ,2022,8,NYJ,NE,0.4423,0.528,-3.0,-3.298,0.836,1.0,2.0,,,17.0,22.0,0.0,1.0
backfill-2022,2022_08_NYG_SEA,2022,8,SEA,NYG,0.5725,0.5973,3.0,2.182,0.328,2.0,6.0,,,27.0,13.0,1.0,1.0
backfill-2022,2022_08_PIT_PHI,2022,8,PHI,PIT,0.7782,0.7488,11.0,4.07,-0.789,0.0,2.0,,,35.0,13.0,1.0,1.0
backfill-2022,2022_08_SF_LA,2022,8,LA,SF,0.6095,0.5714,-1.0,0.844,2.445,1.0,4.0,,,14.0,31.0,0.0,0.0
backfill-2022,2022_08_TEN_HOU,2022,8,HOU,TEN,0.3236,0.263,-1.0,-1.596,-1.882,0.0,2.0,,,10.0,17.0,0.0,1.0
backfill-2022,2022_08_WAS_IND,2022,8,IND,WAS,0.592,0.6306,3.0,0.007,-2.186,3.0,4.0,,,16.0,17.0,0.0,0.0
backfill-2022,2022_08_CIN_CLE,2022,8,CLE,CIN,0.388,0.3416,-3.0,1.188,4.055,4.0,4.0,66.0,9.0,32.0,13.0,1.0,0.0
backfill-2022,2022_09_PHI_HOU,2022,9,HOU,PHI,0.2231,0.2088,-14.0,-2.921,4.749,5.0,2.0,,,17.0,29.0,0.0,1.0
backfill-2022,2022_09_BUF_NYJ,2022,9,NYJ,BUF,0.2103,0.2315,-11.0,-3.625,11.941,1.0,1.0,69.0,17.0,20.0,17.0,1.0,0.0
backfill-2022,2022_09_CAR_CIN,2022,9,CIN,CAR,0.7368,0.7312,7.0,3.689,-3.082,4.0,4.0,68.0,11.0,42.0,21.0,1.0,1.0
backfill-2022,2022_09_GB_DET,2022,9,DET,GB,0.3387,0.3397,-4.0,1.168,-1.488,5.0,2.0,,,15.0,9.0,1.0,0.0
backfill-2022,2022_09_IND_NE,2022,9,NE,IND,0.5982,0.5824,5.0,0.588,0.088,3.0,4.0,78.0,13.0,26.0,3.0,1.0,1.0
backfill-2022,2022_09_LAC_ATL,2022,9,ATL,LAC,0.5908,0.551,-2.5,2.341,2.674,2.0,6.0,,,17.0,20.0,0.0,0.0
backfill-2022,2022_09_LA_TB,2022,9,TB,LA,0.6092,0.5559,3.0,1.317,-0.124,4.0,1.0,88.0,2.0,16.0,13.0,1.0,1.0
backfill-2022,2022_09_LV_JAX,2022,9,JAX,LV,0.4616,0.4038,-2.5,1.055,0.854,0.0,0.0,81.0,14.0,27.0,20.0,1.0,0.0
backfill-2022,2022_09_MIA_CHI,2022,9,CHI,MIA,0.4445,0.4242,-4.0,-1.339,3.771,0.0,2.0,58.0,17.0,32.0,35.0,0.0,1.0
backfill-2022,2022_09_MIN_WAS,2022,9,WAS,MIN,0.3205,0.34,-3.0,-1.904,-0.26,4.0,1.0,71.0,11.0,17.0,20.0,0.0,1.0
backfill-2022,2022_09_SEA_ARI,2022,9,ARI,SEA,0.3987,0.4368,1.5,-2.307,2.977,3.0,2.0,,,21.0,31.0,0.0,1.0
backfill-2022,2022_09_TEN_KC,2022,9,KC,TEN,0.7009,0.6611,14.0,11.657,-3.97,1.0,2.0,54.0,7.0,20.0,17.0,1.0,1.0
backfill-2022,2022_09_BAL_NO,2022,9,NO,BAL,0.4647,0.4657,-1.0,-0.495,3.082,3.0,3.0,,,13.0,27.0,0.0,1.0
backfill-2022,2022_10_ATL_CAR,2022,10,CAR,ATL,0.4544,0.4389,-2.5,-2.983,2.183,2.0,3.0,61.0,12.0,25.0,15.0,1.0,0.0
backfill-2022,2022_10_ARI_LA,2022,10,LA,ARI,0.5914,0.6295,3.5,-0.774,-0.499,4.0,2.0,,,17.0,27.0,0.0,0.0
backfill-2022,2022_10_CLE_MIA,2022,10,MIA,CLE,0.6376,0.602,3.0,5.158,2.273,1.0,2.0,85.0,7.0,39.0,17.0,1.0,1.0
backfill-2022,2022_10_DAL_GB,2022,10,GB,DAL,0.325,0.3524,-3.5,-2.247,2.459,5.0,1.0,33.0,8.0,31.0,28.0,1.0,0.0
backfill-2022,2022_10_DEN_TEN,2022,10,TEN,DEN,0.7438,0.7519,2.5,1.846,0.25,5.0,3.0,36.0,9.0,17.0,10.0,1.0,1.0
backfill-2022,2022_10_DET_CHI,2022,10,CHI,DET,0.5685,0.6065,3.0,0.598,1.681,2.0,2.0,34.0,13.0,30.0,31.0,0.0,0.0
backfill-2022,2022_10_HOU_NYG,2022,10,NYG,HOU,0.7366,0.6959,5.5,0.142,-4.629,2.0,1.0,50.0,15.0,24.0,16.0,1.0,1.0
backfill-2022,2022_10_IND_LV,2022,10,LV,IND,0.6072,0.4982,4.5,1.03,-2.699,0.0,3.0,,,20.0,25.0,0.0,0.0
backfill-2022,2022_10_JAX_KC,2022,10,KC,JAX,0.8365,0.8713,10.0,10.876,2.668,1.0,0.0,33.0,7.0,27.0,17.0,1.0,1.0
backfill-2022,2022_10_LAC_SF,2022,10,SF,LAC,0.6871,0.6581,8.5,3.288,2.319,3.0,4.0,57.0,6.0,22.0,16.0,1.0,1.0
backfill-2022,2022_10_MIN_BUF,2022,10,BUF,MIN,0.6617,0.6591,6.5,11.615,0.348,3.0,2.0,38.0,11.0,30.0,33.0,0.0,0.0
backfill-2022,2022_10_NO_PIT,2022,10,PIT,NO,0.484,0.4883,1.0,-2.335,-1.306,3.0,5.0,37.0,15.0,20.0,10.0,1.0,0.0
backfill-2022,2022_10_SEA_TB,2022,10,TB,SEA,0.5212,0.5145,2.5,0.309,3.116,3.0,1.0,,,21.0,16.0,1.0,1.0
backfill-2022,2022_10_WAS_PHI,2022,10,PHI,WAS,0.8381,0.7889,11.0,5.135,-3.422,2.0,3.0,43.0,6.0,21.0,32.0,0.0,0.0
backfill-2022,2022_11_TEN_GB,2022,11,GB,TEN,0.4746,0.3999,3.0,-1.713,1.632,3.0,5.0,25.0,11.0,17.0,27.0,0.0,1.0
backfill-2022,2022_11_CAR_BAL,2022,11,BAL,CAR,0.7243,0.7459,13.0,3.482,-2.177,1.0,4.0,36.0,2.0,13.0,3.0,1.0,1.0
backfill-2022,2022_11_CHI_ATL,2022,11,ATL,CHI,0.5626,0.5709,3.0,1.912,1.298,1.0,2.0,,,27.0,24.0,1.0,1.0
backfill-2022,2022_11_CIN_PIT,2022,11,PIT,CIN,0.3588,0.3904,-3.5,-2.241,4.08,1.0,3.0,27.0,12.0,30.0,37.0,0.0,1.0
backfill-2022,2022_11_CLE_BUF,2022,11,BUF,CLE,0.8173,0.786,7.5,9.519,2.234,3.0,4.0,,,31.0,23.0,1.0,1.0
backfill-2022,2022_11_DAL_MIN,2022,11,MIN,DAL,0.5798,0.5816,-1.5,0.266,3.101,2.0,0.0,,,3.0,40.0,0.0,0.0
backfill-2022,2022_11_DET_NYG,2022,11,NYG,DET,0.7132,0.6645,3.0,2.802,1.686,2.0,2.0,35.0,21.0,18.0,31.0,0.0,0.0
backfill-2022,2022_11_KC_LAC,2022,11,LAC,KC,0.2297,0.2575,-5.5,1.08,10.329,1.0,2.0,,,27.0,30.0,0.0,1.0
backfill-2022,2022_11_LA_NO,2022,11,NO,LA,0.5234,0.4934,2.5,-2.491,-1.44,7.0,2.0,,,27.0,20.0,1.0,1.0
backfill-2022,2022_11_LV_DEN,2022,11,DEN,LV,0.4937,0.5394,2.5,-0.43,1.583,5.0,0.0,49.0,11.0,16.0,22.0,0.0,1.0
backfill-2022,2022_11_NYJ_NE,2022,11,NE,NYJ,0.6364,0.6145,3.5,-0.059,-2.366,2.0,3.0,42.0,2.0,10.0,3.0,1.0,1.0
backfill-2022,2022_11_PHI_IND,2022,11,IND,PHI,0.3816,0.3873,-6.5,-3.425,4.862,2.0,1.0,,,16.0,17.0,0.0,1.0
backfill-2022,2022_11_WAS_HOU,2022,11,HOU,WAS,0.4315,0.3493,-3.0,-2.981,-4.459,2.0,3.0,,,10.0,23.0,0.0,1.0
backfill-2022,2022_11_SF_ARI,2022,11,ARI,SF,0.3597,0.3964,-10.0,0.629,4.038,3.0,1.0,,,10.0,38.0,0.0,1.0
backfill-2022,2022_12_BUF_DET,2022,12,DET,BUF,0.2042,0.2259,-10.0,0.96,8.013,5.0,3.0,,,25.0,28.0,0.0,1.0
backfill-2022,2022_12_NE_MIN,2022,12,MIN,NE,0.5458,0.5662,2.5,-1.485,-0.007,3.0,1.0,,,33.0,26.0,1.0,1.0
backfill-2022,2022_12_NYG_DAL,2022,12,DAL,NYG,0.7947,0.7813,10.5,5.659,3.238,3.0,7.0,,,28.0,20.0,1.0,1.0
backfill-2022,2022_12_ATL_WAS,2022,12,WAS,ATL,0.561,0.6082,3.5,-4.84,1.467,3.0,1.0,46.0,9.0,19.0,13.0,1.0,1.0
backfill-2022,2022_12_BAL_JAX,2022,12,JAX,BAL,0.3203,0.2628,-3.5,2.559,3.34,0.0,2.0,77.0,19.0,28.0,27.0,1.0,0.0
backfill-2022,2022_12_CHI_NYJ,2022,12,NYJ,CHI,0.6031,0.6384,8.5,0.339,-1.446,2.0,3.0,50.0,9.0,31.0,10.0,1.0,1.0
backfill-2022,2022_12_CIN_TEN,2022,12,TEN,CIN,0.5488,0.5826,-1.0,2.314,5.376,1.0,1.0,56.0,14.0,16.0,20.0,0.0,0.0
backfill-2022,2022_12_DEN_CAR,2022,12,CAR,DEN,0.591,0.5706,-1.0,-6.329,-1.123,5.0,4.0,66.0,15.0,23.0,10.0,1.0,1.0
backfill-2022,2022_12_GB_PHI,2022,12,PHI,GB,0.7047,0.7055,6.5,5.38,-0.61,0.0,2.0,62.0,24.0,40.0,33.0,1.0,1.0
backfill-2022,2022_12_HOU_MIA,2022,12,MIA,HOU,0.8527,0.8209,14.0,6.182,0.022,1.0,1.0,84.0,13.0,30.0,15.0,1.0,1.0
backfill-2022,2022_12_LAC_ARI,2022,12,ARI,LAC,0.4948,0.5241,-2.5,-2.874,0.676,5.0,2.0,,,24.0,25.0,0.0,1.0
backfill-2022,2022_12_LA_KC,2022,12,KC,LA,0.8208,0.8226,16.5,12.037,-1.09,1.0,4.0,44.0,6.0,26.0,10.0,1.0,1.0
backfill-2022,2022_12_LV_SEA,2022,12,SEA,LV,0.6728,0.6987,4.0,2.886,1.959,1.0,0.0,44.0,8.0,34.0,40.0,0.0,0.0
backfill-2022,2022_12_NO_SF,2022,12,SF,NO,0.7561,0.7305,9.5,5.905,-0.524,1.0,3.0,59.0,2.0,13.0,0.0,1.0,1.0
backfill-2022,2022_12_TB_CLE,2022,12,CLE,TB,0.4785,0.3911,-3.0,3.182,1.97,1.0,3.0,56.0,14.0,23.0,17.0,1.0,0.0
backfill-2022,2022_12_PIT_IND,2022,12,IND,PIT,0.5876,0.5866,2.5,-1.619,-2.148,0.0,2.0,,,17.0,24.0,0.0,0.0
backfill-2022,2022_13_BUF_NE,2022,13,NE,BUF,0.3949,0.35,-3.5,-0.94,7.076,2.0,2.0,35.0,2.0,10.0,24.0,0.0,1.0
backfill-2022,2022_13_CLE_HOU,2022,13,HOU,CLE,0.3083,0.3098,-7.5,-0.953,7.374,2.0,1.0,,,14.0,27.0,0.0,1.0
backfill-2022,2022_13_DEN_BAL,2022,13,BAL,DEN,0.8516,0.7992,9.5,3.919,-2.378,1.0,4.0,63.0,8.0,10.0,9.0,1.0,1.0
backfill-2022,2022_13_GB_CHI,2022,13,CHI,GB,0.4348,0.4334,-4.0,1.56,-0.876,4.0,2.0,38.0,12.0,19.0,28.0,0.0,1.0
backfill-2022,2022_13_IND_DAL,2022,13,DAL,IND,0.8362,0.7822,11.0,6.47,-1.902,0.0,2.0,,,54.0,19.0,1.0,1.0
backfill-2022,2022_13_JAX_DET,2022,13,DET,JAX,0.5807,0.5876,1.0,1.439,3.491,2.0,0.0,,,40.0,14.0,1.0,1.0
backfill-2022,2022_13_KC_CIN,2022,13,CIN,KC,0.4454,0.3931,-2.5,6.813,10.454,0.0,1.0,57.0,2.0,27.0,24.0,1.0,0.0
backfill-2022,2022_13_LAC_LV,2022,13,LV,LAC,0.5203,0.5212,2.5,3.472,0.365,2.0,3.0,,,27.0,20.0,1.0,1.0
backfill-2022,2022_13_MIA_SF,2022,13,SF,MIA,0.6174,0.627,4.5,5.434,8.236,1.0,2.0,38.0,6.0,33.0,17.0,1.0,1.0
backfill-2022,2022_13_NYJ_MIN,2022,13,MIN,NYJ,0.6467,0.6718,3.0,-1.303,2.398,2.0,3.0,,,27.0,22.0,1.0,1.0
backfill-2022,2022_13_PIT_ATL,2022,13,ATL,PIT,0.5669,0.4935,-1.0,1.575,-1.714,0.0,1.0,,,16.0,19.0,0.0,0.0
backfill-2022,2022_13_SEA_LA,2022,13,LA,SEA,0.3441,0.4451,-7.0,-2.039,2.892,5.0,0.0,,,23.0,27.0,0.0,1.0
backfill-2022,2022_13_TEN_PHI,2022,13,PHI,TEN,0.5992,0.5642,5.0,5.215,1.615,2.0,3.0,60.0,7.0,35.0,10.0,1.0,1.0
backfill-2022,2022_13_NO_TB,2022,13,TB,NO,0.6732,0.6586,3.5,1.986,-0.122,4.0,4.0,69.0,2.0,17.0,16.0,1.0,1.0
backfill-2022,2022_14_LV_LA,2022,14,LA,LV,0.4323,0.4794,-6.5,-4.596,2.942,4.0,4.0,,,17.0,16.0,1.0,0.0
backfill-2022,2022_14_BAL_PIT,2022,14,PIT,BAL,0.4327,0.405,1.5,-1.259,-1.784,0.0,2.0,42.0,12.0,14.0,16.0,0.0,1.0
backfill-2022,2022_14_CAR_SEA,2022,14,SEA,CAR,0.709,0.6845,3.5,4.27,-7.224,0.0,0.0,45.0,4.0,24.0,30.0,0.0,0.0
backfill-2022,2022_14_CLE_CIN,2022,14,CIN,CLE,0.7163,0.7049,4.5,7.495,6.223,1.0,0.0,47.0,8.0,23.0,10.0,1.0,1.0
backfill-2022,2022_14_HOU_DAL,2022,14,DAL,HOU,0.9171,0.9031,17.0,5.204,-4.816,1.0,4.0,,,27.0,23.0,1.0,1.0
backfill-2022,2022_14_JAX_TEN,2022,14,TEN,JAX,0.7643,0.7898,3.0,1.91,2.268,6.0,1.0,54.0,8.0,22.0,36.0,0.0,0.0
backfill-2022,2022_14_KC_DEN,2022,14,DEN,KC,0.1735,0.1544,-8.5,-3.389,11.144,3.0,0.0,55.0,4.0,28.0,34.0,0.0,1.0
backfill-2022,2022_14_MIA_LAC,2022,14,LAC,MIA,0.4169,0.4193,-3.0,0.036,7.316,4.0,1.0,,,23.0,17.0,1.0,0.0
backfill-2022,2022_14_MIN_DET,2022,14,DET,MIN,0.4169,0.3287,2.5,3.169,-0.332,4.0,1.0,,,34.0,23.0,1.0,0.0
backfill-2022,2022_14_NYJ_BUF,2022,14,BUF,NYJ,0.7869,0.7989,10.0,6.486,1.596,2.0,0.0,36.0,11.0,20.0,12.0,1.0,1.0
backfill-2022,2022_14_PHI_NYG,2022,14,NYG,PHI,0.2973,0.2721,-7.5,3.465,5.852,4.0,1.0,37.0,6.0,22.0,48.0,0.0,1.0
backfill-2022,2022_14_TB_SF,2022,14,SF,TB,0.6179,0.6804,3.5,0.025,2.38,3.0,3.0,54.0,8.0,35.0,7.0,1.0,1.0
backfill-2022,2022_14_NE_ARI,2022,14,ARI,NE,0.4425,0.4419,-2.0,-0.462,-0.667,3.0,4.0,,,13.0,27.0,0.0,1.0
backfill-2022,2022_15_SF_SEA,2022,15,SEA,SF,0.4094,0.3216,-3.0,3.447,1.247,0.0,6.0,,,13.0,21.0,0.0,1.0
backfill-2022,2022_15_BAL_CLE,2022,15,CLE,BAL,0.4413,0.3942,2.5,5.428,-1.404,0.0,1.0,34.0,12.0,13.0,3.0,1.0,0.0
backfill-2022,2022_15_IND_MIN,2022,15,MIN,IND,0.7329,0.7167,3.5,1.438,-2.528,0.0,3.0,,,39.0,36.0,1.0,1.0
backfill-2022,2022_15_MIA_BUF,2022,15,BUF,MIA,0.7384,0.7708,7.0,5.104,6.759,2.0,3.0,29.0,4.0,32.0,29.0,1.0,1.0
backfill-2022,2022_15_ARI_DEN,2022,15,DEN,ARI,0.3856,0.4454,1.5,-2.689,-1.467,3.0,2.0,37.0,4.0,24.0,15.0,1.0,0.0
backfill-2022,2022_15_ATL_NO,2022,15,NO,ATL,0.5914,0.587,5.0,1.704,0.0,2.0,1.0,,,21.0,18.0,1.0,1.0
backfill-2022,2022_15_CIN_TB,2022,15,TB,CIN,0.3745,0.3879,-3.5,1.5,6.318,4.0,4.0,66.0,6.0,23.0,34.0,0.0,1.0
backfill-2022,2022_15_DAL_JAX,2022,15,JAX,DAL,0.2135,0.2227,-4.0,2.43,4.453,0.0,1.0,54.0,9.0,40.0,34.0,1.0,0.0
backfill-2022,2022_15_DET_NYJ,2022,15,NYJ,DET,0.4483,0.5345,2.0,-2.282,3.997,3.0,3.0,38.0,13.0,17.0,20.0,0.0,1.0
backfill-2022,2022_15_KC_HOU,2022,15,HOU,KC,0.169,0.1064,-14.5,-3.853,10.694,7.0,0.0,,,24.0,30.0,0.0,1.0
backfill-2022,2022_15_NE_LV,2022,15,LV,NE,0.4964,0.4442,1.0,2.329,-1.643,2.0,3.0,,,30.0,24.0,1.0,0.0
backfill-2022,2022_15_NYG_WAS,2022,15,WAS,NYG,0.6675,0.6712,4.5,-3.337,3.824,1.0,3.0,35.0,13.0,12.0,20.0,0.0,0.0
backfill-2022,2022_15_PHI_CHI,2022,15,CHI,PHI,0.2358,0.187,-8.5,3.153,6.088,3.0,1.0,17.0,17.0,20.0,25.0,0.0,1.0
backfill-2022,2022_15_PIT_CAR,2022,15,CAR,PIT,0.5059,0.5217,2.5,-7.507,-1.37,1.0,2.0,47.0,7.0,16.0,24.0,0.0,0.0
backfill-2022,2022_15_TEN_LAC,2022,15,LAC,TEN,0.5242,0.4946,3.0,0.794,1.051,1.0,7.0,,,17.0,14.0,1.0,1.0
backfill-2022,2022_15_LA_GB,2022,15,GB,LA,0.629,0.5924,8.0,-0.804,-4.51,1.0,5.0,15.0,4.0,24.0,12.0,1.0,1.0
backfill-2022,2022_16_JAX_NYJ,2022,16,NYJ,JAX,0.4793,0.5679,2.5,-2.927,3.948,4.0,3.0,43.0,17.0,3.0,19.0,0.0,1.0
backfill-2022,2022_16_ATL_BAL,2022,16,BAL,ATL,0.6999,0.7363,6.5,-1.995,-1.413,3.0,1.0,17.0,9.0,17.0,9.0,1.0,1.0
backfill-2022,2022_16_BUF_CHI,2022,16,CHI,BUF,0.1828,0.1372,-8.0,3.442,5.713,6.0,2.0,7.0,17.0,13.0,35.0,0.0,1.0
backfill-2022,2022_16_CIN_NE,2022,16,NE,CIN,0.3261,0.3602,-3.0,-1.804,5.481,3.0,1.0,21.0,2.0,18.0,22.0,0.0,1.0
backfill-2022,2022_16_DET_CAR,2022,16,CAR,DET,0.422,0.4536,-2.5,-5.564,3.715,0.0,3.0,20.0,12.0,37.0,23.0,1.0,0.0
backfill-2022,2022_16_HOU_TEN,2022,16,TEN,HOU,0.7549,0.799,3.0,-3.634,-2.912,7.0,2.0,22.0,14.0,14.0,19.0,0.0,0.0
backfill-2022,2022_16_LV_PIT,2022,16,PIT,LV,0.5205,0.5419,2.5,-1.37,2.267,0.0,1.0,9.0,21.0,13.0,10.0,1.0,1.0
backfill-2022,2022_16_NO_CLE,2022,16,CLE,NO,0.6482,0.6139,3.0,4.939,1.576,1.0,4.0,6.0,27.0,10.0,17.0,0.0,0.0
backfill-2022,2022_16_NYG_MIN,2022,16,MIN,NYG,0.7151,0.7109,4.5,1.869,3.589,1.0,2.0,,,27.0,24.0,1.0,1.0
backfill-2022,2022_16_PHI_DAL,2022,16,DAL,PHI,0.5478,0.4975,4.0,2.924,0.988,2.0,2.0,,,40.0,34.0,1.0,1.0
backfill-2022,2022_16_SEA_KC,2022,16,KC,SEA,0.8029,0.7948,10.5,11.173,1.077,2.0,3.0,12.0,9.0,24.0,10.0,1.0,1.0
backfill-2022,2022_16_WAS_SF,2022,16,SF,WAS,0.7793,0.7906,6.5,1.28,-2.104,3.0,1.0,54.0,2.0,37.0,20.0,1.0,1.0
backfill-2022,2022_16_DEN_LA,2022,16,LA,DEN,0.6072,0.6003,-3.0,-4.836,-3.385,7.0,1.0,,,51.0,14.0,1.0,1.0
backfill-2022,2022_16_GB_MIA,2022,16,MIA,GB,0.5904,0.5645,3.5,4.464,-1.187,2.0,1.0,45.0,14.0,20.0,26.0,0.0,0.0
backfill-2022,2022_16_TB_ARI,2022,16,ARI,TB,0.4355,0.394,-7.5,-1.116,0.549,3.0,5.0,,,16.0,19.0,0.0,1.0
backfill-2022,2022_16_LAC_IND,2022,16,IND,LAC,0.4096,0.4456,-3.5,-2.749,-0.594,2.0,1.0,,,3.0,20.0,0.0,1.0
backfill-2022,2022_17_DAL_TEN,2022,17,TEN,DAL,0.2583,0.3027,-14.0,-1.244,4.584,11.0,1.0,56.0,4.0,13.0,27.0,0.0,1.0
backfill-2022,2022_17_ARI_ATL,2022,17,ATL,ARI,0.6291,0.5548,7.0,-0.999,-4.866,3.0,3.0,,,20.0,19.0,1.0,1.0
backfill-2022,2022_17_CAR_TB,2022,17,TB,CAR,0.5994,0.6139,3.5,-0.302,-3.444,2.0,1.0,75.0,2.0,30.0,24.0,1.0,1.0
backfill-2022,2022_17_CHI_DET,2022,17,DET,CHI,0.7246,0.6991,4.5,6.005,2.398,2.0,0.0,,,41.0,10.0,1.0,1.0
backfill-2022,2022_17_CLE_WAS,2022,17,WAS,CLE,0.5165,0.516,1.0,-2.746,2.259,3.0,0.0,59.0,9.0,10.0,24.0,0.0,0.0
backfill-2022,2022_17_DEN_KC,2022,17,KC,DEN,0.9132,0.9001,13.5,10.399,-2.84,0.0,3.0,47.0,2.0,27.0,24.0,1.0,1.0
backfill-2022,2022_17_IND_NYG,2022,17,NYG,IND,0.6897,0.5958,5.5,2.746,-5.125,1.0,3.0,52.0,14.0,38.0,10.0,1.0,1.0
backfill-2022,2022_17_JAX_HOU,2022,17,HOU,JAX,0.3112,0.3291,-3.5,-2.455,4.868,2.0,0.0,,,3.0,31.0,0.0,1.0
backfill-2022,2022_17_LA_LAC,2022,17,LAC,LA,0.6282,0.6366,6.5,-1.41,-2.848,1.0,4.0,,,31.0,10.0,1.0,1.0
backfill-2022,2022_17_MIA_NE,2022,17,NE,MIA,0.5744,0.5682,3.0,-1.862,0.45,4.0,2.0,53.0,2.0,23.0,21.0,1.0,1.0
backfill-2022,2022_17_MIN_GB,2022,17,GB,MIN,0.4191,0.4602,3.0,-1.058,0.95,0.0,2.0,39.0,7.0,41.0,17.0,1.0,0.0
backfill-2022,2022_17_NO_PHI,2022,17,PHI,NO,0.7794,0.7354,5.5,2.191,1.293,3.0,3.0,54.0,11.0,10.0,20.0,0.0,0.0
backfill-2022,2022_17_NYJ_SEA,2022,17,SEA,NYJ,0.5761,0.6186,-1.0,-0.437,1.623,1.0,2.0,45.0,2.0,23.0,6.0,1.0,1.0
backfill-2022,2022_17_PIT_BAL,2022,17,BAL,PIT,0.5834,0.6255,1.0,-2.083,-1.447,2.0,1.0,44.0,2.0,13.0,16.0,0.0,0.0
backfill-2022,2022_17_SF_LV,2022,17,LV,SF,0.2672,0.2669,-10.0,-2.966,1.732,0.0,3.0,,,34.0,37.0,0.0,1.0
backfill-2022,2022_18_KC_LV,2022,18,LV,KC,0.2528,0.2374,-9.0,-2.115,10.36,1.0,1.0,,,13.0,31.0,0.0,1.0
backfill-2022,2022_18_TEN_JAX,2022,18,JAX,TEN,0.624,0.6057,6.0,4.353,-1.981,0.0,1.0,56.0,4.0,20.0,16.0,1.0,1.0
backfill-2022,2022_18_ARI_SF,2022,18,SF,ARI,0.8876,0.8782,14.0,2.003,-4.322,5.0,8.0,57.0,2.0,38.0,13.0,1.0,1.0
backfill-2022,2022_18_BAL_CIN,2022,18,CIN,BAL,0.7253,0.6948,11.0,6.487,-0.377,0.0,1.0,38.0,7.0,27.0,16.0,1.0,1.0
backfill-2022,2022_18_CAR_NO,2022,18,NO,CAR,0.6452,0.6484,3.5,0.391,-2.522,2.0,0.0,,,7.0,10.0,0.0,0.0
backfill-2022,2022_18_CLE_PIT,2022,18,PIT,CLE,0.5826,0.5609,2.5,-0.716,1.407,1.0,3.0,36.0,8.0,28.0,14.0,1.0,1.0
backfill-2022,2022_18_DAL_WAS,2022,18,WAS,DAL,0.2095,0.2511,-7.5,0.0,5.904,6.0,2.0,42.0,7.0,26.0,6.0,1.0,0.0
backfill-2022,2022_18_DET_GB,2022,18,GB,DET,0.5656,0.6415,5.5,0.644,7.083,0.0,1.0,21.0,4.0,16.0,20.0,0.0,0.0
backfill-2022,2022_18_HOU_IND,2022,18,IND,HOU,0.6136,0.6444,3.0,-2.828,-3.533,2.0,2.0,,,31.0,32.0,0.0,0.0
backfill-2022,2022_18_LAC_DEN,2022,18,DEN,LAC,0.2543,0.2868,6.0,-3.463,0.625,3.0,0.0,43.0,4.0,31.0,28.0,1.0,0.0
backfill-2022,2022_18_LA_SEA,2022,18,SEA,LA,0.5809,0.6431,5.5,-0.216,-3.689,1.0,4.0,45.0,4.0,19.0,16.0,1.0,1.0
backfill-2022,2022_18_MIN_CHI,2022,18,CHI,MIN,0.2441,0.2575,-6.5,-3.617,0.409,3.0,3.0,32.0,2.0,13.0,29.0,0.0,1.0
backfill-2022,2022_18_NE_BUF,2022,18,BUF,NE,0.81,0.7853,8.0,4.163,-2.333,0.0,0.0,30.0,6.0,35.0,23.0,1.0,1.0
backfill-2022,2022_18_NYG_PHI,2022,18,PHI,NYG,0.6769,0.7178,16.5,7.518,0.0,5.0,3.0,43.0,12.0,22.0,16.0,1.0,1.0
backfill-2022,2022_18_NYJ_MIA,2022,18,MIA,NYJ,0.6478,0.6486,3.5,-3.746,-2.119,4.0,5.0,75.0,9.0,11.0,6.0,1.0,1.0
backfill-2022,2022_18_TB_ATL,2022,18,ATL,TB,0.4453,0.3651,6.0,-2.153,-1.453,1.0,5.0,,,30.0,17.0,1.0,0.0
backfill-2022,2022_19_LAC_JAX,2022,19,JAX,LAC,0.5401,0.528,-2.0,3.684,2.584,0.0,0.0,37.0,4.0,31.0,30.0,1.0,1.0
backfill-2022,2022_19_SEA_SF,2022,19,SF,SEA,0.7667,0.7805,10.0,2.173,-0.181,2.0,0.0,57.0,11.0,41.0,23.0,1.0,1.0
backfill-2022,2022_19_BAL_CIN,2022,19,CIN,BAL,0.7407,0.7285,7.5,4.728,-1.549,1.0,4.0,30.0,4.0,24.0,17.0,1.0,1.0
backfill-2022,2022_19_MIA_BUF,2022,19,BUF,MIA,0.7912,0.8167,14.0,4.036,-4.384,0.0,3.0,27.0,4.0,34.0,31.0,1.0,1.0
backfill-2022,2022_19_NYG_MIN,2022,19,MIN,NYG,0.6373,0.6831,2.5,1.78,3.957,0.0,0.0,,,24.0,31.0,0.0,0.0
backfill-2022,2022_19_DAL_TB,2022,19,TB,DAL,0.3648,0.3815,-2.5,1.234,3.955,2.0,1.0,58.0,2.0,14.0,31.0,0.0,1.0
backfill-2022,2022_20_JAX_KC,2022,20,KC,JAX,0.7753,0.7959,10.0,8.372,4.413,1.0,0.0,36.0,6.0,27.0,20.0,1.0,1.0
backfill-2022,2022_20_NYG_PHI,2022,20,PHI,NYG,0.694,0.7062,8.0,6.428,4.785,1.0,0.0,40.0,6.0,38.0,7.0,1.0,1.0
backfill-2022,2022_20_CIN_BUF,2022,20,BUF,CIN,0.554,0.6028,6.0,2.694,3.308,0.0,3.0,32.0,4.0,10.0,27.0,0.0,0.0
backfill-2022,2022_20_DAL_SF,2022,20,SF,DAL,0.6154,0.6598,3.5,3.769,4.74,2.0,1.0,55.0,19.0,19.0,12.0,1.0,1.0
backfill-2022,2022_21_CIN_KC,2022,21,KC,CIN,0.6002,0.5534,2.0,8.312,4.953,0.0,2.0,22.0,13.0,23.0,20.0,1.0,1.0
backfill-2022,2022_21_SF_PHI,2022,21,PHI,SF,0.4893,0.3982,2.5,7.154,3.902,0.0,1.0,52.0,14.0,31.0,7.0,1.0,0.0
backfill-2022,2022_22_KC_PHI,2022,22,PHI,KC,0.4693,0.4345,1.0,6.013,7.339,0.0,0.0,,,35.0,38.0,0.0,1.0
backfill-2023,2023_01_DET_KC,2023,1,KC,DET,0.7622,0.7535,4.0,7.032,6.674,0.0,1.0,,,20.0,21.0,0.0,0.0
backfill-2023,2023_01_ARI_WAS,2023,1,WAS,ARI,0.6771,0.6464,7.0,-0.484,-1.671,0.0,1.0,,,20.0,16.0,1.0,1.0
backfill-2023,2023_01_CAR_ATL,2023,1,ATL,CAR,0.5449,0.514,3.5,-1.106,0.0,1.0,1.0,,,24.0,10.0,1.0,1.0
backfill-2023,2023_01_CIN_CLE,2023,1,CLE,CIN,0.3662,0.3378,-1.0,1.32,4.094,0.0,1.0,,,24.0,3.0,1.0,0.0
backfill-2023,2023_01_DAL_NYG,2023,1,NYG,DAL,0.4474,0.4004,-3.5,3.823,4.658,3.0,2.0,,,0.0,40.0,0.0,1.0
backfill-2023,2023_01_GB_CHI,2023,1,CHI,GB,0.3655,0.3394,1.0,0.175,-0.141,0.0,1.0,,,20.0,38.0,0.0,1.0
backfill-2023,2023_01_HOU_BAL,2023,1,BAL,HOU,0.7209,0.7295,9.5,2.119,0.0,1.0,3.0,,,25.0,9.0,1.0,1.0
backfill-2023,2023_01_JAX_IND,2023,1,IND,JAX,0.3256,0.4072,-4.0,0.0,3.875,0.0,2.0,,,21.0,31.0,0.0,1.0
backfill-2023,2023_01_LA_SEA,2023,1,SEA,LA,0.6101,0.6172,4.5,-0.048,-1.688,2.0,0.0,,,13.0,30.0,0.0,0.0
backfill-2023,2023_01_LV_DEN,2023,1,DEN,LV,0.3619,0.4572,3.0,-2.285,5.277,0.0,2.0,,,16.0,17.0,0.0,1.0
backfill-2023,2023_01_MIA_LAC,2023,1,LAC,MIA,0.5638,0.5648,3.0,2.837,3.793,2.0,2.0,,,34.0,36.0,0.0,0.0
backfill-2023,2023_01_PHI_NE,2023,1,NE,PHI,0.353,0.4049,-3.5,-2.211,6.618,1.0,0.0,,,20.0,25.0,0.0,1.0
backfill-2023,2023_01_SF_PIT,2023,1,PIT,SF,0.4359,0.411,-1.5,0.083,3.555,0.0,0.0,,,7.0,30.0,0.0,1.0
backfill-2023,2023_01_TB_MIN,2023,1,MIN,TB,0.6205,0.5945,4.0,2.528,-3.942,0.0,0.0,,,17.0,20.0,0.0,0.0
backfill-2023,2023_01_TEN_NO,2023,1,NO,TEN,0.5596,0.6059,3.0,1.413,1.462,2.0,1.0,,,16.0,15.0,1.0,1.0
backfill-2023,2023_01_BUF_NYJ,2023,1,NYJ,BUF,0.243,0.2743,-2.5,0.706,2.839,0.0,0.0,,,22.0,16.0,1.0,0.0
backfill-2023,2023_02_MIN_PHI,2023,2,PHI,MIN,0.6641,0.698,6.0,5.393,2.173,3.0,1.0,,,34.0,28.0,1.0,1.0
backfill-2023,2023_02_BAL_CIN,2023,2,CIN,BAL,0.6829,0.6357,3.5,1.81,0.471,0.0,4.0,,,24.0,27.0,0.0,0.0
backfill-2023,2023_02_CHI_TB,2023,2,TB,CHI,0.6986,0.7268,2.5,-3.636,-0.062,3.0,2.0,,,27.0,17.0,1.0,1.0
backfill-2023,2023_02_GB_ATL,2023,2,ATL,GB,0.4467,0.4603,3.0,-1.714,1.308,1.0,0.0,,,25.0,24.0,1.0,0.0
backfill-2023,2023_02_IND_HOU,2023,2,HOU,IND,0.5329,0.4977,-1.0,-3.154,-1.157,2.0,0.0,,,20.0,31.0,0.0,0.0
backfill-2023,2023_02_KC_JAX,2023,2,JAX,KC,0.3836,0.3554,-3.5,2.479,5.857,2.0,0.0,,,9.0,17.0,0.0,1.0
backfill-2023,2023_02_LAC_TEN,2023,2,TEN,LAC,0.4824,0.4836,-2.5,-0.485,3.201,2.0,4.0,,,27.0,24.0,1.0,0.0
backfill-2023,2023_02_LV_BUF,2023,2,BUF,LV,0.6804,0.6984,7.5,2.477,6.973,0.0,2.0,,,38.0,10.0,1.0,1.0
backfill-2023,2023_02_MIA_NE,2023,2,NE,MIA,0.5243,0.5227,-2.0,-2.464,5.159,0.0,1.0,,,17.0,24.0,0.0,0.0
backfill-2023,2023_02_NYG_ARI,2023,2,ARI,NYG,0.505,0.4828,-5.0,-2.965,0.878,2.0,2.0,,,28.0,31.0,0.0,0.0
backfill-2023,2023_02_NYJ_DAL,2023,2,DAL,NYJ,0.7704,0.7335,8.5,3.507,-2.78,2.0,0.0,,,30.0,10.0,1.0,1.0
backfill-2023,2023_02_SEA_DET,2023,2,DET,SEA,0.6718,0.6175,4.5,6.947,-0.281,4.0,3.0,,,31.0,37.0,0.0,0.0
backfill-2023,2023_02_SF_LA,2023,2,LA,SF,0.2981,0.3135,-7.5,-0.384,4.225,0.0,1.0,,,23.0,30.0,0.0,1.0
backfill-2023,2023_02_WAS_DEN,2023,2,DEN,WAS,0.4504,0.4101,4.0,-1.697,-2.516,2.0,1.0,,,33.0,35.0,0.0,1.0
backfill-2023,2023_02_CLE_PIT,2023,2,PIT,CLE,0.4998,0.5012,-2.5,-1.056,0.943,2.0,0.0,,,26.0,22.0,1.0,0.0
backfill-2023,2023_02_NO_CAR,2023,2,CAR,NO,0.482,0.461,-3.0,-3.007,0.607,0.0,0.0,,,17.0,20.0,0.0,1.0
backfill-2023,2023_03_NYG_SF,2023,3,SF,NYG,0.7896,0.7911,10.5,4.67,1.326,0.0,4.0,77.0,13.0,30.0,12.0,1.0,1.0
backfill-2023,2023_03_ATL_DET,2023,3,DET,ATL,0.5461,0.5416,3.0,6.529,-0.985,5.0,0.0,,,20.0,6.0,1.0,1.0
backfill-2023,2023_03_BUF_WAS,2023,3,WAS,BUF,0.3914,0.3932,-5.5,-0.542,3.269,1.0,0.0,65.0,1.0,3.0,37.0,0.0,1.0
backfill-2023,2023_03_CAR_SEA,2023,3,SEA,CAR,0.5928,0.6105,5.0,0.37,0.006,4.0,1.0,61.0,2.0,37.0,27.0,1.0,1.0
backfill-2023,2023_03_CHI_KC,2023,3,KC,CHI,0.8871,0.8858,13.0,5.542,-1.323,2.0,2.0,,,41.0,10.0,1.0,1.0
backfill-2023,2023_03_DAL_ARI,2023,3,ARI,DAL,0.2616,0.2423,-11.5,-1.722,3.384,2.0,1.0,,,28.0,16.0,1.0,0.0
backfill-2023,2023_03_DEN_MIA,2023,3,MIA,DEN,0.7173,0.7118,6.0,5.462,-1.355,1.0,2.0,86.0,5.0,70.0,20.0,1.0,1.0
backfill-2023,2023_03_HOU_JAX,2023,3,JAX,HOU,0.782,0.7645,7.5,0.182,-1.56,2.0,4.0,84.0,6.0,17.0,37.0,0.0,0.0
backfill-2023,2023_03_IND_BAL,2023,3,BAL,IND,0.6957,0.7186,7.5,1.524,0.793,7.0,2.0,68.0,3.0,19.0,22.0,0.0,0.0
backfill-2023,2023_03_LAC_MIN,2023,3,MIN,LAC,0.545,0.5554,1.0,4.922,3.131,1.0,2.0,,,24.0,28.0,0.0,0.0
backfill-2023,2023_03_NE_NYJ,2023,3,NYJ,NE,0.523,0.5073,-2.5,-4.411,-1.616,2.0,0.0,64.0,14.0,10.0,15.0,0.0,0.0
backfill-2023,2023_03_NO_GB,2023,3,GB,NO,0.5814,0.5607,-1.5,1.753,1.14,2.0,2.0,68.0,10.0,18.0,17.0,1.0,1.0
backfill-2023,2023_03_PIT_LV,2023,3,LV,PIT,0.4906,0.4565,3.0,5.9,-0.912,0.0,1.0,,,18.0,23.0,0.0,1.0
backfill-2023,2023_03_TEN_CLE,2023,3,CLE,TEN,0.5554,0.615,3.5,-1.94,-0.141,1.0,2.0,68.0,5.0,27.0,3.0,1.0,1.0
backfill-2023,2023_03_LA_CIN,2023,3,CIN,LA,0.6952,0.6867,3.0,1.612,0.467,1.0,0.0,74.0,7.0,19.0,16.0,1.0,1.0
backfill-2023,2023_03_PHI_TB,2023,3,TB,PHI,0.3218,0.3775,-6.0,-1.245,5.476,2.0,2.0,90.0,4.0,11.0,25.0,0.0,1.0
backfill-2023,2023_04_DET_GB,2023,4,GB,DET,0.5532,0.5784,-2.5,2.052,6.486,4.0,3.0,64.0,8.0,20.0,34.0,0.0,0.0
backfill-2023,2023_04_ARI_SF,2023,4,SF,ARI,0.8474,0.8241,15.0,5.146,-1.109,1.0,2.0,75.0,9.0,35.0,16.0,1.0,1.0
backfill-2023,2023_04_ATL_JAX,2023,4,JAX,ATL,0.6039,0.5287,3.5,0.082,-2.469,3.0,1.0,,,23.0,7.0,1.0,1.0
backfill-2023,2023_04_BAL_CLE,2023,4,CLE,BAL,0.6123,0.5675,-2.0,0.0,2.009,0.0,6.0,71.0,7.0,3.0,28.0,0.0,0.0
backfill-2023,2023_04_CIN_TEN,2023,4,TEN,CIN,0.3419,0.3448,-2.5,-1.039,-0.27,4.0,2.0,82.0,4.0,27.0,3.0,1.0,0.0
backfill-2023,2023_04_DEN_CHI,2023,4,CHI,DEN,0.499,0.4858,-3.0,-2.285,-0.655,3.0,3.0,80.0,2.0,28.0,31.0,0.0,1.0
backfill-2023,2023_04_KC_NYJ,2023,4,NYJ,KC,0.2907,0.2174,-9.5,-5.965,6.952,2.0,2.0,69.0,5.0,20.0,23.0,0.0,1.0
backfill-2023,2023_04_LA_IND,2023,4,IND,LA,0.4489,0.5048,-1.0,0.124,-0.484,2.0,0.0,,,23.0,29.0,0.0,1.0
backfill-2023,2023_04_LV_LAC,2023,4,LAC,LV,0.5863,0.6172,7.0,4.345,0.0,5.0,1.0,,,24.0,17.0,1.0,1.0
backfill-2023,2023_04_MIA_BUF,2023,4,BUF,MIA,0.6806,0.6723,2.5,3.653,5.608,1.0,1.0,70.0,2.0,48.0,20.0,1.0,1.0
backfill-2023,2023_04_MIN_CAR,2023,4,CAR,MIN,0.3999,0.4712,-4.5,-4.052,4.343,1.0,1.0,78.0,7.0,13.0,21.0,0.0,1.0
backfill-2023,2023_04_NE_DAL,2023,4,DAL,NE,0.7169,0.6663,6.5,3.001,-1.178,1.0,0.0,,,38.0,3.0,1.0,1.0
backfill-2023,2023_04_PIT_HOU,2023,4,HOU,PIT,0.3813,0.3295,-3.0,1.283,-0.232,4.0,2.0,,,30.0,6.0,1.0,0.0
backfill-2023,2023_04_TB_NO,2023,4,NO,TB,0.5992,0.5788,4.0,0.535,-0.381,3.0,4.0,,,9.0,26.0,0.0,0.0
backfill-2023,2023_04_WAS_PHI,2023,4,PHI,WAS,0.7848,0.7524,9.5,4.991,-4.104,2.0,1.0,,,34.0,31.0,1.0,1.0
backfill-2023,2023_04_SEA_NYG,2023,4,NYG,SEA,0.5265,0.4629,-2.5,0.985,0.324,2.0,4.0,67.0,8.0,3.0,24.0,0.0,0.0
backfill-2023,2023_05_CHI_WAS,2023,5,WAS,CHI,0.7574,0.74,6.0,-1.929,-3.039,0.0,3.0,70.0,1.0,20.0,40.0,0.0,0.0
backfill-2023,2023_05_BAL_PIT,2023,5,PIT,BAL,0.4601,0.441,-4.5,-1.009,2.075,5.0,3.0,53.0,13.0,17.0,10.0,1.0,0.0
backfill-2023,2023_05_CAR_DET,2023,5,DET,CAR,0.7649,0.7342,9.5,6.076,-5.491,4.0,3.0,,,42.0,24.0,1.0,1.0
backfill-2023,2023_05_CIN_ARI,2023,5,ARI,CIN,0.3865,0.3788,-3.0,-0.532,-1.136,2.0,1.0,,,20.0,34.0,0.0,1.0
backfill-2023,2023_05_DAL_SF,2023,5,SF,DAL,0.6932,0.6563,3.5,6.908,3.387,1.0,1.0,78.0,10.0,42.0,10.0,1.0,1.0
backfill-2023,2023_05_HOU_ATL,2023,5,ATL,HOU,0.5771,0.557,2.5,-3.963,2.778,0.0,2.0,,,21.0,19.0,1.0,1.0
backfill-2023,2023_05_JAX_BUF,2023,5,BUF,JAX,0.7746,0.7705,5.5,4.632,-0.817,2.0,4.0,,,20.0,25.0,0.0,0.0
backfill-2023,2023_05_KC_MIN,2023,5,MIN,KC,0.2934,0.2822,-3.5,3.458,5.709,0.0,0.0,,,20.0,27.0,0.0,1.0
backfill-2023,2023_05_NO_NE,2023,5,NE,NO,0.5745,0.5191,2.5,-2.958,-0.556,0.0,3.0,61.0,10.0,0.0,34.0,0.0,0.0
backfill-2023,2023_05_NYG_MIA,2023,5,MIA,NYG,0.6785,0.6865,12.5,4.186,-0.878,2.0,3.0,88.0,8.0,31.0,16.0,1.0,1.0
backfill-2023,2023_05_NYJ_DEN,2023,5,DEN,NYJ,0.5048,0.5026,2.5,0.245,-5.346,2.0,2.0,73.0,9.0,21.0,31.0,0.0,0.0
backfill-2023,2023_05_PHI_LA,2023,5,LA,PHI,0.3497,0.3084,-3.5,-0.013,4.128,2.0,5.0,,,14.0,23.0,0.0,1.0
backfill-2023,2023_05_TEN_IND,2023,5,IND,TEN,0.4399,0.4399,-2.5,0.911,-0.688,3.0,4.0,,,23.0,16.0,1.0,0.0
backfill-2023,2023_05_GB_LV,2023,5,LV,GB,0.4779,0.4324,1.0,3.902,1.115,1.0,2.0,,,17.0,13.0,1.0,0.0
backfill-2023,2023_06_DEN_KC,2023,6,KC,DEN,0.8877,0.8863,10.5,6.476,0.741,0.0,3.0,,,19.0,8.0,1.0,1.0
backfill-2023,2023_06_ARI_LA,2023,6,LA,ARI,0.6526,0.6317,7.0,0.802,-2.24,0.0,1.0,,,26.0,9.0,1.0,1.0
backfill-2023,2023_06_BAL_TEN,2023,6,TEN,BAL,0.4131,0.4351,-5.5,-0.38,1.037,3.0,1.0,,,16.0,24.0,0.0,1.0
backfill-2023,2023_06_CAR_MIA,2023,6,MIA,CAR,0.7743,0.7464,14.0,2.757,-4.742,3.0,6.0,87.0,12.0,42.0,21.0,1.0,1.0
backfill-2023,2023_06_DET_TB,2023,6,TB,DET,0.5093,0.4901,-3.0,-0.544,4.91,1.0,7.0,77.0,13.0,6.0,20.0,0.0,0.0
backfill-2023,2023_06_IND_JAX,2023,6,JAX,IND,0.6883,0.6449,4.0,-0.911,-0.644,4.0,1.0,,,37.0,20.0,1.0,1.0
backfill-2023,2023_06_MIN_CHI,2023,6,CHI,MIN,0.3442,0.3922,-3.0,-2.094,2.104,5.0,0.0,53.0,16.0,13.0,19.0,0.0,1.0
backfill-2023,2023_06_NE_LV,2023,6,LV,NE,0.6295,0.574,3.0,3.477,-4.765,2.0,7.0,,,21.0,17.0,1.0,1.0
backfill-2023,2023_06_NO_HOU,2023,6,HOU,NO,0.4583,0.4045,-2.0,2.893,-0.823,0.0,5.0,,,20.0,13.0,1.0,0.0
backfill-2023,2023_06_NYG_BUF,2023,6,BUF,NYG,0.8449,0.8159,15.5,6.425,-0.856,0.0,5.0,46.0,7.0,14.0,9.0,1.0,1.0
backfill-2023,2023_06_PHI_NYJ,2023,6,NYJ,PHI,0.2698,0.249,-6.5,-5.12,4.111,3.0,4.0,59.0,11.0,20.0,14.0,1.0,0.0
backfill-2023,2023_06_SEA_CIN,2023,6,CIN,SEA,0.5663,0.5819,3.0,-0.687,-1.108,1.0,3.0,57.0,15.0,17.0,13.0,1.0,1.0
backfill-2023,2023_06_SF_CLE,2023,6,CLE,SF,0.2789,0.2735,-9.5,-2.177,7.888,3.0,0.0,53.0,15.0,19.0,17.0,1.0,0.0
backfill-2023,2023_06_WAS_ATL,2023,6,ATL,WAS,0.5839,0.5742,1.5,-2.413,-1.42,0.0,1.0,,,16.0,24.0,0.0,0.0
backfill-2023,2023_06_DAL_LAC,2023,6,LAC,DAL,0.5198,0.4527,-1.5,4.331,2.078,2.0,3.0,,,17.0,20.0,0.0,0.0
backfill-2023,2023_07_JAX_NO,2023,7,NO,JAX,0.524,0.4846,2.5,-1.483,-1.677,5.0,4.0,,,24.0,31.0,0.0,0.0
backfill-2023,2023_07_ARI_SEA,2023,7,SEA,ARI,0.7321,0.7214,9.5,-1.394,-3.194,0.0,4.0,56.0,5.0,20.0,10.0,1.0,1.0
backfill-2023,2023_07_ATL_TB,2023,7,TB,ATL,0.6203,0.6454,3.0,-0.289,-2.697,0.0,0.0,79.0,3.0,13.0,16.0,0.0,0.0
backfill-2023,2023_07_BUF_NE,2023,7,NE,BUF,0.3142,0.2453,-7.5,-4.451,5.546,3.0,2.0,55.0,13.0,29.0,25.0,1.0,0.0
backfill-2023,2023_07_CLE_IND,2023,7,IND,CLE,0.4262,0.3977,-3.5,-1.562,-1.384,2.0,1.0,,,38.0,39.0,0.0,1.0
backfill-2023,2023_07_DET_BAL,2023,7,BAL,DET,0.5312,0.5013,3.0,1.487,5.057,2.0,3.0,62.0,16.0,38.0,6.0,1.0,1.0
backfill-2023,2023_07_GB_DEN,2023,7,DEN,GB,0.3605,0.3654,1.5,-0.505,-0.018,1.0,1.0,72.0,9.0,19.0,17.0,1.0,0.0
backfill-2023,2023_07_LAC_KC,2023,7,KC,LAC,0.8106,0.7877,5.5,6.382,4.302,1.0,4.0,72.0,10.0,31.0,17.0,1.0,1.0
backfill-2023,2023_07_LV_CHI,2023,7,CHI,LV,0.3879,0.3969,-2.5,-3.995,0.776,5.0,3.0,52.0,8.0,30.0,12.0,1.0,0.0
backfill-2023,2023_07_MIA_PHI,2023,7,PHI,MIA,0.6527,0.6482,3.0,3.539,3.1,2.0,1.0,55.0,17.0,31.0,17.0,1.0,1.0
backfill-2023,2023_07_PIT_LA,2023,7,LA,PIT,0.542,0.5047,3.5,2.125,-1.261,2.0,1.0,,,17.0,24.0,0.0,0.0
backfill-2023,2023_07_WAS_NYG,2023,7,NYG,WAS,0.4294,0.4639,-3.0,-1.99,-1.156,3.0,0.0,54.0,14.0,14.0,7.0,1.0,0.0
backfill-2023,2023_07_SF_MIN,2023,7,MIN,SF,0.3078,0.2819,-7.0,1.472,6.777,1.0,2.0,,,22.0,17.0,1.0,0.0
backfill-2023,2023_08_TB_BUF,2023,8,BUF,TB,0.7522,0.7189,10.0,5.971,-0.061,3.0,2.0,66.0,10.0,24.0,18.0,1.0,1.0
backfill-2023,2023_08_ATL_TEN,2023,8,TEN,ATL,0.5511,0.5475,-2.5,0.0,-2.236,3.0,1.0,77.0,7.0,28.0,23.0,1.0,1.0
backfill-2023,2023_08_BAL_ARI,2023,8,ARI,BAL,0.2445,0.2497,-9.5,-3.412,2.44,4.0,1.0,,,24.0,31.0,0.0,1.0
backfill-2023,2023_08_CHI_LAC,2023,8,LAC,CHI,0.683,0.6723,9.5,4.78,-1.615,0.0,3.0,,,30.0,13.0,1.0,1.0
backfill-2023,2023_08_CIN_SF,2023,8,SF,CIN,0.6993,0.6611,4.0,7.227,-1.615,1.0,2.0,74.0,10.0,17.0,31.0,0.0,0.0
backfill-2023,2023_08_CLE_SEA,2023,8,SEA,CLE,0.6035,0.5498,4.0,-0.735,-3.964,3.0,1.0,47.0,3.0,24.0,20.0,1.0,1.0
backfill-2023,2023_08_HOU_CAR,2023,8,CAR,HOU,0.4069,0.4354,-3.0,-5.52,2.483,2.0,3.0,77.0,14.0,15.0,13.0,1.0,0.0
backfill-2023,2023_08_JAX_PIT,2023,8,PIT,JAX,0.5678,0.5199,-2.5,-1.469,-1.004,0.0,2.0,58.0,2.0,10.0,20.0,0.0,0.0
backfill-2023,2023_08_KC_DEN,2023,8,DEN,KC,0.1513,0.1493,-7.0,0.025,8.196,0.0,1.0,26.0,7.0,24.0,9.0,1.0,0.0
backfill-2023,2023_08_LA_DAL,2023,8,DAL,LA,0.7427,0.7044,6.5,1.914,1.829,0.0,1.0,,,43.0,20.0,1.0,1.0
backfill-2023,2023_08_MIN_GB,2023,8,GB,MIN,0.516,0.4731,-1.0,0.994,2.429,0.0,2.0,39.0,8.0,10.0,24.0,0.0,0.0
backfill-2023,2023_08_NE_MIA,2023,8,MIA,NE,0.6819,0.6779,7.5,3.593,-2.912,0.0,1.0,83.0,17.0,31.0,17.0,1.0,1.0
backfill-2023,2023_08_NO_IND,2023,8,IND,NO,0.5236,0.4606,-2.0,-1.231,-2.542,3.0,1.0,,,27.0,38.0,0.0,0.0
backfill-2023,2023_08_NYJ_NYG,2023,8,NYG,NYJ,0.4529,0.4639,-3.0,-0.496,-5.804,3.0,2.0,52.0,6.0,10.0,13.0,0.0,1.0
backfill-2023,2023_08_PHI_WAS,2023,8,WAS,PHI,0.2844,0.2498,-7.0,-2.278,4.219,2.0,1.0,69.0,4.0,31.0,38.0,0.0,1.0
backfill-2023,2023_08_LV_DET,2023,8,DET,LV,0.7223,0.7121,7.0,3.131,3.661,3.0,1.0,,,26.0,14.0,1.0,1.0
backfill-2023,2023_09_TEN_PIT,2023,9,PIT,TEN,0.602,0.6135,3.5,-1.736,0.716,1.0,4.0,40.0,5.0,20.0,16.0,1.0,1.0
backfill-2023,2023_09_ARI_CLE,2023,9,CLE,ARI,0.7285,0.7389,13.0,-2.511,-0.495,3.0,2.0,56.0,7.0,27.0,0.0,1.0,1.0
backfill-2023,2023_09_BUF_CIN,2023,9,CIN,BUF,0.5396,0.5275,1.5,0.477,6.161,1.0,2.0,51.0,5.0,24.0,18.0,1.0,1.0
backfill-2023,2023_09_CHI_NO,2023,9,NO,CHI,0.7234,0.6994,9.0,-1.464,-2.837,1.0,5.0,,,24.0,17.0,1.0,1.0
backfill-2023,2023_09_DAL_PHI,2023,9,PHI,DAL,0.6227,0.6198,3.5,4.854,2.543,4.0,0.0,64.0,6.0,28.0,23.0,1.0,1.0
backfill-2023,2023_09_IND_CAR,2023,9,CAR,IND,0.5428,0.5309,-1.5,-4.876,-1.22,4.0,2.0,75.0,2.0,13.0,27.0,0.0,0.0
backfill-2023,2023_09_LA_GB,2023,9,GB,LA,0.6037,0.5403,3.5,0.135,-3.912,0.0,2.0,51.0,8.0,20.0,3.0,1.0,1.0
backfill-2023,2023_09_MIA_KC,2023,9,KC,MIA,0.7218,0.6775,1.0,6.751,4.343,1.0,2.0,,,21.0,14.0,1.0,1.0
backfill-2023,2023_09_MIN_ATL,2023,9,ATL,MIN,0.3447,0.3711,3.5,-0.84,-0.645,3.0,1.0,,,28.0,31.0,0.0,1.0
backfill-2023,2023_09_NYG_LV,2023,9,LV,NYG,0.5608,0.5479,1.0,-1.832,-0.993,4.0,3.0,,,30.0,6.0,1.0,1.0
backfill-2023,2023_09_SEA_BAL,2023,9,BAL,SEA,0.6443,0.6216,6.0,2.359,0.189,1.0,0.0,70.0,6.0,37.0,3.0,1.0,1.0
backfill-2023,2023_09_TB_HOU,2023,9,HOU,TB,0.522,0.4925,2.5,2.718,0.157,3.0,2.0,,,39.0,37.0,1.0,1.0
backfill-2023,2023_09_WAS_NE,2023,9,NE,WAS,0.5565,0.5464,2.5,-3.727,-1.643,2.0,2.0,62.0,6.0,17.0,20.0,0.0,0.0
backfill-2023,2023_09_LAC_NYJ,2023,9,NYJ,LAC,0.4996,0.5142,-3.0,-7.101,6.245,2.0,1.0,48.0,4.0,6.0,27.0,0.0,1.0
backfill-2023,2023_10_CAR_CHI,2023,10,CHI,CAR,0.6416,0.5597,3.0,-1.708,-6.488,5.0,5.0,51.0,8.0,16.0,13.0,1.0,1.0
backfill-2023,2023_10_ATL_ARI,2023,10,ARI,ATL,0.4161,0.4426,-2.0,-0.482,-0.665,2.0,2.0,,,25.0,23.0,1.0,0.0
backfill-2023,2023_10_CLE_BAL,2023,10,BAL,CLE,0.6986,0.6779,6.0,1.446,-1.69,0.0,3.0,49.0,4.0,31.0,33.0,0.0,0.0
backfill-2023,2023_10_DET_LAC,2023,10,LAC,DET,0.5508,0.5062,-2.5,5.05,2.526,0.0,2.0,,,38.0,41.0,0.0,0.0
backfill-2023,2023_10_GB_PIT,2023,10,PIT,GB,0.5902,0.6117,3.0,-1.822,0.833,2.0,2.0,50.0,5.0,23.0,19.0,1.0,1.0
backfill-2023,2023_10_HOU_CIN,2023,10,CIN,HOU,0.754,0.775,5.5,0.893,4.978,3.0,8.0,56.0,6.0,27.0,30.0,0.0,0.0
backfill-2023,2023_10_IND_NE,2023,10,NE,IND,0.5544,0.5244,-1.0,-3.866,-2.145,3.0,2.0,,,6.0,10.0,0.0,0.0
backfill-2023,2023_10_NO_MIN,2023,10,MIN,NO,0.4743,0.6151,-3.0,-2.875,-1.675,2.0,2.0,,,27.0,19.0,1.0,0.0
backfill-2023,2023_10_NYG_DAL,2023,10,DAL,NYG,0.863,0.8029,17.5,5.048,-4.636,0.0,3.0,,,49.0,17.0,1.0,1.0
backfill-2023,2023_10_NYJ_LV,2023,10,LV,NYJ,0.558,0.5193,-1.0,-0.259,-7.947,1.0,3.0,,,16.0,12.0,1.0,1.0
backfill-2023,2023_10_SF_JAX,2023,10,JAX,SF,0.4382,0.4804,-3.0,-0.35,5.584,1.0,2.0,59.0,11.0,3.0,34.0,0.0,1.0
backfill-2023,2023_10_TEN_TB,2023,10,TB,TEN,0.5715,0.5545,2.5,0.084,-0.253,2.0,5.0,85.0,6.0,20.0,6.0,1.0,1.0
backfill-2023,2023_10_WAS_SEA,2023,10,SEA,WAS,0.6525,0.6584,6.0,-0.812,-1.087,1.0,0.0,52.0,4.0,29.0,26.0,1.0,1.0
backfill-2023,2023_10_DEN_BUF,2023,10,BUF,DEN,0.7657,0.7619,7.5,7.644,0.398,2.0,0.0,49.0,10.0,22.0,24.0,0.0,0.0
backfill-2023,2023_11_CIN_BAL,2023,11,BAL,CIN,0.5982,0.5532,4.0,1.303,0.071,3.0,3.0,56.0,1.0,34.0,20.0,1.0,1.0
backfill-2023,2023_11_ARI_HOU,2023,11,HOU,ARI,0.7183,0.6907,5.5,4.821,-0.704,5.0,4.0,,,21.0,16.0,1.0,1.0
backfill-2023,2023_11_CHI_DET,2023,11,DET,CHI,0.8189,0.7918,8.0,3.129,-2.932,2.0,1.0,,,31.0,26.0,1.0,1.0
backfill-2023,2023_11_DAL_CAR,2023,11,CAR,DAL,0.2227,0.2072,-11.0,-6.123,4.515,4.0,0.0,65.0,2.0,10.0,33.0,0.0,1.0
backfill-2023,2023_11_LAC_GB,2023,11,GB,LAC,0.4427,0.4514,-3.0,0.678,5.187,1.0,2.0,45.0,5.0,23.0,20.0,1.0,0.0
backfill-2023,2023_11_LV_MIA,2023,11,MIA,LV,0.6871,0.6631,14.0,4.362,-1.712,3.0,0.0,82.0,7.0,20.0,13.0,1.0,1.0
backfill-2023,2023_11_MIN_DEN,2023,11,DEN,MIN,0.425,0.368,2.5,1.494,-2.078,1.0,2.0,53.0,3.0,21.0,20.0,1.0,0.0
backfill-2023,2023_11_NYG_WAS,2023,11,WAS,NYG,0.6688,0.6275,7.5,-0.308,-5.734,3.0,2.0,56.0,7.0,19.0,31.0,0.0,0.0
backfill-2023,2023_11_NYJ_BUF,2023,11,BUF,NYJ,0.7685,0.7316,8.0,6.912,-8.045,0.0,5.0,40.0,9.0,32.0,6.0,1.0,1.0
backfill-2023,2023_11_PIT_CLE,2023,11,CLE,PIT,0.6112,0.5564,2.5,-5.291,-2.703,2.0,3.0,48.0,11.0,13.0,10.0,1.0,1.0
backfill-2023,2023_11_SEA_LA,2023,11,LA,SEA,0.4506,0.3932,2.5,1.4,-0.092,0.0,1.0,,,17.0,16.0,1.0,0.0
backfill-2023,2023_11_TB_SF,2023,11,SF,TB,0.7887,0.7635,13.5,6.768,1.611,2.0,1.0,65.0,10.0,27.0,14.0,1.0,1.0
backfill-2023,2023_11_TEN_JAX,2023,11,JAX,TEN,0.678,0.7025,6.5,-1.343,-2.138,2.0,3.0,75.0,3.0,34.0,14.0,1.0,1.0
backfill-2023,2023_11_PHI_KC,2023,11,KC,PHI,0.59,0.5329,2.5,6.335,5.844,0.0,2.0,45.0,12.0,17.0,21.0,0.0,0.0
backfill-2023,2023_12_GB_DET,2023,12,DET,GB,0.7557,0.69,8.5,2.677,1.222,1.0,3.0,,,22.0,29.0,0.0,0.0
backfill-2023,2023_12_SF_SEA,2023,12,SEA,SF,0.3379,0.3398,-7.0,0.012,8.527,3.0,0.0,39.0,4.0,13.0,31.0,0.0,1.0
backfill-2023,2023_12_WAS_DAL,2023,12,DAL,WAS,0.8229,0.8115,13.0,5.535,0.356,1.0,3.0,,,45.0,10.0,1.0,1.0
backfill-2023,2023_12_MIA_NYJ,2023,12,NYJ,MIA,0.334,0.3579,-9.5,-1.255,4.468,1.0,1.0,48.0,11.0,13.0,34.0,0.0,1.0
backfill-2023,2023_12_BAL_LAC,2023,12,LAC,BAL,0.4199,0.366,-3.0,5.447,2.22,2.0,3.0,,,10.0,20.0,0.0,1.0
backfill-2023,2023_12_BUF_PHI,2023,12,PHI,BUF,0.6659,0.6661,2.5,4.458,8.107,4.0,2.0,47.0,6.0,37.0,34.0,1.0,1.0
backfill-2023,2023_12_CAR_TEN,2023,12,TEN,CAR,0.676,0.6506,3.5,-2.01,-7.183,2.0,5.0,51.0,13.0,17.0,10.0,1.0,1.0
backfill-2023,2023_12_CLE_DEN,2023,12,DEN,CLE,0.4314,0.4036,1.5,1.136,-5.721,0.0,2.0,40.0,5.0,29.0,12.0,1.0,0.0
backfill-2023,2023_12_JAX_HOU,2023,12,HOU,JAX,0.4382,0.4242,-1.0,4.742,-0.168,3.0,1.0,,,21.0,24.0,0.0,1.0
backfill-2023,2023_12_KC_LV,2023,12,LV,KC,0.2522,0.2643,-9.0,-2.698,4.771,1.0,3.0,,,17.0,31.0,0.0,1.0
backfill-2023,2023_12_LA_ARI,2023,12,ARI,LA,0.3323,0.4223,-3.0,-0.399,1.454,3.0,1.0,,,14.0,37.0,0.0,1.0
backfill-2023,2023_12_NE_NYG,2023,12,NYG,NE,0.5567,0.5564,-4.5,-4.429,-3.858,3.0,0.0,43.0,6.0,10.0,7.0,1.0,1.0
backfill-2023,2023_12_NO_ATL,2023,12,ATL,NO,0.3853,0.4199,-2.0,-2.206,-1.476,1.0,2.0,,,24.0,15.0,1.0,0.0
backfill-2023,2023_12_PIT_CIN,2023,12,CIN,PIT,0.6461,0.6242,-2.0,-0.546,-4.068,4.0,2.0,48.0,9.0,10.0,16.0,0.0,0.0
backfill-2023,2023_12_TB_IND,2023,12,IND,TB,0.5446,0.4978,2.5,-0.943,1.78,3.0,2.0,,,27.0,20.0,1.0,1.0
backfill-2023,2023_12_CHI_MIN,2023,12,MIN,CHI,0.7377,0.7836,3.0,-0.813,-3.01,0.0,3.0,,,10.0,12.0,0.0,0.0
backfill-2023,2023_13_SEA_DAL,2023,13,DAL,SEA,0.7668,0.7128,9.5,6.737,-0.572,0.0,3.0,,,41.0,35.0,1.0,1.0
backfill-2023,2023_13_ARI_PIT,2023,13,PIT,ARI,0.8174,0.8142,6.0,-1.756,-1.113,0.0,4.0,56.0,12.0,10.0,24.0,0.0,0.0
backfill-2023,2023_13_ATL_NYJ,2023,13,NYJ,ATL,0.4934,0.5033,-2.0,-2.755,-2.928,1.0,0.0,50.0,8.0,8.0,13.0,0.0,1.0
backfill-2023,2023_13_CAR_TB,2023,13,TB,CAR,0.77,0.7175,4.0,1.351,-6.736,5.0,3.0,81.0,8.0,21.0,18.0,1.0,1.0
backfill-2023,2023_13_CLE_LA,2023,13,LA,CLE,0.5214,0.4533,3.5,2.13,-2.096,1.0,3.0,,,36.0,19.0,1.0,1.0
backfill-2023,2023_13_DEN_HOU,2023,13,HOU,DEN,0.5193,0.5034,3.5,6.029,1.217,1.0,0.0,,,22.0,17.0,1.0,1.0
backfill-2023,2023_13_DET_NO,2023,13,NO,DET,0.4034,0.4093,-4.0,-1.421,1.771,4.0,2.0,,,28.0,33.0,0.0,1.0
backfill-2023,2023_13_IND_TEN,2023,13,TEN,IND,0.4954,0.4906,-1.5,-2.04,-0.785,0.0,2.0,53.0,13.0,28.0,31.0,0.0,1.0
backfill-2023,2023_13_KC_GB,2023,13,GB,KC,0.3475,0.3281,-5.5,0.872,5.741,2.0,1.0,31.0,9.0,27.0,19.0,1.0,0.0
backfill-2023,2023_13_LAC_NE,2023,13,NE,LAC,0.358,0.3797,-4.5,-1.587,4.413,2.0,4.0,44.0,8.0,0.0,6.0,0.0,1.0
backfill-2023,2023_13_MIA_WAS,2023,13,WAS,MIA,0.2852,0.2782,-8.5,-1.152,3.01,2.0,0.0,53.0,2.0,15.0,45.0,0.0,1.0
backfill-2023,2023_13_SF_PHI,2023,13,PHI,SF,0.5504,0.5649,-3.0,5.046,7.634,3.0,0.0,52.0,44.0,19.0,42.0,0.0,0.0
backfill-2023,2023_13_CIN_JAX,2023,13,JAX,CIN,0.6103,0.5671,10.0,1.757,-0.874,0.0,1.0,61.0,4.0,31.0,34.0,0.0,0.0
backfill-2023,2023_14_NE_PIT,2023,14,PIT,NE,0.7077,0.7202,6.0,0.017,-2.44,2.0,5.0,42.0,5.0,18.0,21.0,0.0,0.0
backfill-2023,2023_14_BUF_KC,2023,14,KC,BUF,0.5499,0.5979,2.0,5.596,8.559,4.0,0.0,45.0,5.0,17.0,20.0,0.0,0.0
backfill-2023,2023_14_CAR_NO,2023,14,NO,CAR,0.7171,0.7256,5.5,-0.932,-6.12,2.0,2.0,,,28.0,6.0,1.0,1.0
backfill-2023,2023_14_DEN_LAC,2023,14,LAC,DEN,0.6243,0.5873,3.0,3.431,-0.289,3.0,0.0,,,7.0,24.0,0.0,0.0
backfill-2023,2023_14_DET_CHI,2023,14,CHI,DET,0.3059,0.2966,-3.0,-3.604,1.563,1.0,2.0,36.0,12.0,28.0,13.0,1.0,0.0
backfill-2023,2023_14_HOU_NYJ,2023,14,NYJ,HOU,0.376,0.4013,-3.5,-8.251,5.712,3.0,2.0,58.0,7.0,30.0,6.0,1.0,0.0
backfill-2023,2023_14_IND_CIN,2023,14,CIN,IND,0.6964,0.6788,3.0,2.115,-0.373,0.0,2.0,40.0,9.0,34.0,14.0,1.0,1.0
backfill-2023,2023_14_JAX_CLE,2023,14,CLE,JAX,0.4341,0.4458,2.5,-1.128,4.391,0.0,4.0,39.0,11.0,31.0,27.0,1.0,0.0
backfill-2023,2023_14_LA_BAL,2023,14,BAL,LA,0.7859,0.7515,7.5,0.843,0.882,0.0,1.0,57.0,5.0,37.0,31.0,1.0,1.0
backfill-2023,2023_14_MIN_LV,2023,14,LV,MIN,0.396,0.3774,-3.0,-1.917,-3.654,1.0,0.0,,,0.0,3.0,0.0,1.0
backfill-2023,2023_14_PHI_DAL,2023,14,DAL,PHI,0.5586,0.509,3.5,6.973,5.479,1.0,0.0,,,33.0,13.0,1.0,1.0
backfill-2023,2023_14_SEA_SF,2023,14,SF,SEA,0.8457,0.8175,14.5,8.941,-0.686,6.0,1.0,63.0,5.0,28.0,16.0,1.0,1.0
backfill-2023,2023_14_TB_ATL,2023,14,ATL,TB,0.5491,0.5336,1.5,-3.024,-0.07,4.0,2.0,,,25.0,29.0,0.0,0.0
backfill-2023,2023_14_GB_NYG,2023,14,NYG,GB,0.3852,0.3633,-6.0,-5.029,1.724,1.0,2.0,39.0,14.0,24.0,22.0,1.0,0.0
backfill-2023,2023_14_TEN_MIA,2023,14,MIA,TEN,0.8032,0.7764,14.0,3.839,-1.621,1.0,3.0,64.0,9.0,27.0,28.0,0.0,0.0
backfill-2023,2023_15_LAC_LV,2023,15,LV,LAC,0.464,0.4645,3.0,-3.405,-1.608,2.0,2.0,,,63.0,21.0,1.0,0.0
backfill-2023,2023_15_DEN_DET,2023,15,DET,DEN,0.6248,0.5669,5.5,0.639,-0.93,1.0,2.0,,,42.0,17.0,1.0,1.0
backfill-2023,2023_15_MIN_CIN,2023,15,CIN,MIN,0.6568,0.5926,3.0,2.816,-0.091,0.0,3.0,53.0,5.0,27.0,24.0,1.0,1.0
backfill-2023,2023_15_PIT_IND,2023,15,IND,PIT,0.5425,0.5096,1.5,-0.839,-0.626,2.0,1.0,,,30.0,13.0,1.0,1.0
backfill-2023,2023_15_ATL_CAR,2023,15,CAR,ATL,0.3492,0.3487,-3.0,-7.495,-3.419,3.0,2.0,47.0,11.0,9.0,7.0,1.0,0.0
backfill-2023,2023_15_BAL_JAX,2023,15,JAX,BAL,0.4285,0.3692,-4.0,3.695,1.874,2.0,0.0,58.0,13.0,7.0,23.0,0.0,1.0
backfill-2023,2023_15_CHI_CLE,2023,15,CLE,CHI,0.6661,0.6469,3.0,-2.367,-2.186,4.0,2.0,45.0,15.0,20.0,17.0,1.0,1.0
backfill-2023,2023_15_DAL_BUF,2023,15,BUF,DAL,0.4843,0.4572,2.0,7.393,7.216,2.0,1.0,48.0,9.0,31.0,10.0,1.0,0.0
backfill-2023,2023_15_HOU_TEN,2023,15,TEN,HOU,0.5493,0.5081,3.0,-0.931,-3.311,4.0,4.0,48.0,9.0,16.0,19.0,0.0,0.0
backfill-2023,2023_15_KC_NE,2023,15,NE,KC,0.2394,0.2419,-10.0,-2.096,3.728,1.0,3.0,53.0,7.0,17.0,27.0,0.0,1.0
backfill-2023,2023_15_NYG_NO,2023,15,NO,NYG,0.5973,0.5956,6.0,-1.673,-3.557,3.0,1.0,,,24.0,6.0,1.0,1.0
backfill-2023,2023_15_NYJ_MIA,2023,15,MIA,NYJ,0.7648,0.7468,7.5,1.261,-7.937,2.0,4.0,76.0,15.0,30.0,0.0,1.0,1.0
backfill-2023,2023_15_SF_ARI,2023,15,ARI,SF,0.2166,0.1314,-12.5,-1.862,8.479,2.0,5.0,,,29.0,45.0,0.0,1.0
backfill-2023,2023_15_TB_GB,2023,15,GB,TB,0.6306,0.6158,4.0,1.162,0.029,1.0,4.0,42.0,8.0,20.0,34.0,0.0,0.0
backfill-2023,2023_15_WAS_LA,2023,15,LA,WAS,0.7056,0.7012,6.5,1.738,0.174,0.0,3.0,,,28.0,20.0,1.0,1.0
backfill-2023,2023_15_PHI_SEA,2023,15,SEA,PHI,0.3339,0.3325,-5.0,-0.927,5.031,0.0,3.0,46.0,2.0,20.0,17.0,1.0,0.0
backfill-2023,2023_16_NO_LA,2023,16,LA,NO,0.5639,0.553,4.0,2.765,0.03,1.0,4.0,,,30.0,22.0,1.0,1.0
backfill-2023,2023_16_BUF_LAC,2023,16,LAC,BUF,0.2316,0.2604,-13.0,-2.709,5.832,4.0,2.0,,,22.0,24.0,0.0,1.0
backfill-2023,2023_16_CIN_PIT,2023,16,PIT,CIN,0.338,0.3303,-3.0,-3.254,3.365,3.0,1.0,49.0,5.0,34.0,11.0,1.0,0.0
backfill-2023,2023_16_ARI_CHI,2023,16,CHI,ARI,0.6901,0.6233,4.5,-1.93,-1.569,3.0,3.0,52.0,4.0,27.0,16.0,1.0,1.0
backfill-2023,2023_16_CLE_HOU,2023,16,HOU,CLE,0.3991,0.4604,-3.0,-3.93,-3.583,3.0,4.0,,,22.0,36.0,0.0,1.0
backfill-2023,2023_16_DAL_MIA,2023,16,MIA,DAL,0.5029,0.4905,1.5,2.269,6.412,1.0,2.0,75.0,15.0,22.0,20.0,1.0,1.0
backfill-2023,2023_16_DET_MIN,2023,16,MIN,DET,0.5511,0.5265,-2.5,0.829,1.785,2.0,5.0,,,24.0,30.0,0.0,0.0
backfill-2023,2023_16_GB_CAR,2023,16,CAR,GB,0.3611,0.2941,-3.5,-6.922,2.43,0.0,6.0,67.0,1.0,30.0,33.0,0.0,1.0
backfill-2023,2023_16_IND_ATL,2023,16,ATL,IND,0.4419,0.4493,3.0,-1.156,-0.385,1.0,3.0,,,29.0,10.0,1.0,0.0
backfill-2023,2023_16_JAX_TB,2023,16,TB,JAX,0.5413,0.5273,-2.0,0.795,2.301,1.0,0.0,72.0,11.0,30.0,12.0,1.0,1.0
backfill-2023,2023_16_NE_DEN,2023,16,DEN,NE,0.7631,0.6897,7.0,-2.308,-2.741,3.0,3.0,28.0,9.0,23.0,26.0,0.0,0.0
backfill-2023,2023_16_SEA_TEN,2023,16,TEN,SEA,0.4059,0.4064,-3.0,-2.105,-0.553,9.0,3.0,61.0,4.0,17.0,20.0,0.0,1.0
backfill-2023,2023_16_WAS_NYJ,2023,16,NYJ,WAS,0.5863,0.6235,3.0,-2.988,-1.713,2.0,3.0,45.0,2.0,30.0,28.0,1.0,1.0
backfill-2023,2023_16_BAL_SF,2023,16,SF,BAL,0.6553,0.6191,6.5,7.997,1.668,4.0,2.0,56.0,8.0,19.0,33.0,0.0,0.0
backfill-2023,2023_16_LV_KC,2023,16,KC,LV,0.7941,0.7554,11.0,3.28,-2.13,4.0,1.0,38.0,11.0,14.0,20.0,0.0,0.0
backfill-2023,2023_16_NYG_PHI,2023,16,PHI,NYG,0.8202,0.7996,14.0,4.728,-4.532,4.0,2.0,51.0,5.0,33.0,25.0,1.0,1.0
backfill-2023,2023_17_NYJ_CLE,2023,17,CLE,NYJ,0.7384,0.7085,6.5,-2.388,-4.057,4.0,4.0,47.0,6.0,37.0,20.0,1.0,1.0
backfill-2023,2023_17_DET_DAL,2023,17,DAL,DET,0.6528,0.6098,5.5,7.478,2.541,2.0,3.0,,,20.0,19.0,1.0,1.0
backfill-2023,2023_17_ARI_PHI,2023,17,PHI,ARI,0.86,0.8525,12.0,4.45,-2.56,1.0,4.0,45.0,9.0,31.0,35.0,0.0,0.0
backfill-2023,2023_17_ATL_CHI,2023,17,CHI,ATL,0.553,0.5296,3.0,-0.763,0.275,1.0,0.0,32.0,5.0,37.0,17.0,1.0,1.0
backfill-2023,2023_17_CAR_JAX,2023,17,JAX,CAR,0.8,0.7806,3.5,-1.004,-5.876,1.0,1.0,56.0,8.0,26.0,0.0,1.0,1.0
backfill-2023,2023_17_CIN_KC,2023,17,KC,CIN,0.575,0.5943,7.5,1.61,2.197,2.0,0.0,36.0,12.0,25.0,17.0,1.0,1.0
backfill-2023,2023_17_GB_MIN,2023,17,MIN,GB,0.5974,0.5798,1.0,0.047,4.508,4.0,6.0,,,10.0,33.0,0.0,0.0
backfill-2023,2023_17_LAC_DEN,2023,17,DEN,LAC,0.6076,0.5946,3.5,-1.906,-2.67,4.0,6.0,41.0,6.0,16.0,9.0,1.0,1.0
backfill-2023,2023_17_LA_NYG,2023,17,NYG,LA,0.394,0.3764,-6.0,0.24,2.579,1.0,1.0,41.0,10.0,25.0,26.0,0.0,1.0
backfill-2023,2023_17_LV_IND,2023,17,IND,LV,0.5011,0.4813,3.5,-1.333,-3.358,1.0,2.0,,,23.0,20.0,1.0,1.0
backfill-2023,2023_17_MIA_BAL,2023,17,BAL,MIA,0.6835,0.6871,3.0,3.118,2.897,1.0,2.0,50.0,7.0,56.0,19.0,1.0,1.0
backfill-2023,2023_17_NE_BUF,2023,17,BUF,NE,0.8784,0.8363,15.0,5.507,-2.928,0.0,2.0,35.0,4.0,27.0,21.0,1.0,1.0
backfill-2023,2023_17_NO_TB,2023,17,TB,NO,0.6477,0.6367,2.5,2.291,-0.139,5.0,2.0,66.0,5.0,13.0,23.0,0.0,0.0
backfill-2023,2023_17_PIT_SEA,2023,17,SEA,PIT,0.5633,0.5704,4.5,-0.112,-0.366,5.0,3.0,47.0,4.0,23.0,30.0,0.0,0.0
backfill-2023,2023_17_SF_WAS,2023,17,WAS,SF,0.1594,0.1315,-14.0,-3.724,5.201,5.0,5.0,48.0,7.0,10.0,27.0,0.0,1.0
backfill-2023,2023_17_TEN_HOU,2023,17,HOU,TEN,0.5791,0.5979,5.0,3.256,-1.147,1.0,2.0,,,26.0,3.0,1.0,1.0
backfill-2023,2023_18_HOU_IND,2023,18,IND,HOU,0.5553,0.5484,-1.5,0.466,2.593,0.0,2.0,,,19.0,23.0,0.0,0.0
backfill-2023,2023_18_PIT_BAL,2023,18,BAL,PIT,0.6897,0.8084,-3.0,-0.993,0.847,7.0,0.0,38.0,15.0,10.0,17.0,0.0,0.0
backfill-2023,2023_18_ATL_NO,2023,18,NO,ATL,0.6663,0.6506,3.5,0.035,-0.987,2.0,3.0,,,48.0,17.0,1.0,1.0
backfill-2023,2023_18_BUF_MIA,2023,18,MIA,BUF,0.4237,0.4484,-2.5,1.618,5.238,2.0,0.0,63.0,6.0,14.0,21.0,0.0,1.0
backfill-2023,2023_18_CHI_GB,2023,18,GB,CHI,0.6439,0.6356,2.5,4.804,0.674,3.0,2.0,34.0,7.0,17.0,9.0,1.0,1.0
backfill-2023,2023_18_CLE_CIN,2023,18,CIN,CLE,0.5523,0.5176,7.5,2.454,-1.63,1.0,6.0,38.0,12.0,31.0,14.0,1.0,1.0
backfill-2023,2023_18_DAL_WAS,2023,18,WAS,DAL,0.1685,0.1806,-13.0,-4.619,7.717,4.0,0.0,48.0,13.0,10.0,38.0,0.0,1.0
backfill-2023,2023_18_DEN_LV,2023,18,LV,DEN,0.5901,0.5387,3.5,-2.526,-1.645,3.0,2.0,,,27.0,14.0,1.0,1.0
backfill-2023,2023_18_JAX_TEN,2023,18,TEN,JAX,0.3221,0.3552,-3.5,-2.585,1.652,4.0,0.0,41.0,11.0,28.0,20.0,1.0,0.0
backfill-2023,2023_18_KC_LAC,2023,18,LAC,KC,0.2932,0.2739,3.5,-2.254,-1.871,6.0,5.0,,,12.0,13.0,0.0,1.0
backfill-2023,2023_18_LA_SF,2023,18,SF,LA,0.7299,0.7797,5.5,-1.848,-3.686,6.0,8.0,52.0,11.0,20.0,21.0,0.0,0.0
backfill-2023,2023_18_MIN_DET,2023,18,DET,MIN,0.7246,0.6603,3.5,0.886,1.924,3.0,6.0,,,30.0,20.0,1.0,1.0
backfill-2023,2023_18_NYJ_NE,2023,18,NE,NYJ,0.5763,0.5271,2.5,-4.157,-4.655,2.0,5.0,33.0,14.0,3.0,17.0,0.0,0.0
backfill-2023,2023_18_PHI_NYG,2023,18,NYG,PHI,0.3355,0.2738,-4.5,-0.454,5.295,2.0,2.0,36.0,12.0,27.0,10.0,1.0,0.0
backfill-2023,2023_18_SEA_ARI,2023,18,ARI,SEA,0.4184,0.3872,-2.5,-1.584,1.315,3.0,4.0,,,20.0,21.0,0.0,1.0
backfill-2023,2023_18_TB_CAR,2023,18,CAR,TB,0.2777,0.2554,-5.0,-6.777,2.489,3.0,1.0,54.0,19.0,0.0,9.0,0.0,1.0
backfill-2023,2023_19_CLE_HOU,2023,19,HOU,CLE,0.5395,0.4682,-2.5,3.391,-2.04,1.0,3.0,,,45.0,14.0,1.0,1.0
backfill-2023,2023_19_MIA_KC,2023,19,KC,MIA,0.5797,0.6039,4.5,1.188,2.153,1.0,1.0,-4.0,19.0,26.0,7.0,1.0,1.0
backfill-2023,2023_19_GB_DAL,2023,19,DAL,GB,0.7057,0.6652,7.0,8.329,6.366,0.0,1.0,,,32.0,48.0,0.0,0.0
backfill-2023,2023_19_LA_DET,2023,19,DET,LA,0.6218,0.622,3.5,2.748,2.843,4.0,0.0,,,24.0,23.0,1.0,1.0
backfill-2023,2023_19_PHI_TB,2023,19,TB,PHI,0.4867,0.4993,-2.5,1.818,4.193,1.0,2.0,65.0,2.0,32.0,9.0,1.0,0.0
backfill-2023,2023_19_PIT_BUF,2023,19,BUF,PIT,0.7222,0.6997,10.0,4.907,0.53,2.0,1.0,17.0,10.0,31.0,17.0,1.0,1.0
backfill-2023,2023_20_GB_SF,2023,20,SF,GB,0.6556,0.6851,10.5,7.0,7.746,0.0,0.0,59.0,8.0,24.0,21.0,1.0,1.0
backfill-2023,2023_20_HOU_BAL,2023,20,BAL,HOU,0.6883,0.7761,10.0,4.804,4.516,0.0,0.0,27.0,16.0,34.0,10.0,1.0,1.0
backfill-2023,2023_20_KC_BUF,2023,20,BUF,KC,0.6249,0.6154,2.5,5.312,0.159,0.0,0.0,25.0,11.0,24.0,27.0,0.0,0.0
backfill-2023,2023_20_TB_DET,2023,20,DET,TB,0.6312,0.6077,6.0,3.582,2.014,0.0,0.0,,,31.0,23.0,1.0,1.0
backfill-2023,2023_21_DET_SF,2023,21,SF,DET,0.6838,0.6732,7.5,6.607,2.919,0.0,0.0,69.0,5.0,34.0,31.0,1.0,1.0
backfill-2023,2023_21_KC_BAL,2023,21,BAL,KC,0.6374,0.6255,4.5,4.152,2.023,0.0,0.0,47.0,7.0,10.0,17.0,0.0,0.0
backfill-2023,2023_22_SF_KC,2023,22,KC,SF,0.4708,0.498,-1.5,2.365,7.392,0.0,0.0,,,25.0,22.0,1.0,0.0
backfill-2024,2024_01_BAL_KC,2024,1,KC,BAL,0.5312,0.5517,3.0,3.648,4.669,1.0,3.0,67.0,8.0,27.0,20.0,1.0,1.0
backfill-2024,2024_01_GB_PHI,2024,1,PHI,GB,0.4527,0.4761,2.0,2.495,6.94,2.0,1.0,,,34.0,29.0,1.0,0.0
backfill-2024,2024_01_ARI_BUF,2024,1,BUF,ARI,0.802,0.7877,6.5,5.765,0.167,1.0,1.0,61.0,20.0,34.0,28.0,1.0,1.0
backfill-2024,2024_01_CAR_NO,2024,1,NO,CAR,0.7554,0.7536,3.5,2.444,-7.132,4.0,2.0,,,47.0,10.0,1.0,1.0
backfill-2024,2024_01_DAL_CLE,2024,1,CLE,DAL,0.4188,0.4394,2.5,-1.629,7.374,1.0,1.0,69.0,17.0,17.0,33.0,0.0,1.0
backfill-2024,2024_01_DEN_SEA,2024,1,SEA,DEN,0.5925,0.579,6.5,2.097,0.0,2.0,0.0,65.0,7.0,26.0,20.0,1.0,1.0
backfill-2024,2024_01_HOU_IND,2024,1,IND,HOU,0.496,0.4892,-3.0,1.018,3.742,1.0,1.0,,,27.0,29.0,0.0,1.0
backfill-2024,2024_01_JAX_MIA,2024,1,MIA,JAX,0.5687,0.6112,3.5,0.894,1.597,1.0,0.0,91.0,10.0,20.0,17.0,1.0,1.0
backfill-2024,2024_01_LA_DET,2024,1,DET,LA,0.6392,0.6129,5.0,3.687,4.056,2.0,0.0,,,26.0,20.0,1.0,1.0
backfill-2024,2024_01_LV_LAC,2024,1,LAC,LV,0.419,0.4533,3.0,0.217,-0.133,1.0,3.0,,,22.0,10.0,1.0,0.0
backfill-2024,2024_01_MIN_NYG,2024,1,NYG,MIN,0.5366,0.5102,-1.0,-1.708,-0.659,0.0,0.0,64.0,10.0,6.0,28.0,0.0,0.0
backfill-2024,2024_01_NE_CIN,2024,1,CIN,NE,0.6782,0.7235,8.0,0.199,3.105,3.0,1.0,66.0,5.0,10.0,16.0,0.0,0.0
backfill-2024,2024_01_PIT_ATL,2024,1,ATL,PIT,0.4859,0.4079,4.0,5.069,1.622,1.0,3.0,,,10.0,18.0,0.0,1.0
backfill-2024,2024_01_TEN_CHI,2024,1,CHI,TEN,0.6201,0.5933,4.0,0.0,-1.855,1.0,2.0,67.0,8.0,24.0,17.0,1.0,1.0
backfill-2024,2024_01_WAS_TB,2024,1,TB,WAS,0.7371,0.7218,4.0,1.586,0.0,1.0,2.0,93.0,6.0,37.0,20.0,1.0,1.0
backfill-2024,2024_01_NYJ_SF,2024,1,SF,NYJ,0.7716,0.7693,3.5,6.593,0.566,3.0,2.0,76.0,10.0,32.0,19.0,1.0,1.0
backfill-2024,2024_02_BUF_MIA,2024,2,MIA,BUF,0.4052,0.4297,2.5,1.417,7.724,2.0,3.0,86.0,3.0,10.0,31.0,0.0,1.0
backfill-2024,2024_02_CHI_HOU,2024,2,HOU,CHI,0.5868,0.5797,6.0,2.007,-2.766,1.0,2.0,,,19.0,13.0,1.0,1.0
backfill-2024,2024_02_CIN_KC,2024,2,KC,CIN,0.7243,0.7204,6.5,3.849,1.315,0.0,4.0,89.0,8.0,26.0,25.0,1.0,1.0
backfill-2024,2024_02_CLE_JAX,2024,2,JAX,CLE,0.603,0.5464,3.0,1.14,-2.837,1.0,2.0,80.0,12.0,13.0,18.0,0.0,0.0
backfill-2024,2024_02_IND_GB,2024,2,GB,IND,0.5849,0.6579,-3.0,-4.092,1.607,0.0,1.0,85.0,7.0,16.0,10.0,1.0,1.0
backfill-2024,2024_02_LAC_CAR,2024,2,CAR,LAC,0.3764,0.3572,-5.0,-6.639,0.036,0.0,1.0,78.0,13.0,3.0,26.0,0.0,1.0
backfill-2024,2024_02_LA_ARI,2024,2,ARI,LA,0.426,0.409,-1.0,-0.197,4.466,0.0,1.0,,,41.0,10.0,1.0,0.0
backfill-2024,2024_02_LV_BAL,2024,2,BAL,LV,0.7307,0.7195,9.0,4.85,-0.396,2.0,2.0,76.0,10.0,23.0,26.0,0.0,0.0
backfill-2024,2024_02_NO_DAL,2024,2,DAL,NO,0.5773,0.6263,6.5,5.218,2.036,2.0,2.0,,,19.0,44.0,0.0,0.0
backfill-2024,2024_02_NYG_WAS,2024,2,WAS,NYG,0.4576,0.4621,1.5,1.742,-3.767,1.0,3.0,82.0,11.0,21.0,18.0,1.0,0.0
backfill-2024,2024_02_NYJ_TEN,2024,2,TEN,NYJ,0.5423,0.5071,-3.5,-2.905,1.26,0.0,0.0,80.0,13.0,17.0,24.0,0.0,0.0
backfill-2024,2024_02_PIT_DEN,2024,2,DEN,PIT,0.4645,0.4145,-3.0,-3.747,0.863,1.0,1.0,83.0,4.0,6.0,13.0,0.0,1.0
backfill-2024,2024_02_SEA_NE,2024,2,NE,SEA,0.4938,0.437,-3.5,2.959,1.69,1.0,4.0,77.0,5.0,20.0,23.0,0.0,1.0
backfill-2024,2024_02_SF_MIN,2024,2,MIN,SF,0.3655,0.3583,-4.5,0.061,5.752,1.0,2.0,,,23.0,17.0,1.0,0.0
backfill-2024,2024_02_TB_DET,2024,2,DET,TB,0.6161,0.6087,7.5,4.186,3.897,3.0,4.0,,,16.0,20.0,0.0,0.0
backfill-2024,2024_02_ATL_PHI,2024,2,PHI,ATL,0.6655,0.6942,5.5,1.809,2.478,0.0,2.0,71.0,9.0,21.0,22.0,0.0,0.0
backfill-2024,2024_03_NE_NYJ,2024,3,NYJ,NE,0.6342,0.5956,6.5,0.912,2.103,1.0,4.0,75.0,5.0,24.0,3.0,1.0,1.0
backfill-2024,2024_03_BAL_DAL,2024,3,DAL,BAL,0.4911,0.4922,-1.5,4.008,5.425,0.0,1.0,,,25.0,28.0,0.0,1.0
backfill-2024,2024_03_CAR_LV,2024,3,LV,CAR,0.7784,0.771,5.5,-0.562,0.52,2.0,1.0,,,22.0,36.0,0.0,0.0
backfill-2024,2024_03_CHI_IND,2024,3,IND,CHI,0.5216,0.5004,1.5,0.802,-6.199,0.0,4.0,,,21.0,16.0,1.0,1.0
backfill-2024,2024_03_DEN_TB,2024,3,TB,DEN,0.7302,0.6997,6.0,4.474,-4.563,5.0,2.0,85.0,6.0,7.0,26.0,0.0,0.0
backfill-2024,2024_03_DET_ARI,2024,3,ARI,DET,0.4148,0.3864,-3.0,1.448,2.721,0.0,2.0,,,13.0,20.0,0.0,1.0
backfill-2024,2024_03_GB_TEN,2024,3,TEN,GB,0.3365,0.3302,3.0,-3.445,-2.824,0.0,2.0,87.0,7.0,14.0,30.0,0.0,1.0
backfill-2024,2024_03_HOU_MIN,2024,3,MIN,HOU,0.6123,0.559,-2.0,0.066,1.774,3.0,2.0,,,34.0,7.0,1.0,1.0
backfill-2024,2024_03_KC_ATL,2024,3,ATL,KC,0.3217,0.2436,-3.0,2.245,2.805,0.0,0.0,,,17.0,22.0,0.0,1.0
backfill-2024,2024_03_LAC_PIT,2024,3,PIT,LAC,0.6783,0.6442,3.0,-0.593,-0.059,2.0,1.0,72.0,2.0,20.0,10.0,1.0,1.0
backfill-2024,2024_03_MIA_SEA,2024,3,SEA,MIA,0.6208,0.5543,4.0,2.634,-5.198,4.0,3.0,64.0,2.0,24.0,3.0,1.0,1.0
backfill-2024,2024_03_NYG_CLE,2024,3,CLE,NYG,0.6656,0.653,6.5,-1.846,-4.701,2.0,1.0,76.0,4.0,15.0,21.0,0.0,0.0
backfill-2024,2024_03_PHI_NO,2024,3,NO,PHI,0.5676,0.6228,2.5,3.682,2.852,1.0,1.0,,,12.0,15.0,0.0,0.0
backfill-2024,2024_03_SF_LA,2024,3,LA,SF,0.3219,0.3246,-6.0,3.922,5.872,2.0,2.0,,,27.0,24.0,1.0,0.0
backfill-2024,2024_03_JAX_BUF,2024,3,BUF,JAX,0.819,0.7845,4.0,7.574,0.407,2.0,1.0,68.0,5.0,47.0,10.0,1.0,1.0
backfill-2024,2024_03_WAS_CIN,2024,3,CIN,WAS,0.7037,0.7111,7.5,1.475,2.673,3.0,1.0,69.0,5.0,33.0,38.0,0.0,0.0
backfill-2024,2024_04_DAL_NYG,2024,4,NYG,DAL,0.387,0.403,-5.5,-6.324,2.983,2.0,2.0,74.0,3.0,15.0,20.0,0.0,1.0
backfill-2024,2024_04_BUF_BAL,2024,4,BAL,BUF,0.5032,0.452,2.5,6.083,8.026,3.0,3.0,68.0,8.0,35.0,10.0,1.0,1.0
backfill-2024,2024_04_CIN_CAR,2024,4,CAR,CIN,0.3315,0.3679,-4.5,0.519,3.399,3.0,3.0,78.0,6.0,24.0,34.0,0.0,1.0
backfill-2024,2024_04_CLE_LV,2024,4,LV,CLE,0.6243,0.5204,-2.5,-1.134,-3.962,6.0,4.0,,,20.0,16.0,1.0,1.0
backfill-2024,2024_04_DEN_NYJ,2024,4,NYJ,DEN,0.6165,0.5499,7.5,2.213,-2.493,2.0,1.0,67.0,8.0,9.0,10.0,0.0,0.0
backfill-2024,2024_04_JAX_HOU,2024,4,HOU,JAX,0.6401,0.6269,5.5,0.611,0.573,3.0,2.0,,,24.0,20.0,1.0,1.0
backfill-2024,2024_04_KC_LAC,2024,4,LAC,KC,0.3014,0.2869,-7.5,-0.102,3.346,3.0,1.0,,,10.0,17.0,0.0,1.0
backfill-2024,2024_04_LA_CHI,2024,4,CHI,LA,0.4972,0.5024,3.0,-6.369,4.582,3.0,1.0,70.0,16.0,24.0,18.0,1.0,0.0
backfill-2024,2024_04_MIN_GB,2024,4,GB,MIN,0.5735,0.5418,2.5,6.643,0.471,2.0,1.0,71.0,15.0,29.0,31.0,0.0,0.0
backfill-2024,2024_04_NE_SF,2024,4,SF,NE,0.816,0.7858,10.5,5.332,1.188,2.0,3.0,71.0,5.0,30.0,13.0,1.0,1.0
backfill-2024,2024_04_NO_ATL,2024,4,ATL,NO,0.4382,0.3482,2.5,2.86,3.873,1.0,3.0,,,26.0,24.0,1.0,0.0
backfill-2024,2024_04_PHI_TB,2024,4,TB,PHI,0.543,0.5068,-1.0,3.664,2.408,3.0,2.0,88.0,9.0,33.0,16.0,1.0,1.0
backfill-2024,2024_04_PIT_IND,2024,4,IND,PIT,0.4415,0.3735,-2.5,-0.23,0.1,2.0,4.0,,,27.0,24.0,1.0,0.0
backfill-2024,2024_04_WAS_ARI,2024,4,ARI,WAS,0.5602,0.5766,3.5,1.047,6.379,2.0,3.0,,,14.0,42.0,0.0,0.0
backfill-2024,2024_04_SEA_DET,2024,4,DET,SEA,0.6181,0.5792,3.5,3.968,3.697,2.0,4.0,,,42.0,29.0,1.0,1.0
backfill-2024,2024_04_TEN_MIA,2024,4,MIA,TEN,0.6627,0.692,2.5,-1.53,-4.475,3.0,1.0,86.0,9.0,12.0,31.0,0.0,0.0
backfill-2024,2024_05_TB_ATL,2024,5,ATL,TB,0.4414,0.3924,2.5,1.433,4.18,1.0,5.0,,,36.0,30.0,1.0,0.0
backfill-2024,2024_05_ARI_SF,2024,5,SF,ARI,0.813,0.8025,7.0,5.049,1.149,3.0,2.0,89.0,3.0,23.0,24.0,0.0,0.0
backfill-2024,2024_05_BAL_CIN,2024,5,CIN,BAL,0.3764,0.3545,-2.5,5.003,7.318,1.0,1.0,81.0,10.0,38.0,41.0,0.0,1.0
backfill-2024,2024_05_BUF_HOU,2024,5,HOU,BUF,0.393,0.3801,1.0,1.423,7.783,3.0,4.0,,,23.0,20.0,1.0,0.0
backfill-2024,2024_05_CAR_CHI,2024,5,CHI,CAR,0.7314,0.7141,4.0,-5.627,0.729,2.0,3.0,74.0,7.0,36.0,10.0,1.0,1.0
backfill-2024,2024_05_CLE_WAS,2024,5,WAS,CLE,0.6053,0.5478,3.0,7.861,-4.474,4.0,5.0,73.0,5.0,34.0,13.0,1.0,1.0
backfill-2024,2024_05_DAL_PIT,2024,5,PIT,DAL,0.5618,0.5577,2.5,-0.101,2.816,4.0,2.0,67.0,6.0,17.0,20.0,0.0,0.0
backfill-2024,2024_05_GB_LA,2024,5,LA,GB,0.4099,0.4092,-3.0,3.43,5.423,2.0,3.0,,,19.0,24.0,0.0,1.0
backfill-2024,2024_05_IND_JAX,2024,5,JAX,IND,0.5137,0.4727,3.5,-1.309,-3.292,0.0,3.0,74.0,4.0,37.0,34.0,1.0,1.0
backfill-2024,2024_05_LV_DEN,2024,5,DEN,LV,0.5552,0.5822,3.0,-4.216,-1.241,1.0,7.0,73.0,7.0,34.0,18.0,1.0,1.0
backfill-2024,2024_05_MIA_NE,2024,5,NE,MIA,0.4853,0.4655,-2.0,-0.864,-2.605,1.0,1.0,65.0,2.0,10.0,15.0,0.0,1.0
backfill-2024,2024_05_NYG_SEA,2024,5,SEA,NYG,0.7333,0.6867,7.0,4.184,-4.977,2.0,2.0,61.0,3.0,20.0,29.0,0.0,0.0
backfill-2024,2024_05_NYJ_MIN,2024,5,MIN,NYJ,0.7254,0.6784,2.5,1.218,1.221,1.0,3.0,59.0,8.0,23.0,17.0,1.0,1.0
backfill-2024,2024_05_NO_KC,2024,5,KC,NO,0.6596,0.7154,5.5,3.471,3.709,1.0,6.0,70.0,1.0,26.0,13.0,1.0,1.0
backfill-2024,2024_06_SF_SEA,2024,6,SEA,SF,0.4475,0.3995,-3.5,3.768,3.786,3.0,4.0,59.0,10.0,24.0,36.0,0.0,1.0
backfill-2024,2024_06_ARI_GB,2024,6,GB,ARI,0.7514,0.7501,5.5,4.254,2.403,1.0,2.0,50.0,4.0,34.0,13.0,1.0,1.0
backfill-2024,2024_06_ATL_CAR,2024,6,CAR,ATL,0.3527,0.3569,-6.0,-0.532,2.803,6.0,1.0,79.0,9.0,20.0,38.0,0.0,1.0
backfill-2024,2024_06_CIN_NYG,2024,6,NYG,CIN,0.4439,0.4944,-4.5,-2.356,6.154,2.0,1.0,63.0,2.0,7.0,17.0,0.0,1.0
backfill-2024,2024_06_CLE_PHI,2024,6,PHI,CLE,0.7281,0.6613,8.0,1.354,-5.46,0.0,6.0,82.0,10.0,20.0,16.0,1.0,1.0
backfill-2024,2024_06_DET_DAL,2024,6,DAL,DET,0.522,0.4955,-3.5,3.536,4.306,2.0,1.0,,,9.0,47.0,0.0,0.0
backfill-2024,2024_06_HOU_NE,2024,6,NE,HOU,0.3775,0.3289,-6.5,-1.089,1.909,1.0,3.0,53.0,5.0,21.0,41.0,0.0,1.0
backfill-2024,2024_06_IND_TEN,2024,6,TEN,IND,0.5098,0.4876,2.5,-3.866,-0.453,3.0,1.0,80.0,12.0,17.0,20.0,0.0,0.0
backfill-2024,2024_06_JAX_CHI,2024,6,CHI,JAX,0.5653,0.609,-1.5,-2.768,-0.824,4.0,1.0,54.0,3.0,35.0,16.0,1.0,1.0
backfill-2024,2024_06_LAC_DEN,2024,6,DEN,LAC,0.6149,0.6169,-3.0,-4.193,-1.671,3.0,3.0,65.0,7.0,16.0,23.0,0.0,0.0
backfill-2024,2024_06_PIT_LV,2024,6,LV,PIT,0.4065,0.3951,-3.5,-1.55,0.734,2.0,6.0,,,13.0,32.0,0.0,1.0
backfill-2024,2024_06_TB_NO,2024,6,NO,TB,0.5202,0.5621,-3.5,0.0,3.516,5.0,6.0,,,27.0,51.0,0.0,0.0
backfill-2024,2024_06_WAS_BAL,2024,6,BAL,WAS,0.7291,0.7541,6.5,7.396,7.752,3.0,1.0,75.0,8.0,30.0,23.0,1.0,1.0
backfill-2024,2024_06_BUF_NYJ,2024,6,NYJ,BUF,0.3928,0.3478,-1.0,-0.38,7.667,1.0,2.0,49.0,14.0,20.0,23.0,0.0,1.0
backfill-2024,2024_07_DEN_NO,2024,7,NO,DEN,0.6023,0.5478,-2.5,-3.237,-3.417,6.0,2.0,,,10.0,33.0,0.0,0.0
backfill-2024,2024_07_CAR_WAS,2024,7,WAS,CAR,0.8047,0.7544,10.0,7.925,-1.386,2.0,9.0,76.0,2.0,40.0,7.0,1.0,1.0
backfill-2024,2024_07_CIN_CLE,2024,7,CLE,CIN,0.3296,0.3948,-5.5,-3.79,6.988,2.0,0.0,62.0,8.0,14.0,21.0,0.0,1.0
backfill-2024,2024_07_DET_MIN,2024,7,MIN,DET,0.493,0.4813,1.0,0.134,4.517,2.0,1.0,,,29.0,31.0,0.0,1.0
backfill-2024,2024_07_HOU_GB,2024,7,GB,HOU,0.6771,0.5939,3.0,5.782,3.402,1.0,5.0,72.0,3.0,24.0,22.0,1.0,1.0
backfill-2024,2024_07_KC_SF,2024,7,SF,KC,0.4541,0.444,2.5,6.233,4.483,3.0,1.0,78.0,3.0,18.0,28.0,0.0,1.0
backfill-2024,2024_07_LV_LA,2024,7,LA,LV,0.6319,0.5849,7.0,2.332,-1.041,0.0,4.0,,,20.0,15.0,1.0,1.0
backfill-2024,2024_07_MIA_IND,2024,7,IND,MIA,0.5923,0.5623,3.0,0.382,-3.3,2.0,1.0,,,16.0,10.0,1.0,1.0
backfill-2024,2024_07_NE_JAX,2024,7,JAX,NE,0.6433,0.6319,6.5,-1.392,-2.033,0.0,1.0,63.0,12.0,32.0,16.0,1.0,1.0
backfill-2024,2024_07_NYJ_PIT,2024,7,PIT,NYJ,0.6841,0.6886,-3.0,-1.418,0.848,4.0,1.0,60.0,4.0,37.0,15.0,1.0,1.0
backfill-2024,2024_07_PHI_NYG,2024,7,NYG,PHI,0.4231,0.4229,-3.0,-4.343,2.165,2.0,3.0,71.0,4.0,3.0,28.0,0.0,1.0
backfill-2024,2024_07_SEA_ATL,2024,7,ATL,SEA,0.5861,0.5448,3.0,4.282,4.938,2.0,4.0,,,14.0,34.0,0.0,0.0
backfill-2024,2024_07_TEN_BUF,2024,7,BUF,TEN,0.8372,0.7967,9.5,7.586,0.4,1.0,4.0,66.0,12.0,34.0,10.0,1.0,1.0
backfill-2024,2024_07_BAL_TB,2024,7,TB,BAL,0.3991,0.3976,-4.5,3.154,7.833,4.0,3.0,80.0,8.0,31.0,41.0,0.0,1.0
backfill-2024,2024_07_LAC_ARI,2024,7,ARI,LAC,0.4869,0.4091,-1.0,2.623,-0.833,2.0,4.0,,,17.0,15.0,1.0,0.0
backfill-2024,2024_08_MIN_LA,2024,8,LA,MIN,0.3864,0.3734,-3.0,1.17,0.327,3.0,1.0,,,30.0,20.0,1.0,0.0
backfill-2024,2024_08_ARI_MIA,2024,8,MIA,ARI,0.5484,0.5958,4.0,-3.244,3.227,3.0,3.0,82.0,14.0,27.0,28.0,0.0,0.0
backfill-2024,2024_08_ATL_TB,2024,8,TB,ATL,0.5791,0.6648,-1.5,3.307,3.247,3.0,2.0,79.0,6.0,26.0,31.0,0.0,0.0
backfill-2024,2024_08_BAL_CLE,2024,8,CLE,BAL,0.206,0.1942,-7.5,-0.299,8.992,4.0,4.0,52.0,4.0,29.0,24.0,1.0,0.0
backfill-2024,2024_08_BUF_SEA,2024,8,SEA,BUF,0.4095,0.3748,-3.0,4.074,8.433,3.0,4.0,55.0,14.0,10.0,31.0,0.0,1.0
backfill-2024,2024_08_CAR_DEN,2024,8,DEN,CAR,0.8605,0.8203,13.0,-2.657,-6.772,1.0,9.0,76.0,4.0,28.0,14.0,1.0,1.0
backfill-2024,2024_08_CHI_WAS,2024,8,WAS,CHI,0.4912,0.5058,1.5,7.205,-0.406,1.0,2.0,58.0,2.0,18.0,15.0,1.0,0.0
backfill-2024,2024_08_DAL_SF,2024,8,SF,DAL,0.6055,0.6354,5.5,4.612,2.499,3.0,4.0,69.0,9.0,30.0,24.0,1.0,1.0
backfill-2024,2024_08_GB_JAX,2024,8,JAX,GB,0.2988,0.3305,-3.5,0.267,5.403,0.0,1.0,84.0,4.0,27.0,30.0,0.0,1.0
backfill-2024,2024_08_IND_HOU,2024,8,HOU,IND,0.5684,0.609,5.0,2.366,0.166,2.0,2.0,,,23.0,20.0,1.0,1.0
backfill-2024,2024_08_KC_LV,2024,8,LV,KC,0.2413,0.1714,-9.0,-0.39,4.413,1.0,2.0,,,20.0,27.0,0.0,1.0
backfill-2024,2024_08_NO_LAC,2024,8,LAC,NO,0.5454,0.5704,7.0,-1.048,-7.507,2.0,3.0,,,26.0,8.0,1.0,1.0
backfill-2024,2024_08_NYJ_NE,2024,8,NE,NYJ,0.436,0.3933,-7.0,-0.343,0.509,2.0,5.0,53.0,8.0,25.0,22.0,1.0,0.0
backfill-2024,2024_08_PHI_CIN,2024,8,CIN,PHI,0.5402,0.5233,2.5,5.355,1.967,0.0,3.0,59.0,6.0,17.0,37.0,0.0,0.0
backfill-2024,2024_08_TEN_DET,2024,8,DET,TEN,0.8579,0.8317,12.5,5.749,0.222,2.0,3.0,,,52.0,14.0,1.0,1.0
backfill-2024,2024_08_NYG_PIT,2024,8,PIT,NYG,0.7739,0.769,6.0,0.491,-4.892,6.0,4.0,54.0,7.0,26.0,18.0,1.0,1.0
backfill-2024,2024_09_HOU_NYJ,2024,9,NYJ,HOU,0.3887,0.3656,2.5,0.522,1.288,6.0,4.0,71.0,8.0,21.0,13.0,1.0,0.0
backfill-2024,2024_09_CHI_ARI,2024,9,ARI,CHI,0.4788,0.4256,1.5,5.322,-1.672,2.0,3.0,,,29.0,9.0,1.0,0.0
backfill-2024,2024_09_DAL_ATL,2024,9,ATL,DAL,0.5374,0.476,3.0,4.885,2.401,2.0,3.0,,,27.0,21.0,1.0,1.0
backfill-2024,2024_09_DEN_BAL,2024,9,BAL,DEN,0.7217,0.6886,9.0,7.411,-1.051,2.0,2.0,57.0,3.0,41.0,10.0,1.0,1.0
backfill-2024,2024_09_DET_GB,2024,9,GB,DET,0.4496,0.4634,-2.5,4.569,4.637,2.0,5.0,50.0,15.0,14.0,24.0,0.0,1.0
backfill-2024,2024_09_IND_MIN,2024,9,MIN,IND,0.6524,0.6383,6.5,1.213,0.166,2.0,1.0,,,21.0,13.0,1.0,1.0
backfill-2024,2024_09_JAX_PHI,2024,9,PHI,JAX,0.7447,0.7333,7.5,2.807,1.655,2.0,3.0,57.0,6.0,28.0,23.0,1.0,1.0
backfill-2024,2024_09_LAC_CLE,2024,9,CLE,LAC,0.4618,0.4397,-2.0,0.87,-1.526,2.0,3.0,57.0,10.0,10.0,27.0,0.0,1.0
backfill-2024,2024_09_LA_SEA,2024,9,SEA,LA,0.5716,0.5356,-1.5,2.786,1.658,4.0,3.0,52.0,4.0,20.0,26.0,0.0,0.0
backfill-2024,2024_09_LV_CIN,2024,9,CIN,LV,0.7131,0.6813,8.0,5.181,-2.995,3.0,1.0,67.0,7.0,41.0,24.0,1.0,1.0
backfill-2024,2024_09_MIA_BUF,2024,9,BUF,MIA,0.8439,0.8035,6.5,8.862,1.543,1.0,4.0,54.0,9.0,30.0,27.0,1.0,1.0
backfill-2024,2024_09_NE_TEN,2024,9,TEN,NE,0.5854,0.5908,3.0,-1.199,-0.065,3.0,0.0,75.0,10.0,20.0,17.0,1.0,1.0
backfill-2024,2024_09_NO_CAR,2024,9,CAR,NO,0.3185,0.3335,-7.0,-6.772,3.596,6.0,5.0,66.0,7.0,23.0,22.0,1.0,0.0
backfill-2024,2024_09_WAS_NYG,2024,9,NYG,WAS,0.4201,0.3976,-4.5,-2.863,0.405,3.0,1.0,52.0,6.0,22.0,27.0,0.0,1.0
backfill-2024,2024_09_TB_KC,2024,9,KC,TB,0.7419,0.795,9.0,4.217,5.043,4.0,3.0,63.0,6.0,30.0,24.0,1.0,1.0
backfill-2024,2024_10_CIN_BAL,2024,10,BAL,CIN,0.7387,0.7311,6.0,7.634,5.648,3.0,2.0,69.0,6.0,35.0,34.0,1.0,1.0
backfill-2024,2024_10_ATL_NO,2024,10,NO,ATL,0.4232,0.4446,-3.5,4.594,4.306,5.0,1.0,,,20.0,17.0,1.0,0.0
backfill-2024,2024_10_BUF_IND,2024,10,IND,BUF,0.2983,0.2851,-4.5,-0.968,8.541,1.0,1.0,,,20.0,30.0,0.0,1.0
backfill-2024,2024_10_DEN_KC,2024,10,KC,DEN,0.8049,0.7984,7.5,4.347,-1.34,1.0,2.0,57.0,12.0,16.0,14.0,1.0,1.0
backfill-2024,2024_10_DET_HOU,2024,10,HOU,DET,0.2829,0.3235,-4.5,-0.341,3.948,2.0,6.0,,,23.0,26.0,0.0,1.0
backfill-2024,2024_10_MIN_JAX,2024,10,JAX,MIN,0.2644,0.3426,-7.0,-5.532,0.853,2.0,0.0,79.0,7.0,7.0,12.0,0.0,1.0
backfill-2024,2024_10_NE_CHI,2024,10,CHI,NE,0.7036,0.7037,6.5,-2.705,-0.354,4.0,3.0,60.0,6.0,3.0,19.0,0.0,0.0
backfill-2024,2024_10_NYG_CAR,2024,10,CAR,NYG,0.4466,0.4097,-6.5,-2.267,-2.32,3.0,2.0,,,20.0,17.0,1.0,0.0
backfill-2024,2024_10_NYJ_ARI,2024,10,ARI,NYJ,0.5727,0.5419,-2.0,4.257,1.194,1.0,2.0,,,31.0,6.0,1.0,1.0
backfill-2024,2024_10_PHI_DAL,2024,10,DAL,PHI,0.3228,0.4141,-7.5,-0.865,2.673,3.0,0.0,,,6.0,34.0,0.0,1.0
backfill-2024,2024_10_PIT_WAS,2024,10,WAS,PIT,0.4427,0.4264,1.5,0.405,0.349,4.0,2.0,57.0,9.0,27.0,28.0,0.0,1.0
backfill-2024,2024_10_SF_TB,2024,10,TB,SF,0.3937,0.3882,-6.5,4.501,4.858,1.0,4.0,85.0,9.0,20.0,23.0,0.0,1.0
backfill-2024,2024_10_TEN_LAC,2024,10,LAC,TEN,0.7291,0.7111,8.0,-0.499,-0.363,1.0,1.0,,,27.0,17.0,1.0,1.0
backfill-2024,2024_10_MIA_LA,2024,10,LA,MIA,0.6694,0.6563,2.5,0.941,1.565,2.0,1.0,,,15.0,23.0,0.0,0.0
backfill-2024,2024_11_WAS_PHI,2024,11,PHI,WAS,0.7183,0.685,4.5,3.569,0.405,0.0,3.0,46.0,9.0,26.0,18.0,1.0,1.0
backfill-2024,2024_11_ATL_DEN,2024,11,DEN,ATL,0.5867,0.5901,2.0,-0.823,2.571,3.0,8.0,55.0,9.0,38.0,6.0,1.0,1.0
backfill-2024,2024_11_BAL_PIT,2024,11,PIT,BAL,0.4386,0.4534,-3.0,1.123,9.243,3.0,2.0,52.0,5.0,18.0,16.0,1.0,0.0
backfill-2024,2024_11_CIN_LAC,2024,11,LAC,CIN,0.5472,0.5782,1.0,0.596,6.261,0.0,2.0,,,34.0,27.0,1.0,1.0
backfill-2024,2024_11_CLE_NO,2024,11,NO,CLE,0.5654,0.5914,-1.0,4.169,-0.093,2.0,2.0,,,35.0,14.0,1.0,1.0
backfill-2024,2024_11_GB_CHI,2024,11,CHI,GB,0.2965,0.322,-6.0,-4.108,3.025,2.0,3.0,54.0,5.0,19.0,20.0,0.0,1.0
backfill-2024,2024_11_IND_NYJ,2024,11,NYJ,IND,0.4909,0.4997,4.0,0.513,-1.326,3.0,1.0,62.0,4.0,27.0,28.0,0.0,1.0
backfill-2024,2024_11_JAX_DET,2024,11,DET,JAX,0.8342,0.8537,14.0,3.421,-5.092,4.0,3.0,,,52.0,6.0,1.0,1.0
backfill-2024,2024_11_KC_BUF,2024,11,BUF,KC,0.4967,0.4632,2.5,7.584,4.226,3.0,2.0,50.0,3.0,30.0,21.0,1.0,0.0
backfill-2024,2024_11_LA_NE,2024,11,NE,LA,0.4276,0.4025,-4.0,-0.503,0.175,0.0,4.0,59.0,9.0,22.0,28.0,0.0,1.0
backfill-2024,2024_11_LV_MIA,2024,11,MIA,LV,0.6461,0.6567,8.0,1.814,-2.9,1.0,4.0,80.0,16.0,34.0,19.0,1.0,1.0
backfill-2024,2024_11_MIN_TEN,2024,11,TEN,MIN,0.3202,0.2824,-6.0,-0.363,1.35,2.0,1.0,66.0,7.0,13.0,23.0,0.0,1.0
backfill-2024,2024_11_SEA_SF,2024,11,SF,SEA,0.729,0.7417,6.0,5.386,1.32,4.0,3.0,59.0,4.0,17.0,20.0,0.0,0.0
backfill-2024,2024_11_HOU_DAL,2024,11,DAL,HOU,0.4185,0.4803,-7.5,-2.376,-0.406,4.0,3.0,,,10.0,34.0,0.0,1.0
backfill-2024,2024_12_PIT_CLE,2024,12,CLE,PIT,0.3098,0.235,-3.5,0.955,-0.512,2.0,2.0,36.0,13.0,24.0,19.0,1.0,0.0
backfill-2024,2024_12_ARI_SEA,2024,12,SEA,ARI,0.5799,0.554,-1.0,0.823,4.886,1.0,1.0,45.0,5.0,16.0,6.0,1.0,1.0
backfill-2024,2024_12_DAL_WAS,2024,12,WAS,DAL,0.6621,0.623,10.5,0.405,-3.325,1.0,3.0,55.0,5.0,26.0,34.0,0.0,0.0
backfill-2024,2024_12_DEN_LV,2024,12,LV,DEN,0.3112,0.304,-6.5,-3.266,2.03,4.0,2.0,,,19.0,29.0,0.0,1.0
backfill-2024,2024_12_DET_IND,2024,12,IND,DET,0.2621,0.2337,-7.0,-1.326,5.69,1.0,1.0,,,6.0,24.0,0.0,1.0
backfill-2024,2024_12_KC_CAR,2024,12,CAR,KC,0.141,0.1105,-11.0,-2.267,3.957,2.0,2.0,61.0,5.0,27.0,30.0,0.0,1.0
backfill-2024,2024_12_MIN_CHI,2024,12,CHI,MIN,0.3141,0.3036,-3.0,-2.809,1.229,2.0,1.0,47.0,5.0,27.0,30.0,0.0,1.0
backfill-2024,2024_12_NE_MIA,2024,12,MIA,NE,0.6919,0.6917,7.5,2.993,0.839,1.0,1.0,77.0,6.0,34.0,15.0,1.0,1.0
backfill-2024,2024_12_PHI_LA,2024,12,LA,PHI,0.3796,0.364,-3.0,-0.093,4.208,3.0,1.0,,,20.0,37.0,0.0,1.0
backfill-2024,2024_12_SF_GB,2024,12,GB,SF,0.5996,0.5227,6.5,3.307,-0.622,2.0,6.0,43.0,11.0,38.0,10.0,1.0,1.0
backfill-2024,2024_12_TB_NYG,2024,12,NYG,TB,0.3743,0.3689,-6.5,-4.458,3.876,0.0,1.0,50.0,13.0,7.0,30.0,0.0,1.0
backfill-2024,2024_12_TEN_HOU,2024,12,HOU,TEN,0.7534,0.7598,8.0,-0.247,-0.363,2.0,4.0,,,27.0,32.0,0.0,0.0
backfill-2024,2024_12_BAL_LAC,2024,12,LAC,BAL,0.3685,0.4054,-3.0,2.18,9.109,2.0,2.0,,,23.0,30.0,0.0,1.0
backfill-2024,2024_13_CHI_DET,2024,13,DET,CHI,0.8673,0.8711,9.5,6.333,-1.329,3.0,2.0,,,23.0,20.0,1.0,1.0
backfill-2024,2024_13_MIA_GB,2024,13,GB,MIA,0.6782,0.7005,3.5,2.102,3.511,3.0,3.0,27.0,10.0,30.0,17.0,1.0,1.0
backfill-2024,2024_13_NYG_DAL,2024,13,DAL,NYG,0.6765,0.7052,4.5,-2.594,-0.416,5.0,2.0,,,27.0,20.0,1.0,1.0
backfill-2024,2024_13_LV_KC,2024,13,KC,LV,0.8927,0.9014,13.5,4.072,-4.121,1.0,2.0,37.0,5.0,19.0,17.0,1.0,1.0
backfill-2024,2024_13_ARI_MIN,2024,13,MIN,ARI,0.7061,0.7236,3.5,1.18,3.921,2.0,0.0,,,23.0,22.0,1.0,1.0
backfill-2024,2024_13_HOU_JAX,2024,13,JAX,HOU,0.4174,0.3842,-3.5,1.213,-0.642,1.0,2.0,,,20.0,23.0,0.0,1.0
backfill-2024,2024_13_IND_NE,2024,13,NE,IND,0.4453,0.4068,-2.5,-0.143,-1.326,1.0,4.0,36.0,9.0,24.0,25.0,0.0,1.0
backfill-2024,2024_13_LAC_ATL,2024,13,ATL,LAC,0.4893,0.4117,-1.0,3.216,2.607,2.0,4.0,,,13.0,17.0,0.0,1.0
backfill-2024,2024_13_LA_NO,2024,13,NO,LA,0.5112,0.5181,-2.5,5.066,-0.057,1.0,2.0,,,14.0,21.0,0.0,0.0
backfill-2024,2024_13_PHI_BAL,2024,13,BAL,PHI,0.5636,0.5737,3.0,9.474,4.391,3.0,2.0,41.0,7.0,19.0,24.0,0.0,0.0
backfill-2024,2024_13_PIT_CIN,2024,13,CIN,PIT,0.4548,0.4184,3.0,7.292,0.035,2.0,3.0,32.0,9.0,38.0,44.0,0.0,1.0
backfill-2024,2024_13_SEA_NYJ,2024,13,NYJ,SEA,0.4551,0.4094,1.0,0.2,1.136,1.0,2.0,37.0,12.0,21.0,26.0,0.0,1.0
backfill-2024,2024_13_SF_BUF,2024,13,BUF,SF,0.7587,0.7132,6.5,7.075,5.284,2.0,6.0,28.0,11.0,35.0,10.0,1.0,1.0
backfill-2024,2024_13_TB_CAR,2024,13,CAR,TB,0.2353,0.264,-6.5,-2.267,3.633,2.0,4.0,51.0,7.0,23.0,26.0,0.0,1.0
backfill-2024,2024_13_TEN_WAS,2024,13,WAS,TEN,0.6463,0.6317,6.0,0.405,-0.363,3.0,2.0,42.0,6.0,42.0,19.0,1.0,1.0
backfill-2024,2024_13_CLE_DEN,2024,13,DEN,CLE,0.7631,0.7276,6.5,3.288,1.542,1.0,5.0,48.0,4.0,41.0,32.0,1.0,1.0
backfill-2024,2024_14_GB_DET,2024,14,DET,GB,0.6812,0.6565,3.0,7.976,3.475,4.0,4.0,,,34.0,31.0,1.0,1.0
backfill-2024,2024_14_ATL_MIN,2024,14,MIN,ATL,0.7566,0.7575,6.0,1.489,1.781,1.0,2.0,,,42.0,21.0,1.0,1.0
backfill-2024,2024_14_BUF_LA,2024,14,LA,BUF,0.3022,0.2609,-3.5,1.038,7.164,2.0,0.0,,,44.0,42.0,1.0,0.0
backfill-2024,2024_14_CAR_PHI,2024,14,PHI,CAR,0.9066,0.9087,14.0,3.687,-2.267,4.0,1.0,55.0,16.0,22.0,16.0,1.0,1.0
backfill-2024,2024_14_CHI_SF,2024,14,SF,CHI,0.7087,0.731,3.0,4.135,0.245,5.0,3.0,65.0,4.0,38.0,13.0,1.0,1.0
backfill-2024,2024_14_CLE_PIT,2024,14,PIT,CLE,0.7806,0.7918,6.0,0.86,1.507,1.0,4.0,49.0,12.0,27.0,14.0,1.0,1.0
backfill-2024,2024_14_JAX_TEN,2024,14,TEN,JAX,0.5101,0.5282,3.0,-0.363,-2.936,2.0,0.0,53.0,9.0,6.0,10.0,0.0,0.0
backfill-2024,2024_14_LAC_KC,2024,14,KC,LAC,0.7715,0.7412,5.0,4.795,2.219,0.0,1.0,50.0,10.0,19.0,17.0,1.0,1.0
backfill-2024,2024_14_LV_TB,2024,14,TB,LV,0.7541,0.7636,7.0,2.668,-4.121,4.0,3.0,71.0,4.0,28.0,13.0,1.0,1.0
backfill-2024,2024_14_NO_NYG,2024,14,NYG,NO,0.3764,0.3914,-5.5,-4.543,4.399,5.0,3.0,54.0,13.0,11.0,14.0,0.0,1.0
backfill-2024,2024_14_NYJ_MIA,2024,14,MIA,NYJ,0.6855,0.6539,6.5,4.551,-0.897,0.0,3.0,77.0,12.0,32.0,26.0,1.0,1.0
backfill-2024,2024_14_SEA_ARI,2024,14,ARI,SEA,0.4897,0.4462,3.0,2.482,0.21,1.0,2.0,,,18.0,30.0,0.0,1.0
backfill-2024,2024_14_CIN_DAL,2024,14,DAL,CIN,0.4835,0.5398,-5.0,-3.032,6.904,2.0,2.0,,,20.0,27.0,0.0,1.0
backfill-2024,2024_15_LA_SF,2024,15,SF,LA,0.6188,0.6081,3.0,5.971,2.665,3.0,2.0,53.0,4.0,6.0,12.0,0.0,0.0
backfill-2024,2024_15_BAL_NYG,2024,15,NYG,BAL,0.2005,0.1555,-16.5,-4.543,8.285,6.0,0.0,36.0,6.0,14.0,35.0,0.0,1.0
backfill-2024,2024_15_BUF_DET,2024,15,DET,BUF,0.6183,0.5827,2.5,8.637,6.991,1.0,1.0,,,42.0,48.0,0.0,0.0
backfill-2024,2024_15_CIN_TEN,2024,15,TEN,CIN,0.3428,0.3473,-6.0,-4.623,6.361,0.0,3.0,52.0,12.0,27.0,37.0,0.0,1.0
backfill-2024,2024_15_DAL_CAR,2024,15,CAR,DAL,0.3818,0.3213,2.5,-1.947,-3.36,1.0,3.0,45.0,7.0,14.0,30.0,0.0,1.0
backfill-2024,2024_15_GB_SEA,2024,15,SEA,GB,0.4464,0.437,-3.0,0.713,3.91,7.0,3.0,43.0,3.0,13.0,30.0,0.0,1.0
backfill-2024,2024_15_IND_DEN,2024,15,DEN,IND,0.7202,0.6877,4.5,2.806,-0.455,1.0,2.0,55.0,15.0,31.0,13.0,1.0,1.0
backfill-2024,2024_15_KC_CLE,2024,15,CLE,KC,0.1835,0.1566,-4.5,0.967,4.544,1.0,2.0,40.0,18.0,7.0,21.0,0.0,1.0
backfill-2024,2024_15_MIA_HOU,2024,15,HOU,MIA,0.5893,0.5818,2.5,0.311,6.01,2.0,2.0,,,20.0,12.0,1.0,1.0
backfill-2024,2024_15_NE_ARI,2024,15,ARI,NE,0.6499,0.6628,6.0,2.864,0.831,3.0,3.0,,,30.0,17.0,1.0,1.0
backfill-2024,2024_15_NYJ_JAX,2024,15,JAX,NYJ,0.5543,0.5688,-3.5,-3.765,-1.268,1.0,5.0,,,25.0,32.0,0.0,0.0
backfill-2024,2024_15_PIT_PHI,2024,15,PHI,PIT,0.645,0.6286,5.5,4.149,1.406,1.0,3.0,37.0,5.0,27.0,13.0,1.0,1.0
backfill-2024,2024_15_TB_LAC,2024,15,LAC,TB,0.5751,0.5635,3.0,2.779,4.46,2.0,5.0,,,17.0,40.0,0.0,0.0
backfill-2024,2024_15_WAS_NO,2024,15,NO,WAS,0.3865,0.4877,-7.5,-0.606,3.835,3.0,1.0,,,19.0,20.0,0.0,1.0
backfill-2024,2024_15_ATL_LV,2024,15,LV,ATL,0.3844,0.4204,-6.5,0.202,1.621,2.0,2.0,,,9.0,15.0,0.0,1.0
backfill-2024,2024_15_CHI_MIN,2024,15,MIN,CHI,0.8337,0.8142,7.0,2.772,0.335,0.0,3.0,,,30.0,12.0,1.0,1.0
backfill-2024,2024_16_DEN_LAC,2024,16,LAC,DEN,0.4305,0.4447,3.0,2.215,2.995,3.0,2.0,,,34.0,27.0,1.0,0.0
backfill-2024,2024_16_HOU_KC,2024,16,KC,HOU,0.7858,0.7658,3.5,4.429,-1.72,2.0,4.0,30.0,5.0,27.0,19.0,1.0,1.0
backfill-2024,2024_16_PIT_BAL,2024,16,BAL,PIT,0.6925,0.6343,7.0,9.338,1.124,2.0,3.0,35.0,15.0,34.0,17.0,1.0,1.0
backfill-2024,2024_16_ARI_CAR,2024,16,CAR,ARI,0.2945,0.3042,-5.5,-1.88,3.519,1.0,6.0,37.0,10.0,36.0,30.0,1.0,0.0
backfill-2024,2024_16_CLE_CIN,2024,16,CIN,CLE,0.7503,0.7259,10.0,6.155,-0.968,3.0,1.0,33.0,6.0,24.0,6.0,1.0,1.0
backfill-2024,2024_16_DET_CHI,2024,16,CHI,DET,0.1828,0.1586,-7.0,-0.152,9.393,2.0,2.0,29.0,7.0,17.0,34.0,0.0,1.0
backfill-2024,2024_16_JAX_LV,2024,16,LV,JAX,0.4585,0.449,2.5,0.202,-2.419,1.0,0.0,,,19.0,14.0,1.0,0.0
backfill-2024,2024_16_LA_NYJ,2024,16,NYJ,LA,0.3434,0.3613,-3.0,1.163,2.614,1.0,0.0,23.0,8.0,9.0,19.0,0.0,1.0
backfill-2024,2024_16_MIN_SEA,2024,16,SEA,MIN,0.4195,0.3971,-2.5,-0.597,2.474,3.0,2.0,48.0,5.0,24.0,27.0,0.0,1.0
backfill-2024,2024_16_NE_BUF,2024,16,BUF,NE,0.9093,0.9168,14.0,9.445,1.021,0.0,2.0,14.0,2.0,24.0,21.0,1.0,1.0
backfill-2024,2024_16_NYG_ATL,2024,16,ATL,NYG,0.7334,0.7052,9.5,0.636,-4.459,1.0,4.0,,,34.0,7.0,1.0,1.0
backfill-2024,2024_16_PHI_WAS,2024,16,WAS,PHI,0.281,0.2802,-4.0,3.327,5.781,1.0,2.0,32.0,8.0,36.0,33.0,1.0,0.0
backfill-2024,2024_16_SF_MIA,2024,16,MIA,SF,0.4893,0.4537,-2.0,6.277,3.98,3.0,2.0,73.0,12.0,29.0,17.0,1.0,0.0
backfill-2024,2024_16_TB_DAL,2024,16,DAL,TB,0.4068,0.406,-4.5,-3.048,5.248,2.0,4.0,,,26.0,24.0,1.0,0.0
backfill-2024,2024_16_TEN_IND,2024,16,IND,TEN,0.6567,0.665,4.0,-1.326,0.563,2.0,2.0,,,38.0,30.0,1.0,1.0
backfill-2024,2024_16_NO_GB,2024,16,GB,NO,0.8245,0.7921,14.0,5.039,-1.5,2.0,4.0,34.0,12.0,34.0,0.0,1.0,1.0
backfill-2024,2024_17_BAL_HOU,2024,17,HOU,BAL,0.3188,0.3419,-5.5,-1.774,8.794,3.0,3.0,,,2.0,31.0,0.0,1.0
backfill-2024,2024_17_KC_PIT,2024,17,PIT,KC,0.3582,0.3249,-3.0,0.53,4.694,2.0,2.0,39.0,2.0,10.0,29.0,0.0,1.0
backfill-2024,2024_17_SEA_CHI,2024,17,CHI,SEA,0.3625,0.3453,-3.5,-0.657,-0.532,4.0,3.0,47.0,5.0,3.0,6.0,0.0,1.0
backfill-2024,2024_17_ARI_LA,2024,17,LA,ARI,0.6856,0.7232,6.5,3.254,3.558,0.0,3.0,,,13.0,9.0,1.0,1.0
backfill-2024,2024_17_DEN_CIN,2024,17,CIN,DEN,0.4974,0.5129,3.5,4.742,4.024,3.0,0.0,60.0,8.0,30.0,24.0,1.0,0.0
backfill-2024,2024_17_LAC_NE,2024,17,NE,LAC,0.2877,0.2679,-6.0,1.491,2.844,1.0,3.0,40.0,4.0,7.0,40.0,0.0,1.0
backfill-2024,2024_17_ATL_WAS,2024,17,WAS,ATL,0.6106,0.6308,3.5,3.919,1.38,5.0,2.0,58.0,10.0,30.0,24.0,1.0,1.0
backfill-2024,2024_17_CAR_TB,2024,17,TB,CAR,0.8638,0.8321,9.5,4.81,0.351,3.0,4.0,76.0,8.0,48.0,14.0,1.0,1.0
backfill-2024,2024_17_DAL_PHI,2024,17,PHI,DAL,0.8067,0.7725,7.5,5.207,-2.511,4.0,4.0,62.0,10.0,41.0,7.0,1.0,1.0
backfill-2024,2024_17_GB_MIN,2024,17,MIN,GB,0.5551,0.5091,-1.0,4.339,5.308,1.0,4.0,,,27.0,25.0,1.0,1.0
backfill-2024,2024_17_IND_NYG,2024,17,NYG,IND,0.3785,0.3281,-7.5,-4.459,-1.326,4.0,0.0,54.0,0.0,45.0,33.0,1.0,0.0
backfill-2024,2024_17_LV_NO,2024,17,NO,LV,0.6623,0.6689,-2.0,-1.5,-0.714,4.0,1.0,,,10.0,25.0,0.0,0.0
backfill-2024,2024_17_MIA_CLE,2024,17,CLE,MIA,0.3929,0.3442,-3.0,-0.968,-2.131,3.0,2.0,54.0,15.0,3.0,20.0,0.0,1.0
backfill-2024,2024_17_NYJ_BUF,2024,17,BUF,NYJ,0.8768,0.8834,10.0,9.425,2.598,0.0,1.0,54.0,15.0,40.0,14.0,1.0,1.0
backfill-2024,2024_17_TEN_JAX,2024,17,JAX,TEN,0.5741,0.5858,-1.0,-2.34,1.151,3.0,4.0,72.0,16.0,20.0,13.0,1.0,1.0
backfill-2024,2024_17_DET_SF,2024,17,SF,DET,0.2508,0.279,-4.0,3.972,9.121,4.0,2.0,,,34.0,40.0,0.0,1.0
backfill-2024,2024_18_CIN_PIT,2024,18,PIT,CIN,0.4967,0.5408,-2.5,-0.359,5.922,3.0,2.0,19.0,10.0,17.0,19.0,0.0,1.0
backfill-2024,2024_18_CLE_BAL,2024,18,BAL,CLE,0.9252,0.9002,19.5,9.57,-5.936,2.0,5.0,31.0,16.0,35.0,10.0,1.0,1.0
backfill-2024,2024_18_BUF_NE,2024,18,NE,BUF,0.1622,0.0984,-3.0,0.0,-1.111,4.0,1.0,33.0,14.0,23.0,16.0,1.0,0.0
backfill-2024,2024_18_CAR_ATL,2024,18,ATL,CAR,0.7489,0.7315,7.5,1.007,0.295,0.0,4.0,,,38.0,44.0,0.0,0.0
backfill-2024,2024_18_CHI_GB,2024,18,GB,CHI,0.8643,0.8612,10.0,4.257,-2.759,5.0,0.0,16.0,13.0,22.0,24.0,0.0,0.0
backfill-2024,2024_18_HOU_TEN,2024,18,TEN,HOU,0.3261,0.2812,2.5,0.487,-0.006,8.0,4.0,35.0,10.0,14.0,23.0,0.0,1.0
backfill-2024,2024_18_JAX_IND,2024,18,IND,JAX,0.6021,0.5904,3.5,-0.658,-1.279,1.0,1.0,,,26.0,23.0,1.0,1.0
backfill-2024,2024_18_KC_DEN,2024,18,DEN,KC,0.4222,0.263,10.5,4.584,-2.021,1.0,13.0,28.0,5.0,38.0,0.0,1.0,0.0
backfill-2024,2024_18_LAC_LV,2024,18,LV,LAC,0.3268,0.3049,-7.0,1.226,3.517,1.0,3.0,,,20.0,34.0,0.0,1.0
backfill-2024,2024_18_MIA_NYJ,2024,18,NYJ,MIA,0.3564,0.3538,1.5,0.538,6.229,2.0,2.0,34.0,10.0,32.0,20.0,1.0,0.0
backfill-2024,2024_18_MIN_DET,2024,18,DET,MIN,0.6229,0.6406,3.0,9.645,4.968,2.0,1.0,,,31.0,9.0,1.0,1.0
backfill-2024,2024_18_NO_TB,2024,18,TB,NO,0.8017,0.7644,14.5,6.297,-7.023,4.0,3.0,68.0,6.0,27.0,19.0,1.0,1.0
backfill-2024,2024_18_NYG_PHI,2024,18,PHI,NYG,0.833,0.8993,3.0,1.79,-1.769,11.0,5.0,31.0,19.0,20.0,13.0,1.0,1.0
backfill-2024,2024_18_SEA_LA,2024,18,LA,SEA,0.5906,0.6088,-7.5,-0.212,-0.959,7.0,3.0,,,25.0,30.0,0.0,0.0
backfill-2024,2024_18_SF_ARI,2024,18,ARI,SF,0.5429,0.4183,4.5,3.777,-5.389,1.0,6.0,,,47.0,24.0,1.0,1.0
backfill-2024,2024_18_WAS_DAL,2024,18,DAL,WAS,0.415,0.4567,-7.0,-0.044,4.353,0.0,5.0,,,19.0,23.0,0.0,1.0
backfill-2024,2024_19_LAC_HOU,2024,19,HOU,LAC,0.4504,0.4792,-3.0,-2.241,4.653,1.0,2.0,,,32.0,12.0,1.0,0.0
backfill-2024,2024_19_PIT_BAL,2024,19,BAL,PIT,0.7513,0.7537,9.5,8.497,-1.516,1.0,3.0,32.0,12.0,28.0,14.0,1.0,1.0
backfill-2024,2024_19_DEN_BUF,2024,19,BUF,DEN,0.6522,0.6607,7.5,9.493,6.689,0.0,1.0,32.0,10.0,31.0,7.0,1.0,1.0
backfill-2024,2024_19_GB_PHI,2024,19,PHI,GB,0.6042,0.6265,5.5,5.207,4.09,2.0,2.0,40.0,6.0,22.0,10.0,1.0,1.0
backfill-2024,2024_19_WAS_TB,2024,19,TB,WAS,0.5966,0.5846,3.0,6.624,3.641,1.0,1.0,58.0,2.0,20.0,23.0,0.0,0.0
backfill-2024,2024_19_MIN_LA,2024,19,LA,MIN,0.4437,0.4289,-2.5,4.139,2.426,0.0,1.0,,,27.0,9.0,1.0,0.0
backfill-2024,2024_20_HOU_KC,2024,20,KC,HOU,0.6977,0.7181,9.5,6.371,-1.891,1.0,0.0,23.0,17.0,23.0,14.0,1.0,1.0
backfill-2024,2024_20_WAS_DET,2024,20,DET,WAS,0.7262,0.7662,8.5,10.043,3.562,2.0,1.0,,,31.0,45.0,0.0,0.0
backfill-2024,2024_20_BAL_BUF,2024,20,BUF,BAL,0.5413,0.5225,-1.5,10.301,8.769,0.0,1.0,19.0,4.0,27.0,25.0,1.0,1.0
backfill-2024,2024_20_LA_PHI,2024,20,PHI,LA,0.7297,0.7096,7.0,5.048,3.231,1.0,2.0,34.0,8.0,28.0,22.0,1.0,1.0
backfill-2024,2024_21_BUF_KC,2024,21,KC,BUF,0.4951,0.5239,1.5,5.605,9.151,0.0,1.0,31.0,8.0,32.0,29.0,1.0,0.0
backfill-2024,2024_21_WAS_PHI,2024,21,PHI,WAS,0.6515,0.688,6.0,3.354,4.42,2.0,1.0,40.0,11.0,55.0,23.0,1.0,1.0
backfill-2024,2024_22_KC_PHI,2024,22,PHI,KC,0.5074,0.5781,-1.5,3.887,5.563,1.0,1.0,,,40.0,22.0,1.0,1.0
backfill-2025,2025_01_DAL_PHI,2025,1,PHI,DAL,0.8257,0.7922,8.5,5.118,1.504,1.0,1.0,75.0,11.0,24.0,20.0,1.0,1.0
backfill-2025,2025_01_KC_LAC,2025,1,LAC,KC,0.4313,0.3981,-3.0,2.79,3.992,0.0,1.0,,,27.0,21.0,1.0,0.0
backfill-2025,2025_01_ARI_NO,2025,1,NO,ARI,0.4009,0.4753,-6.0,-6.216,4.3,2.0,1.0,,,13.0,20.0,0.0,1.0
backfill-2025,2025_01_BAL_BUF,2025,1,BUF,BAL,0.57,0.5368,-1.5,8.923,7.933,2.0,2.0,58.0,8.0,41.0,40.0,1.0,1.0
backfill-2025,2025_01_CAR_JAX,2025,1,JAX,CAR,0.5708,0.5828,4.5,1.117,2.207,2.0,2.0,85.0,3.0,26.0,10.0,1.0,1.0
backfill-2025,2025_01_CIN_CLE,2025,1,CLE,CIN,0.2718,0.3342,-5.5,0.434,6.003,1.0,0.0,63.0,10.0,16.0,17.0,0.0,1.0
backfill-2025,2025_01_DET_GB,2025,1,GB,DET,0.4311,0.4622,1.5,3.488,9.657,0.0,3.0,60.0,5.0,27.0,13.0,1.0,0.0
backfill-2025,2025_01_HOU_LA,2025,1,LA,HOU,0.6452,0.5691,3.5,3.178,-0.988,0.0,2.0,,,14.0,9.0,1.0,1.0
backfill-2025,2025_01_LV_NE,2025,1,NE,LV,0.5363,0.5378,2.5,-0.33,-0.358,2.0,0.0,62.0,4.0,13.0,20.0,0.0,0.0
backfill-2025,2025_01_MIA_IND,2025,1,IND,MIA,0.4793,0.4802,1.5,-2.318,6.229,0.0,3.0,,,33.0,8.0,1.0,0.0
backfill-2025,2025_01_NYG_WAS,2025,1,WAS,NYG,0.793,0.7622,6.0,5.65,-1.237,0.0,1.0,68.0,5.0,21.0,6.0,1.0,1.0
backfill-2025,2025_01_PIT_NYJ,2025,1,NYJ,PIT,0.4389,0.4464,-3.0,0.88,0.688,2.0,1.0,67.0,3.0,32.0,34.0,0.0,1.0
backfill-2025,2025_01_SF_SEA,2025,1,SEA,SF,0.5353,0.6175,-2.5,0.911,5.147,3.0,2.0,67.0,6.0,13.0,17.0,0.0,0.0
backfill-2025,2025_01_TB_ATL,2025,1,ATL,TB,0.4066,0.4017,-1.5,1.892,6.154,2.0,4.0,,,20.0,23.0,0.0,1.0
backfill-2025,2025_01_TEN_DEN,2025,1,DEN,TEN,0.7827,0.7696,8.5,5.144,0.0,3.0,1.0,84.0,6.0,20.0,12.0,1.0,1.0
backfill-2025,2025_01_MIN_CHI,2025,1,CHI,MIN,0.3592,0.3495,-1.5,-1.456,0.0,1.0,3.0,68.0,6.0,24.0,27.0,0.0,1.0
backfill-2025,2025_02_WAS_GB,2025,2,GB,WAS,0.5341,0.5872,3.5,4.735,6.266,2.0,0.0,65.0,7.0,27.0,18.0,1.0,1.0
backfill-2025,2025_02_ATL_MIN,2025,2,MIN,ATL,0.6963,0.7276,3.5,-1.609,3.411,3.0,5.0,,,6.0,22.0,0.0,0.0
backfill-2025,2025_02_BUF_NYJ,2025,2,NYJ,BUF,0.2443,0.2756,-6.0,2.04,10.073,3.0,1.0,80.0,3.0,10.0,30.0,0.0,1.0
backfill-2025,2025_02_CAR_ARI,2025,2,ARI,CAR,0.6988,0.7106,7.0,3.174,1.475,2.0,1.0,,,27.0,22.0,1.0,1.0
backfill-2025,2025_02_CHI_DET,2025,2,DET,CHI,0.7934,0.7759,6.0,9.868,-0.48,2.0,2.0,,,52.0,21.0,1.0,1.0
backfill-2025,2025_02_CLE_BAL,2025,2,BAL,CLE,0.873,0.8267,12.5,7.764,-1.304,2.0,1.0,82.0,3.0,41.0,17.0,1.0,1.0
backfill-2025,2025_02_DEN_IND,2025,2,IND,DEN,0.411,0.4364,-2.5,0.692,4.512,2.0,2.0,,,29.0,28.0,1.0,0.0
backfill-2025,2025_02_JAX_CIN,2025,2,CIN,JAX,0.7159,0.6931,3.5,5.158,1.054,0.0,2.0,85.0,3.0,31.0,27.0,1.0,1.0
backfill-2025,2025_02_LA_TEN,2025,2,TEN,LA,0.286,0.2724,-5.5,-3.347,3.867,4.0,2.0,83.0,3.0,19.0,33.0,0.0,1.0
backfill-2025,2025_02_NE_MIA,2025,2,MIA,NE,0.6828,0.6506,1.5,5.692,-0.661,6.0,2.0,89.0,4.0,27.0,33.0,0.0,0.0
backfill-2025,2025_02_NYG_DAL,2025,2,DAL,NYG,0.7154,0.6675,4.5,-0.09,-2.499,1.0,3.0,,,40.0,37.0,1.0,1.0
backfill-2025,2025_02_PHI_KC,2025,2,KC,PHI,0.383,0.4299,-1.5,4.381,5.34,2.0,3.0,88.0,12.0,17.0,20.0,0.0,1.0
backfill-2025,2025_02_SEA_PIT,2025,2,PIT,SEA,0.5538,0.5701,3.5,1.004,0.344,3.0,2.0,79.0,5.0,17.0,31.0,0.0,0.0
backfill-2025,2025_02_SF_NO,2025,2,NO,SF,0.4181,0.4075,-3.0,-5.844,-0.2,3.0,1.0,,,21.0,26.0,0.0,1.0
backfill-2025,2025_02_LAC_LV,2025,2,LV,LAC,0.4282,0.3782,-3.5,1.274,3.341,1.0,2.0,,,9.0,20.0,0.0,1.0
backfill-2025,2025_02_TB_HOU,2025,2,HOU,TB,0.3956,0.4898,2.5,-0.401,6.464,3.0,2.0,,,19.0,20.0,0.0,1.0
backfill-2025,2025_03_MIA_BUF,2025,3,BUF,MIA,0.8298,0.8094,12.5,9.691,5.861,2.0,3.0,68.0,7.0,31.0,21.0,1.0,1.0
backfill-2025,2025_03_ARI_SF,2025,3,SF,ARI,0.4391,0.5618,1.5,0.551,3.823,2.0,1.0,72.0,7.0,16.0,15.0,1.0,0.0
backfill-2025,2025_03_ATL_CAR,2025,3,CAR,ATL,0.333,0.3713,-5.5,1.725,2.586,2.0,3.0,83.0,5.0,30.0,0.0,1.0,0.0
backfill-2025,2025_03_CIN_MIN,2025,3,MIN,CIN,0.4628,0.4974,3.0,-3.387,2.49,3.0,2.0,,,48.0,10.0,1.0,0.0
backfill-2025,2025_03_DAL_CHI,2025,3,CHI,DAL,0.457,0.4362,-1.5,0.669,0.415,5.0,1.0,82.0,4.0,31.0,14.0,1.0,0.0
backfill-2025,2025_03_DEN_LAC,2025,3,LAC,DEN,0.5233,0.5639,2.5,3.256,4.825,2.0,2.0,,,23.0,20.0,1.0,1.0
backfill-2025,2025_03_GB_CLE,2025,3,CLE,GB,0.2215,0.2288,-8.5,-3.69,4.31,1.0,1.0,79.0,10.0,13.0,10.0,1.0,0.0
backfill-2025,2025_03_HOU_JAX,2025,3,JAX,HOU,0.5074,0.4297,1.5,1.509,-1.146,1.0,1.0,85.0,11.0,17.0,10.0,1.0,1.0
backfill-2025,2025_03_IND_TEN,2025,3,TEN,IND,0.329,0.34,-6.0,-4.044,0.882,3.0,0.0,84.0,8.0,20.0,41.0,0.0,1.0
backfill-2025,2025_03_KC_NYG,2025,3,NYG,KC,0.2437,0.247,-6.0,-0.068,3.309,3.0,2.0,65.0,5.0,9.0,22.0,0.0,1.0
backfill-2025,2025_03_LA_PHI,2025,3,PHI,LA,0.6986,0.6989,3.5,4.491,3.201,1.0,1.0,73.0,9.0,33.0,26.0,1.0,1.0
backfill-2025,2025_03_LV_WAS,2025,3,WAS,LV,0.6589,0.7261,2.5,0.931,0.436,3.0,0.0,72.0,6.0,41.0,24.0,1.0,1.0
backfill-2025,2025_03_NO_SEA,2025,3,SEA,NO,0.7304,0.7411,7.5,0.246,-5.288,4.0,2.0,63.0,3.0,44.0,13.0,1.0,1.0
backfill-2025,2025_03_NYJ_TB,2025,3,TB,NYJ,0.6948,0.7168,6.5,7.137,1.1,2.0,5.0,88.0,5.0,29.0,27.0,1.0,1.0
backfill-2025,2025_03_PIT_NE,2025,3,NE,PIT,0.4687,0.4179,-1.5,0.829,-0.071,1.0,4.0,66.0,5.0,14.0,21.0,0.0,1.0
backfill-2025,2025_03_DET_BAL,2025,3,BAL,DET,0.6555,0.5815,4.5,8.487,8.875,4.0,1.0,74.0,7.0,30.0,38.0,0.0,0.0
backfill-2025,2025_04_SEA_ARI,2025,4,ARI,SEA,0.4387,0.4499,-1.5,2.369,0.88,2.0,2.0,,,20.0,23.0,0.0,1.0
backfill-2025,2025_04_BAL_KC,2025,4,KC,BAL,0.4274,0.5241,-2.5,3.708,8.848,1.0,3.0,89.0,10.0,37.0,20.0,1.0,0.0
backfill-2025,2025_04_CAR_NE,2025,4,NE,CAR,0.6054,0.5348,5.5,1.24,1.699,1.0,4.0,76.0,7.0,42.0,13.0,1.0,1.0
backfill-2025,2025_04_CHI_LV,2025,4,LV,CHI,0.5409,0.4935,1.5,1.663,1.057,1.0,3.0,,,24.0,25.0,0.0,0.0
backfill-2025,2025_04_CLE_DET,2025,4,DET,CLE,0.8645,0.8227,10.0,9.359,-3.136,3.0,1.0,,,34.0,10.0,1.0,1.0
backfill-2025,2025_04_IND_LA,2025,4,LA,IND,0.6433,0.6146,3.5,2.626,1.917,0.0,3.0,,,27.0,20.0,1.0,1.0
backfill-2025,2025_04_JAX_SF,2025,4,SF,JAX,0.5551,0.6344,3.5,5.176,2.089,2.0,2.0,72.0,7.0,21.0,26.0,0.0,0.0
backfill-2025,2025_04_LAC_NYG,2025,4,NYG,LAC,0.3058,0.2468,-6.0,-0.26,3.106,4.0,3.0,81.0,4.0,21.0,18.0,1.0,0.0
backfill-2025,2025_04_MIN_PIT,2025,4,PIT,MIN,0.5061,0.4727,-2.5,0.754,-3.222,1.0,4.0,61.0,5.0,24.0,21.0,1.0,1.0
backfill-2025,2025_04_NO_BUF,2025,4,BUF,NO,0.8812,0.8644,15.5,9.747,-4.77,2.0,2.0,73.0,7.0,31.0,19.0,1.0,1.0
backfill-2025,2025_04_PHI_TB,2025,4,TB,PHI,0.3485,0.3459,-3.5,6.83,4.812,2.0,1.0,88.0,6.0,25.0,31.0,0.0,1.0
backfill-2025,2025_04_TEN_HOU,2025,4,HOU,TEN,0.7133,0.7434,7.5,-1.039,-5.257,0.0,3.0,,,26.0,0.0,1.0,1.0
backfill-2025,2025_04_WAS_ATL,2025,4,ATL,WAS,0.345,0.3493,2.5,0.579,5.222,3.0,5.0,,,34.0,27.0,1.0,0.0
backfill-2025,2025_04_CIN_DEN,2025,4,DEN,CIN,0.5785,0.5698,7.5,2.893,1.304,0.0,2.0,66.0,12.0,28.0,3.0,1.0,1.0
backfill-2025,2025_04_NYJ_MIA,2025,4,MIA,NYJ,0.5687,0.5509,2.5,4.359,0.795,2.0,3.0,88.0,17.0,27.0,21.0,1.0,1.0
backfill-2025,2025_05_SF_LA,2025,5,LA,SF,0.7433,0.6606,8.5,3.025,0.795,2.0,5.0,,,23.0,26.0,0.0,0.0
backfill-2025,2025_05_DAL_NYJ,2025,5,NYJ,DAL,0.4754,0.4881,1.5,1.429,3.03,2.0,5.0,82.0,3.0,22.0,37.0,0.0,1.0
backfill-2025,2025_05_DEN_PHI,2025,5,PHI,DEN,0.6827,0.7377,3.5,4.77,3.367,1.0,1.0,80.0,6.0,17.0,21.0,0.0,0.0
backfill-2025,2025_05_DET_CIN,2025,5,CIN,DET,0.3019,0.3249,-10.5,-0.991,8.683,1.0,5.0,84.0,7.0,24.0,37.0,0.0,1.0
backfill-2025,2025_05_HOU_BAL,2025,5,BAL,HOU,0.5504,0.6656,-2.5,-3.381,-0.206,6.0,4.0,78.0,2.0,10.0,44.0,0.0,0.0
backfill-2025,2025_05_LV_IND,2025,5,IND,LV,0.5983,0.6857,7.0,2.013,0.8,4.0,0.0,,,40.0,6.0,1.0,1.0
backfill-2025,2025_05_MIA_CAR,2025,5,CAR,MIA,0.3797,0.434,-1.5,0.496,5.544,4.0,2.0,77.0,8.0,27.0,24.0,1.0,0.0
backfill-2025,2025_05_MIN_CLE,2025,5,CLE,MIN,0.3317,0.3281,-3.5,0.442,-1.302,1.0,6.0,61.0,14.0,17.0,21.0,0.0,1.0
backfill-2025,2025_05_NE_BUF,2025,5,BUF,NE,0.8299,0.8303,7.5,8.287,1.806,2.0,1.0,66.0,3.0,20.0,23.0,0.0,0.0
backfill-2025,2025_05_NYG_NO,2025,5,NO,NYG,0.5665,0.5267,1.5,-4.293,-0.85,5.0,2.0,,,26.0,14.0,1.0,1.0
backfill-2025,2025_05_TB_SEA,2025,5,SEA,TB,0.5569,0.5706,3.5,1.564,7.44,4.0,5.0,61.0,8.0,35.0,38.0,0.0,0.0
backfill-2025,2025_05_TEN_ARI,2025,5,ARI,TEN,0.7985,0.7578,7.5,2.566,-6.548,2.0,4.0,,,21.0,22.0,0.0,0.0
backfill-2025,2025_05_WAS_LAC,2025,5,LAC,WAS,0.5205,0.5657,2.5,2.157,5.222,2.0,3.0,,,10.0,27.0,0.0,0.0
backfill-2025,2025_05_KC_JAX,2025,5,JAX,KC,0.3907,0.3295,-3.5,2.987,4.623,1.0,0.0,80.0,12.0,31.0,28.0,1.0,0.0
backfill-2025,2025_06_PHI_NYG,2025,6,NYG,PHI,0.1994,0.1453,-7.0,-1.603,3.68,3.0,2.0,53.0,3.0,34.0,17.0,1.0,0.0
backfill-2025,2025_06_ARI_IND,2025,6,IND,ARI,0.6162,0.6129,8.5,2.343,-1.903,2.0,2.0,,,31.0,27.0,1.0,1.0
backfill-2025,2025_06_CIN_GB,2025,6,GB,CIN,0.7535,0.7036,14.0,4.6,-5.156,3.0,2.0,64.0,14.0,27.0,18.0,1.0,1.0
backfill-2025,2025_06_CLE_PIT,2025,6,PIT,CLE,0.7404,0.7325,5.5,1.169,-0.215,0.0,1.0,64.0,8.0,23.0,9.0,1.0,1.0
backfill-2025,2025_06_DAL_CAR,2025,6,CAR,DAL,0.3605,0.4209,-3.0,-0.083,3.476,4.0,5.0,68.0,15.0,30.0,27.0,1.0,0.0
backfill-2025,2025_06_DEN_NYJ,2025,6,NYJ,DEN,0.2382,0.2544,-7.5,1.54,3.759,3.0,2.0,59.0,6.0,11.0,13.0,0.0,1.0
backfill-2025,2025_06_DET_KC,2025,6,KC,DET,0.4864,0.4607,2.5,5.411,8.222,0.0,7.0,85.0,13.0,30.0,17.0,1.0,0.0
backfill-2025,2025_06_LAC_MIA,2025,6,MIA,LAC,0.4669,0.408,-3.5,4.486,1.473,2.0,4.0,85.0,4.0,27.0,29.0,0.0,1.0
backfill-2025,2025_06_LA_BAL,2025,6,BAL,LA,0.3872,0.5107,-7.0,-2.374,1.843,6.0,2.0,64.0,15.0,3.0,17.0,0.0,1.0
backfill-2025,2025_06_NE_NO,2025,6,NO,NE,0.4134,0.4566,-3.5,-1.936,3.433,2.0,4.0,,,19.0,25.0,0.0,1.0
backfill-2025,2025_06_SEA_JAX,2025,6,JAX,SEA,0.5274,0.4594,-1.5,1.619,1.678,1.0,5.0,76.0,8.0,12.0,20.0,0.0,0.0
backfill-2025,2025_06_SF_TB,2025,6,TB,SF,0.6531,0.6178,3.5,9.032,2.997,6.0,5.0,82.0,10.0,30.0,19.0,1.0,1.0
backfill-2025,2025_06_TEN_LV,2025,6,LV,TEN,0.6836,0.6093,3.5,0.056,-5.899,1.0,5.0,,,20.0,10.0,1.0,1.0
backfill-2025,2025_06_BUF_ATL,2025,6,ATL,BUF,0.3056,0.2904,-3.5,2.0,6.922,4.0,3.0,,,24.0,14.0,1.0,0.0
backfill-2025,2025_06_CHI_WAS,2025,6,WAS,CHI,0.6816,0.718,5.5,5.763,-0.087,3.0,1.0,59.0,12.0,24.0,25.0,0.0,0.0
backfill-2025,2025_07_PIT_CIN,2025,7,CIN,PIT,0.3608,0.4321,-5.5,-5.693,2.871,2.0,2.0,60.0,5.0,33.0,31.0,1.0,0.0
backfill-2025,2025_07_ATL_SF,2025,7,SF,ATL,0.487,0.5435,1.5,3.53,1.837,4.0,5.0,74.0,5.0,20.0,10.0,1.0,0.0
backfill-2025,2025_07_CAR_NYJ,2025,7,NYJ,CAR,0.4522,0.5024,1.5,-0.259,-0.298,4.0,1.0,71.0,13.0,6.0,13.0,0.0,1.0
backfill-2025,2025_07_GB_ARI,2025,7,ARI,GB,0.292,0.3294,-7.0,-1.855,4.813,2.0,3.0,,,23.0,27.0,0.0,1.0
backfill-2025,2025_07_IND_LAC,2025,7,LAC,IND,0.5119,0.5427,2.5,3.481,3.554,3.0,4.0,,,24.0,38.0,0.0,0.0
backfill-2025,2025_07_LA_JAX,2025,7,JAX,LA,0.4761,0.3834,-3.0,1.152,1.981,2.0,2.0,59.0,9.0,7.0,35.0,0.0,1.0
backfill-2025,2025_07_LV_KC,2025,7,KC,LV,0.8568,0.833,13.5,5.75,-0.621,1.0,1.0,57.0,9.0,31.0,0.0,1.0,1.0
backfill-2025,2025_07_MIA_CLE,2025,7,CLE,MIA,0.4223,0.4738,2.5,-2.167,3.465,1.0,1.0,65.0,17.0,31.0,6.0,1.0,0.0
backfill-2025,2025_07_NE_TEN,2025,7,TEN,NE,0.2907,0.3188,-6.5,-6.874,3.777,4.0,0.0,60.0,18.0,13.0,31.0,0.0,1.0
backfill-2025,2025_07_NO_CHI,2025,7,CHI,NO,0.6592,0.6516,4.5,0.062,-1.04,2.0,1.0,49.0,8.0,26.0,14.0,1.0,1.0
backfill-2025,2025_07_NYG_DEN,2025,7,DEN,NYG,0.8185,0.7778,7.5,5.095,-0.16,1.0,5.0,72.0,3.0,33.0,32.0,1.0,1.0
backfill-2025,2025_07_PHI_MIN,2025,7,MIN,PHI,0.446,0.435,-2.5,0.582,3.671,1.0,1.0,,,22.0,28.0,0.0,1.0
backfill-2025,2025_07_WAS_DAL,2025,7,DAL,WAS,0.3573,0.387,1.5,3.997,5.263,2.0,2.0,,,44.0,22.0,1.0,0.0
backfill-2025,2025_07_HOU_SEA,2025,7,SEA,HOU,0.586,0.579,3.0,1.891,2.334,1.0,2.0,56.0,5.0,27.0,19.0,1.0,1.0
backfill-2025,2025_07_TB_DET,2025,7,DET,TB,0.5999,0.6172,6.0,6.564,8.552,4.0,4.0,,,24.0,9.0,1.0,1.0
backfill-2025,2025_08_MIN_LAC,2025,8,LAC,MIN,0.5374,0.4844,3.0,3.126,0.397,1.0,2.0,,,37.0,10.0,1.0,1.0
backfill-2025,2025_08_BUF_CAR,2025,8,CAR,BUF,0.2904,0.2891,-7.0,0.727,6.18,1.0,3.0,63.0,9.0,9.0,40.0,0.0,1.0
backfill-2025,2025_08_CHI_BAL,2025,8,BAL,CHI,0.4995,0.6021,2.5,-1.7,0.218,1.0,5.0,60.0,2.0,30.0,16.0,1.0,0.0
backfill-2025,2025_08_CLE_NE,2025,8,NE,CLE,0.7302,0.654,7.0,4.532,-2.092,0.0,0.0,53.0,7.0,32.0,13.0,1.0,1.0
backfill-2025,2025_08_DAL_DEN,2025,8,DEN,DAL,0.7206,0.6902,3.5,4.891,3.728,0.0,4.0,67.0,4.0,44.0,24.0,1.0,1.0
backfill-2025,2025_08_GB_PIT,2025,8,PIT,GB,0.4372,0.413,-3.0,2.778,4.586,1.0,2.0,46.0,5.0,25.0,35.0,0.0,1.0
backfill-2025,2025_08_MIA_ATL,2025,8,ATL,MIA,0.6146,0.6653,7.0,-0.979,0.654,4.0,2.0,,,10.0,34.0,0.0,0.0
backfill-2025,2025_08_NYG_PHI,2025,8,PHI,NYG,0.8207,0.8275,7.0,4.829,0.97,6.0,3.0,60.0,4.0,38.0,20.0,1.0,1.0
backfill-2025,2025_08_NYJ_CIN,2025,8,CIN,NYJ,0.7142,0.7118,5.5,-4.545,-0.968,4.0,8.0,57.0,8.0,38.0,39.0,0.0,0.0
backfill-2025,2025_08_SF_HOU,2025,8,HOU,SF,0.5664,0.5625,2.5,1.021,2.684,3.0,5.0,,,26.0,15.0,1.0,1.0
backfill-2025,2025_08_TB_NO,2025,8,NO,TB,0.2757,0.2627,-4.5,-2.346,6.216,0.0,4.0,,,3.0,23.0,0.0,1.0
backfill-2025,2025_08_TEN_IND,2025,8,IND,TEN,0.8907,0.8508,15.5,5.707,-7.361,3.0,4.0,,,38.0,14.0,1.0,1.0
backfill-2025,2025_08_WAS_KC,2025,8,KC,WAS,0.7361,0.7112,10.5,5.869,3.866,2.0,3.0,54.0,8.0,28.0,7.0,1.0,1.0
backfill-2025,2025_09_BAL_MIA,2025,9,MIA,BAL,0.3535,0.3981,-7.5,-0.225,8.504,2.0,0.0,73.0,5.0,6.0,28.0,0.0,1.0
backfill-2025,2025_09_ATL_NE,2025,9,NE,ATL,0.6898,0.6496,5.5,4.818,1.294,1.0,4.0,52.0,7.0,24.0,23.0,1.0,1.0
backfill-2025,2025_09_CAR_GB,2025,9,GB,CAR,0.858,0.8238,12.5,5.771,0.727,3.0,2.0,47.0,15.0,13.0,16.0,0.0,0.0
backfill-2025,2025_09_CHI_CIN,2025,9,CIN,CHI,0.4822,0.5708,-3.0,-2.938,0.882,3.0,4.0,50.0,6.0,42.0,47.0,0.0,1.0
backfill-2025,2025_09_DEN_HOU,2025,9,HOU,DEN,0.5068,0.4467,1.5,4.271,5.2,2.0,4.0,,,15.0,18.0,0.0,0.0
backfill-2025,2025_09_IND_PIT,2025,9,PIT,IND,0.388,0.4585,-3.5,1.008,6.854,3.0,3.0,56.0,2.0,27.0,20.0,1.0,0.0
backfill-2025,2025_09_JAX_LV,2025,9,LV,JAX,0.4376,0.4402,-2.5,-1.239,-1.1,2.0,4.0,,,29.0,30.0,0.0,1.0
backfill-2025,2025_09_KC_BUF,2025,9,BUF,KC,0.49,0.4858,-2.5,5.988,6.806,3.0,2.0,54.0,6.0,28.0,21.0,1.0,0.0
backfill-2025,2025_09_LAC_TEN,2025,9,TEN,LAC,0.2202,0.2144,-10.0,-7.468,2.597,4.0,3.0,46.0,5.0,20.0,27.0,0.0,1.0
backfill-2025,2025_09_MIN_DET,2025,9,DET,MIN,0.7409,0.7397,9.5,4.734,-5.269,4.0,3.0,,,24.0,27.0,0.0,0.0
backfill-2025,2025_09_NO_LA,2025,9,LA,NO,0.8739,0.8509,14.0,2.678,-3.215,1.0,0.0,,,34.0,10.0,1.0,1.0
backfill-2025,2025_09_SEA_WAS,2025,9,WAS,SEA,0.4069,0.4196,-2.5,3.866,1.028,2.0,5.0,53.0,3.0,14.0,38.0,0.0,1.0
backfill-2025,2025_09_SF_NYG,2025,9,NYG,SF,0.4084,0.4053,-2.5,1.615,2.47,6.0,4.0,56.0,5.0,24.0,34.0,0.0,1.0
backfill-2025,2025_09_ARI_DAL,2025,9,DAL,ARI,0.5206,0.5818,3.5,5.112,-1.918,6.0,1.0,,,17.0,27.0,0.0,0.0
backfill-2025,2025_10_LV_DEN,2025,10,DEN,LV,0.8579,0.84,9.5,2.64,-0.454,3.0,1.0,60.0,10.0,10.0,7.0,1.0,1.0
backfill-2025,2025_10_ARI_SEA,2025,10,SEA,ARI,0.7163,0.7298,7.0,1.932,-1.435,7.0,4.0,59.0,5.0,44.0,22.0,1.0,1.0
backfill-2025,2025_10_ATL_IND,2025,10,IND,ATL,0.7291,0.7069,6.5,5.545,1.578,4.0,3.0,46.0,2.0,31.0,25.0,1.0,1.0
backfill-2025,2025_10_BAL_MIN,2025,10,MIN,BAL,0.5055,0.5061,-4.5,-5.433,7.459,2.0,0.0,,,19.0,27.0,0.0,0.0
backfill-2025,2025_10_BUF_MIA,2025,10,MIA,BUF,0.2779,0.2279,-8.5,0.616,5.438,3.0,2.0,84.0,6.0,30.0,13.0,1.0,0.0
backfill-2025,2025_10_CLE_NYJ,2025,10,NYJ,CLE,0.5279,0.5084,-1.5,0.027,-3.981,0.0,2.0,62.0,12.0,27.0,20.0,1.0,1.0
backfill-2025,2025_10_DET_WAS,2025,10,WAS,DET,0.2566,0.3248,-8.5,0.816,3.494,2.0,6.0,64.0,9.0,22.0,44.0,0.0,1.0
backfill-2025,2025_10_JAX_HOU,2025,10,HOU,JAX,0.6032,0.6568,-1.5,-1.591,-1.458,7.0,4.0,,,36.0,29.0,1.0,1.0
backfill-2025,2025_10_LA_SF,2025,10,SF,LA,0.3581,0.3906,-5.5,2.934,3.195,2.0,0.0,77.0,3.0,26.0,42.0,0.0,1.0
backfill-2025,2025_10_NE_TB,2025,10,TB,NE,0.5882,0.6396,2.5,4.199,6.31,4.0,0.0,82.0,11.0,23.0,28.0,0.0,0.0
backfill-2025,2025_10_NO_CAR,2025,10,CAR,NO,0.729,0.6733,5.5,0.198,-2.747,1.0,2.0,73.0,15.0,7.0,17.0,0.0,0.0
backfill-2025,2025_10_NYG_CHI,2025,10,CHI,NYG,0.6527,0.6639,4.5,1.706,2.256,4.0,7.0,33.0,10.0,24.0,20.0,1.0,1.0
backfill-2025,2025_10_PIT_LAC,2025,10,LAC,PIT,0.5839,0.558,3.0,1.552,0.761,2.0,4.0,,,25.0,10.0,1.0,1.0
backfill-2025,2025_10_PHI_GB,2025,10,GB,PHI,0.5206,0.4777,1.5,6.104,5.85,2.0,2.0,33.0,9.0,7.0,10.0,0.0,0.0
backfill-2025,2025_11_NYJ_NE,2025,11,NE,NYJ,0.7705,0.7409,12.5,6.614,0.027,4.0,2.0,39.0,9.0,27.0,14.0,1.0,1.0
backfill-2025,2025_11_BAL_CLE,2025,11,CLE,BAL,0.2565,0.2589,-7.5,-3.833,6.821,1.0,4.0,44.0,20.0,16.0,23.0,0.0,1.0
backfill-2025,2025_11_CAR_ATL,2025,11,ATL,CAR,0.5547,0.5702,4.5,0.567,-0.906,6.0,2.0,,,27.0,30.0,0.0,0.0
backfill-2025,2025_11_CHI_MIN,2025,11,MIN,CHI,0.5617,0.5837,3.0,-6.064,2.267,2.0,2.0,,,17.0,19.0,0.0,0.0
backfill-2025,2025_11_CIN_PIT,2025,11,PIT,CIN,0.6053,0.6308,5.5,0.571,-0.693,3.0,5.0,46.0,17.0,34.0,12.0,1.0,1.0
backfill-2025,2025_11_DET_PHI,2025,11,PHI,DET,0.6063,0.5671,2.5,4.876,5.321,0.0,8.0,45.0,15.0,16.0,9.0,1.0,1.0
backfill-2025,2025_11_GB_NYG,2025,11,NYG,GB,0.2025,0.2393,-7.5,-0.968,5.823,7.0,2.0,55.0,17.0,20.0,27.0,0.0,1.0
backfill-2025,2025_11_HOU_TEN,2025,11,TEN,HOU,0.208,0.1904,-5.5,-7.091,-0.782,3.0,5.0,64.0,8.0,13.0,16.0,0.0,1.0
backfill-2025,2025_11_KC_DEN,2025,11,DEN,KC,0.5313,0.5303,-3.5,2.149,5.484,5.0,1.0,70.0,6.0,22.0,19.0,1.0,1.0
backfill-2025,2025_11_LAC_JAX,2025,11,JAX,LAC,0.3656,0.3675,-3.0,-1.411,2.827,4.0,0.0,74.0,9.0,35.0,6.0,1.0,0.0
backfill-2025,2025_11_SEA_LA,2025,11,LA,SEA,0.5739,0.5559,3.0,4.536,3.692,0.0,2.0,,,21.0,19.0,1.0,1.0
backfill-2025,2025_11_SF_ARI,2025,11,ARI,SF,0.4178,0.4956,-3.5,-1.353,6.116,7.0,0.0,,,22.0,41.0,0.0,1.0
backfill-2025,2025_11_TB_BUF,2025,11,BUF,TB,0.6373,0.6023,6.0,5.745,3.329,2.0,5.0,38.0,20.0,44.0,32.0,1.0,1.0
backfill-2025,2025_11_WAS_MIA,2025,11,MIA,WAS,0.5869,0.5353,2.5,0.947,1.742,1.0,7.0,,,16.0,13.0,1.0,1.0
backfill-2025,2025_11_DAL_LV,2025,11,LV,DAL,0.3704,0.4335,-3.5,-1.645,4.83,1.0,1.0,,,16.0,33.0,0.0,1.0
backfill-2025,2025_12_BUF_HOU,2025,12,HOU,BUF,0.3963,0.4576,-5.5,-0.794,6.595,3.0,3.0,,,23.0,19.0,1.0,0.0
backfill-2025,2025_12_ATL_NO,2025,12,NO,ATL,0.5158,0.4999,1.5,-1.432,-1.551,2.0,5.0,,,10.0,24.0,0.0,0.0
backfill-2025,2025_12_CLE_LV,2025,12,LV,CLE,0.5718,0.5284,3.0,-3.368,-3.527,0.0,3.0,,,10.0,24.0,0.0,0.0
backfill-2025,2025_12_IND_KC,2025,12,KC,IND,0.6232,0.6454,3.5,6.706,6.102,1.0,1.0,,,23.0,20.0,1.0,1.0
backfill-2025,2025_12_JAX_ARI,2025,12,ARI,JAX,0.4465,0.4599,-2.5,0.522,-0.92,6.0,5.0,,,24.0,27.0,0.0,1.0
backfill-2025,2025_12_MIN_GB,2025,12,GB,MIN,0.7078,0.6982,6.5,6.96,-6.939,3.0,0.0,43.0,10.0,23.0,6.0,1.0,1.0
backfill-2025,2025_12_NE_CIN,2025,12,CIN,NE,0.2578,0.3695,-7.5,-1.937,7.716,6.0,1.0,54.0,7.0,20.0,26.0,0.0,1.0
backfill-2025,2025_12_NYG_DET,2025,12,DET,NYG,0.8638,0.8543,14.0,4.437,-0.268,5.0,4.0,,,34.0,27.0,1.0,1.0
backfill-2025,2025_12_NYJ_BAL,2025,12,BAL,NYJ,0.8247,0.8072,14.0,4.601,0.027,2.0,0.0,54.0,3.0,23.0,10.0,1.0,1.0
backfill-2025,2025_12_PHI_DAL,2025,12,DAL,PHI,0.2665,0.251,-3.0,5.147,2.599,0.0,1.0,,,24.0,21.0,1.0,0.0
backfill-2025,2025_12_PIT_CHI,2025,12,CHI,PIT,0.4927,0.4864,3.0,1.85,1.429,5.0,1.0,51.0,3.0,31.0,28.0,1.0,0.0
backfill-2025,2025_12_SEA_TEN,2025,12,TEN,SEA,0.1881,0.1318,-12.5,-6.535,4.634,3.0,2.0,55.0,1.0,24.0,30.0,0.0,1.0
backfill-2025,2025_12_TB_LA,2025,12,LA,TB,0.7518,0.6995,7.0,4.054,2.812,0.0,4.0,,,34.0,7.0,1.0,1.0
backfill-2025,2025_12_CAR_SF,2025,12,SF,CAR,0.7051,0.6947,7.5,6.043,-1.579,3.0,3.0,58.0,3.0,20.0,9.0,1.0,1.0
backfill-2025,2025_13_CIN_BAL,2025,13,BAL,CIN,0.7731,0.7769,7.0,3.885,4.561,2.0,4.0,38.0,11.0,14.0,32.0,0.0,0.0
backfill-2025,2025_13_GB_DET,2025,13,DET,GB,0.5794,0.5674,2.5,3.802,6.657,5.0,4.0,,,24.0,31.0,0.0,0.0
backfill-2025,2025_13_KC_DAL,2025,13,DAL,KC,0.3886,0.3371,-3.5,5.372,6.778,1.0,3.0,,,31.0,28.0,1.0,0.0
backfill-2025,2025_13_CHI_PHI,2025,13,PHI,CHI,0.7838,0.7505,7.0,2.876,2.146,3.0,6.0,42.0,18.0,15.0,24.0,0.0,0.0
backfill-2025,2025_13_ARI_TB,2025,13,TB,ARI,0.6706,0.678,4.5,0.782,0.627,2.0,6.0,80.0,8.0,20.0,17.0,1.0,1.0
backfill-2025,2025_13_ATL_NYJ,2025,13,NYJ,ATL,0.4463,0.4512,-3.0,0.973,-3.133,1.0,3.0,43.0,8.0,27.0,24.0,1.0,0.0
backfill-2025,2025_13_BUF_PIT,2025,13,PIT,BUF,0.4337,0.4245,-3.0,0.56,5.045,2.0,4.0,34.0,16.0,7.0,26.0,0.0,1.0
backfill-2025,2025_13_DEN_WAS,2025,13,WAS,DEN,0.2084,0.2723,-6.5,2.528,3.404,4.0,2.0,40.0,13.0,26.0,27.0,0.0,1.0
backfill-2025,2025_13_HOU_IND,2025,13,IND,HOU,0.5366,0.5029,3.0,5.078,4.169,1.0,2.0,,,16.0,20.0,0.0,0.0
backfill-2025,2025_13_JAX_TEN,2025,13,TEN,JAX,0.254,0.2316,-6.0,-4.84,-1.522,4.0,4.0,38.0,7.0,3.0,25.0,0.0,1.0
backfill-2025,2025_13_LA_CAR,2025,13,CAR,LA,0.2522,0.1955,-10.0,-1.234,4.692,5.0,0.0,45.0,3.0,31.0,28.0,1.0,0.0
backfill-2025,2025_13_LV_LAC,2025,13,LAC,LV,0.8235,0.7963,10.0,0.47,-6.113,1.0,1.0,,,31.0,14.0,1.0,1.0
backfill-2025,2025_13_MIN_SEA,2025,13,SEA,MIN,0.7545,0.7394,12.5,5.686,-0.639,2.0,2.0,45.0,2.0,26.0,0.0,1.0,1.0
backfill-2025,2025_13_NO_MIA,2025,13,MIA,NO,0.7732,0.7127,5.5,2.17,-3.166,0.0,1.0,76.0,10.0,21.0,17.0,1.0,1.0
backfill-2025,2025_13_SF_CLE,2025,13,CLE,SF,0.336,0.3299,-5.5,-2.425,4.641,3.0,3.0,35.0,20.0,8.0,26.0,0.0,1.0
backfill-2025,2025_13_NYG_NE,2025,13,NE,NYG,0.8275,0.7946,7.0,6.893,2.692,2.0,1.0,30.0,5.0,33.0,15.0,1.0,1.0
backfill-2025,2025_14_DAL_DET,2025,14,DET,DAL,0.6707,0.6873,3.5,2.82,5.703,5.0,2.0,,,44.0,30.0,1.0,1.0
backfill-2025,2025_14_CHI_GB,2025,14,GB,CHI,0.7094,0.6867,6.5,7.141,2.183,5.0,3.0,16.0,9.0,28.0,21.0,1.0,1.0
backfill-2025,2025_14_CIN_BUF,2025,14,BUF,CIN,0.7364,0.7533,6.0,5.39,4.285,3.0,3.0,31.0,12.0,39.0,34.0,1.0,1.0
backfill-2025,2025_14_DEN_LV,2025,14,LV,DEN,0.1955,0.1393,-8.5,-4.684,3.573,3.0,2.0,,,17.0,24.0,0.0,1.0
backfill-2025,2025_14_HOU_KC,2025,14,KC,HOU,0.6507,0.5844,4.5,8.217,4.305,4.0,2.0,27.0,8.0,10.0,20.0,0.0,0.0
backfill-2025,2025_14_IND_JAX,2025,14,JAX,IND,0.4709,0.5182,-2.5,-1.175,4.269,2.0,2.0,61.0,7.0,36.0,19.0,1.0,0.0
backfill-2025,2025_14_LA_ARI,2025,14,ARI,LA,0.2098,0.233,-9.5,0.876,3.928,10.0,1.0,,,17.0,45.0,0.0,1.0
backfill-2025,2025_14_MIA_NYJ,2025,14,NYJ,MIA,0.4324,0.3995,-2.5,1.182,0.667,5.0,0.0,41.0,6.0,10.0,34.0,0.0,1.0
backfill-2025,2025_14_NO_TB,2025,14,TB,NO,0.8203,0.7847,7.5,0.36,-3.837,3.0,3.0,73.0,6.0,20.0,24.0,0.0,0.0
backfill-2025,2025_14_PIT_BAL,2025,14,BAL,PIT,0.6074,0.6184,5.5,2.285,-0.986,2.0,3.0,44.0,6.0,22.0,27.0,0.0,0.0
backfill-2025,2025_14_SEA_ATL,2025,14,ATL,SEA,0.2025,0.2335,-7.0,-3.077,4.811,3.0,2.0,,,9.0,37.0,0.0,1.0
backfill-2025,2025_14_TEN_CLE,2025,14,CLE,TEN,0.7311,0.6987,4.5,-2.918,-5.77,5.0,3.0,33.0,6.0,29.0,31.0,0.0,0.0
backfill-2025,2025_14_WAS_MIN,2025,14,MIN,WAS,0.5352,0.5688,-1.5,-8.044,1.881,2.0,2.0,,,31.0,0.0,1.0,1.0
backfill-2025,2025_14_PHI_LAC,2025,14,LAC,PHI,0.4085,0.4058,-1.5,0.965,3.089,1.0,2.0,,,22.0,19.0,1.0,0.0
backfill-2025,2025_15_ATL_TB,2025,15,TB,ATL,0.6635,0.6832,6.0,-1.261,-4.163,4.0,1.0,56.0,5.0,28.0,29.0,0.0,0.0
backfill-2025,2025_15_ARI_HOU,2025,15,HOU,ARI,0.8492,0.8134,10.5,4.008,0.86,0.0,8.0,,,40.0,20.0,1.0,1.0
backfill-2025,2025_15_BAL_CIN,2025,15,CIN,BAL,0.3679,0.4423,-2.5,4.201,1.755,3.0,0.0,10.0,7.0,0.0,24.0,0.0,1.0
backfill-2025,2025_15_BUF_NE,2025,15,NE,BUF,0.5102,0.4549,-2.5,7.638,6.085,1.0,0.0,32.0,6.0,31.0,35.0,0.0,0.0
backfill-2025,2025_15_CAR_NO,2025,15,NO,CAR,0.4334,0.4544,-2.5,-2.961,-0.292,2.0,0.0,,,20.0,17.0,1.0,0.0
backfill-2025,2025_15_CLE_CHI,2025,15,CHI,CLE,0.807,0.7729,7.5,0.918,-1.254,2.0,8.0,8.0,6.0,31.0,3.0,1.0,1.0
backfill-2025,2025_15_DET_LA,2025,15,LA,DET,0.6314,0.5792,5.5,5.304,2.878,0.0,4.0,,,41.0,34.0,1.0,1.0
backfill-2025,2025_15_GB_DEN,2025,15,DEN,GB,0.5201,0.5345,-1.5,4.44,7.716,2.0,3.0,65.0,3.0,34.0,26.0,1.0,1.0
backfill-2025,2025_15_IND_SEA,2025,15,SEA,IND,0.7351,0.744,13.5,4.37,4.47,2.0,4.0,51.0,9.0,18.0,16.0,1.0,1.0
backfill-2025,2025_15_LAC_KC,2025,15,KC,LAC,0.6125,0.6021,5.5,6.113,0.151,4.0,3.0,,,13.0,16.0,0.0,0.0
backfill-2025,2025_15_LV_PHI,2025,15,PHI,LV,0.8958,0.8778,12.5,1.354,-0.55,2.0,3.0,30.0,20.0,31.0,0.0,1.0,1.0
backfill-2025,2025_15_MIN_DAL,2025,15,DAL,MIN,0.6051,0.5507,5.5,5.975,-6.481,1.0,0.0,,,26.0,34.0,0.0,0.0
backfill-2025,2025_15_NYJ_JAX,2025,15,JAX,NYJ,0.8284,0.7817,13.5,0.675,-4.997,0.0,5.0,70.0,11.0,48.0,20.0,1.0,1.0
backfill-2025,2025_15_TEN_SF,2025,15,SF,TEN,0.8881,0.8629,12.5,4.567,-5.556,5.0,1.0,54.0,4.0,37.0,24.0,1.0,1.0
backfill-2025,2025_15_WAS_NYG,2025,15,NYG,WAS,0.5157,0.4426,2.5,2.044,-0.06,6.0,3.0,27.0,13.0,21.0,29.0,0.0,0.0
backfill-2025,2025_15_MIA_PIT,2025,15,PIT,MIA,0.5363,0.5634,3.0,0.374,0.695,3.0,2.0,17.0,7.0,28.0,15.0,1.0,1.0
backfill-2025,2025_16_LA_SEA,2025,16,SEA,LA,0.5544,0.5239,1.5,3.798,5.241,1.0,1.0,51.0,17.0,38.0,37.0,1.0,1.0
backfill-2025,2025_16_GB_CHI,2025,16,CHI,GB,0.4088,0.4052,1.5,1.68,6.223,3.0,4.0,37.0,6.0,22.0,16.0,1.0,0.0
backfill-2025,2025_16_PHI_WAS,2025,16,WAS,PHI,0.2425,0.2891,-7.0,0.132,2.788,4.0,2.0,42.0,7.0,18.0,29.0,0.0,1.0
backfill-2025,2025_16_ATL_ARI,2025,16,ARI,ATL,0.4617,0.5156,-2.5,0.567,-2.169,5.0,3.0,,,19.0,26.0,0.0,1.0
backfill-2025,2025_16_BUF_CLE,2025,16,CLE,BUF,0.1963,0.1646,-10.5,-3.802,6.2,6.0,3.0,25.0,16.0,20.0,23.0,0.0,1.0
backfill-2025,2025_16_CIN_MIA,2025,16,MIA,CIN,0.5808,0.618,-3.5,-1.011,3.116,3.0,3.0,81.0,7.0,21.0,45.0,0.0,0.0
backfill-2025,2025_16_JAX_DEN,2025,16,DEN,JAX,0.7192,0.7053,3.5,4.869,2.45,2.0,3.0,62.0,3.0,20.0,34.0,0.0,0.0
backfill-2025,2025_16_KC_TEN,2025,16,TEN,KC,0.2777,0.1619,-3.5,-4.186,-3.195,4.0,9.0,51.0,8.0,26.0,9.0,1.0,0.0
backfill-2025,2025_16_LAC_DAL,2025,16,DAL,LAC,0.3939,0.4066,1.5,4.192,1.381,2.0,2.0,,,17.0,34.0,0.0,1.0
backfill-2025,2025_16_LV_HOU,2025,16,HOU,LV,0.9032,0.8927,14.5,5.067,-6.151,0.0,1.0,,,23.0,21.0,1.0,1.0
backfill-2025,2025_16_MIN_NYG,2025,16,NYG,MIN,0.3213,0.2843,-2.5,2.519,-4.529,4.0,4.0,46.0,20.0,13.0,16.0,0.0,1.0
backfill-2025,2025_16_NE_BAL,2025,16,BAL,NE,0.5583,0.5345,3.5,0.435,6.153,3.0,1.0,40.0,2.0,24.0,28.0,0.0,0.0
backfill-2025,2025_16_NYJ_NO,2025,16,NO,NYJ,0.6123,0.5958,6.5,-1.498,0.456,3.0,3.0,,,29.0,6.0,1.0,1.0
backfill-2025,2025_16_PIT_DET,2025,16,DET,PIT,0.6731,0.6537,7.5,3.941,1.243,2.0,4.0,,,24.0,29.0,0.0,0.0
backfill-2025,2025_16_TB_CAR,2025,16,CAR,TB,0.413,0.4258,-3.0,0.561,-0.681,2.0,0.0,61.0,8.0,23.0,20.0,1.0,0.0
backfill-2025,2025_16_SF_IND,2025,16,IND,SF,0.4474,0.4526,-4.5,5.245,6.862,5.0,3.0,,,27.0,48.0,0.0,1.0
backfill-2025,2025_17_DAL_WAS,2025,17,WAS,DAL,0.3954,0.5016,-8.5,0.301,4.19,5.0,5.0,50.0,7.0,23.0,30.0,0.0,1.0
backfill-2025,2025_17_DEN_KC,2025,17,KC,DEN,0.2958,0.3781,-13.5,-1.751,3.883,1.0,5.0,,,13.0,20.0,0.0,1.0
backfill-2025,2025_17_DET_MIN,2025,17,MIN,DET,0.4459,0.4422,-7.0,-4.431,4.199,5.0,2.0,,,23.0,10.0,1.0,0.0
backfill-2025,2025_17_BAL_GB,2025,17,GB,BAL,0.6176,0.6597,2.5,1.943,-1.415,3.0,2.0,36.0,10.0,24.0,41.0,0.0,0.0
backfill-2025,2025_17_HOU_LAC,2025,17,LAC,HOU,0.5269,0.482,1.5,3.262,5.041,4.0,5.0,,,16.0,20.0,0.0,0.0
backfill-2025,2025_17_ARI_CIN,2025,17,CIN,ARI,0.7274,0.6823,7.0,4.118,0.492,4.0,4.0,65.0,9.0,37.0,14.0,1.0,1.0
backfill-2025,2025_17_CHI_SF,2025,17,SF,CHI,0.6343,0.571,3.5,6.851,2.167,2.0,2.0,53.0,5.0,42.0,38.0,1.0,1.0
backfill-2025,2025_17_JAX_IND,2025,17,IND,JAX,0.3319,0.3663,-3.5,4.314,3.27,8.0,4.0,,,17.0,23.0,0.0,1.0
backfill-2025,2025_17_NE_NYJ,2025,17,NYJ,NE,0.2391,0.208,-12.5,0.456,6.181,4.0,7.0,29.0,4.0,10.0,42.0,0.0,1.0
backfill-2025,2025_17_NO_TEN,2025,17,TEN,NO,0.5019,0.4227,-1.5,-3.885,-1.169,3.0,4.0,71.0,14.0,26.0,34.0,0.0,0.0
backfill-2025,2025_17_NYG_LV,2025,17,LV,NYG,0.497,0.504,-3.0,-5.295,1.271,2.0,7.0,,,10.0,34.0,0.0,1.0
backfill-2025,2025_17_PHI_BUF,2025,17,BUF,PHI,0.6073,0.5685,3.0,4.986,3.44,4.0,2.0,38.0,6.0,12.0,13.0,0.0,0.0
backfill-2025,2025_17_PIT_CLE,2025,17,CLE,PIT,0.2772,0.2388,-4.5,-4.107,1.651,2.0,4.0,45.0,14.0,13.0,6.0,1.0,0.0
backfill-2025,2025_17_SEA_CAR,2025,17,CAR,SEA,0.2438,0.2206,-6.5,1.557,1.815,2.0,2.0,43.0,2.0,10.0,27.0,0.0,1.0
backfill-2025,2025_17_TB_MIA,2025,17,MIA,TB,0.5083,0.4941,-5.5,-0.586,-2.138,5.0,3.0,80.0,3.0,20.0,17.0,1.0,1.0
backfill-2025,2025_17_LA_ATL,2025,17,ATL,LA,0.2079,0.2242,-7.5,-0.774,6.501,4.0,3.0,,,27.0,24.0,1.0,0.0
backfill-2025,2025_18_CAR_TB,2025,18,TB,CAR,0.575,0.6088,3.0,-2.773,-0.151,2.0,2.0,69.0,11.0,16.0,14.0,1.0,1.0
backfill-2025,2025_18_SEA_SF,2025,18,SF,SEA,0.5169,0.4288,-2.5,8.861,0.339,0.0,2.0,57.0,8.0,3.0,13.0,0.0,0.0
backfill-2025,2025_18_ARI_LA,2025,18,LA,ARI,0.8984,0.8719,14.5,6.379,-0.214,4.0,1.0,,,37.0,20.0,1.0,1.0
backfill-2025,2025_18_BAL_PIT,2025,18,PIT,BAL,0.5203,0.4767,-4.5,-0.013,0.1,0.0,0.0,25.0,3.0,26.0,24.0,1.0,1.0
backfill-2025,2025_18_CLE_CIN,2025,18,CIN,CLE,0.7618,0.7025,9.5,5.167,-4.203,4.0,4.0,37.0,0.0,18.0,20.0,0.0,0.0
backfill-2025,2025_18_DAL_NYG,2025,18,NYG,DAL,0.4031,0.3741,-3.0,2.448,3.83,6.0,5.0,33.0,7.0,34.0,17.0,1.0,0.0
backfill-2025,2025_18_DET_CHI,2025,18,CHI,DET,0.5677,0.5325,3.5,3.862,2.229,1.0,6.0,33.0,4.0,16.0,19.0,0.0,0.0
backfill-2025,2025_18_GB_MIN,2025,18,MIN,GB,0.582,0.507,12.5,-4.529,-1.452,4.0,5.0,,,16.0,3.0,1.0,1.0
backfill-2025,2025_18_IND_HOU,2025,18,HOU,IND,0.8196,0.7811,9.5,4.808,-1.215,2.0,4.0,,,38.0,30.0,1.0,1.0
backfill-2025,2025_18_KC_LV,2025,18,LV,KC,0.2683,0.2239,-3.5,-1.57,-2.841,3.0,3.0,,,14.0,12.0,1.0,0.0
backfill-2025,2025_18_LAC_DEN,2025,18,DEN,LAC,0.6962,0.6479,14.5,4.094,-1.441,2.0,4.0,66.0,8.0,19.0,3.0,1.0,1.0
backfill-2025,2025_18_MIA_NE,2025,18,NE,MIA,0.7284,0.7228,14.0,7.482,-0.118,4.0,3.0,29.0,6.0,38.0,10.0,1.0,1.0
backfill-2025,2025_18_NO_ATL,2025,18,ATL,NO,0.6319,0.5883,4.5,-0.476,0.25,5.0,4.0,,,19.0,17.0,1.0,1.0
backfill-2025,2025_18_NYJ_BUF,2025,18,BUF,NYJ,0.9041,0.8961,12.5,-0.464,-9.402,3.0,8.0,27.0,13.0,35.0,8.0,1.0,1.0
backfill-2025,2025_18_TEN_JAX,2025,18,JAX,TEN,0.8916,0.878,12.5,3.571,-3.418,2.0,6.0,55.0,8.0,41.0,7.0,1.0,1.0
backfill-2025,2025_18_WAS_PHI,2025,18,PHI,WAS,0.8111,0.8272,3.0,1.395,-0.591,6.0,3.0,35.0,9.0,17.0,24.0,0.0,0.0
backfill-2025,2025_19_GB_CHI,2025,19,CHI,GB,0.5746,0.5271,-2.5,3.627,5.389,3.0,1.0,32.0,6.0,31.0,27.0,1.0,1.0
backfill-2025,2025_19_LA_CAR,2025,19,CAR,LA,0.2382,0.2179,-10.0,0.082,6.925,0.0,2.0,72.0,16.0,31.0,34.0,0.0,1.0
backfill-2025,2025_19_BUF_JAX,2025,19,JAX,BUF,0.5697,0.4975,1.5,5.66,5.216,0.0,4.0,62.0,6.0,24.0,27.0,0.0,0.0
backfill-2025,2025_19_LAC_NE,2025,19,NE,LAC,0.6346,0.6116,3.5,7.505,1.505,2.0,2.0,35.0,10.0,16.0,3.0,1.0,1.0
backfill-2025,2025_19_SF_PHI,2025,19,PHI,SF,0.597,0.5708,6.0,3.013,7.411,0.0,0.0,46.0,22.0,19.0,23.0,0.0,0.0
backfill-2025,2025_19_HOU_PIT,2025,19,PIT,HOU,0.4362,0.3761,-3.0,-0.34,4.271,0.0,2.0,32.0,9.0,6.0,30.0,0.0,1.0
backfill-2025,2025_20_BUF_DEN,2025,20,DEN,BUF,0.6018,0.5531,1.5,3.403,5.631,2.0,3.0,36.0,5.0,33.0,30.0,1.0,1.0
backfill-2025,2025_20_SF_SEA,2025,20,SEA,SF,0.7085,0.6803,6.5,0.817,6.469,3.0,2.0,46.0,5.0,41.0,6.0,1.0,1.0
backfill-2025,2025_20_HOU_NE,2025,20,NE,HOU,0.5053,0.463,3.0,7.121,2.56,0.0,2.0,35.0,2.0,28.0,16.0,1.0,1.0
backfill-2025,2025_20_LA_CHI,2025,20,CHI,LA,0.4446,0.3964,-3.5,2.818,6.523,1.0,0.0,19.0,6.0,17.0,20.0,0.0,1.0
backfill-2025,2025_21_LA_SEA,2025,21,SEA,LA,0.5387,0.6191,2.5,-0.505,5.142,2.0,1.0,41.0,2.0,31.0,27.0,1.0,1.0
backfill-2025,2025_21_NE_DEN,2025,21,DEN,NE,0.4925,0.585,-3.5,-1.0,6.104,4.0,4.0,26.0,10.0,7.0,10.0,0.0,1.0
backfill-2025,2025_22_SEA_NE,2025,22,NE,SEA,0.4729,0.4471,-4.5,5.766,0.892,1.0,0.0,67.0,7.0,13.0,29.0,0.0,1.0
