game_id,season,week,away,home,espn_event_id,fpi_home_prob,fpi_raw_home,fpi_raw_away,matchup_quality,fetched_at
2015_01_BAL_DEN,2015,1,BAL,DEN,400791587,0.64995,64.8,34.9,58.312,2026-08-26T15:01:05Z
2015_01_CAR_JAX,2015,1,CAR,JAX,400791547,0.38353,38.2,61.4,60.615,2026-08-26T15:01:05Z
2015_01_CIN_OAK,2015,1,CIN,OAK,400791585,0.37613,37.5,62.2,68.05,2026-08-26T15:01:05Z
2015_01_CLE_NYJ,2015,1,CLE,NYJ,400791497,0.62086,61.9,37.8,47.123,2026-08-26T15:01:05Z
2015_01_DET_SD,2015,1,DET,SD,400791558,0.57272,57.099999999999994,42.6,34.149,2026-08-26T15:01:05Z
2015_01_GB_CHI,2015,1,GB,CHI,400791489,0.333,33.2,66.5,54.272,2026-08-26T15:01:05Z
2015_01_IND_BUF,2015,1,IND,BUF,400791541,0.42671,42.5,57.099999999999994,60.208,2026-08-26T15:01:05Z
2015_01_KC_HOU,2015,1,KC,HOU,400791493,0.54518,54.300000000000004,45.300000000000004,75.789,2026-08-26T15:01:05Z
2015_01_MIA_WAS,2015,1,MIA,WAS,400791544,0.41625,41.5,58.199999999999996,31.029,2026-08-26T15:01:05Z
2015_01_MIN_SF,2015,1,MIN,SF,400791600,0.55924,55.7,43.9,46.271,2026-08-26T15:01:05Z
2015_01_NO_ARI,2015,1,NO,ARI,400791555,0.55868,55.7,44.0,52.493,2026-08-26T15:01:05Z
2015_01_NYG_DAL,2015,1,NYG,DAL,400791590,0.68004,67.80000000000001,31.900000000000002,41.328,2026-08-26T15:01:05Z
2015_01_PHI_ATL,2015,1,PHI,ATL,400791596,0.49197,49.0,50.6,36.306,2026-08-26T15:01:05Z
2015_01_PIT_NE,2015,1,PIT,NE,400791485,0.67335,67.2,32.6,91.564,2026-08-26T15:01:05Z
2015_01_SEA_STL,2015,1,SEA,STL,400791550,0.39519,39.4,60.3,76.187,2026-08-26T15:01:05Z
2015_01_TEN_TB,2015,1,TEN,TB,400791582,0.58133,57.9,41.699999999999996,23.778,2026-08-26T15:01:05Z
2015_02_ARI_CHI,2015,2,ARI,CHI,400791661,0.43831,43.7,56.00000000000001,71.087,2026-08-26T15:01:05Z
2015_02_ATL_NYG,2015,2,ATL,NYG,400791672,0.5743,57.199999999999996,42.4,35.273,2026-08-26T15:01:05Z
2015_02_BAL_OAK,2015,2,BAL,OAK,400791702,0.30361,30.3,69.5,38.863,2026-08-26T15:01:05Z
2015_02_DAL_PHI,2015,2,DAL,PHI,400791705,0.61585,61.4,38.3,41.462,2026-08-26T15:01:05Z
2015_02_DEN_KC,2015,2,DEN,KC,400791624,0.53414,53.2,46.400000000000006,87.061,2026-08-26T15:01:05Z
2015_02_DET_MIN,2015,2,DET,MIN,400791638,0.49398,49.2,50.4,52.208,2026-08-26T15:01:05Z
2015_02_HOU_CAR,2015,2,HOU,CAR,400791628,0.59278,59.099999999999994,40.6,57.115,2026-08-26T15:01:05Z
2015_02_MIA_JAX,2015,2,MIA,JAX,400791680,0.35607,35.5,64.2,22.882,2026-08-26T15:01:05Z
2015_02_NE_BUF,2015,2,NE,BUF,400791664,0.4323,43.1,56.599999999999994,83.169,2026-08-26T15:01:05Z
2015_02_NYJ_IND,2015,2,NYJ,IND,400791711,0.71142,71.0,28.799999999999997,68.312,2026-08-26T15:01:05Z
2015_02_SD_CIN,2015,2,SD,CIN,400791666,0.67904,67.7,32.0,53.939,2026-08-26T15:01:05Z
2015_02_SEA_GB,2015,2,SEA,GB,400791708,0.62788,62.6,37.1,91.662,2026-08-26T15:01:05Z
2015_02_SF_PIT,2015,2,SF,PIT,400791630,0.7001,69.8,29.9,51.095,2026-08-26T15:01:05Z
2015_02_STL_WAS,2015,2,STL,WAS,400791675,0.45838,45.7,54.0,33.177,2026-08-26T15:01:05Z
2015_02_TB_NO,2015,2,TB,NO,400791634,0.78156,78.0,21.8,24.499,2026-08-26T15:01:05Z
2015_02_TEN_CLE,2015,2,TEN,CLE,400791669,0.4012,40.0,59.699999999999996,10.439,2026-08-26T15:01:05Z
2015_03_ATL_DAL,2015,3,ATL,DAL,400791491,0.51004,50.8,48.8,26.203,2026-08-26T15:01:05Z
2015_03_BUF_MIA,2015,3,BUF,MIA,400791623,0.56369,56.2,43.5,46.5,2026-08-26T15:01:05Z
2015_03_CHI_SEA,2015,3,CHI,SEA,400791626,0.918,91.8,8.200000000000001,51.082,2026-08-26T15:01:05Z
2015_03_CIN_BAL,2015,3,CIN,BAL,400791546,0.56269,56.10000000000001,43.6,72.314,2026-08-26T15:01:05Z
2015_03_DEN_DET,2015,3,DEN,DET,400791631,0.41767,41.6,57.99999999999999,65.287,2026-08-26T15:01:05Z
2015_03_IND_TEN,2015,3,IND,TEN,400791496,0.43531,43.4,56.3,30.402,2026-08-26T15:01:05Z
2015_03_JAX_NE,2015,3,JAX,NE,400791553,0.82164,82.0,17.8,51.593,2026-08-26T15:01:05Z
2015_03_KC_GB,2015,3,KC,GB,400791635,0.68907,68.7,31.0,87.555,2026-08-26T15:01:05Z
2015_03_NO_CAR,2015,3,NO,CAR,400791557,0.8008,80.0,19.900000000000002,49.907,2026-08-26T15:01:05Z
2015_03_OAK_CLE,2015,3,OAK,CLE,400791500,0.64594,64.4,35.3,21.76,2026-08-26T15:01:05Z
2015_03_PHI_NYJ,2015,3,PHI,NYJ,400791583,0.49799,49.6,50.0,55.339,2026-08-26T15:01:05Z
2015_03_PIT_STL,2015,3,PIT,STL,400791594,0.39819,39.7,60.0,70.767,2026-08-26T15:01:05Z
2015_03_SD_MIN,2015,3,SD,MIN,400791592,0.50502,50.3,49.3,50.296,2026-08-26T15:01:05Z
2015_03_SF_ARI,2015,3,SF,ARI,400791597,0.73747,73.6,26.200000000000003,53.544,2026-08-26T15:01:05Z
2015_03_TB_HOU,2015,3,TB,HOU,400791589,0.76954,76.8,23.0,33.078,2026-08-26T15:01:05Z
2015_03_WAS_NYG,2015,3,WAS,NYG,400791484,0.58877,58.699999999999996,41.0,32.561,2026-08-26T15:01:05Z
2015_04_BAL_PIT,2015,4,BAL,PIT,400791662,0.56426,56.2,43.4,56.727,2026-08-26T15:01:05Z
2015_04_CAR_TB,2015,4,CAR,TB,400791701,0.34303,34.2,65.5,66.59,2026-08-26T15:01:05Z
2015_04_CLE_SD,2015,4,CLE,SD,400791714,0.75551,75.4,24.4,29.427,2026-08-26T15:01:05Z
2015_04_DAL_NO,2015,4,DAL,NO,400791720,0.62287,62.1,37.6,22.556,2026-08-26T15:01:05Z
2015_04_DET_SEA,2015,4,DET,SEA,400791741,0.78357,78.2,21.6,55.366,2026-08-26T15:01:05Z
2015_04_GB_SF,2015,4,GB,SF,400791716,0.27081,27.0,72.7,49.708,2026-08-26T15:01:05Z
2015_04_HOU_ATL,2015,4,HOU,ATL,400791709,0.62989,62.8,36.9,35.528,2026-08-26T15:01:05Z
2015_04_JAX_IND,2015,4,JAX,IND,400791671,0.83584,83.5,16.400000000000002,32.644,2026-08-26T15:01:05Z
2015_04_KC_CIN,2015,4,KC,CIN,400791712,0.60883,60.699999999999996,39.0,89.611,2026-08-26T15:01:05Z
2015_04_MIN_DEN,2015,4,MIN,DEN,400791719,0.75551,75.4,24.4,74.465,2026-08-26T15:01:05Z
2015_04_NYG_BUF,2015,4,NYG,BUF,400791678,0.72445,72.3,27.500000000000004,48.746,2026-08-26T15:01:05Z
2015_04_NYJ_MIA,2015,4,NYJ,MIA,400761514,0.40421,40.300000000000004,59.4,53.266,2026-08-26T15:01:05Z
2015_04_OAK_CHI,2015,4,OAK,CHI,400791706,0.46185,46.0,53.6,33.685,2026-08-26T15:01:05Z
2015_04_PHI_WAS,2015,4,PHI,WAS,400791704,0.38315,38.2,61.5,33.61,2026-08-26T15:01:05Z
2015_04_STL_ARI,2015,4,STL,ARI,400791718,0.83066,82.89999999999999,16.900000000000002,57.268,2026-08-26T15:01:05Z
2015_05_ARI_DET,2015,5,ARI,DET,400791554,0.33801,33.7,66.0,73.32,2026-08-26T15:01:05Z
2015_05_BUF_TEN,2015,5,BUF,TEN,400791551,0.50502,50.3,49.3,32.604,2026-08-26T15:01:05Z
2015_05_CHI_KC,2015,5,CHI,KC,400791488,0.75952,75.8,24.0,55.878,2026-08-26T15:01:05Z
2015_05_CLE_BAL,2015,5,CLE,BAL,400791545,0.77555,77.4,22.400000000000002,34.546,2026-08-26T15:01:05Z
2015_05_DEN_OAK,2015,5,DEN,OAK,400791560,0.29659,29.599999999999998,70.19999999999999,64.611,2026-08-26T15:01:05Z
2015_05_IND_HOU,2015,5,IND,HOU,400791487,0.59679,59.5,40.2,37.721,2026-08-26T15:01:05Z
2015_05_JAX_TB,2015,5,JAX,TB,400791498,0.53213,53.0,46.6,24.332,2026-08-26T15:01:05Z
2015_05_NE_DAL,2015,5,NE,DAL,400791559,0.26253,26.200000000000003,73.6,59.286,2026-08-26T15:01:05Z
2015_05_NO_PHI,2015,5,NO,PHI,400791542,0.72946,72.8,27.0,33.549,2026-08-26T15:01:05Z
2015_05_PIT_SD,2015,5,PIT,SD,400791588,0.52357,52.2,47.5,53.008,2026-08-26T15:01:05Z
2015_05_SEA_CIN,2015,5,SEA,CIN,400791492,0.60381,60.199999999999996,39.5,92.97,2026-08-26T15:01:05Z
2015_05_SF_NYG,2015,5,SF,NYG,400791584,0.76553,76.4,23.400000000000002,34.257,2026-08-26T15:01:05Z
2015_05_STL_GB,2015,5,STL,GB,400791548,0.74549,74.4,25.4,54.786,2026-08-26T15:01:05Z
2015_05_WAS_ATL,2015,5,WAS,ATL,400791495,0.76152,76.0,23.799999999999997,33.137,2026-08-26T15:01:05Z
2015_06_ARI_PIT,2015,6,ARI,PIT,400791621,0.41324,41.199999999999996,58.5,90.111,2026-08-26T15:01:05Z
2015_06_ATL_NO,2015,6,ATL,NO,400791593,0.40161,40.0,59.599999999999994,27.29,2026-08-26T15:01:05Z
2015_06_BAL_SF,2015,6,BAL,SF,400791670,0.43775,43.6,56.00000000000001,32.76,2026-08-26T15:01:05Z
2015_06_CAR_SEA,2015,6,CAR,SEA,400791663,0.67234,67.10000000000001,32.7,94.843,2026-08-26T15:01:05Z
2015_06_CHI_DET,2015,6,CHI,DET,400791629,0.64493,64.3,35.4,33.589,2026-08-26T15:01:05Z
2015_06_CIN_BUF,2015,6,CIN,BUF,400791627,0.499,49.7,49.9,70.838,2026-08-26T15:01:05Z
2015_06_DEN_CLE,2015,6,DEN,CLE,400791633,0.42771,42.6,56.99999999999999,50.964,2026-08-26T15:01:05Z
2015_06_HOU_JAX,2015,6,HOU,JAX,400791637,0.49498,49.3,50.3,30.347,2026-08-26T15:01:05Z
2015_06_KC_MIN,2015,6,KC,MIN,400791625,0.58977,58.8,40.9,83.221,2026-08-26T15:01:05Z
2015_06_MIA_TEN,2015,6,MIA,TEN,400791639,0.57272,57.099999999999994,42.6,17.626,2026-08-26T15:01:05Z
2015_06_NE_IND,2015,6,NE,IND,400791674,0.40421,40.300000000000004,59.4,81.515,2026-08-26T15:01:05Z
2015_06_NYG_PHI,2015,6,NYG,PHI,400791676,0.71844,71.7,28.1,36.322,2026-08-26T15:01:05Z
2015_06_SD_GB,2015,6,SD,GB,400791667,0.77756,77.60000000000001,22.2,51.541,2026-08-26T15:01:05Z
2015_06_WAS_NYJ,2015,6,WAS,NYJ,400791598,0.77054,76.9,22.900000000000002,51.087,2026-08-26T15:01:05Z
2015_07_ATL_TEN,2015,7,ATL,TEN,400791517,0.23948,23.9,75.9,13.652,2026-08-26T15:01:05Z
2015_07_BAL_ARI,2015,7,BAL,ARI,400791574,0.7968,79.60000000000001,20.3,57.859,2026-08-26T15:01:05Z
2015_07_BUF_JAX,2015,7,BUF,JAX,400761515,0.27756,27.700000000000003,72.1,27.726,2026-08-26T15:01:05Z
2015_07_CLE_STL,2015,7,CLE,STL,400791529,0.66733,66.60000000000001,33.2,35.259,2026-08-26T15:01:05Z
2015_07_DAL_NYG,2015,7,DAL,NYG,400791564,0.53514,53.300000000000004,46.300000000000004,27.266,2026-08-26T15:01:05Z
2015_07_HOU_MIA,2015,7,HOU,MIA,400791533,0.66633,66.5,33.300000000000004,38.993,2026-08-26T15:01:05Z
2015_07_MIN_DET,2015,7,MIN,DET,400791523,0.51908,51.7,47.9,53.332,2026-08-26T15:01:05Z
2015_07_NO_IND,2015,7,NO,IND,400791520,0.67302,67.10000000000001,32.6,42.128,2026-08-26T15:01:05Z
2015_07_NYJ_NE,2015,7,NYJ,NE,400791536,0.69639,69.5,30.3,79.566,2026-08-26T15:01:05Z
2015_07_OAK_SD,2015,7,OAK,SD,400791540,0.67034,66.9,32.9,30.522,2026-08-26T15:01:05Z
2015_07_PHI_CAR,2015,7,PHI,CAR,400791567,0.48092,47.9,51.7,58.008,2026-08-26T15:01:05Z
2015_07_PIT_KC,2015,7,PIT,KC,400791527,0.51908,51.7,47.9,76.97,2026-08-26T15:01:05Z
2015_07_SEA_SF,2015,7,SEA,SF,400791503,0.34403,34.300000000000004,65.4,66.812,2026-08-26T15:01:05Z
2015_07_TB_WAS,2015,7,TB,WAS,400791511,0.65496,65.3,34.4,27.033,2026-08-26T15:01:05Z
2015_08_ARI_CLE,2015,8,ARI,CLE,400791609,0.27255,27.200000000000003,72.6,59.281,2026-08-26T15:01:05Z
2015_08_CIN_PIT,2015,8,CIN,PIT,400791649,0.53614,53.400000000000006,46.2,93.779,2026-08-26T15:01:05Z
2015_08_DET_KC,2015,8,DET,KC,400761516,0.60944,60.699999999999996,38.9,64.814,2026-08-26T15:01:05Z
2015_08_GB_DEN,2015,8,GB,DEN,400791684,0.49598,49.4,50.2,77.068,2026-08-26T15:01:05Z
2015_08_IND_CAR,2015,8,IND,CAR,400791690,0.57071,56.89999999999999,42.8,68.998,2026-08-26T15:01:05Z
2015_08_MIA_NE,2015,8,MIA,NE,400791601,0.78579,78.5,21.4,54.937,2026-08-26T15:01:05Z
2015_08_MIN_CHI,2015,8,MIN,CHI,400791642,0.46185,46.0,53.6,50.839,2026-08-26T15:01:05Z
2015_08_NYG_NO,2015,8,NYG,NO,400791618,0.58776,58.599999999999994,41.099999999999994,27.852,2026-08-26T15:01:05Z
2015_08_NYJ_OAK,2015,8,NYJ,OAK,400791657,0.32598,32.5,67.2,55.502,2026-08-26T15:01:05Z
2015_08_SD_BAL,2015,8,SD,BAL,400791646,0.66098,65.9,33.800000000000004,39.207,2026-08-26T15:01:05Z
2015_08_SEA_DAL,2015,8,SEA,DAL,400791681,0.41625,41.5,58.199999999999996,64.592,2026-08-26T15:01:05Z
2015_08_SF_STL,2015,8,SF,STL,400791613,0.7014,70.0,29.799999999999997,33.051,2026-08-26T15:01:05Z
2015_08_TB_ATL,2015,8,TB,ATL,400791605,0.80962,80.80000000000001,19.0,32.033,2026-08-26T15:01:05Z
2015_08_TEN_HOU,2015,8,TEN,HOU,400791653,0.69308,69.1,30.599999999999998,35.29,2026-08-26T15:01:05Z
2015_09_ATL_SF,2015,9,ATL,SF,400791732,0.24449,24.4,75.4,12.605,2026-08-26T15:01:05Z
2015_09_CHI_SD,2015,9,CHI,SD,400791735,0.71414,71.2,28.499999999999996,32.558,2026-08-26T15:01:05Z
2015_09_CLE_CIN,2015,9,CLE,CIN,400791698,0.82665,82.5,17.299999999999997,50.023,2026-08-26T15:01:05Z
2015_09_DEN_IND,2015,9,DEN,IND,400791733,0.53414,53.2,46.400000000000006,77.218,2026-08-26T15:01:05Z
2015_09_GB_CAR,2015,9,GB,CAR,400791700,0.52959,52.800000000000004,46.9,79.165,2026-08-26T15:01:05Z
2015_09_JAX_NYJ,2015,9,JAX,NYJ,400791728,0.76754,76.6,23.200000000000003,47.389,2026-08-26T15:01:05Z
2015_09_MIA_BUF,2015,9,MIA,BUF,400791725,0.68004,67.80000000000001,31.900000000000002,48.325,2026-08-26T15:01:05Z
2015_09_NYG_TB,2015,9,NYG,TB,400791731,0.45938,45.800000000000004,53.900000000000006,30.551,2026-08-26T15:01:05Z
2015_09_OAK_PIT,2015,9,OAK,PIT,400791730,0.8006,79.9,19.900000000000002,54.364,2026-08-26T15:01:05Z
2015_09_PHI_DAL,2015,9,PHI,DAL,400791734,0.3661,36.5,63.2,26.662,2026-08-26T15:01:05Z
2015_09_STL_MIN,2015,9,STL,MIN,400791727,0.56024,55.800000000000004,43.8,52.964,2026-08-26T15:01:05Z
2015_09_TEN_NO,2015,9,TEN,NO,400791722,0.64995,64.8,34.9,20.58,2026-08-26T15:01:05Z
2015_09_WAS_NE,2015,9,WAS,NE,400791721,0.86386,86.3,13.600000000000001,57.662,2026-08-26T15:01:05Z
2015_10_ARI_SEA,2015,10,ARI,SEA,400791599,0.47041,46.9,52.800000000000004,93.948,2026-08-26T15:01:05Z
2015_10_BUF_NYJ,2015,10,BUF,NYJ,400791486,0.58434,58.199999999999996,41.4,67.516,2026-08-26T15:01:05Z
2015_10_CAR_TEN,2015,10,CAR,TEN,400791499,0.37713,37.6,62.1,55.587,2026-08-26T15:01:05Z
2015_10_CHI_STL,2015,10,CHI,STL,400791543,0.69639,69.5,30.3,35.319,2026-08-26T15:01:05Z
2015_10_CLE_PIT,2015,10,CLE,PIT,400791556,0.72445,72.3,27.500000000000004,44.696,2026-08-26T15:01:05Z
2015_10_DAL_TB,2015,10,DAL,TB,400791494,0.44478,44.3,55.300000000000004,26.312,2026-08-26T15:01:05Z
2015_10_DET_GB,2015,10,DET,GB,400791490,0.77477,77.4,22.5,55.3,2026-08-26T15:01:05Z
2015_10_HOU_CIN,2015,10,HOU,CIN,400791622,0.78156,78.0,21.8,65.324,2026-08-26T15:01:05Z
2015_10_JAX_BAL,2015,10,JAX,BAL,400791581,0.76453,76.3,23.5,38.636,2026-08-26T15:01:05Z
2015_10_KC_DEN,2015,10,KC,DEN,400791595,0.56526,56.3,43.3,92.35,2026-08-26T15:01:05Z
2015_10_MIA_PHI,2015,10,MIA,PHI,400791552,0.71242,71.1,28.7,35.735,2026-08-26T15:01:05Z
2015_10_MIN_OAK,2015,10,MIN,OAK,400791586,0.50602,50.4,49.2,52.337,2026-08-26T15:01:05Z
2015_10_NE_NYG,2015,10,NE,NYG,400791591,0.2485,24.8,75.0,68.872,2026-08-26T15:01:05Z
2015_10_NO_WAS,2015,10,NO,WAS,400791549,0.51004,50.8,48.8,28.483,2026-08-26T15:01:05Z
2015_11_BUF_NE,2015,11,BUF,NE,400791717,0.74148,74.0,25.8,73.481,2026-08-26T15:01:05Z
2015_11_CIN_ARI,2015,11,CIN,ARI,400791710,0.70541,70.39999999999999,29.4,87.602,2026-08-26T15:01:05Z
2015_11_DAL_MIA,2015,11,DAL,MIA,400791703,0.55422,55.2,44.4,37.687,2026-08-26T15:01:05Z
2015_11_DEN_CHI,2015,11,DEN,CHI,400791673,0.55823,55.60000000000001,44.0,45.711,2026-08-26T15:01:05Z
2015_11_GB_MIN,2015,11,GB,MIN,400791677,0.49297,49.1,50.5,73.669,2026-08-26T15:01:05Z
2015_11_IND_ATL,2015,11,IND,ATL,400791640,0.6513,65.0,34.8,36.856,2026-08-26T15:01:05Z
2015_11_KC_SD,2015,11,KC,SD,400791715,0.47189,47.0,52.6,67.038,2026-08-26T15:01:05Z
2015_11_NYJ_HOU,2015,11,NYJ,HOU,400791665,0.38956,38.800000000000004,60.8,56.814,2026-08-26T15:01:05Z
2015_11_OAK_DET,2015,11,OAK,DET,400791636,0.58074,57.9,41.8,36.47,2026-08-26T15:01:05Z
2015_11_SF_SEA,2015,11,SF,SEA,400791713,0.88589,88.5,11.4,50.138,2026-08-26T15:01:05Z
2015_11_STL_BAL,2015,11,STL,BAL,400791679,0.72144,72.0,27.800000000000004,35.675,2026-08-26T15:01:05Z
2015_11_TB_PHI,2015,11,TB,PHI,400791668,0.81982,81.89999999999999,18.0,33.7,2026-08-26T15:01:05Z
2015_11_TEN_JAX,2015,11,TEN,JAX,400791632,0.5743,57.199999999999996,42.4,17.7,2026-08-26T15:01:05Z
2015_11_WAS_CAR,2015,11,WAS,CAR,400791707,0.74649,74.5,25.3,55.768,2026-08-26T15:01:05Z
2015_12_ARI_SF,2015,12,ARI,SF,400791526,0.10611,10.6,89.3,49.834,2026-08-26T15:01:05Z
2015_12_BAL_CLE,2015,12,BAL,CLE,400791561,0.48092,47.9,51.7,21.831,2026-08-26T15:01:05Z
2015_12_BUF_KC,2015,12,BUF,KC,400791504,0.66098,65.9,33.800000000000004,68.99,2026-08-26T15:01:05Z
2015_12_CAR_DAL,2015,12,CAR,DAL,400791509,0.44835,44.7,55.00000000000001,77.518,2026-08-26T15:01:05Z
2015_12_CHI_GB,2015,12,CHI,GB,400791510,0.75251,75.1,24.7,52.426,2026-08-26T15:01:05Z
2015_12_MIA_NYJ,2015,12,MIA,NYJ,400791522,0.65531,65.4,34.4,52.007,2026-08-26T15:01:05Z
2015_12_MIN_ATL,2015,12,MIN,ATL,400791514,0.55767,55.60000000000001,44.1,53.017,2026-08-26T15:01:05Z
2015_12_NE_DEN,2015,12,NE,DEN,400791537,0.34403,34.300000000000004,65.4,82.502,2026-08-26T15:01:05Z
2015_12_NO_HOU,2015,12,NO,HOU,400791512,0.58835,58.599999999999994,41.0,35.289,2026-08-26T15:01:05Z
2015_12_NYG_WAS,2015,12,NYG,WAS,400791506,0.4257,42.4,57.199999999999996,30.301,2026-08-26T15:01:05Z
2015_12_OAK_TEN,2015,12,OAK,TEN,400791502,0.59779,59.599999999999994,40.1,20.983,2026-08-26T15:01:05Z
2015_12_PHI_DET,2015,12,PHI,DET,400791507,0.39519,39.4,60.3,35.945,2026-08-26T15:01:05Z
2015_12_PIT_SEA,2015,12,PIT,SEA,400791532,0.57773,57.599999999999994,42.1,93.238,2026-08-26T15:01:05Z
2015_12_SD_JAX,2015,12,SD,JAX,400791519,0.61886,61.7,38.0,26.109,2026-08-26T15:01:05Z
2015_12_STL_CIN,2015,12,STL,CIN,400791516,0.75351,75.2,24.6,58.639,2026-08-26T15:01:05Z
2015_12_TB_IND,2015,12,TB,IND,400791505,0.62487,62.3,37.4,35.225,2026-08-26T15:01:05Z
2015_13_ARI_STL,2015,13,ARI,STL,400791576,0.31263,31.2,68.60000000000001,74.545,2026-08-26T15:01:05Z
2015_13_ATL_TB,2015,13,ATL,TB,400791579,0.50502,50.3,49.3,30.159,2026-08-26T15:01:05Z
2015_13_BAL_MIA,2015,13,BAL,MIA,400791615,0.57172,56.99999999999999,42.699999999999996,32.476,2026-08-26T15:01:05Z
2015_13_CAR_NO,2015,13,CAR,NO,400791602,0.25351,25.3,74.5,62.816,2026-08-26T15:01:05Z
2015_13_CIN_CLE,2015,13,CIN,CLE,400791619,0.2505,25.0,74.8,50.14,2026-08-26T15:01:05Z
2015_13_DAL_WAS,2015,13,DAL,WAS,400791686,0.52008,51.800000000000004,47.8,26.738,2026-08-26T15:01:05Z
2015_13_DEN_SD,2015,13,DEN,SD,400791652,0.46988,46.800000000000004,52.800000000000004,45.44,2026-08-26T15:01:05Z
2015_13_GB_DET,2015,13,GB,DET,400791568,0.40221,40.1,59.599999999999994,56.751,2026-08-26T15:01:05Z
2015_13_HOU_BUF,2015,13,HOU,BUF,400791611,0.66299,66.10000000000001,33.6,54.688,2026-08-26T15:01:05Z
2015_13_IND_PIT,2015,13,IND,PIT,400791682,0.72919,72.7,27.0,59.567,2026-08-26T15:01:05Z
2015_13_JAX_TEN,2015,13,JAX,TEN,400791643,0.58175,57.99999999999999,41.699999999999996,13.993,2026-08-26T15:01:05Z
2015_13_KC_OAK,2015,13,KC,OAK,400791655,0.36911,36.8,62.9,68.224,2026-08-26T15:01:05Z
2015_13_NYJ_NYG,2015,13,NYJ,NYG,400791572,0.44032,43.9,55.800000000000004,56.023,2026-08-26T15:01:05Z
2015_13_PHI_NE,2015,13,PHI,NE,400791658,0.78156,78.0,21.8,60.949,2026-08-26T15:01:05Z
2015_13_SEA_MIN,2015,13,SEA,MIN,400791606,0.501,49.9,49.7,90.258,2026-08-26T15:01:05Z
2015_13_SF_CHI,2015,13,SF,CHI,400791647,0.84284,84.2,15.7,31.19,2026-08-26T15:01:05Z
2015_14_ATL_CAR,2015,14,ATL,CAR,400791604,0.77154,77.0,22.8,57.957,2026-08-26T15:01:05Z
2015_14_BUF_PHI,2015,14,BUF,PHI,400791524,0.49398,49.2,50.4,50.346,2026-08-26T15:01:05Z
2015_14_DAL_GB,2015,14,DAL,GB,400791612,0.77477,77.4,22.5,49.322,2026-08-26T15:01:05Z
2015_14_DET_STL,2015,14,DET,STL,400791534,0.46687,46.5,53.1,27.391,2026-08-26T15:01:05Z
2015_14_IND_JAX,2015,14,IND,JAX,400791573,0.53012,52.800000000000004,46.800000000000004,26.5,2026-08-26T15:01:05Z
2015_14_MIN_ARI,2015,14,MIN,ARI,400791513,0.82365,82.19999999999999,17.599999999999998,73.556,2026-08-26T15:01:05Z
2015_14_NE_HOU,2015,14,NE,HOU,400791570,0.3651,36.4,63.3,77.206,2026-08-26T15:01:05Z
2015_14_NO_TB,2015,14,NO,TB,400791539,0.62387,62.2,37.5,26.07,2026-08-26T15:01:05Z
2015_14_NYG_MIA,2015,14,NYG,MIA,400791641,0.62287,62.1,37.6,33.227,2026-08-26T15:01:05Z
2015_14_OAK_DEN,2015,14,OAK,DEN,400791608,0.70441,70.3,29.5,48.118,2026-08-26T15:01:05Z
2015_14_PIT_CIN,2015,14,PIT,CIN,400791566,0.60883,60.699999999999996,39.0,91.547,2026-08-26T15:01:05Z
2015_14_SD_KC,2015,14,SD,KC,400791577,0.83183,83.1,16.8,54.565,2026-08-26T15:01:05Z
2015_14_SEA_BAL,2015,14,SEA,BAL,400791616,0.36911,36.8,62.9,73.22,2026-08-26T15:01:05Z
2015_14_SF_CLE,2015,14,SF,CLE,400791530,0.6483,64.7,35.099999999999994,13.023,2026-08-26T15:01:05Z
2015_14_TEN_NYJ,2015,14,TEN,NYJ,400791562,0.78056,77.9,21.9,47.075,2026-08-26T15:01:05Z
2015_14_WAS_CHI,2015,14,WAS,CHI,400791580,0.65296,65.10000000000001,34.599999999999994,31.571,2026-08-26T15:01:05Z
2015_15_ARI_PHI,2015,15,ARI,PHI,400791692,0.33066,33.0,66.8,74.593,2026-08-26T15:01:05Z
2015_15_ATL_JAX,2015,15,ATL,JAX,400791685,0.56225,56.00000000000001,43.6,24.265,2026-08-26T15:01:05Z
2015_15_BUF_WAS,2015,15,BUF,WAS,400791695,0.38554,38.4,61.199999999999996,45.592,2026-08-26T15:01:05Z
2015_15_CAR_NYG,2015,15,CAR,NYG,400791693,0.30491,30.4,69.3,70.653,2026-08-26T15:01:05Z
2015_15_CHI_MIN,2015,15,CHI,MIN,400791660,0.65597,65.4,34.300000000000004,50.451,2026-08-26T15:01:05Z
2015_15_CIN_SF,2015,15,CIN,SF,400791726,0.22144,22.1,77.7,34.698,2026-08-26T15:01:05Z
2015_15_CLE_SEA,2015,15,CLE,SEA,400791697,0.91091,91.0,8.9,50.171,2026-08-26T15:01:05Z
2015_15_DEN_PIT,2015,15,DEN,PIT,400791723,0.75251,75.1,24.7,68.106,2026-08-26T15:01:05Z
2015_15_DET_NO,2015,15,DET,NO,400791729,0.54363,54.2,45.5,27.915,2026-08-26T15:01:05Z
2015_15_GB_OAK,2015,15,GB,OAK,400791699,0.40622,40.5,59.199999999999996,55.761,2026-08-26T15:01:05Z
2015_15_HOU_IND,2015,15,HOU,IND,400791688,0.51406,51.2,48.4,38.413,2026-08-26T15:01:05Z
2015_15_KC_BAL,2015,15,KC,BAL,400791696,0.20521,20.5,79.4,66.498,2026-08-26T15:01:05Z
2015_15_MIA_SD,2015,15,MIA,SD,400791724,0.5502,54.800000000000004,44.800000000000004,33.91,2026-08-26T15:01:05Z
2015_15_NYJ_DAL,2015,15,NYJ,DAL,400791656,0.40421,40.300000000000004,59.4,47.307,2026-08-26T15:01:05Z
2015_15_TB_STL,2015,15,TB,STL,400791650,0.52108,51.9,47.699999999999996,25.431,2026-08-26T15:01:05Z
2015_15_TEN_NE,2015,15,TEN,NE,400791694,0.89489,89.4,10.5,50.488,2026-08-26T15:01:05Z
2015_16_CAR_ATL,2015,16,CAR,ATL,400791563,0.28657,28.599999999999998,71.2,71.029,2026-08-26T15:01:05Z
2015_16_CHI_TB,2015,16,CHI,TB,400791538,0.59478,59.3,40.400000000000006,30.551,2026-08-26T15:01:05Z
2015_16_CIN_DEN,2015,16,CIN,DEN,400791578,0.47289,47.099999999999994,52.5,71.649,2026-08-26T15:01:05Z
2015_16_CLE_KC,2015,16,CLE,KC,400791521,0.87187,87.1,12.8,50.059,2026-08-26T15:01:05Z
2015_16_DAL_BUF,2015,16,DAL,BUF,400791535,0.73922,73.7,26.0,44.693,2026-08-26T15:01:05Z
2015_16_GB_ARI,2015,16,GB,ARI,400791571,0.73647,73.5,26.3,76.624,2026-08-26T15:01:05Z
2015_16_HOU_TEN,2015,16,HOU,TEN,400791518,0.37312,37.2,62.5,13.338,2026-08-26T15:01:05Z
2015_16_IND_MIA,2015,16,IND,MIA,400791525,0.64092,63.9,35.8,35.076,2026-08-26T15:01:05Z
2015_16_JAX_NO,2015,16,JAX,NO,400791528,0.54116,53.900000000000006,45.7,21.267,2026-08-26T15:01:05Z
2015_16_NE_NYJ,2015,16,NE,NYJ,400791515,0.43675,43.5,56.10000000000001,88.047,2026-08-26T15:01:05Z
2015_16_NYG_MIN,2015,16,NYG,MIN,400791565,0.65196,65.0,34.699999999999996,51.635,2026-08-26T15:01:05Z
2015_16_PIT_BAL,2015,16,PIT,BAL,400791575,0.18719,18.7,81.2,66.896,2026-08-26T15:01:05Z
2015_16_SD_OAK,2015,16,SD,OAK,400791501,0.59278,59.099999999999994,40.6,32.707,2026-08-26T15:01:05Z
2015_16_SF_DET,2015,16,SF,DET,400791531,0.76954,76.8,23.0,30.681,2026-08-26T15:01:05Z
2015_16_STL_SEA,2015,16,STL,SEA,400791569,0.88789,88.7,11.200000000000001,53.276,2026-08-26T15:01:05Z
2015_16_WAS_PHI,2015,16,WAS,PHI,400791508,0.64694,64.5,35.199999999999996,34.319,2026-08-26T15:01:05Z
2015_17_BAL_CIN,2015,17,BAL,CIN,400791617,0.75351,75.2,24.6,53.53,2026-08-26T15:01:05Z
2015_17_DET_CHI,2015,17,DET,CHI,400791659,0.56928,56.699999999999996,42.9,32.803,2026-08-26T15:01:05Z
2015_17_JAX_HOU,2015,17,JAX,HOU,400791644,0.7024,70.1,29.7,37.588,2026-08-26T15:01:05Z
2015_17_MIN_GB,2015,17,MIN,GB,400791683,0.61083,60.9,38.800000000000004,71.988,2026-08-26T15:01:05Z
2015_17_NE_MIA,2015,17,NE,MIA,400791607,0.26854,26.8,73.0,67.764,2026-08-26T15:01:05Z
2015_17_NO_ATL,2015,17,NO,ATL,400791614,0.6339,63.2,36.5,30.72,2026-08-26T15:01:05Z
2015_17_NYJ_BUF,2015,17,NYJ,BUF,400791603,0.52309,52.1,47.5,70.46,2026-08-26T15:01:05Z
2015_17_OAK_KC,2015,17,OAK,KC,400791648,0.7988,79.80000000000001,20.1,56.63,2026-08-26T15:01:05Z
2015_17_PHI_NYG,2015,17,PHI,NYG,400791654,0.55422,55.2,44.4,35.498,2026-08-26T15:01:05Z
2015_17_PIT_CLE,2015,17,PIT,CLE,400791620,0.22846,22.8,77.0,51.323,2026-08-26T15:01:05Z
2015_17_SD_DEN,2015,17,SD,DEN,400791687,0.667,66.5,33.2,46.543,2026-08-26T15:01:05Z
2015_17_SEA_ARI,2015,17,SEA,ARI,400791689,0.67603,67.4,32.300000000000004,95.046,2026-08-26T15:01:05Z
2015_17_STL_SF,2015,17,STL,SF,400791691,0.44478,44.3,55.300000000000004,9.295,2026-08-26T15:01:05Z
2015_17_TB_CAR,2015,17,TB,CAR,400791610,0.81982,81.89999999999999,18.0,54.58,2026-08-26T15:01:05Z
2015_17_TEN_IND,2015,17,TEN,IND,400791645,0.82966,82.8,17.0,29.579,2026-08-26T15:01:05Z
2015_17_WAS_DAL,2015,17,WAS,DAL,400791651,0.54618,54.400000000000006,45.2,24.661,2026-08-26T15:01:05Z
2016_01_BUF_BAL,2016,1,BUF,BAL,400874510,0.60381,60.199999999999996,39.5,58.063,2026-08-26T15:01:05Z
2016_01_CAR_DEN,2016,1,CAR,DEN,400874484,0.56727,56.49999999999999,43.1,63.008,2026-08-26T15:01:05Z
2016_01_CHI_HOU,2016,1,CHI,HOU,400874511,0.68136,68.0,31.8,33.464,2026-08-26T15:01:05Z
2016_01_CIN_NYJ,2016,1,CIN,NYJ,400874527,0.51104,50.9,48.699999999999996,30.912,2026-08-26T15:01:05Z
2016_01_CLE_PHI,2016,1,CLE,PHI,400874520,0.69639,69.5,30.3,35.355,2026-08-26T15:01:05Z
2016_01_DET_IND,2016,1,DET,IND,400874573,0.70913,70.7,28.999999999999996,42.343,2026-08-26T15:01:05Z
2016_01_GB_JAX,2016,1,GB,JAX,400874486,0.42972,42.8,56.8,55.519,2026-08-26T15:01:05Z
2016_01_LA_SF,2016,1,LA,SF,400874532,0.47289,47.099999999999994,52.5,2.811,2026-08-26T15:01:05Z
2016_01_MIA_SEA,2016,1,MIA,SEA,400874577,0.80461,80.30000000000001,19.5,52.616,2026-08-26T15:01:05Z
2016_01_MIN_TEN,2016,1,MIN,TEN,400874524,0.42126,42.0,57.699999999999996,51.337,2026-08-26T15:01:05Z
2016_01_NE_ARI,2016,1,NE,ARI,400874539,0.68004,67.80000000000001,31.900000000000002,88.724,2026-08-26T15:01:05Z
2016_01_NYG_DAL,2016,1,NYG,DAL,400874574,0.5251,52.300000000000004,47.3,55.2,2026-08-26T15:01:05Z
2016_01_OAK_NO,2016,1,OAK,NO,400874543,0.53815,53.6,46.0,59.227,2026-08-26T15:01:05Z
2016_01_PIT_WAS,2016,1,PIT,WAS,400874537,0.43831,43.7,56.00000000000001,68.895,2026-08-26T15:01:05Z
2016_01_SD_KC,2016,1,SD,KC,400874570,0.73621,73.4,26.3,61.137,2026-08-26T15:01:05Z
2016_01_TB_ATL,2016,1,TB,ATL,400874522,0.60743,60.5,39.1,61.801,2026-08-26T15:01:05Z
2016_02_ATL_OAK,2016,2,ATL,OAK,400874525,0.71113,70.89999999999999,28.799999999999997,83.128,2026-08-26T15:01:05Z
2016_02_BAL_CLE,2016,2,BAL,CLE,400874512,0.30862,30.8,69.0,13.962,2026-08-26T15:01:05Z
2016_02_CIN_PIT,2016,2,CIN,PIT,400874487,0.68104,67.9,31.8,67.91,2026-08-26T15:01:05Z
2016_02_DAL_WAS,2016,2,DAL,WAS,400874518,0.62889,62.7,37.0,61.408,2026-08-26T15:01:05Z
2016_02_GB_MIN,2016,2,GB,MIN,400874545,0.51908,51.7,47.9,73.885,2026-08-26T15:01:05Z
2016_02_IND_DEN,2016,2,IND,DEN,400874526,0.64794,64.60000000000001,35.099999999999994,61.627,2026-08-26T15:01:05Z
2016_02_JAX_SD,2016,2,JAX,SD,400874517,0.64128,64.0,35.8,43.761,2026-08-26T15:01:05Z
2016_02_KC_HOU,2016,2,KC,HOU,400874549,0.55522,55.300000000000004,44.3,59.446,2026-08-26T15:01:05Z
2016_02_MIA_NE,2016,2,MIA,NE,400874541,0.67302,67.10000000000001,32.6,55.992,2026-08-26T15:01:05Z
2016_02_NO_NYG,2016,2,NO,NYG,400874529,0.67001,66.8,32.9,56.386,2026-08-26T15:01:05Z
2016_02_NYJ_BUF,2016,2,NYJ,BUF,400874530,0.6339,63.2,36.5,43.62,2026-08-26T15:01:05Z
2016_02_PHI_CHI,2016,2,PHI,CHI,400874547,0.58275,58.099999999999994,41.6,30.024,2026-08-26T15:01:05Z
2016_02_SEA_LA,2016,2,SEA,LA,400874514,0.37011,36.9,62.8,33.759,2026-08-26T15:01:05Z
2016_02_SF_CAR,2016,2,SF,CAR,400874535,0.7968,79.60000000000001,20.3,44.333,2026-08-26T15:01:05Z
2016_02_TB_ARI,2016,2,TB,ARI,400874515,0.75451,75.3,24.5,56.658,2026-08-26T15:01:05Z
2016_02_TEN_DET,2016,2,TEN,DET,400874488,0.68036,67.9,31.900000000000002,35.468,2026-08-26T15:01:05Z
2016_03_ARI_BUF,2016,3,ARI,BUF,400874558,0.43531,43.4,56.3,69.23,2026-08-26T15:01:05Z
2016_03_ATL_NO,2016,3,ATL,NO,400874653,0.60883,60.699999999999996,39.0,85.658,2026-08-26T15:01:05Z
2016_03_BAL_JAX,2016,3,BAL,JAX,400874567,0.53715,53.5,46.1,36.102,2026-08-26T15:01:05Z
2016_03_CHI_DAL,2016,3,CHI,DAL,400874650,0.68036,67.9,31.900000000000002,44.303,2026-08-26T15:01:05Z
2016_03_CLE_MIA,2016,3,CLE,MIA,400874565,0.81162,81.0,18.8,28.257,2026-08-26T15:01:05Z
2016_03_DEN_CIN,2016,3,DEN,CIN,400874613,0.56526,56.3,43.3,71.069,2026-08-26T15:01:05Z
2016_03_DET_GB,2016,3,DET,GB,400874610,0.79259,79.10000000000001,20.7,52.032,2026-08-26T15:01:05Z
2016_03_HOU_NE,2016,3,HOU,NE,400874551,0.63089,62.9,36.8,57.97,2026-08-26T15:01:05Z
2016_03_LA_TB,2016,3,LA,TB,400874618,0.65697,65.5,34.2,36.725,2026-08-26T15:01:05Z
2016_03_MIN_CAR,2016,3,MIN,CAR,400874615,0.67936,67.80000000000001,32.0,59.44,2026-08-26T15:01:05Z
2016_03_NYJ_KC,2016,3,NYJ,KC,400874623,0.61083,60.9,38.800000000000004,46.173,2026-08-26T15:01:05Z
2016_03_OAK_TEN,2016,3,OAK,TEN,400874562,0.52758,52.6,47.099999999999994,52.718,2026-08-26T15:01:05Z
2016_03_PIT_PHI,2016,3,PIT,PHI,400874628,0.41123,41.0,58.699999999999996,65.383,2026-08-26T15:01:05Z
2016_03_SD_IND,2016,3,SD,IND,400874624,0.59739,59.5,40.1,53.993,2026-08-26T15:01:05Z
2016_03_SF_SEA,2016,3,SF,SEA,400874620,0.73119,72.89999999999999,26.8,47.085,2026-08-26T15:01:05Z
2016_03_WAS_NYG,2016,3,WAS,NYG,400874682,0.67234,67.10000000000001,32.7,52.829,2026-08-26T15:01:05Z
2016_04_BUF_NE,2016,4,BUF,NE,400874663,0.69709,69.5,30.2,71.716,2026-08-26T15:01:05Z
2016_04_CAR_ATL,2016,4,CAR,ATL,400874664,0.46586,46.400000000000006,53.2,69.041,2026-08-26T15:01:05Z
2016_04_CLE_WAS,2016,4,CLE,WAS,400874660,0.71443,71.3,28.499999999999996,38.78,2026-08-26T15:01:05Z
2016_04_DAL_SF,2016,4,DAL,SF,400874674,0.55422,55.2,44.4,23.951,2026-08-26T15:01:05Z
2016_04_DEN_TB,2016,4,DEN,TB,400874669,0.36573,36.5,63.3,63.195,2026-08-26T15:01:05Z
2016_04_DET_CHI,2016,4,DET,CHI,400874668,0.49096,48.9,50.7,16.796,2026-08-26T15:01:05Z
2016_04_IND_JAX,2016,4,IND,JAX,400874657,0.36874,36.8,63.0,40.737,2026-08-26T15:01:05Z
2016_04_KC_PIT,2016,4,KC,PIT,400874675,0.59178,59.0,40.699999999999996,74.589,2026-08-26T15:01:05Z
2016_04_LA_ARI,2016,4,LA,ARI,400874671,0.82866,82.69999999999999,17.1,45.905,2026-08-26T15:01:05Z
2016_04_MIA_CIN,2016,4,MIA,CIN,400874655,0.69238,69.1,30.7,48.27,2026-08-26T15:01:05Z
2016_04_NO_SD,2016,4,NO,SD,400874672,0.69639,69.5,30.3,58.691,2026-08-26T15:01:05Z
2016_04_NYG_MIN,2016,4,NYG,MIN,400874677,0.73647,73.5,26.3,54.576,2026-08-26T15:01:05Z
2016_04_OAK_BAL,2016,4,OAK,BAL,400874666,0.57172,56.99999999999999,42.699999999999996,52.157,2026-08-26T15:01:05Z
2016_04_SEA_NYJ,2016,4,SEA,NYJ,400874662,0.53815,53.6,46.0,40.438,2026-08-26T15:01:05Z
2016_04_TEN_HOU,2016,4,TEN,HOU,400874658,0.71142,71.0,28.799999999999997,44.57,2026-08-26T15:01:05Z
2016_05_ARI_SF,2016,5,ARI,SF,400874483,0.38917,38.800000000000004,60.9,25.002,2026-08-26T15:01:05Z
2016_05_ATL_DEN,2016,5,ATL,DEN,400874607,0.69107,68.89999999999999,30.8,89.975,2026-08-26T15:01:05Z
2016_05_BUF_LA,2016,5,BUF,LA,400874633,0.44378,44.2,55.400000000000006,24.636,2026-08-26T15:01:05Z
2016_05_CHI_IND,2016,5,CHI,IND,400874548,0.71543,71.39999999999999,28.4,38.701,2026-08-26T15:01:05Z
2016_05_CIN_DAL,2016,5,CIN,DAL,400874630,0.49398,49.2,50.4,63.44,2026-08-26T15:01:05Z
2016_05_HOU_MIN,2016,5,HOU,MIN,400874595,0.74749,74.6,25.2,51.524,2026-08-26T15:01:05Z
2016_05_NE_CLE,2016,5,NE,CLE,400874519,0.23547,23.5,76.3,48.633,2026-08-26T15:01:05Z
2016_05_NYG_GB,2016,5,NYG,GB,400874640,0.8048,80.4,19.5,56.436,2026-08-26T15:01:05Z
2016_05_NYJ_PIT,2016,5,NYJ,PIT,400874602,0.75852,75.7,24.099999999999998,46.724,2026-08-26T15:01:05Z
2016_05_PHI_DET,2016,5,PHI,DET,400874533,0.33601,33.5,66.2,36.357,2026-08-26T15:01:05Z
2016_05_SD_OAK,2016,5,SD,OAK,400874636,0.60983,60.8,38.9,55.451,2026-08-26T15:01:05Z
2016_05_TB_CAR,2016,5,TB,CAR,400874648,0.72345,72.2,27.6,40.099,2026-08-26T15:01:05Z
2016_05_TEN_MIA,2016,5,TEN,MIA,400874581,0.63791,63.6,36.1,40.67,2026-08-26T15:01:05Z
2016_05_WAS_BAL,2016,5,WAS,BAL,400874590,0.6329,63.1,36.6,52.359,2026-08-26T15:01:05Z
2016_06_ATL_SEA,2016,6,ATL,SEA,400874732,0.69509,69.3,30.4,84.887,2026-08-26T15:01:05Z
2016_06_BAL_NYG,2016,6,BAL,NYG,400874705,0.62086,61.9,37.8,47.39,2026-08-26T15:01:05Z
2016_06_CAR_NO,2016,6,CAR,NO,400874707,0.5657,56.39999999999999,43.3,57.06,2026-08-26T15:01:05Z
2016_06_CIN_NE,2016,6,CIN,NE,400874736,0.73119,72.89999999999999,26.8,69.914,2026-08-26T15:01:05Z
2016_06_CLE_TEN,2016,6,CLE,TEN,400874703,0.81682,81.6,18.3,34.551,2026-08-26T15:01:05Z
2016_06_DAL_GB,2016,6,DAL,GB,400874733,0.7515,75.0,24.8,69.261,2026-08-26T15:01:05Z
2016_06_DEN_SD,2016,6,DEN,SD,400874693,0.4654,46.400000000000006,53.300000000000004,67.777,2026-08-26T15:01:05Z
2016_06_IND_HOU,2016,6,IND,HOU,400874734,0.58375,58.199999999999996,41.5,47.898,2026-08-26T15:01:05Z
2016_06_JAX_CHI,2016,6,JAX,CHI,400874708,0.53962,53.800000000000004,45.9,16.792,2026-08-26T15:01:05Z
2016_06_KC_OAK,2016,6,KC,OAK,400874731,0.57874,57.699999999999996,42.0,68.31,2026-08-26T15:01:05Z
2016_06_LA_DET,2016,6,LA,DET,400874709,0.67302,67.10000000000001,32.6,26.042,2026-08-26T15:01:05Z
2016_06_NYJ_ARI,2016,6,NYJ,ARI,400874735,0.78457,78.3,21.5,48.523,2026-08-26T15:01:05Z
2016_06_PHI_WAS,2016,6,PHI,WAS,400874701,0.43029,42.9,56.8,53.646,2026-08-26T15:01:05Z
2016_06_PIT_MIA,2016,6,PIT,MIA,400874730,0.32096,32.0,67.7,56.389,2026-08-26T15:01:05Z
2016_06_SF_BUF,2016,6,SF,BUF,400874698,0.72044,71.89999999999999,27.900000000000002,45.01,2026-08-26T15:01:05Z
2016_07_BAL_NYJ,2016,7,BAL,NYJ,400874501,0.5326,53.1,46.6,20.935,2026-08-26T15:01:05Z
2016_07_BUF_MIA,2016,7,BUF,MIA,400874500,0.40763,40.6,59.0,50.696,2026-08-26T15:01:05Z
2016_07_CHI_GB,2016,7,CHI,GB,400874429,0.78657,78.5,21.3,48.364,2026-08-26T15:01:05Z
2016_07_CLE_CIN,2016,7,CLE,CIN,400874494,0.81882,81.8,18.099999999999998,40.528,2026-08-26T15:01:05Z
2016_07_HOU_DEN,2016,7,HOU,DEN,400874509,0.75651,75.5,24.3,55.478,2026-08-26T15:01:05Z
2016_07_IND_TEN,2016,7,IND,TEN,400874492,0.58233,57.99999999999999,41.6,51.669,2026-08-26T15:01:05Z
2016_07_MIN_PHI,2016,7,MIN,PHI,400874493,0.43173,43.0,56.599999999999994,57.162,2026-08-26T15:01:05Z
2016_07_NE_PIT,2016,7,NE,PIT,400874506,0.40722,40.6,59.099999999999994,88.391,2026-08-26T15:01:05Z
2016_07_NO_KC,2016,7,NO,KC,400874491,0.65998,65.8,33.900000000000006,67.695,2026-08-26T15:01:05Z
2016_07_NYG_LA,2016,7,NYG,LA,400874490,0.35872,35.8,64.0,29.023,2026-08-26T15:01:05Z
2016_07_OAK_JAX,2016,7,OAK,JAX,400874498,0.55422,55.2,44.4,41.842,2026-08-26T15:01:05Z
2016_07_SD_ATL,2016,7,SD,ATL,400874505,0.62989,62.8,36.9,65.212,2026-08-26T15:01:05Z
2016_07_SEA_ARI,2016,7,SEA,ARI,400874508,0.6513,65.0,34.8,76.589,2026-08-26T15:01:05Z
2016_07_TB_SF,2016,7,TB,SF,400874503,0.65095,64.9,34.8,22.985,2026-08-26T15:01:05Z
2016_07_WAS_DET,2016,7,WAS,DET,400874496,0.53761,53.6,46.1,40.317,2026-08-26T15:01:05Z
2016_08_ARI_CAR,2016,8,ARI,CAR,400874625,0.61886,61.7,38.0,64.199,2026-08-26T15:01:05Z
2016_08_DET_HOU,2016,8,DET,HOU,400874569,0.63992,63.800000000000004,35.9,35.461,2026-08-26T15:01:05Z
2016_08_GB_ATL,2016,8,GB,ATL,400874616,0.53916,53.7,45.9,83.799,2026-08-26T15:01:05Z
2016_08_JAX_TEN,2016,8,JAX,TEN,400874553,0.66299,66.10000000000001,33.6,39.629,2026-08-26T15:01:05Z
2016_08_KC_IND,2016,8,KC,IND,400874557,0.54317,54.1,45.5,66.755,2026-08-26T15:01:05Z
2016_08_MIN_CHI,2016,8,MIN,CHI,400874652,0.35908,35.8,63.9,36.697,2026-08-26T15:01:05Z
2016_08_NE_BUF,2016,8,NE,BUF,400874619,0.48795,48.6,51.0,91.187,2026-08-26T15:01:05Z
2016_08_NYJ_CLE,2016,8,NYJ,CLE,400874612,0.41023,40.9,58.8,0.954,2026-08-26T15:01:05Z
2016_08_OAK_TB,2016,8,OAK,TB,400874561,0.55422,55.2,44.4,51.071,2026-08-26T15:01:05Z
2016_08_PHI_DAL,2016,8,PHI,DAL,400874629,0.60944,60.699999999999996,38.9,54.632,2026-08-26T15:01:05Z
2016_08_SD_DEN,2016,8,SD,DEN,400874622,0.6984,69.69999999999999,30.099999999999998,63.108,2026-08-26T15:01:05Z
2016_08_SEA_NO,2016,8,SEA,NO,400874564,0.50602,50.4,49.2,71.24,2026-08-26T15:01:05Z
2016_08_WAS_CIN,2016,8,WAS,CIN,400874555,0.57229,56.99999999999999,42.6,60.696,2026-08-26T15:01:05Z
2016_09_ATL_TB,2016,9,ATL,TB,400874605,0.42227,42.1,57.599999999999994,76.498,2026-08-26T15:01:05Z
2016_09_BUF_SEA,2016,9,BUF,SEA,400874591,0.62588,62.4,37.3,68.105,2026-08-26T15:01:05Z
2016_09_CAR_LA,2016,9,CAR,LA,400874596,0.44177,44.0,55.60000000000001,17.454,2026-08-26T15:01:05Z
2016_09_DAL_CLE,2016,9,DAL,CLE,400874599,0.2999,29.9,69.8,21.788,2026-08-26T15:01:05Z
2016_09_DEN_OAK,2016,9,DEN,OAK,400874592,0.46084,45.9,53.7,69.448,2026-08-26T15:01:05Z
2016_09_DET_MIN,2016,9,DET,MIN,400874604,0.76476,76.4,23.5,45.657,2026-08-26T15:01:05Z
2016_09_IND_GB,2016,9,IND,GB,400874594,0.72946,72.8,27.0,64.812,2026-08-26T15:01:05Z
2016_09_JAX_KC,2016,9,JAX,KC,400874600,0.79359,79.2,20.599999999999998,52.103,2026-08-26T15:01:05Z
2016_09_NO_SF,2016,9,NO,SF,400874597,0.55422,55.2,44.4,32.865,2026-08-26T15:01:05Z
2016_09_NYJ_MIA,2016,9,NYJ,MIA,400874601,0.7024,70.1,29.7,34.446,2026-08-26T15:01:05Z
2016_09_PHI_NYG,2016,9,PHI,NYG,400874603,0.56971,56.8,42.9,49.114,2026-08-26T15:01:05Z
2016_09_PIT_BAL,2016,9,PIT,BAL,400874598,0.4247,42.3,57.3,63.729,2026-08-26T15:01:05Z
2016_09_TEN_SD,2016,9,TEN,SD,400874593,0.68838,68.7,31.1,50.798,2026-08-26T15:01:05Z
2016_10_ATL_PHI,2016,10,ATL,PHI,400874582,0.53962,53.800000000000004,45.9,78.638,2026-08-26T15:01:05Z
2016_10_CHI_TB,2016,10,CHI,TB,400874578,0.54819,54.6,45.0,33.761,2026-08-26T15:01:05Z
2016_10_CIN_NYG,2016,10,CIN,NYG,400874531,0.54418,54.2,45.4,55.434,2026-08-26T15:01:05Z
2016_10_CLE_BAL,2016,10,CLE,BAL,400874589,0.80561,80.4,19.400000000000002,33.644,2026-08-26T15:01:05Z
2016_10_DAL_PIT,2016,10,DAL,PIT,400874538,0.62588,62.4,37.3,67.944,2026-08-26T15:01:05Z
2016_10_DEN_NO,2016,10,DEN,NO,400874586,0.5241,52.2,47.4,71.961,2026-08-26T15:01:05Z
2016_10_GB_TEN,2016,10,GB,TEN,400874572,0.45035,44.9,54.800000000000004,66.921,2026-08-26T15:01:05Z
2016_10_HOU_JAX,2016,10,HOU,JAX,400874587,0.50502,50.3,49.3,32.487,2026-08-26T15:01:05Z
2016_10_KC_CAR,2016,10,KC,CAR,400874580,0.62487,62.3,37.4,67.01,2026-08-26T15:01:05Z
2016_10_LA_NYJ,2016,10,LA,NYJ,400874584,0.68506,68.30000000000001,31.4,14.646,2026-08-26T15:01:05Z
2016_10_MIA_SD,2016,10,MIA,SD,400874544,0.72445,72.3,27.500000000000004,45.487,2026-08-26T15:01:05Z
2016_10_MIN_WAS,2016,10,MIN,WAS,400874576,0.52859,52.7,47.0,58.39,2026-08-26T15:01:05Z
2016_10_SEA_NE,2016,10,SEA,NE,400874536,0.80862,80.7,19.1,68.295,2026-08-26T15:01:05Z
2016_10_SF_ARI,2016,10,SF,ARI,400874542,0.86286,86.2,13.700000000000001,48.589,2026-08-26T15:01:05Z
2016_11_ARI_MIN,2016,11,ARI,MIN,400874695,0.61986,61.8,37.9,69.6,2026-08-26T15:01:05Z
2016_11_BAL_DAL,2016,11,BAL,DAL,400874638,0.71013,70.8,28.9,55.329,2026-08-26T15:01:05Z
2016_11_BUF_CIN,2016,11,BUF,CIN,400874646,0.46285,46.1,53.5,66.137,2026-08-26T15:01:05Z
2016_11_CHI_NYG,2016,11,CHI,NYG,400874691,0.72345,72.2,27.6,35.97,2026-08-26T15:01:05Z
2016_11_GB_WAS,2016,11,GB,WAS,400874704,0.52758,52.6,47.099999999999994,71.371,2026-08-26T15:01:05Z
2016_11_HOU_OAK,2016,11,HOU,OAK,400874706,0.63892,63.7,36.0,49.163,2026-08-26T15:01:05Z
2016_11_JAX_DET,2016,11,JAX,DET,400874641,0.68405,68.2,31.5,31.271,2026-08-26T15:01:05Z
2016_11_MIA_LA,2016,11,MIA,LA,400874697,0.48646,48.5,51.2,7.967,2026-08-26T15:01:05Z
2016_11_NE_SF,2016,11,NE,SF,400874700,0.29288,29.2,70.5,61.822,2026-08-26T15:01:05Z
2016_11_NO_CAR,2016,11,NO,CAR,400874609,0.62588,62.4,37.3,60.408,2026-08-26T15:01:05Z
2016_11_PHI_SEA,2016,11,PHI,SEA,400874702,0.69339,69.19999999999999,30.599999999999998,58.964,2026-08-26T15:01:05Z
2016_11_PIT_CLE,2016,11,PIT,CLE,400874634,0.21922,21.9,78.0,29.032,2026-08-26T15:01:05Z
2016_11_TB_KC,2016,11,TB,KC,400874649,0.73747,73.6,26.200000000000003,57.209,2026-08-26T15:01:05Z
2016_11_TEN_IND,2016,11,TEN,IND,400874644,0.60983,60.8,38.9,51.259,2026-08-26T15:01:05Z
2016_12_ARI_ATL,2016,12,ARI,ATL,400874566,0.64794,64.60000000000001,35.099999999999994,69.69,2026-08-26T15:01:05Z
2016_12_CAR_OAK,2016,12,CAR,OAK,400874670,0.58835,58.599999999999994,41.0,56.541,2026-08-26T15:01:05Z
2016_12_CIN_BAL,2016,12,CIN,BAL,400874560,0.54062,53.900000000000006,45.800000000000004,54.723,2026-08-26T15:01:05Z
2016_12_GB_PHI,2016,12,GB,PHI,400874684,0.6339,63.2,36.5,67.901,2026-08-26T15:01:05Z
2016_12_JAX_BUF,2016,12,JAX,BUF,400874554,0.8038,80.30000000000001,19.6,48.4,2026-08-26T15:01:05Z
2016_12_KC_DEN,2016,12,KC,DEN,400874676,0.70842,70.7,29.099999999999998,70.885,2026-08-26T15:01:05Z
2016_12_LA_NO,2016,12,LA,NO,400874626,0.82465,82.3,17.5,45.377,2026-08-26T15:01:05Z
2016_12_MIN_DET,2016,12,MIN,DET,400874495,0.44032,43.9,55.800000000000004,43.275,2026-08-26T15:01:05Z
2016_12_NE_NYJ,2016,12,NE,NYJ,400874680,0.33166,33.1,66.7,60.774,2026-08-26T15:01:05Z
2016_12_NYG_CLE,2016,12,NYG,CLE,400874614,0.28887,28.799999999999997,70.89999999999999,14.245,2026-08-26T15:01:05Z
2016_12_PIT_IND,2016,12,PIT,IND,400874502,0.35206,35.099999999999994,64.60000000000001,52.235,2026-08-26T15:01:05Z
2016_12_SD_HOU,2016,12,SD,HOU,400874659,0.46888,46.7,52.900000000000006,46.937,2026-08-26T15:01:05Z
2016_12_SEA_TB,2016,12,SEA,TB,400874665,0.41968,41.8,57.8,63.21,2026-08-26T15:01:05Z
2016_12_SF_MIA,2016,12,SF,MIA,400874654,0.74248,74.1,25.7,32.186,2026-08-26T15:01:05Z
2016_12_TEN_CHI,2016,12,TEN,CHI,400874507,0.41767,41.6,57.99999999999999,26.076,2026-08-26T15:01:05Z
2016_12_WAS_DAL,2016,12,WAS,DAL,400874499,0.67803,67.60000000000001,32.1,59.928,2026-08-26T15:01:05Z
2016_13_BUF_OAK,2016,13,BUF,OAK,400874724,0.58475,58.3,41.4,62.011,2026-08-26T15:01:05Z
2016_13_CAR_SEA,2016,13,CAR,SEA,400874728,0.67234,67.10000000000001,32.7,61.702,2026-08-26T15:01:05Z
2016_13_DAL_MIN,2016,13,DAL,MIN,400874713,0.62187,62.0,37.7,63.551,2026-08-26T15:01:05Z
2016_13_DEN_JAX,2016,13,DEN,JAX,400874719,0.44177,44.0,55.60000000000001,53.688,2026-08-26T15:01:05Z
2016_13_DET_NO,2016,13,DET,NO,400874717,0.7515,75.0,24.8,46.137,2026-08-26T15:01:05Z
2016_13_HOU_GB,2016,13,HOU,GB,400874720,0.72846,72.7,27.1,57.415,2026-08-26T15:01:05Z
2016_13_IND_NYJ,2016,13,IND,NYJ,400874729,0.5502,54.800000000000004,44.800000000000004,27.797,2026-08-26T15:01:05Z
2016_13_KC_ATL,2016,13,KC,ATL,400874715,0.667,66.5,33.2,77.774,2026-08-26T15:01:05Z
2016_13_LA_NE,2016,13,LA,NE,400874718,0.924,92.4,7.6,50.0,2026-08-26T15:01:05Z
2016_13_MIA_BAL,2016,13,MIA,BAL,400874722,0.57372,57.199999999999996,42.5,41.543,2026-08-26T15:01:05Z
2016_13_NYG_PIT,2016,13,NYG,PIT,400874725,0.7024,70.1,29.7,58.853,2026-08-26T15:01:05Z
2016_13_PHI_CIN,2016,13,PHI,CIN,400874721,0.59779,59.599999999999994,40.1,55.242,2026-08-26T15:01:05Z
2016_13_SF_CHI,2016,13,SF,CHI,400874723,0.55165,55.00000000000001,44.7,16.083,2026-08-26T15:01:05Z
2016_13_TB_SD,2016,13,TB,SD,400874727,0.71013,70.8,28.9,49.301,2026-08-26T15:01:05Z
2016_13_WAS_ARI,2016,13,WAS,ARI,400874726,0.66499,66.3,33.4,63.609,2026-08-26T15:01:05Z
2016_14_ARI_MIA,2016,14,ARI,MIA,400874556,0.4759,47.4,52.2,55.546,2026-08-26T15:01:05Z
2016_14_ATL_LA,2016,14,ATL,LA,400874627,0.30391,30.3,69.39999999999999,44.304,2026-08-26T15:01:05Z
2016_14_BAL_NE,2016,14,BAL,NE,400874661,0.78758,78.60000000000001,21.2,63.218,2026-08-26T15:01:05Z
2016_14_CHI_DET,2016,14,CHI,DET,400874568,0.70842,70.7,29.099999999999998,22.604,2026-08-26T15:01:05Z
2016_14_CIN_CLE,2016,14,CIN,CLE,400874563,0.32798,32.7,67.0,20.2,2026-08-26T15:01:05Z
2016_14_DAL_NYG,2016,14,DAL,NYG,400874656,0.54418,54.2,45.4,57.001,2026-08-26T15:01:05Z
2016_14_DEN_TEN,2016,14,DEN,TEN,400874504,0.5261,52.400000000000006,47.199999999999996,63.851,2026-08-26T15:01:05Z
2016_14_HOU_IND,2016,14,HOU,IND,400874611,0.65832,65.7,34.1,48.199,2026-08-26T15:01:05Z
2016_14_MIN_JAX,2016,14,MIN,JAX,400874617,0.39017,38.9,60.8,44.343,2026-08-26T15:01:05Z
2016_14_NO_TB,2016,14,NO,TB,400874550,0.49699,49.5,50.1,54.837,2026-08-26T15:01:05Z
2016_14_NYJ_SF,2016,14,NYJ,SF,400874621,0.65898,65.7,34.0,16.908,2026-08-26T15:01:05Z
2016_14_OAK_KC,2016,14,OAK,KC,400874428,0.61083,60.9,38.800000000000004,62.846,2026-08-26T15:01:05Z
2016_14_PIT_BUF,2016,14,PIT,BUF,400874497,0.56325,56.10000000000001,43.5,73.196,2026-08-26T15:01:05Z
2016_14_SD_CAR,2016,14,SD,CAR,400874559,0.6339,63.2,36.5,54.261,2026-08-26T15:01:05Z
2016_14_SEA_GB,2016,14,SEA,GB,400874651,0.52912,52.7,46.9,76.108,2026-08-26T15:01:05Z
2016_14_WAS_PHI,2016,14,WAS,PHI,400874552,0.58133,57.9,41.699999999999996,53.944,2026-08-26T15:01:05Z
2016_15_CAR_WAS,2016,15,CAR,WAS,400874716,0.60481,60.3,39.4,56.693,2026-08-26T15:01:05Z
2016_15_CLE_BUF,2016,15,CLE,BUF,400874683,0.88689,88.6,11.3,42.794,2026-08-26T15:01:05Z
2016_15_DET_NYG,2016,15,DET,NYG,400874687,0.64694,64.5,35.199999999999996,38.859,2026-08-26T15:01:05Z
2016_15_GB_CHI,2016,15,GB,CHI,400874678,0.34369,34.300000000000004,65.5,45.037,2026-08-26T15:01:05Z
2016_15_IND_MIN,2016,15,IND,MIN,400874688,0.68838,68.7,31.1,58.469,2026-08-26T15:01:05Z
2016_15_JAX_HOU,2016,15,JAX,HOU,400874681,0.65998,65.8,33.900000000000006,36.208,2026-08-26T15:01:05Z
2016_15_LA_SEA,2016,15,LA,SEA,400874667,0.885,88.5,11.5,47.367,2026-08-26T15:01:05Z
2016_15_MIA_NYJ,2016,15,MIA,NYJ,400874673,0.52811,52.6,47.0,13.304,2026-08-26T15:01:05Z
2016_15_NE_DEN,2016,15,NE,DEN,400874711,0.55567,55.400000000000006,44.3,94.506,2026-08-26T15:01:05Z
2016_15_NO_ARI,2016,15,NO,ARI,400874689,0.63892,63.7,36.0,66.725,2026-08-26T15:01:05Z
2016_15_OAK_SD,2016,15,OAK,SD,400874712,0.54217,54.0,45.6,55.962,2026-08-26T15:01:05Z
2016_15_PHI_BAL,2016,15,PHI,BAL,400874685,0.58475,58.3,41.4,48.428,2026-08-26T15:01:05Z
2016_15_PIT_CIN,2016,15,PIT,CIN,400874714,0.52008,51.800000000000004,47.8,70.798,2026-08-26T15:01:05Z
2016_15_SF_ATL,2016,15,SF,ATL,400874710,0.87287,87.2,12.7,50.253,2026-08-26T15:01:05Z
2016_15_TB_DAL,2016,15,TB,DAL,400874679,0.6991,69.69999999999999,30.0,53.955,2026-08-26T15:01:05Z
2016_15_TEN_KC,2016,15,TEN,KC,400874686,0.67202,67.0,32.7,58.348,2026-08-26T15:01:05Z
2016_16_ARI_SEA,2016,16,ARI,SEA,400874571,0.68506,68.30000000000001,31.4,72.996,2026-08-26T15:01:05Z
2016_16_ATL_CAR,2016,16,ATL,CAR,400874540,0.46787,46.6,53.0,81.722,2026-08-26T15:01:05Z
2016_16_BAL_PIT,2016,16,BAL,PIT,400874583,0.70512,70.3,29.4,59.579,2026-08-26T15:01:05Z
2016_16_CIN_HOU,2016,16,CIN,HOU,400874579,0.47088,46.9,52.7,46.579,2026-08-26T15:01:05Z
2016_16_DEN_KC,2016,16,DEN,KC,400874585,0.53815,53.6,46.0,76.241,2026-08-26T15:01:05Z
2016_16_DET_DAL,2016,16,DET,DAL,400874588,0.72044,71.89999999999999,27.900000000000002,46.931,2026-08-26T15:01:05Z
2016_16_IND_OAK,2016,16,IND,OAK,400874546,0.65531,65.4,34.4,55.66,2026-08-26T15:01:05Z
2016_16_MIA_BUF,2016,16,MIA,BUF,400874489,0.75351,75.2,24.6,48.908,2026-08-26T15:01:05Z
2016_16_MIN_GB,2016,16,MIN,GB,400874523,0.67202,67.0,32.7,69.046,2026-08-26T15:01:05Z
2016_16_NYG_PHI,2016,16,NYG,PHI,400874485,0.56225,56.00000000000001,43.6,48.968,2026-08-26T15:01:05Z
2016_16_NYJ_NE,2016,16,NYJ,NE,400874516,0.912,91.2,8.799999999999999,50.35,2026-08-26T15:01:05Z
2016_16_SD_CLE,2016,16,SD,CLE,400874528,0.29288,29.2,70.5,16.76,2026-08-26T15:01:05Z
2016_16_SF_LA,2016,16,SF,LA,400874575,0.54764,54.6,45.1,2.996,2026-08-26T15:01:05Z
2016_16_TB_NO,2016,16,TB,NO,400874513,0.68637,68.5,31.3,53.773,2026-08-26T15:01:05Z
2016_16_TEN_JAX,2016,16,TEN,JAX,400874521,0.46787,46.6,53.0,36.566,2026-08-26T15:01:05Z
2016_16_WAS_CHI,2016,16,WAS,CHI,400874534,0.47242,47.099999999999994,52.6,30.785,2026-08-26T15:01:05Z
2016_17_ARI_LA,2016,17,ARI,LA,400874692,0.26881,26.8,72.89999999999999,30.94,2026-08-26T15:01:05Z
2016_17_BAL_CIN,2016,17,BAL,CIN,400874608,0.62989,62.8,36.9,53.855,2026-08-26T15:01:05Z
2016_17_BUF_NYJ,2016,17,BUF,NYJ,400874645,0.37751,37.6,62.0,22.016,2026-08-26T15:01:05Z
2016_17_CAR_TB,2016,17,CAR,TB,400874635,0.55667,55.50000000000001,44.2,50.344,2026-08-26T15:01:05Z
2016_17_CHI_MIN,2016,17,CHI,MIN,400874643,0.75852,75.7,24.099999999999998,42.3,2026-08-26T15:01:05Z
2016_17_CLE_PIT,2016,17,CLE,PIT,400874690,0.86286,86.2,13.700000000000001,38.949,2026-08-26T15:01:05Z
2016_17_DAL_PHI,2016,17,DAL,PHI,400874647,0.54418,54.2,45.4,57.254,2026-08-26T15:01:05Z
2016_17_GB_DET,2016,17,GB,DET,400874637,0.38454,38.3,61.3,54.254,2026-08-26T15:01:05Z
2016_17_HOU_TEN,2016,17,HOU,TEN,400874632,0.62287,62.1,37.6,32.126,2026-08-26T15:01:05Z
2016_17_JAX_IND,2016,17,JAX,IND,400874639,0.71142,71.0,28.799999999999997,43.236,2026-08-26T15:01:05Z
2016_17_KC_SD,2016,17,KC,SD,400874696,0.5492,54.7,44.9,65.399,2026-08-26T15:01:05Z
2016_17_NE_MIA,2016,17,NE,MIA,400874642,0.2996,29.9,69.89999999999999,73.29,2026-08-26T15:01:05Z
2016_17_NO_ATL,2016,17,NO,ATL,400874606,0.70842,70.7,29.099999999999998,71.869,2026-08-26T15:01:05Z
2016_17_NYG_WAS,2016,17,NYG,WAS,400874631,0.61284,61.1,38.6,52.639,2026-08-26T15:01:05Z
2016_17_OAK_DEN,2016,17,OAK,DEN,400874694,0.62086,61.9,37.8,60.754,2026-08-26T15:01:05Z
2016_17_SEA_SF,2016,17,SEA,SF,400874699,0.30862,30.8,69.0,41.943,2026-08-26T15:01:05Z
2017_01_ARI_DET,2017,1,ARI,DET,400951576,0.59278,59.099999999999994,40.6,45.245,2026-08-26T15:01:05Z
2017_01_ATL_CHI,2017,1,ATL,CHI,400951570,0.36008,35.9,63.800000000000004,54.182,2026-08-26T15:01:05Z
2017_01_BAL_CIN,2017,1,BAL,CIN,400951572,0.58676,58.5,41.199999999999996,42.515,2026-08-26T15:01:05Z
2017_01_CAR_SF,2017,1,CAR,SF,400951605,0.37513,37.4,62.3,39.271,2026-08-26T15:01:05Z
2017_01_IND_LA,2017,1,IND,LA,400951597,0.64493,64.3,35.4,47.939,2026-08-26T15:01:05Z
2017_01_JAX_HOU,2017,1,JAX,HOU,400951580,0.70341,70.19999999999999,29.599999999999998,45.088,2026-08-26T15:01:05Z
2017_01_KC_NE,2017,1,KC,NE,400951566,0.74749,74.6,25.2,75.123,2026-08-26T15:01:05Z
2017_01_LAC_DEN,2017,1,LAC,DEN,400951615,0.61685,61.5,38.2,62.33,2026-08-26T15:01:05Z
2017_01_NO_MIN,2017,1,NO,MIN,400951612,0.64293,64.1,35.6,88.993,2026-08-26T15:01:05Z
2017_01_NYG_DAL,2017,1,NYG,DAL,400951608,0.668,66.60000000000001,33.1,50.599,2026-08-26T15:01:05Z
2017_01_NYJ_BUF,2017,1,NYJ,BUF,400951567,0.75351,75.2,24.6,18.938,2026-08-26T15:01:05Z
2017_01_OAK_TEN,2017,1,OAK,TEN,400951584,0.53815,53.6,46.0,37.944,2026-08-26T15:01:05Z
2017_01_PHI_WAS,2017,1,PHI,WAS,400951592,0.5326,53.1,46.6,85.925,2026-08-26T15:01:05Z
2017_01_PIT_CLE,2017,1,PIT,CLE,400951574,0.25952,25.900000000000002,73.9,41.123,2026-08-26T15:01:05Z
2017_01_SEA_GB,2017,1,SEA,GB,400951601,0.62187,62.0,37.7,70.821,2026-08-26T15:01:05Z
2017_01_TB_MIA,2017,1,TB,MIA,400951581,0.5,49.8,49.8,49.515,2026-08-26T15:01:05Z
2017_02_ARI_IND,2017,2,ARI,IND,400951632,0.40261,40.1,59.5,6.433,2026-08-26T15:01:05Z
2017_02_BUF_CAR,2017,2,BUF,CAR,400951630,0.7515,75.0,24.8,48.631,2026-08-26T15:01:05Z
2017_02_CHI_TB,2017,2,CHI,TB,400951645,0.76152,76.0,23.799999999999997,40.69,2026-08-26T15:01:05Z
2017_02_CLE_BAL,2017,2,CLE,BAL,400951626,0.80461,80.30000000000001,19.5,41.731,2026-08-26T15:01:05Z
2017_02_DAL_DEN,2017,2,DAL,DEN,400951673,0.44177,44.0,55.60000000000001,49.899,2026-08-26T15:01:05Z
2017_02_DET_NYG,2017,2,DET,NYG,400951681,0.57172,56.99999999999999,42.699999999999996,43.427,2026-08-26T15:01:05Z
2017_02_GB_ATL,2017,2,GB,ATL,400951679,0.58475,58.3,41.4,67.427,2026-08-26T15:01:05Z
2017_02_HOU_CIN,2017,2,HOU,CIN,400951620,0.64694,64.5,35.199999999999996,22.444,2026-08-26T15:01:05Z
2017_02_MIA_LAC,2017,2,MIA,LAC,400951666,0.67202,67.0,32.7,50.466,2026-08-26T15:01:05Z
2017_02_MIN_PIT,2017,2,MIN,PIT,400951643,0.67101,66.9,32.800000000000004,85.887,2026-08-26T15:01:05Z
2017_02_NE_NO,2017,2,NE,NO,400951639,0.41123,41.0,58.699999999999996,95.789,2026-08-26T15:01:05Z
2017_02_NYJ_OAK,2017,2,NYJ,OAK,400951669,0.913,91.3,8.7,36.318,2026-08-26T15:01:05Z
2017_02_PHI_KC,2017,2,PHI,KC,400951636,0.74649,74.5,25.3,92.563,2026-08-26T15:01:05Z
2017_02_SF_SEA,2017,2,SF,SEA,400951676,0.8959,89.5,10.4,47.749,2026-08-26T15:01:05Z
2017_02_TEN_JAX,2017,2,TEN,JAX,400951635,0.57172,56.99999999999999,42.699999999999996,53.919,2026-08-26T15:01:05Z
2017_02_WAS_LA,2017,2,WAS,LA,400951674,0.61284,61.1,38.6,62.215,2026-08-26T15:01:05Z
2017_03_ATL_DET,2017,3,ATL,DET,400951594,0.49197,49.0,50.6,72.06,2026-08-26T15:01:05Z
2017_03_BAL_JAX,2017,3,BAL,JAX,400951579,0.332,33.1,66.60000000000001,73.253,2026-08-26T15:01:05Z
2017_03_CIN_GB,2017,3,CIN,GB,400951627,0.78457,78.3,21.5,43.688,2026-08-26T15:01:05Z
2017_03_CLE_IND,2017,3,CLE,IND,400951599,0.47892,47.699999999999996,51.9,1.624,2026-08-26T15:01:05Z
2017_03_DAL_ARI,2017,3,DAL,ARI,400951668,0.50803,50.6,49.0,49.643,2026-08-26T15:01:05Z
2017_03_DEN_BUF,2017,3,DEN,BUF,400951583,0.46941,46.800000000000004,52.900000000000006,24.284,2026-08-26T15:01:05Z
2017_03_HOU_NE,2017,3,HOU,NE,400951607,0.86687,86.6,13.3,50.963,2026-08-26T15:01:05Z
2017_03_KC_LAC,2017,3,KC,LAC,400951634,0.4323,43.1,56.599999999999994,74.398,2026-08-26T15:01:05Z
2017_03_LA_SF,2017,3,LA,SF,400951568,0.44177,44.0,55.60000000000001,41.48,2026-08-26T15:01:05Z
2017_03_MIA_NYJ,2017,3,MIA,NYJ,400951611,0.32966,32.9,66.9,17.09,2026-08-26T15:01:05Z
2017_03_NO_CAR,2017,3,NO,CAR,400951587,0.72846,72.7,27.1,86.577,2026-08-26T15:01:05Z
2017_03_NYG_PHI,2017,3,NYG,PHI,400951616,0.68305,68.10000000000001,31.6,55.988,2026-08-26T15:01:05Z
2017_03_OAK_WAS,2017,3,OAK,WAS,400951644,0.48996,48.8,50.8,49.327,2026-08-26T15:01:05Z
2017_03_PIT_CHI,2017,3,PIT,CHI,400951590,0.28758,28.7,71.1,57.873,2026-08-26T15:01:05Z
2017_03_SEA_TEN,2017,3,SEA,TEN,400951623,0.59779,59.599999999999994,40.1,57.686,2026-08-26T15:01:05Z
2017_03_TB_MIN,2017,3,TB,MIN,400951604,0.53213,53.0,46.6,62.382,2026-08-26T15:01:05Z
2017_04_BUF_ATL,2017,4,BUF,ATL,400951685,0.77555,77.4,22.400000000000002,50.205,2026-08-26T15:01:05Z
2017_04_CAR_NE,2017,4,CAR,NE,400951727,0.78078,78.0,21.9,78.335,2026-08-26T15:01:05Z
2017_04_CHI_GB,2017,4,CHI,GB,400951678,0.83584,83.5,16.400000000000002,44.708,2026-08-26T15:01:05Z
2017_04_CIN_CLE,2017,4,CIN,CLE,400951712,0.50703,50.5,49.1,7.979,2026-08-26T15:01:05Z
2017_04_DET_MIN,2017,4,DET,MIN,400951724,0.63591,63.4,36.3,67.423,2026-08-26T15:01:05Z
2017_04_IND_SEA,2017,4,IND,SEA,400951747,0.9,90.0,10.0,48.087,2026-08-26T15:01:05Z
2017_04_JAX_NYJ,2017,4,JAX,NYJ,400951730,0.29789,29.7,70.0,44.723,2026-08-26T15:01:05Z
2017_04_LA_DAL,2017,4,LA,DAL,400951716,0.71844,71.7,28.1,75.649,2026-08-26T15:01:05Z
2017_04_NO_MIA,2017,4,NO,MIA,400950241,0.39218,39.1,60.6,53.809,2026-08-26T15:01:05Z
2017_04_NYG_TB,2017,4,NYG,TB,400951742,0.63691,63.5,36.199999999999996,42.498,2026-08-26T15:01:05Z
2017_04_OAK_DEN,2017,4,OAK,DEN,400951744,0.57472,57.3,42.4,34.249,2026-08-26T15:01:05Z
2017_04_PHI_LAC,2017,4,PHI,LAC,400951738,0.52912,52.7,46.9,94.91,2026-08-26T15:01:05Z
2017_04_PIT_BAL,2017,4,PIT,BAL,400951708,0.44679,44.5,55.1,78.558,2026-08-26T15:01:05Z
2017_04_SF_ARI,2017,4,SF,ARI,400951735,0.7515,75.0,24.8,21.548,2026-08-26T15:01:05Z
2017_04_TEN_HOU,2017,4,TEN,HOU,400951720,0.41725,41.6,58.099999999999994,20.14,2026-08-26T15:01:05Z
2017_04_WAS_KC,2017,4,WAS,KC,400951752,0.73948,73.8,26.0,62.669,2026-08-26T15:01:05Z
2017_05_ARI_PHI,2017,5,ARI,PHI,400951651,0.76052,75.9,23.9,53.232,2026-08-26T15:01:05Z
2017_05_BAL_OAK,2017,5,BAL,OAK,400951659,0.73046,72.89999999999999,26.900000000000002,46.211,2026-08-26T15:01:05Z
2017_05_BUF_CIN,2017,5,BUF,CIN,400951554,0.55221,55.00000000000001,44.6,22.964,2026-08-26T15:01:05Z
2017_05_CAR_DET,2017,5,CAR,DET,400951558,0.59438,59.199999999999996,40.400000000000006,68.15,2026-08-26T15:01:05Z
2017_05_GB_DAL,2017,5,GB,DAL,400951661,0.53916,53.7,45.9,65.48,2026-08-26T15:01:05Z
2017_05_JAX_PIT,2017,5,JAX,PIT,400951655,0.74022,73.8,25.900000000000002,78.763,2026-08-26T15:01:05Z
2017_05_KC_HOU,2017,5,KC,HOU,400951664,0.39318,39.2,60.5,39.67,2026-08-26T15:01:05Z
2017_05_LAC_NYG,2017,5,LAC,NYG,400951650,0.66399,66.2,33.5,64.052,2026-08-26T15:01:05Z
2017_05_MIN_CHI,2017,5,MIN,CHI,400951691,0.27655,27.6,72.2,54.336,2026-08-26T15:01:05Z
2017_05_NE_TB,2017,5,NE,TB,400951552,0.41365,41.199999999999996,58.4,82.335,2026-08-26T15:01:05Z
2017_05_NYJ_CLE,2017,5,NYJ,CLE,400951556,0.59036,58.8,40.8,5.696,2026-08-26T15:01:05Z
2017_05_SEA_LA,2017,5,SEA,LA,400951657,0.4012,40.0,59.699999999999996,76.687,2026-08-26T15:01:05Z
2017_05_SF_IND,2017,5,SF,IND,400951562,0.54463,54.300000000000004,45.4,3.195,2026-08-26T15:01:05Z
2017_05_TEN_MIA,2017,5,TEN,MIA,400951646,0.57831,57.599999999999994,42.0,17.065,2026-08-26T15:01:05Z
2017_06_CHI_BAL,2017,6,CHI,BAL,400951699,0.80762,80.60000000000001,19.2,44.317,2026-08-26T15:01:05Z
2017_06_CLE_HOU,2017,6,CLE,HOU,400951700,0.87688,87.6,12.3,14.034,2026-08-26T15:01:05Z
2017_06_DET_NO,2017,6,DET,NO,400951704,0.67703,67.5,32.2,61.46,2026-08-26T15:01:05Z
2017_06_GB_MIN,2017,6,GB,MIN,400951702,0.49699,49.5,50.1,70.849,2026-08-26T15:01:05Z
2017_06_IND_TEN,2017,6,IND,TEN,400951785,0.83968,83.8,16.0,26.226,2026-08-26T15:01:05Z
2017_06_LAC_OAK,2017,6,LAC,OAK,400951779,0.62387,62.2,37.5,69.173,2026-08-26T15:01:05Z
2017_06_LA_JAX,2017,6,LA,JAX,400951773,0.74549,74.4,25.4,74.306,2026-08-26T15:01:05Z
2017_06_MIA_ATL,2017,6,MIA,ATL,400951697,0.84585,84.5,15.4,49.725,2026-08-26T15:01:05Z
2017_06_NE_NYJ,2017,6,NE,NYJ,400951766,0.17034,17.0,82.8,58.712,2026-08-26T15:01:05Z
2017_06_NYG_DEN,2017,6,NYG,DEN,400951782,0.72417,72.2,27.500000000000004,34.764,2026-08-26T15:01:05Z
2017_06_PHI_CAR,2017,6,PHI,CAR,400951695,0.56124,55.900000000000006,43.7,93.345,2026-08-26T15:01:05Z
2017_06_PIT_KC,2017,6,PIT,KC,400951776,0.74148,74.0,25.8,81.403,2026-08-26T15:01:05Z
2017_06_SF_WAS,2017,6,SF,WAS,400951767,0.885,88.5,11.5,45.734,2026-08-26T15:01:05Z
2017_06_TB_ARI,2017,6,TB,ARI,400951770,0.45482,45.300000000000004,54.300000000000004,38.418,2026-08-26T15:01:05Z
2017_07_ARI_LA,2017,7,ARI,LA,400951593,0.53059,52.900000000000006,46.800000000000004,53.283,2026-08-26T15:01:05Z
2017_07_ATL_NE,2017,7,ATL,NE,400951638,0.68637,68.5,31.3,81.65,2026-08-26T15:01:05Z
2017_07_BAL_MIN,2017,7,BAL,MIN,400951603,0.74449,74.3,25.5,70.183,2026-08-26T15:01:05Z
2017_07_CAR_CHI,2017,7,CAR,CHI,400951578,0.30391,30.3,69.39999999999999,44.45,2026-08-26T15:01:05Z
2017_07_CIN_PIT,2017,7,CIN,PIT,400951609,0.70712,70.5,29.2,54.166,2026-08-26T15:01:05Z
2017_07_DAL_SF,2017,7,DAL,SF,400951619,0.27382,27.3,72.39999999999999,49.573,2026-08-26T15:01:05Z
2017_07_DEN_LAC,2017,7,DEN,LAC,400951624,0.59077,58.9,40.8,54.116,2026-08-26T15:01:05Z
2017_07_JAX_IND,2017,7,JAX,IND,400951589,0.22846,22.8,77.0,32.535,2026-08-26T15:01:05Z
2017_07_KC_OAK,2017,7,KC,OAK,400951571,0.42369,42.199999999999996,57.4,57.784,2026-08-26T15:01:05Z
2017_07_NO_GB,2017,7,NO,GB,400951585,0.49699,49.5,50.1,65.369,2026-08-26T15:01:05Z
2017_07_NYJ_MIA,2017,7,NYJ,MIA,400951598,0.73747,73.6,26.200000000000003,17.878,2026-08-26T15:01:05Z
2017_07_SEA_NYG,2017,7,SEA,NYG,400951628,0.46687,46.5,53.1,55.854,2026-08-26T15:01:05Z
2017_07_TB_BUF,2017,7,TB,BUF,400951575,0.57974,57.8,41.9,34.025,2026-08-26T15:01:05Z
2017_07_TEN_CLE,2017,7,TEN,CLE,400951582,0.3651,36.4,63.3,11.35,2026-08-26T15:01:05Z
2017_07_WAS_PHI,2017,7,WAS,PHI,400951641,0.69739,69.6,30.2,66.74,2026-08-26T15:01:05Z
2017_08_ATL_NYJ,2017,8,ATL,NYJ,400951721,0.28858,28.799999999999997,71.0,47.025,2026-08-26T15:01:05Z
2017_08_CAR_TB,2017,8,CAR,TB,400951725,0.63089,62.9,36.8,64.924,2026-08-26T15:01:05Z
2017_08_CHI_NO,2017,8,CHI,NO,400951717,0.84168,84.0,15.8,51.148,2026-08-26T15:01:05Z
2017_08_DAL_WAS,2017,8,DAL,WAS,400951732,0.48494,48.3,51.300000000000004,65.021,2026-08-26T15:01:05Z
2017_08_DEN_KC,2017,8,DEN,KC,400951737,0.76954,76.8,23.0,50.378,2026-08-26T15:01:05Z
2017_08_HOU_SEA,2017,8,HOU,SEA,400951729,0.70812,70.6,29.099999999999998,47.358,2026-08-26T15:01:05Z
2017_08_IND_CIN,2017,8,IND,CIN,400951711,0.85786,85.7,14.2,19.426,2026-08-26T15:01:05Z
2017_08_LAC_NE,2017,8,LAC,NE,400951715,0.76754,76.6,23.200000000000003,83.791,2026-08-26T15:01:05Z
2017_08_MIA_BAL,2017,8,MIA,BAL,400951670,0.67435,67.30000000000001,32.5,43.484,2026-08-26T15:01:05Z
2017_08_MIN_CLE,2017,8,MIN,CLE,400951683,0.18719,18.7,81.2,46.238,2026-08-26T15:01:05Z
2017_08_OAK_BUF,2017,8,OAK,BUF,400951706,0.53059,52.900000000000006,46.800000000000004,28.463,2026-08-26T15:01:05Z
2017_08_PIT_DET,2017,8,PIT,DET,400951736,0.48092,47.9,51.7,74.497,2026-08-26T15:01:05Z
2017_08_SF_PHI,2017,8,SF,PHI,400951723,0.91391,91.3,8.6,53.2,2026-08-26T15:01:05Z
2017_09_ARI_SF,2017,9,ARI,SF,400951763,0.48795,48.6,51.0,21.647,2026-08-26T15:01:05Z
2017_09_ATL_CAR,2017,9,ATL,CAR,400951749,0.57372,57.199999999999996,42.5,79.082,2026-08-26T15:01:05Z
2017_09_BAL_TEN,2017,9,BAL,TEN,400951761,0.59278,59.099999999999994,40.6,48.859,2026-08-26T15:01:05Z
2017_09_BUF_NYJ,2017,9,BUF,NYJ,400951743,0.37713,37.6,62.1,16.654,2026-08-26T15:01:05Z
2017_09_CIN_JAX,2017,9,CIN,JAX,400951753,0.78858,78.7,21.099999999999998,50.221,2026-08-26T15:01:05Z
2017_09_DEN_PHI,2017,9,DEN,PHI,400951760,0.71242,71.1,28.7,51.516,2026-08-26T15:01:05Z
2017_09_DET_GB,2017,9,DET,GB,400951790,0.65431,65.3,34.5,43.259,2026-08-26T15:01:05Z
2017_09_IND_HOU,2017,9,IND,HOU,400951751,0.9049,90.4,9.5,15.497,2026-08-26T15:01:05Z
2017_09_KC_DAL,2017,9,KC,DAL,400951786,0.58776,58.599999999999994,41.099999999999994,71.227,2026-08-26T15:01:05Z
2017_09_LA_NYG,2017,9,LA,NYG,400951758,0.62086,61.9,37.8,55.481,2026-08-26T15:01:05Z
2017_09_OAK_MIA,2017,9,OAK,MIA,400951787,0.47189,47.0,52.6,27.825,2026-08-26T15:01:05Z
2017_09_TB_NO,2017,9,TB,NO,400951755,0.68706,68.5,31.2,64.369,2026-08-26T15:01:05Z
2017_09_WAS_SEA,2017,9,WAS,SEA,400951765,0.76253,76.1,23.7,62.222,2026-08-26T15:01:05Z
2017_10_CIN_TEN,2017,10,CIN,TEN,400951656,0.64493,64.3,35.4,30.179,2026-08-26T15:01:05Z
2017_10_CLE_DET,2017,10,CLE,DET,400951563,0.78257,78.10000000000001,21.7,31.998,2026-08-26T15:01:05Z
2017_10_DAL_ATL,2017,10,DAL,ATL,400951686,0.50703,50.5,49.1,73.242,2026-08-26T15:01:05Z
2017_10_GB_CHI,2017,10,GB,CHI,400951559,0.51104,50.9,48.699999999999996,24.404,2026-08-26T15:01:05Z
2017_10_HOU_LA,2017,10,HOU,LA,400951663,0.71343,71.2,28.599999999999998,48.626,2026-08-26T15:01:05Z
2017_10_LAC_JAX,2017,10,LAC,JAX,400951648,0.64393,64.2,35.5,85.862,2026-08-26T15:01:05Z
2017_10_MIA_CAR,2017,10,MIA,CAR,400951693,0.77856,77.7,22.1,47.913,2026-08-26T15:01:05Z
2017_10_MIN_WAS,2017,10,MIN,WAS,400951658,0.49398,49.2,50.4,76.748,2026-08-26T15:01:05Z
2017_10_NE_DEN,2017,10,NE,DEN,400951690,0.38114,38.0,61.7,62.457,2026-08-26T15:01:05Z
2017_10_NO_BUF,2017,10,NO,BUF,400951555,0.44076,43.9,55.7,59.216,2026-08-26T15:01:05Z
2017_10_NYG_SF,2017,10,NYG,SF,400951688,0.38616,38.5,61.199999999999996,32.036,2026-08-26T15:01:05Z
2017_10_NYJ_TB,2017,10,NYJ,TB,400951653,0.67803,67.60000000000001,32.1,26.911,2026-08-26T15:01:05Z
2017_10_PIT_IND,2017,10,PIT,IND,400951565,0.13413,13.4,86.5,42.145,2026-08-26T15:01:05Z
2017_10_SEA_ARI,2017,10,SEA,ARI,400951553,0.25952,25.900000000000002,73.9,46.4,2026-08-26T15:01:05Z
2017_11_ARI_HOU,2017,11,ARI,HOU,400951771,0.72044,71.89999999999999,27.900000000000002,15.844,2026-08-26T15:01:05Z
2017_11_ATL_SEA,2017,11,ATL,SEA,400951818,0.6991,69.69999999999999,30.0,74.894,2026-08-26T15:01:05Z
2017_11_BAL_GB,2017,11,BAL,GB,400951703,0.56325,56.10000000000001,43.5,46.452,2026-08-26T15:01:05Z
2017_11_BUF_LAC,2017,11,BUF,LAC,400951807,0.84785,84.7,15.2,49.714,2026-08-26T15:01:05Z
2017_11_CIN_DEN,2017,11,CIN,DEN,400951810,0.64092,63.9,35.8,22.655,2026-08-26T15:01:05Z
2017_11_DET_CHI,2017,11,DET,CHI,400951701,0.38114,38.0,61.7,33.759,2026-08-26T15:01:05Z
2017_11_JAX_CLE,2017,11,JAX,CLE,400951769,0.26052,26.0,73.8,34.388,2026-08-26T15:01:05Z
2017_11_KC_NYG,2017,11,KC,NYG,400951783,0.37011,36.9,62.8,52.062,2026-08-26T15:01:05Z
2017_11_LA_MIN,2017,11,LA,MIN,400951775,0.61184,61.0,38.7,77.194,2026-08-26T15:01:05Z
2017_11_NE_OAK,2017,11,NE,OAK,400951815,0.37212,37.1,62.6,74.545,2026-08-26T15:01:05Z
2017_11_PHI_DAL,2017,11,PHI,DAL,400951817,0.48494,48.3,51.300000000000004,90.444,2026-08-26T15:01:05Z
2017_11_TB_MIA,2017,11,TB,MIA,400981391,0.49699,49.5,50.1,21.761,2026-08-26T15:01:05Z
2017_11_TEN_PIT,2017,11,TEN,PIT,400951698,0.76854,76.7,23.1,55.969,2026-08-26T15:01:05Z
2017_11_WAS_NO,2017,11,WAS,NO,400951780,0.75551,75.4,24.4,66.631,2026-08-26T15:01:05Z
2017_12_BUF_KC,2017,12,BUF,KC,400951595,0.82766,82.6,17.2,47.883,2026-08-26T15:01:05Z
2017_12_CAR_NYJ,2017,12,CAR,NYJ,400951606,0.31294,31.2,68.5,43.144,2026-08-26T15:01:05Z
2017_12_CHI_PHI,2017,12,CHI,PHI,400951610,0.91592,91.5,8.4,51.688,2026-08-26T15:01:05Z
2017_12_CLE_CIN,2017,12,CLE,CIN,400951588,0.74649,74.5,25.3,19.793,2026-08-26T15:01:05Z
2017_12_DEN_OAK,2017,12,DEN,OAK,400951629,0.70541,70.39999999999999,29.4,34.296,2026-08-26T15:01:05Z
2017_12_GB_PIT,2017,12,GB,PIT,400951633,0.81882,81.8,18.099999999999998,53.582,2026-08-26T15:01:05Z
2017_12_HOU_BAL,2017,12,HOU,BAL,400951640,0.69709,69.5,30.2,44.417,2026-08-26T15:01:05Z
2017_12_JAX_ARI,2017,12,JAX,ARI,400951622,0.31194,31.1,68.60000000000001,45.914,2026-08-26T15:01:05Z
2017_12_LAC_DAL,2017,12,LAC,DAL,400951573,0.56469,56.3,43.4,82.461,2026-08-26T15:01:05Z
2017_12_MIA_NE,2017,12,MIA,NE,400951600,0.92492,92.4,7.5,50.591,2026-08-26T15:01:05Z
2017_12_MIN_DET,2017,12,MIN,DET,400951569,0.4654,46.400000000000006,53.300000000000004,77.544,2026-08-26T15:01:05Z
2017_12_NO_LA,2017,12,NO,LA,400951614,0.50502,50.3,49.3,86.088,2026-08-26T15:01:05Z
2017_12_NYG_WAS,2017,12,NYG,WAS,400951577,0.67936,67.80000000000001,32.0,44.999,2026-08-26T15:01:05Z
2017_12_SEA_SF,2017,12,SEA,SF,400951618,0.25251,25.2,74.6,54.281,2026-08-26T15:01:05Z
2017_12_TB_ATL,2017,12,TB,ATL,400951586,0.76553,76.4,23.400000000000002,54.896,2026-08-26T15:01:05Z
2017_12_TEN_IND,2017,12,TEN,IND,400951591,0.3671,36.6,63.1,7.993,2026-08-26T15:01:05Z
2017_13_CAR_NO,2017,13,CAR,NO,400951722,0.70712,70.5,29.2,78.216,2026-08-26T15:01:05Z
2017_13_CLE_LAC,2017,13,CLE,LAC,400951731,0.91592,91.5,8.4,49.828,2026-08-26T15:01:05Z
2017_13_DEN_MIA,2017,13,DEN,MIA,400951718,0.50703,50.5,49.1,22.114,2026-08-26T15:01:05Z
2017_13_DET_BAL,2017,13,DET,BAL,400951680,0.58936,58.699999999999996,40.9,61.324,2026-08-26T15:01:05Z
2017_13_HOU_TEN,2017,13,HOU,TEN,400951728,0.59278,59.099999999999994,40.6,29.655,2026-08-26T15:01:05Z
2017_13_IND_JAX,2017,13,IND,JAX,400951713,0.91091,91.0,8.9,46.9,2026-08-26T15:01:05Z
2017_13_KC_NYJ,2017,13,KC,NYJ,400951726,0.333,33.2,66.5,41.259,2026-08-26T15:01:05Z
2017_13_LA_ARI,2017,13,LA,ARI,400951733,0.30792,30.7,69.0,46.045,2026-08-26T15:01:05Z
2017_13_MIN_ATL,2017,13,MIN,ATL,400951677,0.53614,53.400000000000006,46.2,86.66,2026-08-26T15:01:05Z
2017_13_NE_BUF,2017,13,NE,BUF,400951684,0.24749,24.7,75.1,63.488,2026-08-26T15:01:05Z
2017_13_NYG_OAK,2017,13,NYG,OAK,400951740,0.668,66.60000000000001,33.1,36.82,2026-08-26T15:01:05Z
2017_13_PHI_SEA,2017,13,PHI,SEA,400951746,0.48193,48.0,51.6,93.655,2026-08-26T15:01:05Z
2017_13_PIT_CIN,2017,13,PIT,CIN,400951754,0.37412,37.3,62.4,56.945,2026-08-26T15:01:05Z
2017_13_SF_CHI,2017,13,SF,CHI,400951707,0.69107,68.89999999999999,30.8,22.141,2026-08-26T15:01:05Z
2017_13_TB_GB,2017,13,TB,GB,400951710,0.59779,59.599999999999994,40.1,39.362,2026-08-26T15:01:05Z
2017_13_WAS_DAL,2017,13,WAS,DAL,400951672,0.59839,59.599999999999994,40.0,61.925,2026-08-26T15:01:05Z
2017_14_BAL_PIT,2017,14,BAL,PIT,400951694,0.68305,68.10000000000001,31.6,72.199,2026-08-26T15:01:05Z
2017_14_CHI_CIN,2017,14,CHI,CIN,400951564,0.72618,72.39999999999999,27.3,21.058,2026-08-26T15:01:05Z
2017_14_DAL_NYG,2017,14,DAL,NYG,400951692,0.49799,49.6,50.0,51.186,2026-08-26T15:01:05Z
2017_14_DET_TB,2017,14,DET,TB,400951660,0.58877,58.699999999999996,41.0,54.283,2026-08-26T15:01:05Z
2017_14_GB_CLE,2017,14,GB,CLE,400951647,0.40221,40.1,59.599999999999994,10.031,2026-08-26T15:01:05Z
2017_14_IND_BUF,2017,14,IND,BUF,400951560,0.67603,67.4,32.300000000000004,5.723,2026-08-26T15:01:05Z
2017_14_MIN_CAR,2017,14,MIN,CAR,400951561,0.52457,52.300000000000004,47.4,83.947,2026-08-26T15:01:05Z
2017_14_NE_MIA,2017,14,NE,MIA,400951696,0.22244,22.2,77.60000000000001,61.864,2026-08-26T15:01:05Z
2017_14_NO_ATL,2017,14,NO,ATL,400951557,0.51305,51.1,48.5,88.295,2026-08-26T15:01:05Z
2017_14_NYJ_DEN,2017,14,NYJ,DEN,400951665,0.64393,64.2,35.5,27.56,2026-08-26T15:01:05Z
2017_14_OAK_KC,2017,14,OAK,KC,400951654,0.70341,70.19999999999999,29.599999999999998,54.541,2026-08-26T15:01:05Z
2017_14_PHI_LA,2017,14,PHI,LA,400951689,0.47791,47.599999999999994,52.0,93.451,2026-08-26T15:01:05Z
2017_14_SEA_JAX,2017,14,SEA,JAX,400951652,0.57129,56.89999999999999,42.699999999999996,74.068,2026-08-26T15:01:05Z
2017_14_SF_HOU,2017,14,SF,HOU,400951649,0.79179,79.10000000000001,20.8,21.102,2026-08-26T15:01:05Z
2017_14_TEN_ARI,2017,14,TEN,ARI,400951662,0.46586,46.400000000000006,53.2,23.566,2026-08-26T15:01:05Z
2017_14_WAS_LAC,2017,14,WAS,LAC,400951687,0.72044,71.89999999999999,27.900000000000002,65.618,2026-08-26T15:01:05Z
2017_15_ARI_WAS,2017,15,ARI,WAS,400951809,0.8016,80.0,19.8,42.901,2026-08-26T15:01:05Z
2017_15_ATL_TB,2017,15,ATL,TB,400951816,0.43574,43.4,56.2,68.789,2026-08-26T15:01:05Z
2017_15_BAL_CLE,2017,15,BAL,CLE,400951778,0.2976,29.7,70.1,26.374,2026-08-26T15:01:05Z
2017_15_CHI_DET,2017,15,CHI,DET,400951768,0.74749,74.6,25.2,40.654,2026-08-26T15:01:05Z
2017_15_CIN_MIN,2017,15,CIN,MIN,400951784,0.83684,83.6,16.3,52.774,2026-08-26T15:01:05Z
2017_15_DAL_OAK,2017,15,DAL,OAK,400951814,0.52156,52.0,47.699999999999996,56.851,2026-08-26T15:01:05Z
2017_15_DEN_IND,2017,15,DEN,IND,400951705,0.38616,38.5,61.199999999999996,6.723,2026-08-26T15:01:05Z
2017_15_GB_CAR,2017,15,GB,CAR,400951777,0.62688,62.5,37.2,66.051,2026-08-26T15:01:05Z
2017_15_HOU_JAX,2017,15,HOU,JAX,400951781,0.76253,76.1,23.7,47.963,2026-08-26T15:01:05Z
2017_15_LAC_KC,2017,15,LAC,KC,400951772,0.53213,53.0,46.6,82.66,2026-08-26T15:01:05Z
2017_15_LA_SEA,2017,15,LA,SEA,400951811,0.66232,66.10000000000001,33.7,76.576,2026-08-26T15:01:05Z
2017_15_MIA_BUF,2017,15,MIA,BUF,400951774,0.54418,54.2,45.4,21.761,2026-08-26T15:01:05Z
2017_15_NE_PIT,2017,15,NE,PIT,400951812,0.53313,53.1,46.5,94.247,2026-08-26T15:01:05Z
2017_15_NYJ_NO,2017,15,NYJ,NO,400951806,0.93093,93.0,6.9,49.92,2026-08-26T15:01:05Z
2017_15_PHI_NYG,2017,15,PHI,NYG,400951808,0.28987,28.9,70.8,69.067,2026-08-26T15:01:05Z
2017_15_TEN_SF,2017,15,TEN,SF,400951813,0.49096,48.9,50.7,32.2,2026-08-26T15:01:05Z
2017_16_ATL_NO,2017,16,ATL,NO,400951637,0.6984,69.69999999999999,30.099999999999998,81.401,2026-08-26T15:01:05Z
2017_16_BUF_NE,2017,16,BUF,NE,400951631,0.88989,88.9,11.0,52.682,2026-08-26T15:01:05Z
2017_16_CLE_CHI,2017,16,CLE,CHI,400951617,0.7004,69.89999999999999,29.9,15.674,2026-08-26T15:01:05Z
2017_16_DEN_WAS,2017,16,DEN,WAS,400951671,0.67001,66.8,32.9,41.873,2026-08-26T15:01:05Z
2017_16_DET_CIN,2017,16,DET,CIN,400951621,0.4343,43.3,56.39999999999999,38.885,2026-08-26T15:01:05Z
2017_16_IND_BAL,2017,16,IND,BAL,400951596,0.9009,90.0,9.9,40.274,2026-08-26T15:01:05Z
2017_16_JAX_SF,2017,16,JAX,SF,400951675,0.31996,31.900000000000002,67.80000000000001,53.924,2026-08-26T15:01:05Z
2017_16_LAC_NYJ,2017,16,LAC,NYJ,400951642,0.28357,28.299999999999997,71.5,45.357,2026-08-26T15:01:05Z
2017_16_LA_TEN,2017,16,LA,TEN,400951667,0.40964,40.8,58.8,57.239,2026-08-26T15:01:05Z
2017_16_MIA_KC,2017,16,MIA,KC,400951625,0.82164,82.0,17.8,47.478,2026-08-26T15:01:05Z
2017_16_MIN_GB,2017,16,MIN,GB,400951602,0.37613,37.5,62.2,62.593,2026-08-26T15:01:05Z
2017_16_NYG_ARI,2017,16,NYG,ARI,400951682,0.50803,50.6,49.0,23.495,2026-08-26T15:01:05Z
2017_16_OAK_PHI,2017,16,OAK,PHI,400951719,0.82583,82.5,17.4,56.301,2026-08-26T15:01:05Z
2017_16_PIT_HOU,2017,16,PIT,HOU,400951714,0.33902,33.800000000000004,65.9,49.239,2026-08-26T15:01:05Z
2017_16_SEA_DAL,2017,16,SEA,DAL,400951709,0.59579,59.4,40.300000000000004,74.115,2026-08-26T15:01:05Z
2017_16_TB_CAR,2017,16,TB,CAR,400951613,0.73747,73.6,26.200000000000003,60.283,2026-08-26T15:01:05Z
2017_17_ARI_SEA,2017,17,ARI,SEA,400951793,0.84785,84.7,15.2,48.911,2026-08-26T15:01:05Z
2017_17_BUF_MIA,2017,17,BUF,MIA,400951748,0.62287,62.1,37.6,18.969,2026-08-26T15:01:05Z
2017_17_CAR_ATL,2017,17,CAR,ATL,400951734,0.60481,60.3,39.4,76.966,2026-08-26T15:01:05Z
2017_17_CHI_MIN,2017,17,CHI,MIN,400951750,0.87988,87.9,12.0,50.875,2026-08-26T15:01:05Z
2017_17_CIN_BAL,2017,17,CIN,BAL,400951739,0.78657,78.5,21.3,45.848,2026-08-26T15:01:05Z
2017_17_CLE_PIT,2017,17,CLE,PIT,400951762,0.87387,87.3,12.6,48.349,2026-08-26T15:01:05Z
2017_17_DAL_PHI,2017,17,DAL,PHI,400951759,0.74749,74.6,25.2,75.023,2026-08-26T15:01:05Z
2017_17_GB_DET,2017,17,GB,DET,400951741,0.64594,64.4,35.3,44.702,2026-08-26T15:01:05Z
2017_17_HOU_IND,2017,17,HOU,IND,400951745,0.45984,45.800000000000004,53.800000000000004,3.223,2026-08-26T15:01:05Z
2017_17_JAX_TEN,2017,17,JAX,TEN,400951788,0.40923,40.8,58.9,57.273,2026-08-26T15:01:05Z
2017_17_KC_DEN,2017,17,KC,DEN,400951789,0.40622,40.5,59.199999999999996,38.816,2026-08-26T15:01:05Z
2017_17_NO_TB,2017,17,NO,TB,400951764,0.37613,37.5,62.2,76.668,2026-08-26T15:01:05Z
2017_17_NYJ_NE,2017,17,NYJ,NE,400951756,0.927,92.7,7.3,50.24,2026-08-26T15:01:05Z
2017_17_OAK_LAC,2017,17,OAK,LAC,400951791,0.75752,75.6,24.2,58.791,2026-08-26T15:01:05Z
2017_17_SF_LA,2017,17,SF,LA,400951792,0.81964,81.8,18.0,49.206,2026-08-26T15:01:05Z
2017_17_WAS_NYG,2017,17,WAS,NYG,400951757,0.46285,46.1,53.5,43.18,2026-08-26T15:01:05Z
2018_01_ATL_PHI,2018,1,ATL,PHI,401030710,0.58776,58.599999999999994,41.099999999999994,69.084,2026-08-26T15:01:05Z
2018_01_BUF_BAL,2018,1,BUF,BAL,401030711,0.83784,83.7,16.2,51.452,2026-08-26T15:01:05Z
2018_01_CHI_GB,2018,1,CHI,GB,401030726,0.73246,73.1,26.700000000000003,77.434,2026-08-26T15:01:05Z
2018_01_CIN_IND,2018,1,CIN,IND,401030717,0.61585,61.4,38.3,51.689,2026-08-26T15:01:05Z
2018_01_DAL_CAR,2018,1,DAL,CAR,401030723,0.6008,59.9,39.800000000000004,66.324,2026-08-26T15:01:05Z
2018_01_HOU_NE,2018,1,HOU,NE,401030714,0.72818,72.6,27.1,72.971,2026-08-26T15:01:05Z
2018_01_JAX_NYG,2018,1,JAX,NYG,401030712,0.51153,51.0,48.699999999999996,38.121,2026-08-26T15:01:05Z
2018_01_KC_LAC,2018,1,KC,LAC,401030720,0.62588,62.4,37.3,93.737,2026-08-26T15:01:05Z
2018_01_LA_OAK,2018,1,LA,OAK,401030751,0.42871,42.699999999999996,56.89999999999999,49.699,2026-08-26T15:01:05Z
2018_01_NYJ_DET,2018,1,NYJ,DET,401030728,0.71844,71.7,28.1,23.432,2026-08-26T15:01:05Z
2018_01_PIT_CLE,2018,1,PIT,CLE,401030718,0.34804,34.699999999999996,65.0,68.078,2026-08-26T15:01:05Z
2018_01_SEA_DEN,2018,1,SEA,DEN,401030721,0.54819,54.6,45.0,65.009,2026-08-26T15:01:05Z
2018_01_SF_MIN,2018,1,SF,MIN,401030715,0.6991,69.69999999999999,30.0,48.903,2026-08-26T15:01:05Z
2018_01_TB_NO,2018,1,TB,NO,401030713,0.82064,81.89999999999999,17.9,52.67,2026-08-26T15:01:05Z
2018_01_TEN_MIA,2018,1,TEN,MIA,401030716,0.49398,49.2,50.4,23.437,2026-08-26T15:01:05Z
2018_01_WAS_ARI,2018,1,WAS,ARI,401030725,0.5753,57.3,42.3,2.67,2026-08-26T15:01:05Z
2018_02_ARI_LA,2018,2,ARI,LA,401030732,0.85686,85.6,14.299999999999999,49.682,2026-08-26T15:01:05Z
2018_02_BAL_CIN,2018,2,BAL,CIN,401030690,0.43932,43.8,55.900000000000006,54.451,2026-08-26T15:01:05Z
2018_02_CAR_ATL,2018,2,CAR,ATL,401030691,0.65396,65.2,34.5,64.256,2026-08-26T15:01:05Z
2018_02_CLE_NO,2018,2,CLE,NO,401030708,0.74549,74.4,25.4,59.966,2026-08-26T15:01:05Z
2018_02_DET_SF,2018,2,DET,SF,401030730,0.74549,74.4,25.4,30.361,2026-08-26T15:01:05Z
2018_02_HOU_TEN,2018,2,HOU,TEN,401030694,0.50602,50.4,49.2,58.282,2026-08-26T15:01:05Z
2018_02_IND_WAS,2018,2,IND,WAS,401030693,0.69709,69.5,30.2,49.353,2026-08-26T15:01:05Z
2018_02_KC_PIT,2018,2,KC,PIT,401030698,0.64794,64.60000000000001,35.099999999999994,93.689,2026-08-26T15:01:05Z
2018_02_LAC_BUF,2018,2,LAC,BUF,401030704,0.29158,29.099999999999998,70.7,60.156,2026-08-26T15:01:05Z
2018_02_MIA_NYJ,2018,2,MIA,NYJ,401030700,0.62287,62.1,37.6,4.956,2026-08-26T15:01:05Z
2018_02_MIN_GB,2018,2,MIN,GB,401030705,0.59779,59.599999999999994,40.1,68.388,2026-08-26T15:01:05Z
2018_02_NE_JAX,2018,2,NE,JAX,401030733,0.50502,50.3,49.3,68.55,2026-08-26T15:01:05Z
2018_02_NYG_DAL,2018,2,NYG,DAL,401030738,0.71515,71.3,28.4,53.65,2026-08-26T15:01:05Z
2018_02_OAK_DEN,2018,2,OAK,DEN,401030736,0.63791,63.6,36.1,35.7,2026-08-26T15:01:05Z
2018_02_PHI_TB,2018,2,PHI,TB,401030696,0.40321,40.2,59.5,43.232,2026-08-26T15:01:05Z
2018_02_SEA_CHI,2018,2,SEA,CHI,401030739,0.57329,57.099999999999994,42.5,77.473,2026-08-26T15:01:05Z
2018_03_BUF_MIN,2018,3,BUF,MIN,401030784,0.90791,90.7,9.2,47.094,2026-08-26T15:01:05Z
2018_03_CHI_ARI,2018,3,CHI,ARI,401030801,0.44433,44.3,55.400000000000006,32.166,2026-08-26T15:01:05Z
2018_03_CIN_CAR,2018,3,CIN,CAR,401030790,0.57773,57.599999999999994,42.1,44.956,2026-08-26T15:01:05Z
2018_03_DAL_SEA,2018,3,DAL,SEA,401030799,0.53815,53.6,46.0,71.27,2026-08-26T15:01:05Z
2018_03_DEN_BAL,2018,3,DEN,BAL,401030788,0.78357,78.2,21.6,57.275,2026-08-26T15:01:05Z
2018_03_GB_WAS,2018,3,GB,WAS,401030781,0.51856,51.7,48.0,41.106,2026-08-26T15:01:05Z
2018_03_IND_PHI,2018,3,IND,PHI,401030782,0.73119,72.89999999999999,26.8,78.232,2026-08-26T15:01:05Z
2018_03_LAC_LA,2018,3,LAC,LA,401030798,0.72946,72.8,27.0,91.379,2026-08-26T15:01:05Z
2018_03_NE_DET,2018,3,NE,DET,401030802,0.38816,38.7,61.0,64.646,2026-08-26T15:01:05Z
2018_03_NO_ATL,2018,3,NO,ATL,401030777,0.64128,64.0,35.8,88.161,2026-08-26T15:01:05Z
2018_03_NYG_HOU,2018,3,NYG,HOU,401030791,0.69339,69.19999999999999,30.599999999999998,53.8,2026-08-26T15:01:05Z
2018_03_NYJ_CLE,2018,3,NYJ,CLE,401030775,0.60782,60.6,39.1,31.692,2026-08-26T15:01:05Z
2018_03_OAK_MIA,2018,3,OAK,MIA,401030787,0.66098,65.9,33.800000000000004,8.576,2026-08-26T15:01:05Z
2018_03_PIT_TB,2018,3,PIT,TB,401030805,0.46687,46.5,53.1,54.771,2026-08-26T15:01:05Z
2018_03_SF_KC,2018,3,SF,KC,401030795,0.64794,64.60000000000001,35.099999999999994,53.33,2026-08-26T15:01:05Z
2018_03_TEN_JAX,2018,3,TEN,JAX,401030794,0.81663,81.5,18.3,32.646,2026-08-26T15:01:05Z
2018_04_BAL_PIT,2018,4,BAL,PIT,401030933,0.55767,55.60000000000001,44.1,82.518,2026-08-26T15:01:05Z
2018_04_BUF_GB,2018,4,BUF,GB,401030844,0.75551,75.4,24.4,45.773,2026-08-26T15:01:05Z
2018_04_CIN_ATL,2018,4,CIN,ATL,401030847,0.66433,66.3,33.5,48.576,2026-08-26T15:01:05Z
2018_04_CLE_OAK,2018,4,CLE,OAK,401030930,0.65597,65.4,34.300000000000004,10.65,2026-08-26T15:01:05Z
2018_04_DET_DAL,2018,4,DET,DAL,401030845,0.68838,68.7,31.1,49.422,2026-08-26T15:01:05Z
2018_04_HOU_IND,2018,4,HOU,IND,401030843,0.60682,60.5,39.2,72.539,2026-08-26T15:01:05Z
2018_04_KC_DEN,2018,4,KC,DEN,401030934,0.42972,42.8,56.8,78.846,2026-08-26T15:01:05Z
2018_04_MIA_NE,2018,4,MIA,NE,401030841,0.72345,72.2,27.6,49.787,2026-08-26T15:01:05Z
2018_04_MIN_LA,2018,4,MIN,LA,401030839,0.7978,79.7,20.200000000000003,72.556,2026-08-26T15:01:05Z
2018_04_NO_NYG,2018,4,NO,NYG,401030931,0.49498,49.3,50.3,75.018,2026-08-26T15:01:05Z
2018_04_NYJ_JAX,2018,4,NYJ,JAX,401030840,0.72846,72.7,27.1,25.627,2026-08-26T15:01:05Z
2018_04_PHI_TEN,2018,4,PHI,TEN,401030842,0.43932,43.8,55.900000000000006,70.101,2026-08-26T15:01:05Z
2018_04_SEA_ARI,2018,4,SEA,ARI,401030848,0.32665,32.6,67.2,30.28,2026-08-26T15:01:05Z
2018_04_SF_LAC,2018,4,SF,LAC,401030932,0.75852,75.7,24.099999999999998,50.618,2026-08-26T15:01:05Z
2018_04_TB_CHI,2018,4,TB,CHI,401030846,0.61685,61.5,38.2,50.745,2026-08-26T15:01:05Z
2018_05_ARI_SF,2018,5,ARI,SF,401030797,0.75752,75.6,24.2,12.778,2026-08-26T15:01:05Z
2018_05_ATL_PIT,2018,5,ATL,PIT,401030709,0.58576,58.4,41.3,74.306,2026-08-26T15:01:05Z
2018_05_BAL_CLE,2018,5,BAL,CLE,401030770,0.27856,27.800000000000004,72.0,51.677,2026-08-26T15:01:05Z
2018_05_DAL_HOU,2018,5,DAL,HOU,401030831,0.58375,58.199999999999996,41.5,70.26,2026-08-26T15:01:05Z
2018_05_DEN_NYJ,2018,5,DEN,NYJ,401030734,0.59036,58.8,40.8,16.218,2026-08-26T15:01:05Z
2018_05_GB_DET,2018,5,GB,DET,401030745,0.49699,49.5,50.1,46.712,2026-08-26T15:01:05Z
2018_05_IND_NE,2018,5,IND,NE,401030697,0.76854,76.7,23.1,80.455,2026-08-26T15:01:05Z
2018_05_JAX_KC,2018,5,JAX,KC,401030741,0.59137,58.9,40.699999999999996,57.301,2026-08-26T15:01:05Z
2018_05_LA_SEA,2018,5,LA,SEA,401030808,0.34504,34.4,65.3,90.223,2026-08-26T15:01:05Z
2018_05_MIA_CIN,2018,5,MIA,CIN,401030785,0.76052,75.9,23.9,23.19,2026-08-26T15:01:05Z
2018_05_MIN_PHI,2018,5,MIN,PHI,401030803,0.60181,60.0,39.7,72.718,2026-08-26T15:01:05Z
2018_05_NYG_CAR,2018,5,NYG,CAR,401030778,0.73547,73.4,26.400000000000002,50.734,2026-08-26T15:01:05Z
2018_05_OAK_LAC,2018,5,OAK,LAC,401030793,0.73547,73.4,26.400000000000002,49.734,2026-08-26T15:01:05Z
2018_05_TEN_BUF,2018,5,TEN,BUF,401030702,0.42929,42.8,56.89999999999999,37.31,2026-08-26T15:01:05Z
2018_05_WAS_NO,2018,5,WAS,NO,401030834,0.61284,61.1,38.6,54.409,2026-08-26T15:01:05Z
2018_06_ARI_MIN,2018,6,ARI,MIN,401030742,0.84685,84.6,15.299999999999999,45.21,2026-08-26T15:01:05Z
2018_06_BAL_TEN,2018,6,BAL,TEN,401030774,0.43173,43.0,56.599999999999994,71.925,2026-08-26T15:01:05Z
2018_06_BUF_HOU,2018,6,BUF,HOU,401030748,0.78056,77.9,21.9,47.737,2026-08-26T15:01:05Z
2018_06_CAR_WAS,2018,6,CAR,WAS,401030701,0.55723,55.50000000000001,44.1,38.754,2026-08-26T15:01:05Z
2018_06_CHI_MIA,2018,6,CHI,MIA,401030771,0.35908,35.8,63.9,41.255,2026-08-26T15:01:05Z
2018_06_IND_NYJ,2018,6,IND,NYJ,401030737,0.48896,48.699999999999996,50.9,37.168,2026-08-26T15:01:05Z
2018_06_JAX_DAL,2018,6,JAX,DAL,401030776,0.56269,56.10000000000001,43.6,51.515,2026-08-26T15:01:05Z
2018_06_KC_NE,2018,6,KC,NE,401030779,0.668,66.60000000000001,33.1,92.546,2026-08-26T15:01:05Z
2018_06_LAC_CLE,2018,6,LAC,CLE,401030746,0.4006,39.900000000000006,59.699999999999996,60.691,2026-08-26T15:01:05Z
2018_06_LA_DEN,2018,6,LA,DEN,401030773,0.22946,22.900000000000002,76.9,76.487,2026-08-26T15:01:05Z
2018_06_PHI_NYG,2018,6,PHI,NYG,401030692,0.50301,50.1,49.5,61.168,2026-08-26T15:01:05Z
2018_06_PIT_CIN,2018,6,PIT,CIN,401030743,0.53012,52.800000000000004,46.800000000000004,58.232,2026-08-26T15:01:05Z
2018_06_SEA_OAK,2018,6,SEA,OAK,401030706,0.34102,34.0,65.7,43.541,2026-08-26T15:01:05Z
2018_06_SF_GB,2018,6,SF,GB,401030783,0.78056,77.9,21.9,45.494,2026-08-26T15:01:05Z
2018_06_TB_ATL,2018,6,TB,ATL,401030695,0.65095,64.9,34.8,55.215,2026-08-26T15:01:05Z
2018_07_BUF_IND,2018,7,BUF,IND,401030833,0.79479,79.4,20.5,51.04,2026-08-26T15:01:05Z
2018_07_CAR_PHI,2018,7,CAR,PHI,401030807,0.6984,69.69999999999999,30.099999999999998,66.273,2026-08-26T15:01:05Z
2018_07_CIN_KC,2018,7,CIN,KC,401030804,0.70512,70.3,29.4,54.409,2026-08-26T15:01:05Z
2018_07_CLE_TB,2018,7,CLE,TB,401030806,0.73948,73.8,26.0,34.422,2026-08-26T15:01:05Z
2018_07_DAL_WAS,2018,7,DAL,WAS,401030837,0.47289,47.099999999999994,52.5,43.224,2026-08-26T15:01:05Z
2018_07_DEN_ARI,2018,7,DEN,ARI,401030800,0.47791,47.599999999999994,52.0,12.269,2026-08-26T15:01:05Z
2018_07_DET_MIA,2018,7,DET,MIA,401030830,0.51104,50.9,48.699999999999996,10.907,2026-08-26T15:01:05Z
2018_07_HOU_JAX,2018,7,HOU,JAX,401030835,0.60983,60.8,38.9,53.057,2026-08-26T15:01:05Z
2018_07_LA_SF,2018,7,LA,SF,401030838,0.25752,25.7,74.1,54.946,2026-08-26T15:01:05Z
2018_07_MIN_NYJ,2018,7,MIN,NYJ,401030809,0.45482,45.300000000000004,54.300000000000004,29.272,2026-08-26T15:01:05Z
2018_07_NE_CHI,2018,7,NE,CHI,401030832,0.50301,50.1,49.5,88.758,2026-08-26T15:01:05Z
2018_07_NO_BAL,2018,7,NO,BAL,401030836,0.61083,60.9,38.800000000000004,91.965,2026-08-26T15:01:05Z
2018_07_NYG_ATL,2018,7,NYG,ATL,401030796,0.68907,68.7,31.0,54.346,2026-08-26T15:01:05Z
2018_07_TEN_LAC,2018,7,TEN,LAC,401030792,0.72016,71.8,27.900000000000002,78.221,2026-08-26T15:01:05Z
2018_08_BAL_CAR,2018,8,BAL,CAR,401030849,0.47892,47.699999999999996,51.9,73.708,2026-08-26T15:01:05Z
2018_08_CLE_PIT,2018,8,CLE,PIT,401030731,0.88088,88.0,11.899999999999999,50.972,2026-08-26T15:01:05Z
2018_08_DEN_KC,2018,8,DEN,KC,401030707,0.78557,78.4,21.4,64.462,2026-08-26T15:01:05Z
2018_08_GB_LA,2018,8,GB,LA,401030780,0.7986,79.7,20.1,74.973,2026-08-26T15:01:05Z
2018_08_IND_OAK,2018,8,IND,OAK,401030749,0.50301,50.1,49.5,36.438,2026-08-26T15:01:05Z
2018_08_MIA_HOU,2018,8,MIA,HOU,401030703,0.75251,75.1,24.7,45.235,2026-08-26T15:01:05Z
2018_08_NE_BUF,2018,8,NE,BUF,401030789,0.16517,16.5,83.39999999999999,61.954,2026-08-26T15:01:05Z
2018_08_NO_MIN,2018,8,NO,MIN,401030786,0.56225,56.00000000000001,43.6,87.933,2026-08-26T15:01:05Z
2018_08_NYJ_CHI,2018,8,NYJ,CHI,401030747,0.76353,76.2,23.599999999999998,48.367,2026-08-26T15:01:05Z
2018_08_PHI_JAX,2018,8,PHI,JAX,401030699,0.37312,37.2,62.5,56.321,2026-08-26T15:01:05Z
2018_08_SEA_DET,2018,8,SEA,DET,401030740,0.42126,42.0,57.699999999999996,54.832,2026-08-26T15:01:05Z
2018_08_SF_ARI,2018,8,SF,ARI,401030772,0.44634,44.5,55.2,0.928,2026-08-26T15:01:05Z
2018_08_TB_CIN,2018,8,TB,CIN,401030744,0.6503,64.9,34.9,32.036,2026-08-26T15:01:05Z
2018_08_WAS_NYG,2018,8,WAS,NYG,401030735,0.58375,58.199999999999996,41.5,31.983,2026-08-26T15:01:05Z
2018_09_ATL_WAS,2018,9,ATL,WAS,401030826,0.501,49.9,49.7,43.652,2026-08-26T15:01:05Z
2018_09_CHI_BUF,2018,9,CHI,BUF,401030769,0.2024,20.200000000000003,79.60000000000001,55.125,2026-08-26T15:01:05Z
2018_09_DET_MIN,2018,9,DET,MIN,401030822,0.73447,73.3,26.5,49.207,2026-08-26T15:01:05Z
2018_09_GB_NE,2018,9,GB,NE,401030858,0.68205,68.0,31.7,73.009,2026-08-26T15:01:05Z
2018_09_HOU_DEN,2018,9,HOU,DEN,401030829,0.50703,50.5,49.1,59.588,2026-08-26T15:01:05Z
2018_09_KC_CLE,2018,9,KC,CLE,401030814,0.21343,21.3,78.5,64.692,2026-08-26T15:01:05Z
2018_09_LAC_SEA,2018,9,LAC,SEA,401030852,0.51908,51.7,47.9,88.954,2026-08-26T15:01:05Z
2018_09_LA_NO,2018,9,LA,NO,401030855,0.5,49.8,49.8,90.631,2026-08-26T15:01:05Z
2018_09_NYJ_MIA,2018,9,NYJ,MIA,401030816,0.61245,61.0,38.6,7.424,2026-08-26T15:01:05Z
2018_09_OAK_SF,2018,9,OAK,SF,401030767,0.62187,62.0,37.7,11.789,2026-08-26T15:01:05Z
2018_09_PIT_BAL,2018,9,PIT,BAL,401030819,0.58534,58.3,41.3,84.237,2026-08-26T15:01:05Z
2018_09_TB_CAR,2018,9,TB,CAR,401030811,0.80561,80.4,19.400000000000002,43.995,2026-08-26T15:01:05Z
2018_09_TEN_DAL,2018,9,TEN,DAL,401030862,0.74749,74.6,25.2,62.87,2026-08-26T15:01:05Z
2018_10_ARI_KC,2018,10,ARI,KC,401030815,0.939,93.89999999999999,6.1,49.752,2026-08-26T15:01:05Z
2018_10_ATL_CLE,2018,10,ATL,CLE,401030754,0.32297,32.2,67.5,44.641,2026-08-26T15:01:05Z
2018_10_BUF_NYJ,2018,10,BUF,NYJ,401030853,0.66199,66.0,33.7,8.226,2026-08-26T15:01:05Z
2018_10_CAR_PIT,2018,10,CAR,PIT,401030729,0.66199,66.0,33.7,69.816,2026-08-26T15:01:05Z
2018_10_DAL_PHI,2018,10,DAL,PHI,401030869,0.73747,73.6,26.200000000000003,65.293,2026-08-26T15:01:05Z
2018_10_DET_CHI,2018,10,DET,CHI,401030810,0.75852,75.7,24.099999999999998,53.475,2026-08-26T15:01:05Z
2018_10_JAX_IND,2018,10,JAX,IND,401030766,0.68004,67.80000000000001,31.900000000000002,54.447,2026-08-26T15:01:05Z
2018_10_LAC_OAK,2018,10,LAC,OAK,401030859,0.24549,24.5,75.3,47.474,2026-08-26T15:01:05Z
2018_10_MIA_GB,2018,10,MIA,GB,401030756,0.82064,81.89999999999999,17.9,44.135,2026-08-26T15:01:05Z
2018_10_NE_TEN,2018,10,NE,TEN,401030821,0.37412,37.3,62.4,80.662,2026-08-26T15:01:05Z
2018_10_NO_CIN,2018,10,NO,CIN,401030752,0.47088,46.9,52.7,67.992,2026-08-26T15:01:05Z
2018_10_NYG_SF,2018,10,NYG,SF,401030873,0.56526,56.3,43.3,22.511,2026-08-26T15:01:05Z
2018_10_SEA_LA,2018,10,SEA,LA,401030865,0.77077,77.0,22.900000000000002,80.233,2026-08-26T15:01:05Z
2018_10_WAS_TB,2018,10,WAS,TB,401030828,0.54865,54.7,45.0,21.483,2026-08-26T15:01:05Z
2018_11_CAR_DET,2018,11,CAR,DET,401030910,0.40763,40.6,59.0,44.26,2026-08-26T15:01:05Z
2018_11_CIN_BAL,2018,11,CIN,BAL,401030894,0.78357,78.2,21.6,48.978,2026-08-26T15:01:05Z
2018_11_DAL_ATL,2018,11,DAL,ATL,401030929,0.59579,59.4,40.300000000000004,69.293,2026-08-26T15:01:05Z
2018_11_DEN_LAC,2018,11,DEN,LAC,401030969,0.76453,76.3,23.5,65.998,2026-08-26T15:01:05Z
2018_11_GB_SEA,2018,11,GB,SEA,401030878,0.60682,60.5,39.2,68.528,2026-08-26T15:01:05Z
2018_11_HOU_WAS,2018,11,HOU,WAS,401030966,0.44835,44.7,55.00000000000001,44.12,2026-08-26T15:01:05Z
2018_11_KC_LA,2018,11,KC,LA,401030972,0.63928,63.800000000000004,36.0,93.952,2026-08-26T15:01:05Z
2018_11_MIN_CHI,2018,11,MIN,CHI,401030903,0.57673,57.49999999999999,42.199999999999996,77.356,2026-08-26T15:01:05Z
2018_11_OAK_ARI,2018,11,OAK,ARI,401030970,0.5502,54.800000000000004,44.800000000000004,0.362,2026-08-26T15:01:05Z
2018_11_PHI_NO,2018,11,PHI,NO,401030963,0.74248,74.1,25.7,78.855,2026-08-26T15:01:05Z
2018_11_PIT_JAX,2018,11,PIT,JAX,401030971,0.35571,35.5,64.3,63.121,2026-08-26T15:01:05Z
2018_11_TB_NYG,2018,11,TB,NYG,401030952,0.70641,70.5,29.299999999999997,33.355,2026-08-26T15:01:05Z
2018_11_TEN_IND,2018,11,TEN,IND,401030922,0.62588,62.4,37.3,66.202,2026-08-26T15:01:05Z
2018_12_ARI_LAC,2018,12,ARI,LAC,401030912,0.93093,93.0,6.9,49.524,2026-08-26T15:01:05Z
2018_12_ATL_NO,2018,12,ATL,NO,401030923,0.8028,80.2,19.7,75.596,2026-08-26T15:01:05Z
2018_12_CHI_DET,2018,12,CHI,DET,401030905,0.36309,36.199999999999996,63.5,43.798,2026-08-26T15:01:05Z
2018_12_CLE_CIN,2018,12,CLE,CIN,401030921,0.66934,66.8,33.0,22.024,2026-08-26T15:01:05Z
2018_12_GB_MIN,2018,12,GB,MIN,401030908,0.5667,56.49999999999999,43.2,68.557,2026-08-26T15:01:05Z
2018_12_JAX_BUF,2018,12,JAX,BUF,401030919,0.51908,51.7,47.9,29.262,2026-08-26T15:01:05Z
2018_12_MIA_IND,2018,12,MIA,IND,401030906,0.82382,82.3,17.599999999999998,45.238,2026-08-26T15:01:05Z
2018_12_NE_NYJ,2018,12,NE,NYJ,401030904,0.16633,16.6,83.2,45.728,2026-08-26T15:01:05Z
2018_12_NYG_PHI,2018,12,NYG,PHI,401030914,0.68004,67.80000000000001,31.900000000000002,57.076,2026-08-26T15:01:05Z
2018_12_OAK_BAL,2018,12,OAK,BAL,401030916,0.86386,86.3,13.600000000000001,46.635,2026-08-26T15:01:05Z
2018_12_PIT_DEN,2018,12,PIT,DEN,401030911,0.3992,39.800000000000004,59.9,69.879,2026-08-26T15:01:05Z
2018_12_SEA_CAR,2018,12,SEA,CAR,401030920,0.59579,59.4,40.300000000000004,72.142,2026-08-26T15:01:05Z
2018_12_SF_TB,2018,12,SF,TB,401030902,0.65597,65.4,34.300000000000004,31.373,2026-08-26T15:01:05Z
2018_12_TEN_HOU,2018,12,TEN,HOU,401030762,0.74248,74.1,25.7,55.742,2026-08-26T15:01:05Z
2018_12_WAS_DAL,2018,12,WAS,DAL,401030925,0.74349,74.2,25.6,45.961,2026-08-26T15:01:05Z
2018_13_ARI_GB,2018,13,ARI,GB,401030965,0.92092,92.0,7.9,44.378,2026-08-26T15:01:05Z
2018_13_BAL_ATL,2018,13,BAL,ATL,401030928,0.60682,60.5,39.2,68.025,2026-08-26T15:01:05Z
2018_13_BUF_MIA,2018,13,BUF,MIA,401030954,0.57673,57.49999999999999,42.199999999999996,8.319,2026-08-26T15:01:05Z
2018_13_CAR_TB,2018,13,CAR,TB,401030968,0.5,49.8,49.8,51.484,2026-08-26T15:01:05Z
2018_13_CHI_NYG,2018,13,CHI,NYG,401030953,0.501,49.9,49.7,50.886,2026-08-26T15:01:05Z
2018_13_CLE_HOU,2018,13,CLE,HOU,401030964,0.7998,79.9,20.0,47.72,2026-08-26T15:01:05Z
2018_13_DEN_CIN,2018,13,DEN,CIN,401030955,0.47189,47.0,52.6,27.549,2026-08-26T15:01:05Z
2018_13_IND_JAX,2018,13,IND,JAX,401030962,0.42528,42.4,57.3,50.834,2026-08-26T15:01:05Z
2018_13_KC_OAK,2018,13,KC,OAK,401030935,0.16216,16.2,83.7,51.901,2026-08-26T15:01:05Z
2018_13_LAC_PIT,2018,13,LAC,PIT,401030951,0.59036,58.8,40.8,86.76,2026-08-26T15:01:05Z
2018_13_LA_DET,2018,13,LA,DET,401030957,0.24549,24.5,75.3,66.573,2026-08-26T15:01:05Z
2018_13_MIN_NE,2018,13,MIN,NE,401030959,0.67703,67.5,32.2,73.077,2026-08-26T15:01:05Z
2018_13_NO_DAL,2018,13,NO,DAL,401030899,0.38014,37.9,61.8,88.177,2026-08-26T15:01:05Z
2018_13_NYJ_TEN,2018,13,NYJ,TEN,401030960,0.79158,79.0,20.8,39.162,2026-08-26T15:01:05Z
2018_13_SF_SEA,2018,13,SF,SEA,401030958,0.81582,81.5,18.4,48.299,2026-08-26T15:01:05Z
2018_13_WAS_PHI,2018,13,WAS,PHI,401030871,0.68036,67.9,31.900000000000002,47.069,2026-08-26T15:01:05Z
2018_14_ATL_GB,2018,14,ATL,GB,401030825,0.64393,64.2,35.5,68.07,2026-08-26T15:01:05Z
2018_14_BAL_KC,2018,14,BAL,KC,401030764,0.77255,77.10000000000001,22.7,73.916,2026-08-26T15:01:05Z
2018_14_CAR_CLE,2018,14,CAR,CLE,401030823,0.3996,39.800000000000004,59.8,40.065,2026-08-26T15:01:05Z
2018_14_CIN_LAC,2018,14,CIN,LAC,401030851,0.9049,90.4,9.5,50.724,2026-08-26T15:01:05Z
2018_14_DEN_SF,2018,14,DEN,SF,401030827,0.40261,40.1,59.5,24.943,2026-08-26T15:01:05Z
2018_14_DET_ARI,2018,14,DET,ARI,401030860,0.43876,43.7,55.900000000000006,3.99,2026-08-26T15:01:05Z
2018_14_IND_HOU,2018,14,IND,HOU,401030813,0.64429,64.3,35.5,75.643,2026-08-26T15:01:05Z
2018_14_JAX_TEN,2018,14,JAX,TEN,401030724,0.63591,63.4,36.3,42.623,2026-08-26T15:01:05Z
2018_14_LA_CHI,2018,14,LA,CHI,401030817,0.47791,47.599999999999994,52.0,89.359,2026-08-26T15:01:05Z
2018_14_MIN_SEA,2018,14,MIN,SEA,401030867,0.65296,65.10000000000001,34.599999999999994,70.863,2026-08-26T15:01:05Z
2018_14_NE_MIA,2018,14,NE,MIA,401030761,0.24248,24.2,75.6,45.881,2026-08-26T15:01:05Z
2018_14_NO_TB,2018,14,NO,TB,401030758,0.25752,25.7,74.1,73.53,2026-08-26T15:01:05Z
2018_14_NYG_WAS,2018,14,NYG,WAS,401030753,0.53715,53.5,46.1,22.397,2026-08-26T15:01:05Z
2018_14_NYJ_BUF,2018,14,NYJ,BUF,401030750,0.67703,67.5,32.2,18.295,2026-08-26T15:01:05Z
2018_14_PHI_DAL,2018,14,PHI,DAL,401030854,0.67302,67.10000000000001,32.6,72.055,2026-08-26T15:01:05Z
2018_14_PIT_OAK,2018,14,PIT,OAK,401030863,0.26453,26.400000000000002,73.4,42.345,2026-08-26T15:01:05Z
2018_15_ARI_ATL,2018,15,ARI,ATL,401030900,0.89189,89.1,10.8,45.799,2026-08-26T15:01:05Z
2018_15_CLE_DEN,2018,15,CLE,DEN,401030876,0.77255,77.10000000000001,22.7,37.608,2026-08-26T15:01:05Z
2018_15_DAL_IND,2018,15,DAL,IND,401030927,0.60281,60.099999999999994,39.6,72.114,2026-08-26T15:01:05Z
2018_15_DET_BUF,2018,15,DET,BUF,401030896,0.55165,55.00000000000001,44.7,23.546,2026-08-26T15:01:05Z
2018_15_GB_CHI,2018,15,GB,CHI,401030893,0.62889,62.7,37.0,72.208,2026-08-26T15:01:05Z
2018_15_HOU_NYJ,2018,15,HOU,NYJ,401030891,0.30561,30.5,69.3,29.61,2026-08-26T15:01:05Z
2018_15_LAC_KC,2018,15,LAC,KC,401030874,0.6349,63.3,36.4,88.845,2026-08-26T15:01:05Z
2018_15_MIA_MIN,2018,15,MIA,MIN,401030918,0.82665,82.5,17.299999999999997,44.924,2026-08-26T15:01:05Z
2018_15_NE_PIT,2018,15,NE,PIT,401030956,0.5998,59.8,39.900000000000006,89.964,2026-08-26T15:01:05Z
2018_15_NO_CAR,2018,15,NO,CAR,401030967,0.33801,33.7,66.0,85.187,2026-08-26T15:01:05Z
2018_15_OAK_CIN,2018,15,OAK,CIN,401030909,0.68104,67.9,31.8,18.769,2026-08-26T15:01:05Z
2018_15_PHI_LA,2018,15,PHI,LA,401030961,0.82164,82.0,17.8,70.036,2026-08-26T15:01:05Z
2018_15_SEA_SF,2018,15,SEA,SF,401030950,0.34068,34.0,65.8,43.909,2026-08-26T15:01:05Z
2018_15_TB_BAL,2018,15,TB,BAL,401030898,0.7004,69.89999999999999,29.9,53.759,2026-08-26T15:01:05Z
2018_15_TEN_NYG,2018,15,TEN,NYG,401030915,0.58676,58.5,41.199999999999996,49.136,2026-08-26T15:01:05Z
2018_15_WAS_JAX,2018,15,WAS,JAX,401030924,0.68305,68.10000000000001,31.6,22.706,2026-08-26T15:01:05Z
2018_16_ATL_CAR,2018,16,ATL,CAR,401030895,0.501,49.9,49.7,54.854,2026-08-26T15:01:05Z
2018_16_BAL_LAC,2018,16,BAL,LAC,401030897,0.79659,79.5,20.3,67.938,2026-08-26T15:01:05Z
2018_16_BUF_NE,2018,16,BUF,NE,401030892,0.86086,86.0,13.900000000000002,52.623,2026-08-26T15:01:05Z
2018_16_CHI_SF,2018,16,CHI,SF,401030901,0.34905,34.8,64.9,46.673,2026-08-26T15:01:05Z
2018_16_CIN_CLE,2018,16,CIN,CLE,401030872,0.60381,60.199999999999996,39.5,20.812,2026-08-26T15:01:05Z
2018_16_DEN_OAK,2018,16,DEN,OAK,401030926,0.39318,39.2,60.5,19.274,2026-08-26T15:01:05Z
2018_16_GB_NYJ,2018,16,GB,NYJ,401030870,0.31896,31.8,67.9,27.325,2026-08-26T15:01:05Z
2018_16_HOU_PHI,2018,16,HOU,PHI,401030864,0.55422,55.2,44.4,69.343,2026-08-26T15:01:05Z
2018_16_JAX_MIA,2018,16,JAX,MIA,401030866,0.50904,50.7,48.9,8.197,2026-08-26T15:01:05Z
2018_16_KC_SEA,2018,16,KC,SEA,401030917,0.48092,47.9,51.7,92.424,2026-08-26T15:01:05Z
2018_16_LA_ARI,2018,16,LA,ARI,401030907,0.11211,11.200000000000001,88.7,42.936,2026-08-26T15:01:05Z
2018_16_MIN_DET,2018,16,MIN,DET,401030877,0.40622,40.5,59.199999999999996,48.615,2026-08-26T15:01:05Z
2018_16_NYG_IND,2018,16,NYG,IND,401030861,0.73647,73.5,26.3,56.848,2026-08-26T15:01:05Z
2018_16_PIT_NO,2018,16,PIT,NO,401030913,0.71042,70.89999999999999,28.9,86.148,2026-08-26T15:01:05Z
2018_16_TB_DAL,2018,16,TB,DAL,401030875,0.69138,69.0,30.8,53.959,2026-08-26T15:01:05Z
2018_16_WAS_TEN,2018,16,WAS,TEN,401030868,0.75852,75.7,24.099999999999998,40.665,2026-08-26T15:01:05Z
2018_17_ARI_SEA,2018,17,ARI,SEA,401030856,0.943,94.3,5.7,47.689,2026-08-26T15:01:05Z
2018_17_ATL_TB,2018,17,ATL,TB,401030820,0.47691,47.5,52.1,56.074,2026-08-26T15:01:05Z
2018_17_CAR_NO,2018,17,CAR,NO,401030768,0.87287,87.2,12.7,58.471,2026-08-26T15:01:05Z
2018_17_CHI_MIN,2018,17,CHI,MIN,401030763,0.57831,57.599999999999994,42.0,78.496,2026-08-26T15:01:05Z
2018_17_CIN_PIT,2018,17,CIN,PIT,401030818,0.86486,86.4,13.5,50.387,2026-08-26T15:01:05Z
2018_17_CLE_BAL,2018,17,CLE,BAL,401030719,0.79158,79.0,20.8,47.13,2026-08-26T15:01:05Z
2018_17_DAL_NYG,2018,17,DAL,NYG,401030812,0.52912,52.7,46.9,55.857,2026-08-26T15:01:05Z
2018_17_DET_GB,2018,17,DET,GB,401030757,0.80762,80.60000000000001,19.2,47.977,2026-08-26T15:01:05Z
2018_17_IND_TEN,2018,17,IND,TEN,401030755,0.42628,42.5,57.199999999999996,55.795,2026-08-26T15:01:05Z
2018_17_JAX_HOU,2018,17,JAX,HOU,401030759,0.74649,74.5,25.3,51.797,2026-08-26T15:01:05Z
2018_17_LAC_DEN,2018,17,LAC,DEN,401030824,0.39017,38.9,60.8,74.039,2026-08-26T15:01:05Z
2018_17_MIA_BUF,2018,17,MIA,BUF,401030722,0.67503,67.30000000000001,32.4,20.367,2026-08-26T15:01:05Z
2018_17_NYJ_NE,2018,17,NYJ,NE,401030765,0.88989,88.9,11.0,49.615,2026-08-26T15:01:05Z
2018_17_OAK_KC,2018,17,OAK,KC,401030760,0.91792,91.7,8.200000000000001,50.05,2026-08-26T15:01:05Z
2018_17_PHI_WAS,2018,17,PHI,WAS,401030727,0.42628,42.5,57.199999999999996,37.471,2026-08-26T15:01:05Z
2018_17_SF_LA,2018,17,SF,LA,401030850,0.8959,89.5,10.4,50.851,2026-08-26T15:01:05Z
2019_01_ATL_MIN,2019,1,ATL,MIN,401127961,0.59388,59.195,40.48,67.646,2026-08-26T15:01:05Z
2019_01_BAL_MIA,2019,1,BAL,MIA,401127954,0.36668,36.561,63.146,49.701,2026-08-26T15:01:05Z
2019_01_BUF_NYJ,2019,1,BUF,NYJ,401127963,0.5947,59.277,40.398,20.843,2026-08-26T15:01:05Z
2019_01_CIN_SEA,2019,1,CIN,SEA,401127995,0.77189,77.048,22.769000000000002,46.48,2026-08-26T15:01:05Z
2019_01_DEN_OAK,2019,1,DEN,OAK,401128025,0.51875,51.675000000000004,47.94,29.228,2026-08-26T15:01:05Z
2019_01_DET_ARI,2019,1,DET,ARI,401127999,0.48936,48.744,50.864,27.499,2026-08-26T15:01:05Z
2019_01_GB_CHI,2019,1,GB,CHI,401127913,0.57841,57.645,42.016999999999996,61.208,2026-08-26T15:01:05Z
2019_01_HOU_NO,2019,1,HOU,NO,401128021,0.65473,65.292,34.431,74.341,2026-08-26T15:01:05Z
2019_01_IND_LAC,2019,1,IND,LAC,401127972,0.68024,67.849,31.894,52.893,2026-08-26T15:01:05Z
2019_01_KC_JAX,2019,1,KC,JAX,401127931,0.41587,41.449000000000005,58.218,72.798,2026-08-26T15:01:05Z
2019_01_LA_CAR,2019,1,LA,CAR,401127923,0.48663,48.474000000000004,51.137,48.995,2026-08-26T15:01:05Z
2019_01_NYG_DAL,2019,1,NYG,DAL,401128007,0.75474,75.325,24.478,49.567,2026-08-26T15:01:05Z
2019_01_PIT_NE,2019,1,PIT,NE,401127860,0.65244,65.062,34.659,59.969,2026-08-26T15:01:05Z
2019_01_SF_TB,2019,1,SF,TB,401128010,0.52213,52.014,47.604,84.234,2026-08-26T15:01:05Z
2019_01_TEN_CLE,2019,1,TEN,CLE,401127928,0.56803,56.607,43.047999999999995,65.377,2026-08-26T15:01:05Z
2019_01_WAS_PHI,2019,1,WAS,PHI,401127968,0.78017,77.88000000000001,21.944,40.281,2026-08-26T15:01:05Z
2019_02_ARI_BAL,2019,2,ARI,BAL,401128061,0.85782,85.684,14.202,52.096,2026-08-26T15:01:05Z
2019_02_BUF_NYG,2019,2,BUF,NYG,401128106,0.49453,49.257,50.346999999999994,16.632,2026-08-26T15:01:05Z
2019_02_CHI_DEN,2019,2,CHI,DEN,401128120,0.49023,48.831,50.77700000000001,39.898,2026-08-26T15:01:05Z
2019_02_CLE_NYJ,2019,2,CLE,NYJ,401128127,0.58867,58.672999999999995,40.997,12.979,2026-08-26T15:01:05Z
2019_02_DAL_WAS,2019,2,DAL,WAS,401128115,0.39145,39.022,60.663999999999994,39.847,2026-08-26T15:01:05Z
2019_02_IND_TEN,2019,2,IND,TEN,401128114,0.65836,65.656,34.07,65.19,2026-08-26T15:01:05Z
2019_02_JAX_HOU,2019,2,JAX,HOU,401128101,0.73826,73.67099999999999,26.118999999999996,44.383,2026-08-26T15:01:05Z
2019_02_KC_OAK,2019,2,KC,OAK,401128118,0.29803,29.731999999999996,70.029,71.556,2026-08-26T15:01:05Z
2019_02_LAC_DET,2019,2,LAC,DET,401128072,0.49882,49.683,49.918,41.298,2026-08-26T15:01:05Z
2019_02_MIN_GB,2019,2,MIN,GB,401128098,0.55138,54.94,44.701,83.975,2026-08-26T15:01:05Z
2019_02_NE_MIA,2019,2,NE,MIA,401127862,0.14159,14.143,85.744,44.736,2026-08-26T15:01:05Z
2019_02_NO_LA,2019,2,NO,LA,401128122,0.58664,58.47,41.199000000000005,88.4,2026-08-26T15:01:05Z
2019_02_PHI_ATL,2019,2,PHI,ATL,401128124,0.50339,50.139,49.464000000000006,60.445,2026-08-26T15:01:05Z
2019_02_SEA_PIT,2019,2,SEA,PIT,401128110,0.53748,53.549,46.081,56.658,2026-08-26T15:01:05Z
2019_02_SF_CIN,2019,2,SF,CIN,401128066,0.4483,44.669,54.972,48.374,2026-08-26T15:01:05Z
2019_02_TB_CAR,2019,2,TB,CAR,401128054,0.69295,69.125,30.629,42.341,2026-08-26T15:01:05Z
2019_03_ATL_IND,2019,3,ATL,IND,401127929,0.55799,55.601,44.045,56.006,2026-08-26T15:01:05Z
2019_03_BAL_KC,2019,3,BAL,KC,401127953,0.72214,72.054,27.724,96.921,2026-08-26T15:01:05Z
2019_03_CAR_ARI,2019,3,CAR,ARI,401127962,0.59741,59.549,40.129,21.501,2026-08-26T15:01:05Z
2019_03_CHI_WAS,2019,3,CHI,WAS,401128003,0.42344,42.199999999999996,57.461,14.045,2026-08-26T15:01:05Z
2019_03_CIN_BUF,2019,3,CIN,BUF,401127915,0.68013,67.839,31.905,31.568,2026-08-26T15:01:05Z
2019_03_DEN_GB,2019,3,DEN,GB,401127925,0.67978,67.803,31.94,53.457,2026-08-26T15:01:05Z
2019_03_DET_PHI,2019,3,DET,PHI,401127959,0.6529,65.108,34.614,46.663,2026-08-26T15:01:05Z
2019_03_HOU_LAC,2019,3,HOU,LAC,401127970,0.56299,56.102,43.547999999999995,61.26,2026-08-26T15:01:05Z
2019_03_LA_CLE,2019,3,LA,CLE,401128125,0.38603,38.483000000000004,61.207,55.448,2026-08-26T15:01:05Z
2019_03_MIA_DAL,2019,3,MIA,DAL,401127921,0.96102,96.071,3.897,49.444,2026-08-26T15:01:05Z
2019_03_NO_SEA,2019,3,NO,SEA,401127993,0.55592,55.394,44.25,85.862,2026-08-26T15:01:05Z
2019_03_NYG_TB,2019,3,NYG,TB,401127966,0.74221,74.06700000000001,25.726,44.448,2026-08-26T15:01:05Z
2019_03_NYJ_NE,2019,3,NYJ,NE,401127861,0.90287,90.217,9.705,49.926,2026-08-26T15:01:05Z
2019_03_OAK_MIN,2019,3,OAK,MIN,401127956,0.78041,77.903,21.92,52.254,2026-08-26T15:01:05Z
2019_03_PIT_SF,2019,3,PIT,SF,401127998,0.7994,79.81099999999999,20.028000000000002,51.857,2026-08-26T15:01:05Z
2019_03_TEN_JAX,2019,3,TEN,JAX,401127859,0.38305,38.187,61.50600000000001,51.658,2026-08-26T15:01:05Z
2019_04_CAR_HOU,2019,4,CAR,HOU,401128026,0.75543,75.395,24.409,44.34,2026-08-26T15:01:05Z
2019_04_CIN_PIT,2019,4,CIN,PIT,401128109,0.65221,65.039,34.682,19.641,2026-08-26T15:01:05Z
2019_04_CLE_BAL,2019,4,CLE,BAL,401128018,0.72895,72.737,27.046,57.242,2026-08-26T15:01:05Z
2019_04_DAL_NO,2019,4,DAL,NO,401128102,0.55187,54.989,44.653,88.519,2026-08-26T15:01:05Z
2019_04_JAX_DEN,2019,4,JAX,DEN,401128097,0.58859,58.665,41.006,29.342,2026-08-26T15:01:05Z
2019_04_KC_DET,2019,4,KC,DET,401128023,0.29872,29.801,69.96,74.425,2026-08-26T15:01:05Z
2019_04_LAC_MIA,2019,4,LAC,MIA,401128055,0.13706,13.691,86.199,12.562,2026-08-26T15:01:05Z
2019_04_MIN_CHI,2019,4,MIN,CHI,401128093,0.47419,47.239,52.381,71.948,2026-08-26T15:01:05Z
2019_04_NE_BUF,2019,4,NE,BUF,401127866,0.24596,24.548000000000002,75.25500000000001,74.6,2026-08-26T15:01:05Z
2019_04_OAK_IND,2019,4,OAK,IND,401128030,0.75293,75.144,24.657999999999998,42.173,2026-08-26T15:01:05Z
2019_04_PHI_GB,2019,4,PHI,GB,401127863,0.64527,64.344,35.372,65.883,2026-08-26T15:01:05Z
2019_04_SEA_ARI,2019,4,SEA,ARI,401128064,0.39321,39.196999999999996,60.488,46.34,2026-08-26T15:01:05Z
2019_04_TB_LA,2019,4,TB,LA,401128069,0.80834,80.71000000000001,19.136,65.673,2026-08-26T15:01:05Z
2019_04_TEN_ATL,2019,4,TEN,ATL,401128016,0.54559,54.36,45.275999999999996,78.49,2026-08-26T15:01:05Z
2019_04_WAS_NYG,2019,4,WAS,NYG,401128059,0.55279,55.081,44.561,4.344,2026-08-26T15:01:05Z
2019_05_ARI_CIN,2019,5,ARI,CIN,401127958,0.5628,56.083000000000006,43.567,9.864,2026-08-26T15:01:05Z
2019_05_ATL_HOU,2019,5,ATL,HOU,401127960,0.64241,64.057,35.656,62.433,2026-08-26T15:01:05Z
2019_05_BAL_PIT,2019,5,BAL,PIT,401128011,0.44578,44.419,55.224,66.309,2026-08-26T15:01:05Z
2019_05_BUF_TEN,2019,5,BUF,TEN,401128014,0.73388,73.232,26.555,59.801,2026-08-26T15:01:05Z
2019_05_CHI_OAK,2019,5,CHI,OAK,401128001,0.41345,41.208,58.461,21.928,2026-08-26T15:01:05Z
2019_05_CLE_SF,2019,5,CLE,SF,401128062,0.73103,72.946,26.839000000000002,52.084,2026-08-26T15:01:05Z
2019_05_DEN_LAC,2019,5,DEN,LAC,401128019,0.6531,65.128,34.594,45.85,2026-08-26T15:01:05Z
2019_05_GB_DAL,2019,5,GB,DAL,401128029,0.60622,60.431000000000004,39.254,78.525,2026-08-26T15:01:05Z
2019_05_IND_KC,2019,5,IND,KC,401128053,0.8105,80.927,18.921,65.677,2026-08-26T15:01:05Z
2019_05_JAX_CAR,2019,5,JAX,CAR,401127932,0.58,57.80499999999999,41.859,9.638,2026-08-26T15:01:05Z
2019_05_LA_SEA,2019,5,LA,SEA,401127927,0.5021,50.01,49.592000000000006,72.734,2026-08-26T15:01:05Z
2019_05_MIN_NYG,2019,5,MIN,NYG,401127971,0.2825,28.186,71.588,42.76,2026-08-26T15:01:05Z
2019_05_NE_WAS,2019,5,NE,WAS,401127864,0.13243,13.229,86.665,43.766,2026-08-26T15:01:05Z
2019_05_NYJ_PHI,2019,5,NYJ,PHI,401128006,0.76734,76.591,23.222,37.46,2026-08-26T15:01:05Z
2019_05_TB_NO,2019,5,TB,NO,401127965,0.59523,59.330000000000005,40.346,71.988,2026-08-26T15:01:05Z
2019_06_ATL_ARI,2019,6,ATL,ARI,401128126,0.44242,44.085,55.559999999999995,39.682,2026-08-26T15:01:05Z
2019_06_CAR_TB,2019,6,CAR,TB,401128096,0.55269,55.071000000000005,44.571,34.948,2026-08-26T15:01:05Z
2019_06_CIN_BAL,2019,6,CIN,BAL,401128105,0.8109,80.967,18.881,50.111,2026-08-26T15:01:05Z
2019_06_DAL_NYJ,2019,6,DAL,NYJ,401128130,0.26829,26.771,73.014,48.541,2026-08-26T15:01:05Z
2019_06_DET_GB,2019,6,DET,GB,401128132,0.6628,66.101,33.629,51.868,2026-08-26T15:01:05Z
2019_06_HOU_KC,2019,6,HOU,KC,401128119,0.66924,66.747,32.988,73.943,2026-08-26T15:01:05Z
2019_06_NO_JAX,2019,6,NO,JAX,401128116,0.42136,41.994,57.669000000000004,55.365,2026-08-26T15:01:05Z
2019_06_NYG_NE,2019,6,NYG,NE,401127917,0.92929,92.876,7.066999999999999,49.814,2026-08-26T15:01:05Z
2019_06_PHI_MIN,2019,6,PHI,MIN,401128123,0.65498,65.31700000000001,34.407,68.809,2026-08-26T15:01:05Z
2019_06_PIT_LAC,2019,6,PIT,LAC,401128131,0.64489,64.306,35.410000000000004,42.886,2026-08-26T15:01:05Z
2019_06_SEA_CLE,2019,6,SEA,CLE,401128111,0.45898,45.73,53.903,52.756,2026-08-26T15:01:05Z
2019_06_SF_LA,2019,6,SF,LA,401128128,0.56394,56.196999999999996,43.454,87.787,2026-08-26T15:01:05Z
2019_06_TEN_DEN,2019,6,TEN,DEN,401128129,0.48986,48.794,50.81400000000001,67.028,2026-08-26T15:01:05Z
2019_06_WAS_MIA,2019,6,WAS,MIA,401128121,0.34614,34.518,65.205,0.727,2026-08-26T15:01:05Z
2019_07_ARI_NYG,2019,7,ARI,NYG,401127974,0.54847,54.649,44.99,9.585,2026-08-26T15:01:05Z
2019_07_BAL_SEA,2019,7,BAL,SEA,401127985,0.64242,64.058,35.656,92.085,2026-08-26T15:01:05Z
2019_07_HOU_IND,2019,7,HOU,IND,401127951,0.46264,46.093,53.537,59.44,2026-08-26T15:01:05Z
2019_07_JAX_CIN,2019,7,JAX,CIN,401127945,0.42691,42.545,57.114,7.154,2026-08-26T15:01:05Z
2019_07_KC_DEN,2019,7,KC,DEN,401127902,0.3608,35.976,63.735,77.837,2026-08-26T15:01:05Z
2019_07_LAC_TEN,2019,7,LAC,TEN,401127979,0.60369,60.177,39.505,62.095,2026-08-26T15:01:05Z
2019_07_LA_ATL,2019,7,LA,ATL,401127940,0.50607,50.407000000000004,49.197,67.656,2026-08-26T15:01:05Z
2019_07_MIA_BUF,2019,7,MIA,BUF,401127942,0.91118,91.053,8.876000000000001,38.892,2026-08-26T15:01:05Z
2019_07_MIN_DET,2019,7,MIN,DET,401127947,0.36898,36.789,62.915,63.276,2026-08-26T15:01:05Z
2019_07_NE_NYJ,2019,7,NE,NYJ,401127894,0.14585,14.568,85.315,52.583,2026-08-26T15:01:05Z
2019_07_NO_CHI,2019,7,NO,CHI,401127982,0.59732,59.540000000000006,40.138,76.2,2026-08-26T15:01:05Z
2019_07_OAK_GB,2019,7,OAK,GB,401127949,0.72137,71.976,27.801,49.24,2026-08-26T15:01:05Z
2019_07_PHI_DAL,2019,7,PHI,DAL,401127987,0.62932,62.745,36.958,68.169,2026-08-26T15:01:05Z
2019_07_SF_WAS,2019,7,SF,WAS,401127977,0.21777,21.739,78.086,43.23,2026-08-26T15:01:05Z
2019_08_ARI_NO,2019,8,ARI,NO,401128046,0.83657,83.54700000000001,16.322,52.707,2026-08-26T15:01:05Z
2019_08_CAR_SF,2019,8,CAR,SF,401128050,0.70652,70.486,29.279,50.202,2026-08-26T15:01:05Z
2019_08_CIN_LA,2019,8,CIN,LA,401127912,0.79297,79.16499999999999,20.669,38.067,2026-08-26T15:01:05Z
2019_08_CLE_NE,2019,8,CLE,NE,401127895,0.85094,84.993,14.888000000000002,61.727,2026-08-26T15:01:05Z
2019_08_DEN_IND,2019,8,DEN,IND,401128051,0.63649,63.464,36.245,44.7,2026-08-26T15:01:05Z
2019_08_GB_KC,2019,8,GB,KC,401128073,0.50782,50.58200000000001,49.024,74.462,2026-08-26T15:01:05Z
2019_08_LAC_CHI,2019,8,LAC,CHI,401128039,0.64361,64.178,35.537,49.645,2026-08-26T15:01:05Z
2019_08_MIA_PIT,2019,8,MIA,PIT,401128074,0.90519,90.45,9.474,27.556,2026-08-26T15:01:05Z
2019_08_NYG_DET,2019,8,NYG,DET,401128042,0.78792,78.658,21.172,24.465,2026-08-26T15:01:05Z
2019_08_NYJ_JAX,2019,8,NYJ,JAX,401128045,0.75715,75.567,24.238,15.171,2026-08-26T15:01:05Z
2019_08_OAK_HOU,2019,8,OAK,HOU,401128043,0.81481,81.36,18.491,47.698,2026-08-26T15:01:05Z
2019_08_PHI_BUF,2019,8,PHI,BUF,401128037,0.46985,46.808,52.815999999999995,52.274,2026-08-26T15:01:05Z
2019_08_SEA_ATL,2019,8,SEA,ATL,401128035,0.40926,40.792,58.88099999999999,53.352,2026-08-26T15:01:05Z
2019_08_TB_TEN,2019,8,TB,TEN,401128048,0.49273,49.079,50.527,73.546,2026-08-26T15:01:05Z
2019_08_WAS_MIN,2019,8,WAS,MIN,401127905,0.91669,91.608,8.325000000000001,49.455,2026-08-26T15:01:05Z
2019_09_CHI_PHI,2019,9,CHI,PHI,401128082,0.62443,62.255,37.444,53.019,2026-08-26T15:01:05Z
2019_09_CLE_DEN,2019,9,CLE,DEN,401128088,0.59945,59.753,39.926,29.106,2026-08-26T15:01:05Z
2019_09_DAL_NYG,2019,9,DAL,NYG,401128091,0.19209,19.179,80.667,44.112,2026-08-26T15:01:05Z
2019_09_DET_OAK,2019,9,DET,OAK,401128085,0.56555,56.358,43.294,28.395,2026-08-26T15:01:05Z
2019_09_GB_LAC,2019,9,GB,LAC,401128090,0.42871,42.724000000000004,56.933,64.896,2026-08-26T15:01:05Z
2019_09_HOU_JAX,2019,9,HOU,JAX,401127936,0.31914,31.832,67.91199999999999,39.347,2026-08-26T15:01:05Z
2019_09_IND_PIT,2019,9,IND,PIT,401128083,0.49619,49.422,50.181,35.718,2026-08-26T15:01:05Z
2019_09_MIN_KC,2019,9,MIN,KC,401128079,0.40531,40.399,59.275999999999996,88.726,2026-08-26T15:01:05Z
2019_09_NE_BAL,2019,9,NE,BAL,401127899,0.3754,37.427,62.273,88.618,2026-08-26T15:01:05Z
2019_09_NYJ_MIA,2019,9,NYJ,MIA,401128080,0.41974,41.833,57.830999999999996,3.021,2026-08-26T15:01:05Z
2019_09_SF_ARI,2019,9,SF,ARI,401127908,0.20849,20.814,79.01899999999999,63.209,2026-08-26T15:01:05Z
2019_09_TB_SEA,2019,9,TB,SEA,401128087,0.65205,65.023,34.698,64.03,2026-08-26T15:01:05Z
2019_09_TEN_CAR,2019,9,TEN,CAR,401128078,0.51251,51.051,48.559000000000005,42.132,2026-08-26T15:01:05Z
2019_09_WAS_BUF,2019,9,WAS,BUF,401128076,0.71366,71.202,28.567999999999998,28.792,2026-08-26T15:01:05Z
2019_10_ARI_TB,2019,10,ARI,TB,401127976,0.71961,71.799,27.976,45.858,2026-08-26T15:01:05Z
2019_10_ATL_NO,2019,10,ATL,NO,401127948,0.77109,76.968,22.849,69.246,2026-08-26T15:01:05Z
2019_10_BAL_CIN,2019,10,BAL,CIN,401127934,0.23431,23.387,76.425,50.324,2026-08-26T15:01:05Z
2019_10_BUF_CLE,2019,10,BUF,CLE,401127939,0.59533,59.34,40.336,37.346,2026-08-26T15:01:05Z
2019_10_CAR_GB,2019,10,CAR,GB,401127944,0.75999,75.85300000000001,23.955000000000002,46.177,2026-08-26T15:01:05Z
2019_10_DET_CHI,2019,10,DET,CHI,401127911,0.67646,67.471,32.269999999999996,33.908,2026-08-26T15:01:05Z
2019_10_KC_TEN,2019,10,KC,TEN,401127981,0.30743,30.667,69.087,97.448,2026-08-26T15:01:05Z
2019_10_LAC_OAK,2019,10,LAC,OAK,401127907,0.49457,49.260999999999996,50.343,37.206,2026-08-26T15:01:05Z
2019_10_LA_PIT,2019,10,LA,PIT,401127989,0.37926,37.811,61.885999999999996,48.957,2026-08-26T15:01:05Z
2019_10_MIA_IND,2019,10,MIA,IND,401127986,0.88477,88.396,11.512,30.332,2026-08-26T15:01:05Z
2019_10_MIN_DAL,2019,10,MIN,DAL,401128041,0.54557,54.358,45.278,88.416,2026-08-26T15:01:05Z
2019_10_NYG_NYJ,2019,10,NYG,NYJ,401127952,0.56364,56.167,43.483,10.012,2026-08-26T15:01:05Z
2019_10_SEA_SF,2019,10,SEA,SF,401127992,0.75394,75.24499999999999,24.558,72.792,2026-08-26T15:01:05Z
2019_11_ARI_SF,2019,11,ARI,SF,401128089,0.85396,85.295,14.587,53.737,2026-08-26T15:01:05Z
2019_11_ATL_CAR,2019,11,ATL,CAR,401128049,0.50682,50.482000000000006,49.123,28.103,2026-08-26T15:01:05Z
2019_11_BUF_MIA,2019,11,BUF,MIA,401128077,0.34946,34.848,64.872,12.524,2026-08-26T15:01:05Z
2019_11_CHI_LA,2019,11,CHI,LA,401128133,0.68358,68.185,31.562,56.865,2026-08-26T15:01:05Z
2019_11_CIN_OAK,2019,11,CIN,OAK,401128092,0.84554,84.449,15.427,27.14,2026-08-26T15:01:05Z
2019_11_DAL_DET,2019,11,DAL,DET,401128052,0.3152,31.44,68.307,51.741,2026-08-26T15:01:05Z
2019_11_DEN_MIN,2019,11,DEN,MIN,401128081,0.79347,79.216,20.619,55.426,2026-08-26T15:01:05Z
2019_11_HOU_BAL,2019,11,HOU,BAL,401128047,0.5475,54.552,45.086,78.522,2026-08-26T15:01:05Z
2019_11_JAX_IND,2019,11,JAX,IND,401128075,0.56769,56.57299999999999,43.081,39.319,2026-08-26T15:01:05Z
2019_11_KC_LAC,2019,11,KC,LAC,401128134,0.26341,26.284999999999997,73.504,79.268,2026-08-26T15:01:05Z
2019_11_NE_PHI,2019,11,NE,PHI,401127897,0.37151,37.041000000000004,62.66199999999999,83.965,2026-08-26T15:01:05Z
2019_11_NO_TB,2019,11,NO,TB,401128084,0.42765,42.619,57.038999999999994,85.654,2026-08-26T15:01:05Z
2019_11_NYJ_WAS,2019,11,NYJ,WAS,401128086,0.57442,57.245999999999995,42.413000000000004,1.816,2026-08-26T15:01:05Z
2019_11_PIT_CLE,2019,11,PIT,CLE,401128044,0.54903,54.705000000000005,44.934000000000005,29.825,2026-08-26T15:01:05Z
2019_12_BAL_LA,2019,12,BAL,LA,401128012,0.47329,47.15,52.471999999999994,93.127,2026-08-26T15:01:05Z
2019_12_CAR_NO,2019,12,CAR,NO,401127922,0.8287,82.756,17.107,50.193,2026-08-26T15:01:05Z
2019_12_DAL_NE,2019,12,DAL,NE,401127957,0.70571,70.404,29.360000000000003,86.355,2026-08-26T15:01:05Z
2019_12_DEN_BUF,2019,12,DEN,BUF,401127872,0.60311,60.119,39.562999999999995,36.858,2026-08-26T15:01:05Z
2019_12_DET_WAS,2019,12,DET,WAS,401127996,0.33709,33.617999999999995,66.11200000000001,1.75,2026-08-26T15:01:05Z
2019_12_GB_SF,2019,12,GB,SF,401128004,0.60977,60.787,38.901,80.425,2026-08-26T15:01:05Z
2019_12_IND_HOU,2019,12,IND,HOU,401127865,0.6556,65.379,34.345,58.677,2026-08-26T15:01:05Z
2019_12_JAX_TEN,2019,12,JAX,TEN,401128000,0.66581,66.403,33.329,51.226,2026-08-26T15:01:05Z
2019_12_MIA_CLE,2019,12,MIA,CLE,401127919,0.865,86.407,13.485,30.636,2026-08-26T15:01:05Z
2019_12_NYG_CHI,2019,12,NYG,CHI,401127914,0.78369,78.233,21.593,27.521,2026-08-26T15:01:05Z
2019_12_OAK_NYJ,2019,12,OAK,NYJ,401127924,0.46741,46.566,53.059999999999995,16.384,2026-08-26T15:01:05Z
2019_12_PIT_CIN,2019,12,PIT,CIN,401127918,0.33658,33.567,66.16300000000001,6.922,2026-08-26T15:01:05Z
2019_12_SEA_PHI,2019,12,SEA,PHI,401128008,0.56646,56.449000000000005,43.204,67.137,2026-08-26T15:01:05Z
2019_12_TB_ATL,2019,12,TB,ATL,401127870,0.65924,65.744,33.983000000000004,62.057,2026-08-26T15:01:05Z
2019_13_BUF_DAL,2019,13,BUF,DAL,401128017,0.78661,78.526,21.303,58.936,2026-08-26T15:01:05Z
2019_13_CHI_DET,2019,13,CHI,DET,401128015,0.45735,45.568,54.066,25.123,2026-08-26T15:01:05Z
2019_13_CLE_PIT,2019,13,CLE,PIT,401128107,0.48759,48.569,51.041000000000004,27.039,2026-08-26T15:01:05Z
2019_13_GB_NYG,2019,13,GB,NYG,401128095,0.24872,24.823,74.978,31.716,2026-08-26T15:01:05Z
2019_13_LAC_DEN,2019,13,LAC,DEN,401128104,0.44416,44.257999999999996,55.386,37.646,2026-08-26T15:01:05Z
2019_13_LA_ARI,2019,13,LA,ARI,401128100,0.45971,45.802,53.83,49.058,2026-08-26T15:01:05Z
2019_13_MIN_SEA,2019,13,MIN,SEA,401128112,0.47429,47.249,52.372,84.064,2026-08-26T15:01:05Z
2019_13_NE_HOU,2019,13,NE,HOU,401127967,0.45837,45.669,53.964,85.373,2026-08-26T15:01:05Z
2019_13_NO_ATL,2019,13,NO,ATL,401128022,0.44089,43.933,55.714,83.528,2026-08-26T15:01:05Z
2019_13_NYJ_CIN,2019,13,NYJ,CIN,401128057,0.47282,47.103,52.519000000000005,6.535,2026-08-26T15:01:05Z
2019_13_OAK_KC,2019,13,OAK,KC,401128067,0.9013,90.059,9.862,51.235,2026-08-26T15:01:05Z
2019_13_PHI_MIA,2019,13,PHI,MIA,401128070,0.20052,20.02,79.81899999999999,22.163,2026-08-26T15:01:05Z
2019_13_SF_BAL,2019,13,SF,BAL,401128027,0.68025,67.851,31.893,89.789,2026-08-26T15:01:05Z
2019_13_TB_JAX,2019,13,TB,JAX,401128063,0.51864,51.664,47.951,44.207,2026-08-26T15:01:05Z
2019_13_TEN_IND,2019,13,TEN,IND,401128058,0.60626,60.435,39.25,69.946,2026-08-26T15:01:05Z
2019_13_WAS_CAR,2019,13,WAS,CAR,401128032,0.80612,80.487,19.358,8.371,2026-08-26T15:01:05Z
2019_14_BAL_BUF,2019,14,BAL,BUF,401127868,0.2809,28.027,71.748,80.123,2026-08-26T15:01:05Z
2019_14_CAR_ATL,2019,14,CAR,ATL,401127869,0.68012,67.838,31.906000000000002,41.506,2026-08-26T15:01:05Z
2019_14_CIN_CLE,2019,14,CIN,CLE,401127867,0.77463,77.323,22.496,26.194,2026-08-26T15:01:05Z
2019_14_DAL_CHI,2019,14,DAL,CHI,401127871,0.42356,42.211999999999996,57.449,71.877,2026-08-26T15:01:05Z
2019_14_DEN_HOU,2019,14,DEN,HOU,401127920,0.80353,80.227,19.616,47.541,2026-08-26T15:01:05Z
2019_14_DET_MIN,2019,14,DET,MIN,401127926,0.83385,83.274,16.593,50.685,2026-08-26T15:01:05Z
2019_14_IND_TB,2019,14,IND,TB,401127994,0.59274,59.080999999999996,40.593,57.426,2026-08-26T15:01:05Z
2019_14_KC_NE,2019,14,KC,NE,401127930,0.59829,59.63699999999999,40.042,99.305,2026-08-26T15:01:05Z
2019_14_LAC_JAX,2019,14,LAC,JAX,401127997,0.46081,45.911,53.72,29.497,2026-08-26T15:01:05Z
2019_14_MIA_NYJ,2019,14,MIA,NYJ,401127969,0.71876,71.714,28.060000000000002,11.245,2026-08-26T15:01:05Z
2019_14_NYG_PHI,2019,14,NYG,PHI,401128013,0.82154,82.037,17.82,40.359,2026-08-26T15:01:05Z
2019_14_PIT_ARI,2019,14,PIT,ARI,401128002,0.53455,53.256,46.372,25.918,2026-08-26T15:01:05Z
2019_14_SEA_LA,2019,14,SEA,LA,401128009,0.57436,57.24,42.419000000000004,70.695,2026-08-26T15:01:05Z
2019_14_SF_NO,2019,14,SF,NO,401127964,0.53816,53.617000000000004,46.013999999999996,88.198,2026-08-26T15:01:05Z
2019_14_TEN_OAK,2019,14,TEN,OAK,401128005,0.46336,46.164,53.464999999999996,54.267,2026-08-26T15:01:05Z
2019_14_WAS_GB,2019,14,WAS,GB,401127916,0.90442,90.372,9.551,45.862,2026-08-26T15:01:05Z
2019_15_ATL_SF,2019,15,ATL,SF,401128108,0.82134,82.016,17.84,65.245,2026-08-26T15:01:05Z
2019_15_BUF_PIT,2019,15,BUF,PIT,401128065,0.51785,51.586,48.028999999999996,30.842,2026-08-26T15:01:05Z
2019_15_CHI_GB,2019,15,CHI,GB,401128031,0.64936,64.754,34.965,58.705,2026-08-26T15:01:05Z
2019_15_CLE_ARI,2019,15,CLE,ARI,401128094,0.46336,46.165,53.464999999999996,28.677,2026-08-26T15:01:05Z
2019_15_DEN_KC,2019,15,DEN,KC,401128056,0.87209,87.119,12.778,53.99,2026-08-26T15:01:05Z
2019_15_HOU_TEN,2019,15,HOU,TEN,401128068,0.52501,52.300999999999995,47.319,71.693,2026-08-26T15:01:05Z
2019_15_IND_NO,2019,15,IND,NO,401128117,0.72322,72.161,27.617000000000004,64.932,2026-08-26T15:01:05Z
2019_15_JAX_OAK,2019,15,JAX,OAK,401128099,0.66418,66.239,33.492,25.959,2026-08-26T15:01:05Z
2019_15_LA_DAL,2019,15,LA,DAL,401128103,0.63077,62.89,36.814,73.851,2026-08-26T15:01:05Z
2019_15_MIA_NYG,2019,15,MIA,NYG,401128060,0.6432,64.13600000000001,35.577999999999996,5.889,2026-08-26T15:01:05Z
2019_15_MIN_LAC,2019,15,MIN,LAC,401128113,0.46697,46.522000000000006,53.104,76.574,2026-08-26T15:01:05Z
2019_15_NE_CIN,2019,15,NE,CIN,401127955,0.14361,14.344000000000001,85.541,48.857,2026-08-26T15:01:05Z
2019_15_NYJ_BAL,2019,15,NYJ,BAL,401128020,0.93435,93.38499999999999,6.561999999999999,50.633,2026-08-26T15:01:05Z
2019_15_PHI_WAS,2019,15,PHI,WAS,401128071,0.25872,25.818,73.97500000000001,21.005,2026-08-26T15:01:05Z
2019_15_SEA_CAR,2019,15,SEA,CAR,401128024,0.39844,39.717,59.964,33.646,2026-08-26T15:01:05Z
2019_15_TB_DET,2019,15,TB,DET,401128028,0.41032,40.897,58.774,34.974,2026-08-26T15:01:05Z
2019_16_ARI_SEA,2019,16,ARI,SEA,401127941,0.80101,79.974,19.867,48.365,2026-08-26T15:01:05Z
2019_16_BAL_CLE,2019,16,BAL,CLE,401127904,0.21334,21.298000000000002,78.53099999999999,71.999,2026-08-26T15:01:05Z
2019_16_BUF_NE,2019,16,BUF,NE,401127898,0.81564,81.443,18.409,60.589,2026-08-26T15:01:05Z
2019_16_CAR_IND,2019,16,CAR,IND,401127906,0.70367,70.19999999999999,29.561999999999998,36.087,2026-08-26T15:01:05Z
2019_16_CIN_MIA,2019,16,CIN,MIA,401127910,0.49444,49.248,50.356,2.892,2026-08-26T15:01:05Z
2019_16_DAL_PHI,2019,16,DAL,PHI,401127938,0.44795,44.634,55.007,79.296,2026-08-26T15:01:05Z
2019_16_DET_DEN,2019,16,DET,DEN,401127893,0.65029,64.847,34.873,23.742,2026-08-26T15:01:05Z
2019_16_GB_MIN,2019,16,GB,MIN,401127946,0.683,68.12700000000001,31.619000000000003,77.905,2026-08-26T15:01:05Z
2019_16_HOU_TB,2019,16,HOU,TB,401127901,0.54204,54.005,45.628,65.884,2026-08-26T15:01:05Z
2019_16_JAX_ATL,2019,16,JAX,ATL,401127903,0.77221,77.08,22.737,40.767,2026-08-26T15:01:05Z
2019_16_KC_CHI,2019,16,KC,CHI,401127943,0.28156,28.092,71.682,82.604,2026-08-26T15:01:05Z
2019_16_LA_SF,2019,16,LA,SF,401127900,0.70099,69.931,29.829,78.933,2026-08-26T15:01:05Z
2019_16_NO_TEN,2019,16,NO,TEN,401127935,0.45402,45.237,54.400000000000006,91.072,2026-08-26T15:01:05Z
2019_16_NYG_WAS,2019,16,NYG,WAS,401127937,0.49029,48.837,50.771,0.565,2026-08-26T15:01:05Z
2019_16_OAK_LAC,2019,16,OAK,LAC,401127896,0.72941,72.783,27.000999999999998,41.254,2026-08-26T15:01:05Z
2019_16_PIT_NYJ,2019,16,PIT,NYJ,401127933,0.47508,47.327000000000005,52.293,14.487,2026-08-26T15:01:05Z
2019_17_ARI_LA,2019,17,ARI,LA,401128038,0.7621,76.065,23.745,50.511,2026-08-26T15:01:05Z
2019_17_ATL_TB,2019,17,ATL,TB,401128034,0.59955,59.763,39.916000000000004,61.089,2026-08-26T15:01:05Z
2019_17_CHI_MIN,2019,17,CHI,MIN,401127991,0.6876,68.587,31.162,62.236,2026-08-26T15:01:05Z
2019_17_CLE_CIN,2019,17,CLE,CIN,401127978,0.36999,36.889,62.815,13.085,2026-08-26T15:01:05Z
2019_17_GB_DET,2019,17,GB,DET,401127983,0.30084,30.011,69.748,40.995,2026-08-26T15:01:05Z
2019_17_IND_JAX,2019,17,IND,JAX,401127988,0.35823,35.72,63.993,28.553,2026-08-26T15:01:05Z
2019_17_LAC_KC,2019,17,LAC,KC,401127990,0.85187,85.086,14.795,64.545,2026-08-26T15:01:05Z
2019_17_MIA_NE,2019,17,MIA,NE,401127909,0.95949,95.917,4.05,49.914,2026-08-26T15:01:05Z
2019_17_NO_CAR,2019,17,NO,CAR,401127975,0.22483,22.442,77.377,52.293,2026-08-26T15:01:05Z
2019_17_NYJ_BUF,2019,17,NYJ,BUF,401127973,0.76507,76.363,23.449,32.421,2026-08-26T15:01:05Z
2019_17_OAK_DEN,2019,17,OAK,DEN,401128036,0.61933,61.744,37.951,25.664,2026-08-26T15:01:05Z
2019_17_PHI_NYG,2019,17,PHI,NYG,401128033,0.29451,29.381,70.383,25.242,2026-08-26T15:01:05Z
2019_17_PIT_BAL,2019,17,PIT,BAL,401127950,0.85222,85.12100000000001,14.761,53.874,2026-08-26T15:01:05Z
2019_17_SF_SEA,2019,17,SF,SEA,401128040,0.43465,43.314,56.338,87.305,2026-08-26T15:01:05Z
2019_17_TEN_HOU,2019,17,TEN,HOU,401127984,0.50839,50.639,48.967,76.292,2026-08-26T15:01:05Z
2019_17_WAS_DAL,2019,17,WAS,DAL,401127980,0.90949,90.88300000000001,9.044,49.455,2026-08-26T15:01:05Z
2020_01_ARI_SF,2020,1,ARI,SF,401220352,0.69462,69.293,30.463,65.451,2026-08-26T15:01:05Z
2020_01_CHI_DET,2020,1,CHI,DET,401220282,0.48349,48.162,51.451,20.122,2026-08-26T15:01:05Z
2020_01_CLE_BAL,2020,1,CLE,BAL,401220147,0.69965,69.796,29.963,63.979,2026-08-26T15:01:05Z
2020_01_DAL_LA,2020,1,DAL,LA,401220347,0.48921,48.729,50.879,57.279,2026-08-26T15:01:05Z
2020_01_GB_MIN,2020,1,GB,MIN,401220300,0.53157,52.958000000000006,46.666999999999994,79.387,2026-08-26T15:01:05Z
2020_01_HOU_KC,2020,1,HOU,KC,401220225,0.77271,77.13,22.688,55.935,2026-08-26T15:01:05Z
2020_01_IND_JAX,2020,1,IND,JAX,401220195,0.33201,33.113,66.621,22.37,2026-08-26T15:01:05Z
2020_01_LAC_CIN,2020,1,LAC,CIN,401220161,0.43288,43.138,56.516,27.176,2026-08-26T15:01:05Z
2020_01_LV_CAR,2020,1,LV,CAR,401220370,0.47014,46.837,52.78699999999999,37.951,2026-08-26T15:01:05Z
2020_01_MIA_NE,2020,1,MIA,NE,401220131,0.70022,69.853,29.906,45.339,2026-08-26T15:01:05Z
2020_01_NYJ_BUF,2020,1,NYJ,BUF,401220116,0.63639,63.454,36.254999999999995,48.778,2026-08-26T15:01:05Z
2020_01_PHI_WAS,2020,1,PHI,WAS,401220268,0.29789,29.718,70.043,33.083,2026-08-26T15:01:05Z
2020_01_PIT_NYG,2020,1,PIT,NYG,401220256,0.39108,38.986,60.70100000000001,48.874,2026-08-26T15:01:05Z
2020_01_SEA_ATL,2020,1,SEA,ATL,401220313,0.48389,48.202,51.410999999999994,70.344,2026-08-26T15:01:05Z
2020_01_TB_NO,2020,1,TB,NO,401220369,0.59328,59.135000000000005,40.54,96.98,2026-08-26T15:01:05Z
2020_01_TEN_DEN,2020,1,TEN,DEN,401220217,0.53478,53.278999999999996,46.348,42.132,2026-08-26T15:01:05Z
2020_02_ATL_DAL,2020,2,ATL,DAL,401220249,0.64593,64.41,35.307,48.204,2026-08-26T15:01:05Z
2020_02_BAL_HOU,2020,2,BAL,HOU,401220181,0.31136,31.058000000000003,68.693,67.791,2026-08-26T15:01:05Z
2020_02_BUF_MIA,2020,2,BUF,MIA,401220122,0.34471,34.376,65.348,68.89,2026-08-26T15:01:05Z
2020_02_CAR_TB,2020,2,CAR,TB,401220329,0.72631,72.471,27.309,57.468,2026-08-26T15:01:05Z
2020_02_CIN_CLE,2020,2,CIN,CLE,401220163,0.62591,62.403,37.297000000000004,36.392,2026-08-26T15:01:05Z
2020_02_DEN_PIT,2020,2,DEN,PIT,401220177,0.66993,66.816,32.92,49.745,2026-08-26T15:01:05Z
2020_02_DET_GB,2020,2,DET,GB,401220291,0.68204,68.03,31.715,50.244,2026-08-26T15:01:05Z
2020_02_JAX_TEN,2020,2,JAX,TEN,401220204,0.72564,72.404,27.376,40.597,2026-08-26T15:01:05Z
2020_02_KC_LAC,2020,2,KC,LAC,401220235,0.28793,28.726000000000003,71.043,78.214,2026-08-26T15:01:05Z
2020_02_LA_PHI,2020,2,LA,PHI,401220261,0.53969,53.769999999999996,45.862,61.384,2026-08-26T15:01:05Z
2020_02_MIN_IND,2020,2,MIN,IND,401220192,0.51596,51.396,48.217,56.578,2026-08-26T15:01:05Z
2020_02_NE_SEA,2020,2,NE,SEA,401220365,0.61947,61.758,37.937,57.718,2026-08-26T15:01:05Z
2020_02_NO_LV,2020,2,NO,LV,401220231,0.41653,41.514,58.153,75.379,2026-08-26T15:01:05Z
2020_02_NYG_CHI,2020,2,NYG,CHI,401220281,0.65665,65.484,34.241,36.272,2026-08-26T15:01:05Z
2020_02_SF_NYJ,2020,2,SF,NYJ,401220144,0.38727,38.607,61.083,34.573,2026-08-26T15:01:05Z
2020_02_WAS_ARI,2020,2,WAS,ARI,401220340,0.68416,68.243,31.503999999999998,46.521,2026-08-26T15:01:05Z
2020_03_CAR_LAC,2020,3,CAR,LAC,401220240,0.59086,58.892,40.78,29.622,2026-08-26T15:01:05Z
2020_03_CHI_ATL,2020,3,CHI,ATL,401220309,0.55085,54.887,44.753,49.124,2026-08-26T15:01:05Z
2020_03_CIN_PHI,2020,3,CIN,PHI,401220264,0.60578,60.387,39.297,27.459,2026-08-26T15:01:05Z
2020_03_DAL_SEA,2020,3,DAL,SEA,401220363,0.608,60.609,39.077,56.679,2026-08-26T15:01:05Z
2020_03_DET_ARI,2020,3,DET,ARI,401220343,0.67961,67.786,31.957,41.821,2026-08-26T15:01:05Z
2020_03_GB_NO,2020,3,GB,NO,401220323,0.53426,53.227000000000004,46.400000000000006,92.602,2026-08-26T15:01:05Z
2020_03_HOU_PIT,2020,3,HOU,PIT,401220173,0.65677,65.496,34.229,51.843,2026-08-26T15:01:05Z
2020_03_KC_BAL,2020,3,KC,BAL,401220153,0.6049,60.299,39.385,94.575,2026-08-26T15:01:05Z
2020_03_LA_BUF,2020,3,LA,BUF,401220119,0.53621,53.422000000000004,46.207,79.016,2026-08-26T15:01:05Z
2020_03_LV_NE,2020,3,LV,NE,401220134,0.64007,63.822,35.888999999999996,44.789,2026-08-26T15:01:05Z
2020_03_MIA_JAX,2020,3,MIA,JAX,401220201,0.53192,52.993,46.633,13.424,2026-08-26T15:01:05Z
2020_03_NYJ_IND,2020,3,NYJ,IND,401220193,0.6463,64.447,35.27,41.435,2026-08-26T15:01:05Z
2020_03_SF_NYG,2020,3,SF,NYG,401220254,0.33737,33.646,66.084,39.797,2026-08-26T15:01:05Z
2020_03_TB_DEN,2020,3,TB,DEN,401220216,0.41425,41.287,58.38100000000001,58.867,2026-08-26T15:01:05Z
2020_03_TEN_MIN,2020,3,TEN,MIN,401220304,0.52246,52.04600000000001,47.571999999999996,57.896,2026-08-26T15:01:05Z
2020_03_WAS_CLE,2020,3,WAS,CLE,401220168,0.6312,62.934,36.771,42.257,2026-08-26T15:01:05Z
2020_04_ARI_CAR,2020,4,ARI,CAR,401220320,0.49868,49.669000000000004,49.932,45.873,2026-08-26T15:01:05Z
2020_04_ATL_GB,2020,4,ATL,GB,401220293,0.68747,68.574,31.175000000000004,66.626,2026-08-26T15:01:05Z
2020_04_BAL_WAS,2020,4,BAL,WAS,401220271,0.1936,19.33,80.515,67.207,2026-08-26T15:01:05Z
2020_04_BUF_LV,2020,4,BUF,LV,401220229,0.4958,49.382999999999996,50.22,67.228,2026-08-26T15:01:05Z
2020_04_CLE_DAL,2020,4,CLE,DAL,401220247,0.67042,66.864,32.871,45.029,2026-08-26T15:01:05Z
2020_04_DEN_NYJ,2020,4,DEN,NYJ,401220141,0.49743,49.545,50.056999999999995,7.222,2026-08-26T15:01:05Z
2020_04_IND_CHI,2020,4,IND,CHI,401220280,0.43605,43.453,56.198,49.967,2026-08-26T15:01:05Z
2020_04_JAX_CIN,2020,4,JAX,CIN,401220157,0.61448,61.259,38.433,12.977,2026-08-26T15:01:05Z
2020_04_LAC_TB,2020,4,LAC,TB,401220334,0.78691,78.556,21.273,52.106,2026-08-26T15:01:05Z
2020_04_MIN_HOU,2020,4,MIN,HOU,401220184,0.47013,46.836,52.788000000000004,40.943,2026-08-26T15:01:05Z
2020_04_NE_KC,2020,4,NE,KC,401220221,0.79909,79.78,20.058,52.105,2026-08-26T15:01:05Z
2020_04_NO_DET,2020,4,NO,DET,401220285,0.33819,33.727000000000004,66.00200000000001,53.525,2026-08-26T15:01:05Z
2020_04_NYG_LA,2020,4,NYG,LA,401220348,0.84866,84.763,15.116,50.95,2026-08-26T15:01:05Z
2020_04_PHI_SF,2020,4,PHI,SF,401220355,0.78003,77.866,21.958,48.079,2026-08-26T15:01:05Z
2020_04_SEA_MIA,2020,4,SEA,MIA,401220128,0.37281,37.169999999999995,62.532,64.221,2026-08-26T15:01:05Z
2020_05_ARI_NYJ,2020,5,ARI,NYJ,401220143,0.43093,42.943999999999996,56.711,23.79,2026-08-26T15:01:05Z
2020_05_BUF_TEN,2020,5,BUF,TEN,401220209,0.45728,45.561,54.07300000000001,75.964,2026-08-26T15:01:05Z
2020_05_CAR_ATL,2020,5,CAR,ATL,401220306,0.55494,55.296,44.348,45.418,2026-08-26T15:01:05Z
2020_05_CIN_BAL,2020,5,CIN,BAL,401220146,0.81705,81.585,18.268,51.275,2026-08-26T15:01:05Z
2020_05_IND_CLE,2020,5,IND,CLE,401220166,0.50534,50.334,49.27,55.918,2026-08-26T15:01:05Z
2020_05_JAX_HOU,2020,5,JAX,HOU,401220179,0.66223,66.044,33.684999999999995,26.161,2026-08-26T15:01:05Z
2020_05_LAC_NO,2020,5,LAC,NO,401220326,0.77817,77.678,22.144,52.467,2026-08-26T15:01:05Z
2020_05_LA_WAS,2020,5,LA,WAS,401220269,0.33059,32.971000000000004,66.764,63.192,2026-08-26T15:01:05Z
2020_05_LV_KC,2020,5,LV,KC,401220219,0.82217,82.099,17.758,59.191,2026-08-26T15:01:05Z
2020_05_MIA_SF,2020,5,MIA,SF,401220358,0.80063,79.935,19.905,56.082,2026-08-26T15:01:05Z
2020_05_MIN_SEA,2020,5,MIN,SEA,401220367,0.65912,65.732,33.995,61.814,2026-08-26T15:01:05Z
2020_05_NYG_DAL,2020,5,NYG,DAL,401220242,0.79652,79.522,20.315,35.908,2026-08-26T15:01:05Z
2020_05_PHI_PIT,2020,5,PHI,PIT,401220175,0.67626,67.45100000000001,32.29,52.33,2026-08-26T15:01:05Z
2020_05_TB_CHI,2020,5,TB,CHI,401220278,0.3426,34.166000000000004,65.559,77.023,2026-08-26T15:01:05Z
2020_06_ARI_DAL,2020,6,ARI,DAL,401220245,0.45339,45.175,54.462999999999994,30.97,2026-08-26T15:01:05Z
2020_06_ATL_MIN,2020,6,ATL,MIN,401220301,0.63006,62.819,36.884,53.866,2026-08-26T15:01:05Z
2020_06_BAL_PHI,2020,6,BAL,PHI,401220263,0.26394,26.338,73.45,68.796,2026-08-26T15:01:05Z
2020_06_CHI_CAR,2020,6,CHI,CAR,401220317,0.54464,54.266000000000005,45.37,35.552,2026-08-26T15:01:05Z
2020_06_CIN_IND,2020,6,CIN,IND,401220190,0.67732,67.557,32.184000000000005,42.134,2026-08-26T15:01:05Z
2020_06_CLE_PIT,2020,6,CLE,PIT,401220172,0.57181,56.985,42.673,60.12,2026-08-26T15:01:05Z
2020_06_DEN_NE,2020,6,DEN,NE,401220133,0.67394,67.217,32.521,37.638,2026-08-26T15:01:05Z
2020_06_DET_JAX,2020,6,DET,JAX,401220200,0.39655,39.528999999999996,60.153,2.067,2026-08-26T15:01:05Z
2020_06_GB_TB,2020,6,GB,TB,401220331,0.53247,53.047999999999995,46.578,93.388,2026-08-26T15:01:05Z
2020_06_HOU_TEN,2020,6,HOU,TEN,401220202,0.62036,61.846999999999994,37.849,47.547,2026-08-26T15:01:05Z
2020_06_KC_BUF,2020,6,KC,BUF,401220117,0.3275,32.664,67.074,94.55,2026-08-26T15:01:05Z
2020_06_LA_SF,2020,6,LA,SF,401220353,0.46758,46.583000000000006,53.04299999999999,81.145,2026-08-26T15:01:05Z
2020_06_NYJ_MIA,2020,6,NYJ,MIA,401220124,0.73316,73.16,26.627000000000002,33.567,2026-08-26T15:01:05Z
2020_06_WAS_NYG,2020,6,WAS,NYG,401220252,0.47087,46.910000000000004,52.714000000000006,29.22,2026-08-26T15:01:05Z
2020_07_BUF_NYJ,2020,7,BUF,NYJ,401220138,0.24947,24.897,74.90299999999999,41.682,2026-08-26T15:01:05Z
2020_07_CAR_NO,2020,7,CAR,NO,401220322,0.70092,69.92399999999999,29.837000000000003,54.197,2026-08-26T15:01:05Z
2020_07_CHI_LA,2020,7,CHI,LA,401220351,0.70064,69.896,29.864,55.603,2026-08-26T15:01:05Z
2020_07_CLE_CIN,2020,7,CLE,CIN,401220155,0.44547,44.388,55.254999999999995,28.746,2026-08-26T15:01:05Z
2020_07_DAL_WAS,2020,7,DAL,WAS,401220266,0.58292,58.097,41.569,32.924,2026-08-26T15:01:05Z
2020_07_DET_ATL,2020,7,DET,ATL,401220310,0.59318,59.12500000000001,40.550000000000004,38.905,2026-08-26T15:01:05Z
2020_07_GB_HOU,2020,7,GB,HOU,401220183,0.41907,41.766999999999996,57.898,68.654,2026-08-26T15:01:05Z
2020_07_JAX_LAC,2020,7,JAX,LAC,401220241,0.71886,71.724,28.051,29.974,2026-08-26T15:01:05Z
2020_07_KC_DEN,2020,7,KC,DEN,401220210,0.23923,23.877000000000002,75.931,66.899,2026-08-26T15:01:05Z
2020_07_NYG_PHI,2020,7,NYG,PHI,401220259,0.69778,69.609,30.148999999999997,30.647,2026-08-26T15:01:05Z
2020_07_PIT_TEN,2020,7,PIT,TEN,401249063,0.47749,47.567,52.051,69.998,2026-08-26T15:01:05Z
2020_07_SEA_ARI,2020,7,SEA,ARI,401220338,0.41812,41.672,57.992999999999995,72.507,2026-08-26T15:01:05Z
2020_07_SF_NE,2020,7,SF,NE,401220136,0.50506,50.306,49.297999999999995,64.577,2026-08-26T15:01:05Z
2020_07_TB_LV,2020,7,TB,LV,401220232,0.43599,43.447,56.204,80.954,2026-08-26T15:01:05Z
2020_08_ATL_CAR,2020,8,ATL,CAR,401220314,0.55856,55.657999999999994,43.988,44.378,2026-08-26T15:01:05Z
2020_08_DAL_PHI,2020,8,DAL,PHI,401220258,0.75551,75.40299999999999,24.401,32.398,2026-08-26T15:01:05Z
2020_08_IND_DET,2020,8,IND,DET,401220288,0.42679,42.533,57.125,32.458,2026-08-26T15:01:05Z
2020_08_LAC_DEN,2020,8,LAC,DEN,401220212,0.53686,53.486999999999995,46.142,25.088,2026-08-26T15:01:05Z
2020_08_LA_MIA,2020,8,LA,MIA,401220127,0.43623,43.471,56.18,61.282,2026-08-26T15:01:05Z
2020_08_LV_CLE,2020,8,LV,CLE,401220169,0.55659,55.461000000000006,44.184,45.474,2026-08-26T15:01:05Z
2020_08_MIN_GB,2020,8,MIN,GB,401220292,0.60943,60.751999999999995,38.934999999999995,71.191,2026-08-26T15:01:05Z
2020_08_NE_BUF,2020,8,NE,BUF,401220115,0.58991,58.797,40.874,61.659,2026-08-26T15:01:05Z
2020_08_NO_CHI,2020,8,NO,CHI,401220277,0.3857,38.451,61.24000000000001,73.237,2026-08-26T15:01:05Z
2020_08_NYJ_KC,2020,8,NYJ,KC,401220222,0.94154,94.11,5.843,50.016,2026-08-26T15:01:05Z
2020_08_PIT_BAL,2020,8,PIT,BAL,401220148,0.67121,66.944,32.792,72.845,2026-08-26T15:01:05Z
2020_08_SF_SEA,2020,8,SF,SEA,401220361,0.50731,50.531000000000006,49.075,78.782,2026-08-26T15:01:05Z
2020_08_TB_NYG,2020,8,TB,NYG,401220257,0.17238,17.214,82.648,69.569,2026-08-26T15:01:05Z
2020_08_TEN_CIN,2020,8,TEN,CIN,401220158,0.36041,35.937000000000005,63.774,36.125,2026-08-26T15:01:05Z
2020_09_BAL_IND,2020,9,BAL,IND,401220189,0.40127,39.998,59.681,82.612,2026-08-26T15:01:05Z
2020_09_CAR_KC,2020,9,CAR,KC,401220224,0.84196,84.089,15.784,58.514,2026-08-26T15:01:05Z
2020_09_CHI_TEN,2020,9,CHI,TEN,401220207,0.62197,62.009,37.689,50.377,2026-08-26T15:01:05Z
2020_09_DEN_ATL,2020,9,DEN,ATL,401220311,0.63164,62.978,36.727,43.822,2026-08-26T15:01:05Z
2020_09_DET_MIN,2020,9,DET,MIN,401220299,0.66931,66.754,32.981,37.241,2026-08-26T15:01:05Z
2020_09_GB_SF,2020,9,GB,SF,401220359,0.60058,59.866,39.814,82.74,2026-08-26T15:01:05Z
2020_09_HOU_JAX,2020,9,HOU,JAX,401220194,0.30823,30.747000000000003,69.006,6.605,2026-08-26T15:01:05Z
2020_09_LV_LAC,2020,9,LV,LAC,401220236,0.45932,45.763,53.869,30.185,2026-08-26T15:01:05Z
2020_09_MIA_ARI,2020,9,MIA,ARI,401220342,0.69814,69.645,30.113,48.649,2026-08-26T15:01:05Z
2020_09_NE_NYJ,2020,9,NE,NYJ,401220140,0.28481,28.416000000000004,71.356,19.493,2026-08-26T15:01:05Z
2020_09_NO_TB,2020,9,NO,TB,401220330,0.65067,64.885,34.835,94.697,2026-08-26T15:01:05Z
2020_09_NYG_WAS,2020,9,NYG,WAS,401220267,0.65768,65.58800000000001,34.138000000000005,37.244,2026-08-26T15:01:05Z
2020_09_PIT_DAL,2020,9,PIT,DAL,401220248,0.19189,19.159000000000002,80.687,40.869,2026-08-26T15:01:05Z
2020_09_SEA_BUF,2020,9,SEA,BUF,401220120,0.45227,45.062999999999995,54.574999999999996,78.248,2026-08-26T15:01:05Z
2020_10_BAL_NE,2020,10,BAL,NE,401220137,0.33358,33.269,66.46300000000001,75.073,2026-08-26T15:01:05Z
2020_10_BUF_ARI,2020,10,BUF,ARI,401220341,0.58755,58.56099999999999,41.109,75.483,2026-08-26T15:01:05Z
2020_10_CIN_PIT,2020,10,CIN,PIT,401220171,0.7193,71.768,28.006999999999998,45.8,2026-08-26T15:01:05Z
2020_10_DEN_LV,2020,10,DEN,LV,401220226,0.60889,60.69799999999999,38.989000000000004,34.336,2026-08-26T15:01:05Z
2020_10_HOU_CLE,2020,10,HOU,CLE,401220165,0.62173,61.985,37.712,44.083,2026-08-26T15:01:05Z
2020_10_IND_TEN,2020,10,IND,TEN,401220203,0.56393,56.196,43.455,62.358,2026-08-26T15:01:05Z
2020_10_JAX_GB,2020,10,JAX,GB,401220295,0.90734,90.667,9.259,49.935,2026-08-26T15:01:05Z
2020_10_LAC_MIA,2020,10,LAC,MIA,401220126,0.64669,64.486,35.231,34.965,2026-08-26T15:01:05Z
2020_10_MIN_CHI,2020,10,MIN,CHI,401220276,0.41363,41.226,58.443,44.736,2026-08-26T15:01:05Z
2020_10_PHI_NYG,2020,10,PHI,NYG,401220251,0.35008,34.910000000000004,64.80900000000001,26.94,2026-08-26T15:01:05Z
2020_10_SEA_LA,2020,10,SEA,LA,401220346,0.55881,55.684,43.963,75.006,2026-08-26T15:01:05Z
2020_10_SF_NO,2020,10,SF,NO,401220327,0.60942,60.751999999999995,38.936,68.149,2026-08-26T15:01:05Z
2020_10_TB_CAR,2020,10,TB,CAR,401220368,0.3536,35.260000000000005,64.457,74.474,2026-08-26T15:01:05Z
2020_10_WAS_DET,2020,10,WAS,DET,401220289,0.53373,53.174,46.453,18.279,2026-08-26T15:01:05Z
2020_11_ARI_SEA,2020,11,ARI,SEA,401220360,0.5994,59.748000000000005,39.931,65.214,2026-08-26T15:01:05Z
2020_11_ATL_NO,2020,11,ATL,NO,401220321,0.62421,62.233000000000004,37.466,72.917,2026-08-26T15:01:05Z
2020_11_CIN_WAS,2020,11,CIN,WAS,401220272,0.55621,55.42399999999999,44.221,31.004,2026-08-26T15:01:05Z
2020_11_DAL_MIN,2020,11,DAL,MIN,401220305,0.76945,76.803,23.012,33.526,2026-08-26T15:01:05Z
2020_11_DET_CAR,2020,11,DET,CAR,401220318,0.51898,51.698,47.917,13.401,2026-08-26T15:01:05Z
2020_11_GB_IND,2020,11,GB,IND,401220191,0.45661,45.494,54.14099999999999,83.931,2026-08-26T15:01:05Z
2020_11_KC_LV,2020,11,KC,LV,401220227,0.24032,23.986,75.821,73.159,2026-08-26T15:01:05Z
2020_11_LA_TB,2020,11,LA,TB,401220335,0.65631,65.45100000000001,34.274,79.523,2026-08-26T15:01:05Z
2020_11_MIA_DEN,2020,11,MIA,DEN,401220214,0.46533,46.36,53.268,30.212,2026-08-26T15:01:05Z
2020_11_NE_HOU,2020,11,NE,HOU,401220185,0.48535,48.346000000000004,51.26500000000001,38.623,2026-08-26T15:01:05Z
2020_11_NYJ_LAC,2020,11,NYJ,LAC,401220238,0.70124,69.95599999999999,29.805,20.52,2026-08-26T15:01:05Z
2020_11_PHI_CLE,2020,11,PHI,CLE,401220167,0.51969,51.769,47.847,42.793,2026-08-26T15:01:05Z
2020_11_PIT_JAX,2020,11,PIT,JAX,401220198,0.1426,14.244000000000002,85.642,28.629,2026-08-26T15:01:05Z
2020_11_TEN_BAL,2020,11,TEN,BAL,401220150,0.68006,67.831,31.912000000000003,73.104,2026-08-26T15:01:05Z
2020_12_ARI_NE,2020,12,ARI,NE,401220135,0.48392,48.205,51.408,52.372,2026-08-26T15:01:05Z
2020_12_BAL_PIT,2020,12,BAL,PIT,401220170,0.64427,64.243,35.472,62.925,2026-08-26T15:01:05Z
2020_12_CAR_MIN,2020,12,CAR,MIN,401220302,0.63132,62.946000000000005,36.759,44.347,2026-08-26T15:01:05Z
2020_12_CHI_GB,2020,12,CHI,GB,401220290,0.69083,68.91199999999999,30.84,65.279,2026-08-26T15:01:05Z
2020_12_CLE_JAX,2020,12,CLE,JAX,401220197,0.30937,30.86,68.892,14.121,2026-08-26T15:01:05Z
2020_12_HOU_DET,2020,12,HOU,DET,401220287,0.43733,43.580000000000005,56.07,15.748,2026-08-26T15:01:05Z
2020_12_KC_TB,2020,12,KC,TB,401220333,0.43061,42.912,56.743,95.199,2026-08-26T15:01:05Z
2020_12_LAC_BUF,2020,12,LAC,BUF,401220118,0.73586,73.42999999999999,26.357999999999997,50.584,2026-08-26T15:01:05Z
2020_12_LV_ATL,2020,12,LV,ATL,401220312,0.47007,46.83,52.794,48.265,2026-08-26T15:01:05Z
2020_12_MIA_NYJ,2020,12,MIA,NYJ,401220139,0.30261,30.187,69.57,15.977,2026-08-26T15:01:05Z
2020_12_NO_DEN,2020,12,NO,DEN,401220215,0.26042,25.988,73.803,54.256,2026-08-26T15:01:05Z
2020_12_NYG_CIN,2020,12,NYG,CIN,401220160,0.47215,47.037,52.586,17.187,2026-08-26T15:01:05Z
2020_12_SEA_PHI,2020,12,SEA,PHI,401220262,0.38671,38.551,61.138999999999996,60.581,2026-08-26T15:01:05Z
2020_12_SF_LA,2020,12,SF,LA,401220345,0.54118,53.919,45.714,71.475,2026-08-26T15:01:05Z
2020_12_TEN_IND,2020,12,TEN,IND,401220188,0.5211,51.910000000000004,47.707,62.528,2026-08-26T15:01:05Z
2020_12_WAS_DAL,2020,12,WAS,DAL,401220244,0.45025,44.863,54.777,21.842,2026-08-26T15:01:05Z
2020_13_BUF_SF,2020,13,BUF,SF,401220357,0.56511,56.314,43.338,75.778,2026-08-26T15:01:05Z
2020_13_CIN_MIA,2020,13,CIN,MIA,401220129,0.66829,66.65100000000001,33.083,31.035,2026-08-26T15:01:05Z
2020_13_CLE_TEN,2020,13,CLE,TEN,401220205,0.67226,67.049,32.688,55.442,2026-08-26T15:01:05Z
2020_13_DAL_BAL,2020,13,DAL,BAL,401220151,0.85381,85.28099999999999,14.602,51.101,2026-08-26T15:01:05Z
2020_13_DEN_KC,2020,13,DEN,KC,401220218,0.88685,88.604,11.305,53.72,2026-08-26T15:01:05Z
2020_13_DET_CHI,2020,13,DET,CHI,401220274,0.61301,61.111000000000004,38.579,29.087,2026-08-26T15:01:05Z
2020_13_IND_HOU,2020,13,IND,HOU,401220178,0.55433,55.236,44.407999999999994,46.119,2026-08-26T15:01:05Z
2020_13_JAX_MIN,2020,13,JAX,MIN,401220303,0.83228,83.116,16.75,38.238,2026-08-26T15:01:05Z
2020_13_LA_ARI,2020,13,LA,ARI,401220336,0.46087,45.917,53.714,73.151,2026-08-26T15:01:05Z
2020_13_LV_NYJ,2020,13,LV,NYJ,401220142,0.29597,29.526999999999997,70.236,14.541,2026-08-26T15:01:05Z
2020_13_NE_LAC,2020,13,NE,LAC,401220237,0.48384,48.197,51.416,34.489,2026-08-26T15:01:05Z
2020_13_NO_ATL,2020,13,NO,ATL,401220307,0.37215,37.104,62.598,81.566,2026-08-26T15:01:05Z
2020_13_NYG_SEA,2020,13,NYG,SEA,401220364,0.86316,86.221,13.669,48.85,2026-08-26T15:01:05Z
2020_13_PHI_GB,2020,13,PHI,GB,401220297,0.72955,72.797,26.987,56.56,2026-08-26T15:01:05Z
2020_13_WAS_PIT,2020,13,WAS,PIT,401220176,0.74081,73.92800000000001,25.865,56.328,2026-08-26T15:01:05Z
2024_01_ARI_BUF,2024,1,ARI,BUF,401671617,0.66044,65.864,33.864,55.684,2026-08-26T14:59:49Z
2024_01_BAL_KC,2024,1,BAL,KC,401671789,0.58361,58.167,41.5,78.582,2026-08-26T14:59:49Z
2024_01_CAR_NO,2024,1,CAR,NO,401671734,0.63373,63.187000000000005,36.52,19.873,2026-08-26T14:59:49Z
2024_01_DAL_CLE,2024,1,DAL,CLE,401671761,0.4826,48.074,51.54,58.571,2026-08-26T14:59:49Z
2024_01_DEN_SEA,2024,1,DEN,SEA,401671664,0.65977,65.79700000000001,33.93,33.23,2026-08-26T14:59:49Z
2024_01_GB_PHI,2024,1,GB,PHI,401671805,0.56356,56.159000000000006,43.492,72.259,2026-08-26T14:59:49Z
2024_01_HOU_IND,2024,1,HOU,IND,401671861,0.44581,44.422,55.222,57.039,2026-08-26T14:59:49Z
2024_01_JAX_MIA,2024,1,JAX,MIA,401671849,0.59965,59.772999999999996,39.906000000000006,59.934,2026-08-26T14:59:49Z
2024_01_LA_DET,2024,1,LA,DET,401671792,0.62571,62.383,37.317,68.577,2026-08-26T14:59:49Z
2024_01_LV_LAC,2024,1,LV,LAC,401671659,0.605,60.309000000000005,39.375,36.1,2026-08-26T14:59:49Z
2024_01_MIN_NYG,2024,1,MIN,NYG,401671712,0.5,49.8,49.8,29.822,2026-08-26T14:59:49Z
2024_01_NE_CIN,2024,1,NE,CIN,401671628,0.74317,74.164,25.629999999999995,40.929,2026-08-26T14:59:49Z
2024_01_NYJ_SF,2024,1,NYJ,SF,401671696,0.63239,63.053000000000004,36.653000000000006,74.517,2026-08-26T14:59:49Z
2024_01_PIT_ATL,2024,1,PIT,ATL,401671744,0.55955,55.757,43.89,49.542,2026-08-26T14:59:49Z
2024_01_TEN_CHI,2024,1,TEN,CHI,401671719,0.62972,62.785000000000004,36.918,39.689,2026-08-26T14:59:49Z
2024_01_WAS_TB,2024,1,WAS,TB,401671770,0.607,60.509,39.176,30.738,2026-08-26T14:59:49Z
2024_02_ATL_PHI,2024,2,ATL,PHI,401671691,0.63239,63.053000000000004,36.653000000000006,62.392,2026-08-26T14:59:49Z
2024_02_BUF_MIA,2024,2,BUF,MIA,401671807,0.48193,48.007,51.607,68.119,2026-08-26T14:59:49Z
2024_02_CHI_HOU,2024,2,CHI,HOU,401671786,0.6571,65.52900000000001,34.196,58.549,2026-08-26T14:59:49Z
2024_02_CIN_KC,2024,2,CIN,KC,401671670,0.66378,66.199,33.532000000000004,71.955,2026-08-26T14:59:49Z
2024_02_CLE_JAX,2024,2,CLE,JAX,401671635,0.55753,55.556000000000004,44.09,45.885,2026-08-26T14:59:49Z
2024_02_IND_GB,2024,2,IND,GB,401671723,0.44848,44.687,54.954,56.224,2026-08-26T14:59:49Z
2024_02_LAC_CAR,2024,2,LAC,CAR,401671652,0.32688,32.602,67.136,24.767,2026-08-26T14:59:49Z
2024_02_LA_ARI,2024,2,LA,ARI,401671754,0.46587,46.414,53.21399999999999,52.804,2026-08-26T14:59:49Z
2024_02_LV_BAL,2024,2,LV,BAL,401671624,0.71182,71.018,28.750999999999998,47.701,2026-08-26T14:59:49Z
2024_02_NO_DAL,2024,2,NO,DAL,401671709,0.61034,60.844,38.844,61.799,2026-08-26T14:59:49Z
2024_02_NYG_WAS,2024,2,NYG,WAS,401671716,0.59631,59.438,40.238,19.986,2026-08-26T14:59:49Z
2024_02_NYJ_TEN,2024,2,NYJ,TEN,401671636,0.42842,42.695,56.962,41.986,2026-08-26T14:59:49Z
2024_02_PIT_DEN,2024,2,PIT,DEN,401671668,0.42174,42.031,57.631,28.43,2026-08-26T14:59:49Z
2024_02_SEA_NE,2024,2,SEA,NE,401671702,0.44982,44.82,54.82,33.255,2026-08-26T14:59:49Z
2024_02_SF_MIN,2024,2,SF,MIN,401671645,0.37963,37.848,61.848000000000006,67.461,2026-08-26T14:59:49Z
2024_02_TB_DET,2024,2,TB,DET,401671721,0.65176,64.994,34.727000000000004,66.56,2026-08-26T14:59:49Z
