season,season_type,bucket,qb_id,qb,team,games,n,epa,epa2,succ,cpoe,cpoe_n,sacks,ints,tds,att,comp
2021,POST,all,00-0036442,J.Burrow,CIN,4,166,9.116855078255027,376.0803148841214,76.0,419.9729114770889,135,19.0,2.0,5.0,161.0,97.0
2021,POST,all,00-0026498,M.Stafford,LA,4,152,45.500369088190425,418.7892734066926,83.0,913.2455691695213,134,7.0,3.0,9.0,146.0,98.0
2021,POST,all,00-0033873,P.Mahomes,KC,3,144,42.5913107462144,392.28687443125216,81.0,732.0080161094666,116,9.0,3.0,11.0,131.0,89.0
2021,POST,all,00-0019596,T.Brady,TB,2,98,-5.729117064843702,213.6526845127383,39.0,-221.45885825157166,89,7.0,1.0,3.0,98.0,59.0
2021,POST,all,00-0031345,J.Garoppolo,SF,3,79,-2.1053813333443347,223.22541908256835,34.0,-821.1449056863785,72,4.0,3.0,2.0,77.0,43.0
2021,POST,all,00-0034857,J.Allen,BUF,2,69,46.85086930524278,182.07513460311336,40.0,666.3005128502846,62,2.0,0.0,9.0,65.0,48.0
2021,POST,all,00-0031280,D.Carr,LV,1,57,2.7231342113602737,123.46546812415733,23.0,-298.9577919244766,49,3.0,1.0,1.0,56.0,29.0
2021,POST,all,00-0033077,D.Prescott,DAL,1,50,-11.172714276024426,95.4972016285314,18.0,-387.6513808965683,41,5.0,1.0,1.0,47.0,23.0
2021,POST,all,00-0036389,J.Hurts,PHI,1,47,-5.281215326642152,110.03248556418761,16.0,-324.1613119840622,43,2.0,2.0,1.0,46.0,23.0
2021,POST,all,00-0022924,B.Roethlisberger,PIT,1,46,-8.250660341640469,88.71787928930107,19.0,-17.499911785125732,44,2.0,0.0,2.0,46.0,29.0
2021,POST,all,00-0036972,M.Jones,NE,1,42,5.051269973948365,163.33295018290323,17.0,167.04242825508118,35,3.0,2.0,2.0,40.0,24.0
2021,POST,all,00-0035228,K.Murray,ARI,1,37,-18.67457712709438,104.83409511424564,13.0,-520.0422316789627,34,2.0,2.0,0.0,36.0,19.0
2021,POST,all,00-0023459,A.Rodgers,GB,1,33,-6.246037495021843,79.07212722578906,11.0,90.56532084941864,27,5.0,0.0,0.0,33.0,20.0
2021,POST,all,00-0029701,R.Tannehill,TEN,1,27,-5.9467167496175195,105.00856778764269,11.0,-6.528818607330322,24,1.0,3.0,1.0,25.0,15.0
2021,POST,all,00-0028872,J.Hekker,LA,1,1,-0.947,0.8968089999999999,0.0,0.0,0,0.0,0.0,0.0,1.0,0.0
2021,POST,all,00-0029692,B.Anger,DAL,1,1,3.856170532060787,14.870051172333973,1.0,35.11138558387756,1,0.0,0.0,0.0,1.0,1.0
2021,POST,all,00-0030506,T.Kelce,KC,1,1,0.70204556841054,0.4928679801248782,1.0,42.53831505775452,1,0.0,0.0,1.0,1.0,1.0
2021,POST,all,00-0031235,O.Beckham,LA,1,1,2.278346930164844,5.1908647341915675,1.0,63.504037261009216,1,0.0,0.0,0.0,1.0,1.0
2021,POST,all,00-0033897,J.Mixon,CIN,1,1,1.8504547015181743,3.4241826023707156,1.0,54.363664984703064,1,0.0,0.0,1.0,1.0,1.0
2021,POST,all,00-0033908,C.Kupp,LA,1,1,-1.5157049462529928,2.297361484095788,0.0,-69.08655762672424,1,0.0,0.0,0.0,1.0,0.0
2021,POST,close,00-0036442,J.Burrow,CIN,4,140,3.897765631480576,314.6741554405481,64.0,359.99875664711,113,17.0,2.0,4.0,135.0,81.0
2021,POST,close,00-0033873,P.Mahomes,KC,3,113,32.86453192684315,307.8981733198432,63.0,358.7844640016556,90,7.0,3.0,8.0,101.0,67.0
2021,POST,close,00-0026498,M.Stafford,LA,4,109,37.56794378038649,320.7500230282338,60.0,624.5742097496986,96,7.0,3.0,7.0,107.0,69.0
2021,POST,close,00-0031345,J.Garoppolo,SF,3,68,1.3452688066002931,164.30041243572464,29.0,-668.6474442481995,61,4.0,2.0,2.0,66.0,37.0
2021,POST,close,00-0034857,J.Allen,BUF,2,53,22.445602841136978,101.82920142326955,27.0,218.1358888745308,48,2.0,0.0,5.0,51.0,35.0
2021,POST,close,00-0023459,A.Rodgers,GB,1,33,-6.246037495021843,79.07212722578906,11.0,90.56532084941864,27,5.0,0.0,0.0,33.0,20.0
2021,POST,close,00-0019596,T.Brady,TB,2,24,-0.7008862760558259,22.496264703674157,10.0,-258.06240141391754,24,0.0,0.0,0.0,24.0,14.0
2021,POST,close,00-0029701,R.Tannehill,TEN,1,23,-0.9409357710392214,61.18243965580986,10.0,31.584036350250244,20,1.0,2.0,1.0,21.0,13.0
2021,POST,close,00-0031280,D.Carr,LV,1,21,-5.354306221385604,65.84615945125748,8.0,-90.22800028324127,17,3.0,1.0,0.0,21.0,10.0
2021,POST,close,00-0022924,B.Roethlisberger,PIT,1,15,-10.310040121548809,20.81521766838296,3.0,-358.60495269298553,14,1.0,0.0,0.0,15.0,5.0
2021,POST,close,00-0033077,D.Prescott,DAL,1,11,-4.110197040485218,19.53687883343474,4.0,-111.52706891298294,8,2.0,0.0,0.0,11.0,4.0
2021,POST,close,00-0036972,M.Jones,NE,1,7,0.6457968689501286,43.064131660280445,3.0,-103.44192385673523,6,0.0,1.0,0.0,6.0,2.0
2021,POST,close,00-0035228,K.Murray,ARI,1,6,-6.682989651337266,8.95430827543695,0.0,-121.07250690460205,5,1.0,0.0,0.0,6.0,2.0
2021,POST,close,00-0036389,J.Hurts,PHI,1,3,-1.8624253547750413,1.9598261003585837,0.0,-32.70047903060913,3,0.0,0.0,0.0,3.0,2.0
2021,POST,close,00-0033908,C.Kupp,LA,1,1,-1.5157049462529928,2.297361484095788,0.0,-69.08655762672424,1,0.0,0.0,0.0,1.0,0.0
2021,POST,clutch,00-0026498,M.Stafford,LA,3,16,5.467000567141129,17.120064463027703,10.0,132.43919909000397,14,2.0,0.0,1.0,16.0,11.0
2021,POST,clutch,00-0033873,P.Mahomes,KC,2,14,8.550655655257795,46.612512861203015,8.0,9.043294191360474,10,2.0,0.0,1.0,12.0,7.0
2021,POST,clutch,00-0034857,J.Allen,BUF,1,13,13.128558572716546,55.08142158341468,8.0,76.89770013093948,11,0.0,0.0,2.0,12.0,7.0
2021,POST,clutch,00-0031280,D.Carr,LV,1,10,-0.7855904659954831,21.251509406487884,3.0,-241.9604867696762,9,1.0,1.0,0.0,10.0,3.0
2021,POST,clutch,00-0033077,D.Prescott,DAL,1,9,-1.8425657183397561,16.39999535449427,4.0,-111.52706891298294,8,1.0,0.0,0.0,9.0,4.0
2021,POST,clutch,00-0036442,J.Burrow,CIN,3,8,-0.9852403304539621,5.643490337526543,3.0,38.97942304611206,7,1.0,0.0,0.0,8.0,5.0
2021,POST,clutch,00-0031345,J.Garoppolo,SF,3,7,-5.329866513318848,23.811560408852543,2.0,-164.12798166275024,7,0.0,1.0,0.0,7.0,4.0
2021,POST,clutch,00-0019596,T.Brady,TB,1,4,-1.0907944015052635,0.5845781056492471,1.0,-27.351826429367065,4,0.0,0.0,0.0,4.0,2.0
2021,POST,clutch,00-0023459,A.Rodgers,GB,1,3,-1.546541455667466,0.9941393070191407,0.0,-90.3646469116211,3,0.0,0.0,0.0,3.0,1.0
2021,POST,clutch,00-0029701,R.Tannehill,TEN,1,3,-0.8027013705577701,3.6184874106219507,1.0,-7.482314109802246,3,0.0,1.0,0.0,3.0,2.0
2021,POST,late,00-0026498,M.Stafford,LA,4,18,3.751708189801201,18.79754045378806,10.0,147.596475481987,15,2.0,0.0,1.0,17.0,12.0
2021,POST,late,00-0031280,D.Carr,LV,1,17,0.42007230307831245,38.99698194183553,6.0,-275.3777176141739,15,1.0,1.0,0.0,17.0,6.0
2021,POST,late,00-0033873,P.Mahomes,KC,3,15,6.177973362486735,52.242134123632354,8.0,9.043294191360474,10,3.0,0.0,1.0,13.0,7.0
2021,POST,late,00-0034857,J.Allen,BUF,1,13,13.128558572716546,55.08142158341468,8.0,76.89770013093948,11,0.0,0.0,2.0,12.0,7.0
2021,POST,late,00-0022924,B.Roethlisberger,PIT,1,11,-1.6316596427350305,12.049217599969301,6.0,59.83800292015076,10,1.0,0.0,0.0,11.0,8.0
2021,POST,late,00-0019596,T.Brady,TB,2,10,1.8311134323303122,42.39555030427878,4.0,102.67703235149384,10,0.0,0.0,1.0,10.0,7.0
2021,POST,late,00-0033077,D.Prescott,DAL,1,9,-1.8425657183397561,16.39999535449427,4.0,-111.52706891298294,8,1.0,0.0,0.0,9.0,4.0
2021,POST,late,00-0036442,J.Burrow,CIN,3,8,-0.9852403304539621,5.643490337526543,3.0,38.97942304611206,7,1.0,0.0,0.0,8.0,5.0
2021,POST,late,00-0031345,J.Garoppolo,SF,3,7,-5.329866513318848,23.811560408852543,2.0,-164.12798166275024,7,0.0,1.0,0.0,7.0,4.0
2021,POST,late,00-0036389,J.Hurts,PHI,1,7,3.10085093764076,10.947891390767882,4.0,-35.18374711275101,5,1.0,0.0,1.0,7.0,2.0
2021,POST,late,00-0035228,K.Murray,ARI,1,5,-3.8072986591723748,8.84988791263265,1.0,-129.90767657756805,5,0.0,0.0,0.0,5.0,2.0
2021,POST,late,00-0036972,M.Jones,NE,1,4,3.2755974593164865,23.841733921825934,2.0,2.0253390073776245,4,0.0,0.0,1.0,4.0,2.0
2021,POST,late,00-0023459,A.Rodgers,GB,1,3,-1.546541455667466,0.9941393070191407,0.0,-90.3646469116211,3,0.0,0.0,0.0,3.0,1.0
2021,POST,late,00-0029701,R.Tannehill,TEN,1,3,-0.8027013705577701,3.6184874106219507,1.0,-7.482314109802246,3,0.0,1.0,0.0,3.0,2.0
2021,POST,ot,00-0033873,P.Mahomes,KC,2,9,2.970393905416131,15.673624247725549,5.0,-11.158883571624756,9,0.0,1.0,1.0,9.0,6.0
2021,POST,ot,00-0036442,J.Burrow,CIN,1,2,1.8527160356752574,1.7553360576370862,2.0,60.65459847450256,2,0.0,0.0,0.0,2.0,2.0
2021,POST,q1,00-0036442,J.Burrow,CIN,4,39,1.2250468242252572,85.08754024388058,14.0,-255.90560734272003,34,3.0,0.0,1.0,38.0,20.0
2021,POST,q1,00-0026498,M.Stafford,LA,4,35,10.086261071312382,95.01273151348502,21.0,428.10167372226715,32,2.0,1.0,3.0,34.0,26.0
2021,POST,q1,00-0033873,P.Mahomes,KC,3,28,4.139493006921839,88.84607979087828,15.0,-21.36477828025818,22,0.0,1.0,1.0,23.0,15.0
2021,POST,q1,00-0019596,T.Brady,TB,2,24,1.2467539716960725,28.310559328504525,11.0,-243.40887367725372,24,0.0,0.0,0.0,24.0,15.0
2021,POST,q1,00-0034857,J.Allen,BUF,2,23,7.491773477813695,24.512756530709282,10.0,92.28661954402924,22,0.0,0.0,2.0,22.0,17.0
2021,POST,q1,00-0031345,J.Garoppolo,SF,3,18,-4.21926353769885,36.8651185870051,8.0,-220.87555527687073,16,2.0,0.0,0.0,18.0,9.0
2021,POST,q1,00-0023459,A.Rodgers,GB,1,11,-2.0710455833468586,39.21885162097864,6.0,-33.44813585281372,11,0.0,0.0,0.0,11.0,8.0
2021,POST,q1,00-0031280,D.Carr,LV,1,10,-2.6463786477969276,40.899270089539826,5.0,151.73248648643494,8,1.0,0.0,0.0,10.0,7.0
2021,POST,q1,00-0022924,B.Roethlisberger,PIT,1,9,-7.392971750814468,14.29681225062811,1.0,-217.81156361103058,8,1.0,0.0,0.0,9.0,3.0
2021,POST,q1,00-0029701,R.Tannehill,TEN,1,9,-9.245017238426954,31.79106295380103,2.0,-147.39302694797516,7,1.0,1.0,0.0,8.0,3.0
2021,POST,q1,00-0036972,M.Jones,NE,1,7,0.6457968689501286,43.064131660280445,3.0,-103.44192385673523,6,0.0,1.0,0.0,6.0,2.0
2021,POST,q1,00-0033077,D.Prescott,DAL,1,6,-3.2253982685506344,5.876012614868068,1.0,-103.47974896430969,4,1.0,0.0,0.0,6.0,2.0
2021,POST,q1,00-0035228,K.Murray,ARI,1,6,-6.682989651337266,8.95430827543695,0.0,-121.07250690460205,5,1.0,0.0,0.0,6.0,2.0
2021,POST,q1,00-0036389,J.Hurts,PHI,1,3,-1.8624253547750413,1.9598261003585837,0.0,-32.70047903060913,3,0.0,0.0,0.0,3.0,2.0
2021,POST,q2,00-0026498,M.Stafford,LA,4,48,19.580374333150736,149.8317047291054,22.0,-50.26037245988846,39,2.0,1.0,3.0,45.0,24.0
2021,POST,q2,00-0033873,P.Mahomes,KC,3,48,28.20275612165029,115.86797955241263,30.0,620.40855884552,42,2.0,0.0,6.0,47.0,35.0
2021,POST,q2,00-0036442,J.Burrow,CIN,4,46,13.798077432670837,80.46703996018196,23.0,522.5886732339859,38,4.0,0.0,2.0,46.0,31.0
2021,POST,q2,00-0019596,T.Brady,TB,2,27,-6.198269624920316,37.91192140502115,8.0,-170.02942562103271,23,4.0,1.0,0.0,27.0,15.0
2021,POST,q2,00-0031345,J.Garoppolo,SF,3,20,10.26729518148807,64.91263760895525,12.0,82.57348835468292,18,1.0,1.0,1.0,19.0,13.0
2021,POST,q2,00-0036389,J.Hurts,PHI,1,17,-4.58286291960394,50.366072741659295,4.0,-97.42330014705658,16,1.0,1.0,0.0,17.0,9.0
2021,POST,q2,00-0034857,J.Allen,BUF,2,15,7.341817088919925,26.894017146151867,10.0,164.78547751903534,12,1.0,0.0,1.0,13.0,10.0
2021,POST,q2,00-0031280,D.Carr,LV,1,14,3.0631442580877457,26.812644940189585,6.0,-236.37628257274628,11,1.0,0.0,1.0,13.0,5.0
2021,POST,q2,00-0035228,K.Murray,ARI,1,13,-15.987514129665215,63.33796469723184,2.0,-382.5236678123474,12,1.0,2.0,0.0,13.0,5.0
2021,POST,q2,00-0036972,M.Jones,NE,1,12,-1.5949066065368243,8.118475352911458,4.0,180.6548923254013,9,2.0,0.0,0.0,11.0,8.0
2021,POST,q2,00-0033077,D.Prescott,DAL,1,11,5.026748266071081,18.29373131646147,6.0,-22.502514719963074,11,0.0,0.0,1.0,11.0,7.0
2021,POST,q2,00-0023459,A.Rodgers,GB,1,7,0.9367258007405326,28.763114917385128,2.0,139.88430798053741,4,3.0,0.0,0.0,7.0,4.0
2021,POST,q2,00-0029701,R.Tannehill,TEN,1,7,3.6441860361373983,7.334190988294675,4.0,12.475305795669556,6,0.0,0.0,0.0,6.0,4.0
2021,POST,q2,00-0022924,B.Roethlisberger,PIT,1,6,-2.9170683707343414,6.5184054177548525,2.0,-140.79338908195496,6,0.0,0.0,0.0,6.0,2.0
2021,POST,q2,00-0028872,J.Hekker,LA,1,1,-0.947,0.8968089999999999,0.0,0.0,0,0.0,0.0,0.0,1.0,0.0
2021,POST,q2,00-0033897,J.Mixon,CIN,1,1,1.8504547015181743,3.4241826023707156,1.0,54.363664984703064,1,0.0,0.0,1.0,1.0,1.0
2021,POST,q3,00-0036442,J.Burrow,CIN,4,43,-3.6704878865692647,140.05650834173412,19.0,62.93756067752838,31,8.0,1.0,2.0,41.0,22.0
2021,POST,q3,00-0033873,P.Mahomes,KC,3,35,8.18327520770783,103.27725718629232,20.0,210.7740342617035,27,2.0,1.0,2.0,30.0,22.0
2021,POST,q3,00-0026498,M.Stafford,LA,4,30,5.3473572142538615,111.29766254040467,18.0,433.80536437034607,27,1.0,1.0,1.0,29.0,23.0
2021,POST,q3,00-0019596,T.Brady,TB,2,22,8.597855458070056,55.406326095568865,10.0,140.70904850959778,20,0.0,0.0,2.0,22.0,14.0
2021,POST,q3,00-0031345,J.Garoppolo,SF,3,20,0.17304398082880867,41.25041054648841,7.0,-341.61303639411926,19,1.0,0.0,1.0,20.0,10.0
2021,POST,q3,00-0033077,D.Prescott,DAL,1,15,-11.262165253749117,42.565118739016356,3.0,-140.55605679750443,10,3.0,1.0,0.0,13.0,5.0
2021,POST,q3,00-0036389,J.Hurts,PHI,1,13,-8.221856879070401,33.73835791323544,3.0,-284.13224071264267,13,0.0,1.0,0.0,13.0,5.0
2021,POST,q3,00-0031280,D.Carr,LV,1,11,1.4095680184545927,14.718500101641027,5.0,37.262800335884094,10,0.0,0.0,0.0,11.0,7.0
2021,POST,q3,00-0036972,M.Jones,NE,1,11,2.3194652253878303,70.48494863463097,5.0,55.65958023071289,10,0.0,1.0,1.0,11.0,7.0
2021,POST,q3,00-0022924,B.Roethlisberger,PIT,1,9,1.9984024744480848,42.59564061250678,5.0,275.81726610660553,9,0.0,0.0,1.0,9.0,9.0
2021,POST,q3,00-0034857,J.Allen,BUF,2,8,12.728303053998388,53.65813433355078,6.0,270.218825340271,8,0.0,0.0,2.0,8.0,8.0
2021,POST,q3,00-0023459,A.Rodgers,GB,1,6,-0.8774409756297246,4.430017674997452,2.0,54.482269287109375,5,0.0,0.0,0.0,6.0,4.0
2021,POST,q3,00-0035228,K.Murray,ARI,1,6,6.924269297393039,20.111353667898566,5.0,133.11895728111267,5,0.0,0.0,0.0,5.0,5.0
2021,POST,q3,00-0029701,R.Tannehill,TEN,1,5,-0.8888287290308314,60.775423956886755,2.0,39.75860774517059,5,0.0,1.0,1.0,5.0,3.0
2021,POST,q3,00-0031235,O.Beckham,LA,1,1,2.278346930164844,5.1908647341915675,1.0,63.504037261009216,1,0.0,0.0,0.0,1.0,1.0
2021,POST,q3,00-0033908,C.Kupp,LA,1,1,-1.5157049462529928,2.297361484095788,0.0,-69.08655762672424,1,0.0,0.0,0.0,1.0,0.0
2021,POST,q4,00-0026498,M.Stafford,LA,4,39,10.486376469473438,62.64717462369745,22.0,101.59890353679657,36,2.0,0.0,2.0,38.0,25.0
2021,POST,q4,00-0036442,J.Burrow,CIN,4,36,-4.08849732774706,68.71389028068768,18.0,29.697686433792114,30,4.0,1.0,0.0,34.0,22.0
2021,POST,q4,00-0019596,T.Brady,TB,2,25,-9.375456869689515,92.02387768364378,10.0,51.270392537117004,22,3.0,0.0,1.0,25.0,15.0
2021,POST,q4,00-0033873,P.Mahomes,KC,3,24,-0.904607495481689,68.62193365394336,11.0,-66.65091514587402,16,5.0,0.0,1.0,22.0,11.0
2021,POST,q4,00-0034857,J.Allen,BUF,2,23,19.288975684510778,77.0102265927014,14.0,139.009590446949,20,1.0,0.0,4.0,22.0,13.0
2021,POST,q4,00-0022924,B.Roethlisberger,PIT,1,22,0.06097730546025559,25.30702100841134,11.0,65.28777480125427,21,1.0,0.0,1.0,22.0,15.0
2021,POST,q4,00-0031280,D.Carr,LV,1,22,0.8968005826148628,41.03505299278689,7.0,-251.57679617404938,20,1.0,1.0,0.0,22.0,10.0
2021,POST,q4,00-0031345,J.Garoppolo,SF,3,21,-8.326456957962364,80.19725234011955,7.0,-341.2298023700714,19,0.0,2.0,0.0,20.0,11.0
2021,POST,q4,00-0033077,D.Prescott,DAL,1,18,-1.711899019795755,28.76233895818551,8.0,-121.11306041479111,16,1.0,0.0,0.0,17.0,9.0
2021,POST,q4,00-0036389,J.Hurts,PHI,1,14,9.385929826807232,23.968228808934292,9.0,90.09470790624619,11,1.0,0.0,1.0,13.0,7.0
2021,POST,q4,00-0035228,K.Murray,ARI,1,12,-2.928342643484939,12.430468473678289,6.0,-149.56501424312592,12,0.0,0.0,0.0,12.0,7.0
2021,POST,q4,00-0036972,M.Jones,NE,1,12,3.6809144861472305,41.66539453508035,5.0,34.16987955570221,10,1.0,0.0,1.0,12.0,7.0
2021,POST,q4,00-0023459,A.Rodgers,GB,1,9,-4.234276736785793,6.660143012427831,1.0,-70.35312056541443,7,2.0,0.0,0.0,9.0,4.0
2021,POST,q4,00-0029701,R.Tannehill,TEN,1,6,0.5429431817028672,5.107889888660215,3.0,88.63029479980469,6,0.0,1.0,0.0,6.0,5.0
2021,POST,q4,00-0029692,B.Anger,DAL,1,1,3.856170532060787,14.870051172333973,1.0,35.11138558387756,1,0.0,0.0,0.0,1.0,1.0
2021,POST,q4,00-0030506,T.Kelce,KC,1,1,0.70204556841054,0.4928679801248782,1.0,42.53831505775452,1,0.0,0.0,1.0,1.0,1.0
2021,REG,all,00-0019596,T.Brady,TB,17,750,141.1359989999203,1658.2761161933222,384.0,1190.7260954380035,704,22.0,12.0,43.0,740.0,485.0
2021,REG,all,00-0036355,J.Herbert,LAC,17,745,127.58136309033219,2067.9275229939985,375.0,-404.35798168182373,657,31.0,15.0,38.0,709.0,443.0
2021,REG,all,00-0033873,P.Mahomes,KC,17,733,157.78980074979347,1663.8327960182494,387.0,1657.6109260320663,620,28.0,13.0,37.0,687.0,436.0
2021,REG,all,00-0034857,J.Allen,BUF,17,721,120.84243800176037,1557.870576632517,369.0,1287.8992140293121,614,26.0,15.0,36.0,675.0,409.0
2021,REG,all,00-0031280,D.Carr,LV,17,683,27.148191501149565,1741.1675154226766,317.0,1320.6026077270508,601,40.0,14.0,23.0,666.0,428.0
2021,REG,all,00-0036971,T.Lawrence,JAX,17,668,-59.91200039364243,1536.7653913472773,296.0,-2788.8467997312546,581,32.0,17.0,12.0,636.0,359.0
2021,REG,all,00-0033077,D.Prescott,DAL,16,651,112.16245462938159,1401.7424462608092,327.0,1356.095278263092,586,30.0,10.0,37.0,631.0,410.0
2021,REG,all,00-0022924,B.Roethlisberger,PIT,16,649,-44.9954722817656,1476.3401775366456,257.0,-1426.3214960694313,596,38.0,10.0,22.0,646.0,390.0
2021,REG,all,00-0026498,M.Stafford,LA,17,642,121.74215111523591,1839.6943080428782,323.0,-69.58371847867966,596,30.0,17.0,41.0,634.0,404.0
2021,REG,all,00-0026143,M.Ryan,ATL,17,618,-20.539758688513942,1603.9157237761922,284.0,953.5060971975327,542,40.0,12.0,20.0,601.0,375.0
2021,REG,all,00-0029604,K.Cousins,MIN,16,602,66.0243018821845,1450.704739251579,273.0,725.0964418053627,537,28.0,7.0,33.0,587.0,372.0
2021,REG,all,00-0029701,R.Tannehill,TEN,17,597,35.88522844115265,1515.2757938770314,296.0,1225.9584069252014,519,47.0,14.0,21.0,578.0,357.0
2021,REG,all,00-0036442,J.Burrow,CIN,16,591,101.35008365070217,2008.5995856965346,289.0,3359.994362294674,506,51.0,14.0,34.0,571.0,366.0
2021,REG,all,00-0032950,C.Wentz,IND,17,578,13.684786658209525,1471.6126211370315,259.0,-1054.0140554308891,497,32.0,7.0,27.0,552.0,322.0
2021,REG,all,00-0023459,A.Rodgers,GB,16,576,140.16406048928246,1273.9450027869036,295.0,2943.9315423369408,510,30.0,4.0,37.0,559.0,366.0
2021,REG,all,00-0031800,T.Heinicke,WAS,16,572,-29.838724211640475,1418.9589054200476,255.0,143.3399349451065,480,38.0,15.0,20.0,532.0,321.0
2021,REG,all,00-0036972,M.Jones,NE,17,565,38.29646351005787,1483.528127137185,275.0,1217.3006772994995,511,28.0,13.0,22.0,550.0,352.0
2021,REG,all,00-0035228,K.Murray,ARI,14,543,74.80413904686229,1457.9933022819137,273.0,1942.5334200263023,461,31.0,10.0,24.0,514.0,333.0
2021,REG,all,00-0033106,J.Goff,DET,14,540,-32.447100593461975,1264.6348171729462,245.0,258.2342654466629,467,35.0,8.0,19.0,529.0,332.0
2021,REG,all,00-0036389,J.Hurts,PHI,15,509,43.072549539496556,1235.401564186393,233.0,47.1975713968277,409,26.0,9.0,16.0,459.0,265.0
2021,REG,all,00-0034855,B.Mayfield,CLE,14,487,-8.091747724710624,1209.0932812328026,210.0,-1087.4831601977348,400,43.0,13.0,17.0,462.0,253.0
2021,REG,all,00-0031237,T.Bridgewater,DEN,14,475,56.72277544773157,1034.0827004207665,227.0,1583.774584531784,405,31.0,7.0,18.0,460.0,285.0
2021,REG,all,00-0031345,J.Garoppolo,SF,15,475,76.59348823416883,1301.275961661793,232.0,1117.2145262360573,426,29.0,12.0,20.0,469.0,301.0
2021,REG,all,00-0034796,L.Jackson,BAL,12,470,26.837024923595052,1066.0245350786802,230.0,252.09430754184723,371,38.0,13.0,16.0,421.0,246.0
2021,REG,all,00-0034869,S.Darnold,CAR,12,465,-69.25680523908501,1208.6277107633186,194.0,-1876.7429009079933,384,35.0,13.0,9.0,442.0,243.0
2021,REG,all,00-0029263,R.Wilson,SEA,14,458,15.047937456380883,1166.5665481156173,202.0,1233.7849035859108,386,33.0,6.0,25.0,435.0,259.0
2021,REG,all,00-0037013,Z.Wilson,NYJ,13,445,-86.09135601494621,1041.0944326922688,164.0,-3528.005640208721,366,44.0,11.0,9.0,429.0,213.0
2021,REG,all,00-0036898,D.Mills,HOU,13,434,-54.9602853201117,1061.3198054120244,185.0,-83.0406904220581,378,31.0,10.0,16.0,424.0,263.0
2021,REG,all,00-0036212,T.Tagovailoa,MIA,13,427,27.11579545673312,1003.3530763472166,209.0,731.6594809293747,380,20.0,10.0,16.0,409.0,263.0
2021,REG,all,00-0035710,D.Jones,NYG,11,406,-11.826230673287158,902.0754631536257,172.0,-292.83634424209595,347,22.0,7.0,10.0,383.0,232.0
2021,REG,all,00-0036945,J.Fields,CHI,12,349,-42.966680046449774,888.7066754014892,148.0,-509.5260947942734,261,36.0,10.0,7.0,304.0,159.0
2021,REG,all,00-0027973,A.Dalton,CHI,8,268,-27.727753766374235,861.9392401725302,116.0,-952.3132935166359,227,18.0,9.0,8.0,256.0,149.0
2021,REG,all,00-0033119,J.Brissett,MIA,8,257,-21.506110695460308,537.2603513342284,110.0,-480.5700421333313,217,19.0,4.0,5.0,244.0,141.0
2021,REG,all,00-0035993,T.Huntley,BAL,6,230,-15.781236892228073,482.3265444000127,98.0,-191.69057309627533,182,18.0,4.0,3.0,205.0,122.0
2021,REG,all,00-0032156,T.Siemian,NO,6,204,-9.529915959365184,547.9164337836412,84.0,-826.2999653816223,175,9.0,3.0,11.0,201.0,108.0
2021,REG,all,00-0031503,J.Winston,NO,7,189,33.34137558162851,556.0149839979495,90.0,-480.0375208258629,153,11.0,3.0,14.0,172.0,95.0
2021,REG,all,00-0030520,M.Glennon,NYG,6,178,-78.50861061234073,641.8433085342784,63.0,-1213.2180720567703,154,9.0,10.0,4.0,174.0,90.0
2021,REG,all,00-0028118,T.Taylor,HOU,6,177,-7.8080883734726125,541.1427003181932,75.0,-522.1416682004929,144,13.0,5.0,5.0,162.0,91.0
2021,REG,all,00-0033357,T.Hill,NO,11,157,-4.507309833162701,436.0350285211859,70.0,-901.1936783790588,127,9.0,5.0,4.0,141.0,78.0
2021,REG,all,00-0027939,C.Newton,CAR,6,142,-37.48564013426209,397.73972774773796,54.0,-1566.7833477258682,124,10.0,5.0,4.0,137.0,69.0
2021,REG,all,00-0034401,M.White,NYJ,4,137,-7.311145533085524,398.2311551447377,68.0,-274.0704268217087,131,4.0,8.0,5.0,137.0,88.0
2021,REG,all,00-0035704,D.Lock,DEN,6,126,-5.288658447086654,256.3067708704344,50.0,-360.69336235523224,109,9.0,2.0,2.0,119.0,67.0
2021,REG,all,00-0030565,G.Smith,SEA,4,111,-0.4814082288761541,275.8179553011382,48.0,572.435986995697,88,13.0,1.0,5.0,107.0,65.0
2021,REG,all,00-0027688,C.McCoy,ARI,4,108,13.008698115391743,247.33209030877015,53.0,344.78819370269775,98,6.0,1.0,3.0,105.0,74.0
2021,REG,all,00-0034177,T.Boyle,DET,3,96,-1.9676660409439828,255.42885157314726,40.0,-324.91303384304047,93,0.0,6.0,3.0,95.0,61.0
2021,REG,all,00-0037012,T.Lance,SF,4,86,14.74268640305617,269.58068077518743,36.0,-285.9483242034912,69,4.0,2.0,5.0,75.0,41.0
2021,REG,all,00-0028986,C.Keenum,CLE,4,81,-4.302372118048794,221.09637812280334,40.0,-45.8204060792923,70,5.0,1.0,3.0,77.0,47.0
2021,REG,all,00-0033275,P.Walker,CAR,5,75,-11.51914027782275,140.20920850104963,29.0,-598.3203649520874,65,7.0,3.0,1.0,73.0,36.0
2021,REG,all,00-0036197,J.Fromm,NYG,3,72,-29.661908573820256,239.04526560550744,24.0,-1075.6299525499344,58,6.0,3.0,1.0,66.0,27.0
2021,REG,all,00-0036264,J.Love,GB,4,71,-7.573141075675543,223.45446941212307,29.0,-330.8759242296219,60,3.0,3.0,2.0,66.0,36.0
2021,REG,all,00-0035289,G.Minshew II,PHI,3,70,15.707569193672642,189.0874542106325,32.0,180.1151543855667,57,5.0,1.0,4.0,66.0,41.0
2021,REG,all,00-0034771,M.Rudolph,PIT,2,60,-10.369781413485573,90.07892219782725,26.0,-343.6015635728836,56,0.0,1.0,1.0,57.0,35.0
2021,REG,all,00-0033662,C.Rush,DAL,4,51,7.575269748351861,196.46316663638984,23.0,-162.90374100208282,47,3.0,1.0,3.0,50.0,30.0
2021,REG,all,00-0026300,J.Johnson,NYJ,2,50,14.946316874684491,133.4131877390236,26.0,-218.36794316768646,45,2.0,1.0,3.0,47.0,29.0
2021,REG,all,00-0026158,J.Flacco,NYJ,2,45,5.98866612941567,155.6024335165425,24.0,206.07948899269104,38,2.0,0.0,3.0,44.0,27.0
2021,REG,all,00-0026300,J.Johnson,BAL,1,42,14.491996183700394,80.66682243810654,23.0,271.4973032474518,37,1.0,1.0,2.0,41.0,28.0
2021,REG,all,00-0029567,N.Foles,CHI,1,41,6.165563555913264,89.24965249790093,21.0,86.72906756401062,35,4.0,0.0,1.0,40.0,24.0
2021,REG,all,00-0032245,S.Mannion,MIN,1,39,-10.664098131165645,48.664953963345845,13.0,-183.18903595209122,34,2.0,0.0,1.0,38.0,22.0
2021,REG,all,00-0032434,B.Allen,CIN,4,38,-11.155426215224242,58.23275106306318,9.0,-575.2391755580902,33,4.0,0.0,2.0,38.0,17.0
2021,REG,all,00-0031395,G.Gilbert,WAS,1,33,-2.7503931065014506,49.330429529653145,12.0,22.787927091121674,30,2.0,0.0,0.0,33.0,20.0
2021,REG,all,00-0036929,I.Book,NO,1,30,-30.90607289003674,140.62267838003902,6.0,-131.0089409351349,18,8.0,2.0,0.0,28.0,12.0
2021,REG,all,00-0033319,N.Mullens,CLE,1,29,2.302981056180947,36.81306512240555,13.0,137.563619017601,29,0.0,0.0,1.0,29.0,20.0
2021,REG,all,00-0034577,K.Allen,WAS,2,22,0.39260218954598525,52.263809415614155,9.0,-63.281163573265076,18,2.0,0.0,1.0,22.0,12.0
2021,REG,all,00-0026197,C.Henne,KC,1,17,0.3890283592045307,16.880220373506717,10.0,49.105504155159,15,0.0,0.0,0.0,16.0,11.0
2021,REG,all,00-0027948,B.Gabbert,TB,5,12,0.1918351231798563,23.928939472034454,4.0,-7.829508185386658,11,1.0,0.0,0.0,12.0,7.0
2021,REG,all,00-0035752,C.Streveler,ARI,1,12,-5.250195359112695,22.49376918396012,4.0,-76.51316225528717,9,2.0,0.0,0.0,11.0,6.0
2021,REG,all,00-0026625,B.Hoyer,NE,3,11,20.87713444084511,63.79285860438738,9.0,158.61823558807373,11,0.0,0.0,1.0,11.0,9.0
2021,REG,all,00-0034343,J.Rosen,ATL,3,11,-18.704876960255206,97.94162755844087,2.0,-432.22326189279556,10,0.0,2.0,0.0,11.0,2.0
2021,REG,all,00-0033869,M.Trubisky,BUF,4,9,0.5511516515398398,25.292795990971708,5.0,12.229764461517334,8,0.0,1.0,0.0,8.0,6.0
2021,REG,all,00-0023682,R.Fitzpatrick,WAS,1,8,-5.470147480160038,6.157291297967275,1.0,-107.51727223396301,6,1.0,0.0,0.0,7.0,3.0
2021,REG,all,00-0034899,J.Wolford,LA,2,5,-6.360478993272409,12.483889863289553,0.0,-213.54268193244934,4,1.0,1.0,0.0,5.0,1.0
2021,REG,all,00-0036226,J.Eason,IND,1,5,-3.102543077489827,7.089547372750653,1.0,-123.27418029308319,5,0.0,1.0,0.0,5.0,2.0
2021,REG,all,00-0036322,J.Jefferson,MIN,4,4,1.2533358797663823,4.277276122852609,2.0,-22.905734181404114,4,0.0,0.0,0.0,4.0,2.0
2021,REG,all,00-0036913,K.Toney,NYG,4,4,-0.828378256643191,3.176069136850924,1.0,-80.0828754901886,3,1.0,0.0,0.0,4.0,1.0
2021,REG,all,00-0031382,J.Landry,CLE,3,3,-1.1496039163903333,28.394855169286718,2.0,0.0,0,1.0,0.0,0.0,1.0,0.0
2021,REG,all,00-0034418,C.Wilson,DAL,3,3,5.7490395497879945,11.889790773822197,3.0,136.4244043827057,3,0.0,0.0,0.0,3.0,3.0
2021,REG,all,00-0035156,J.Fox,DET,3,3,5.1923593147075735,42.82304808693182,2.0,16.08760356903076,3,0.0,0.0,0.0,3.0,2.0
2021,REG,all,00-0036946,K.Mond,MIN,1,3,-1.7575525424908847,2.2145208083935395,1.0,-18.6734139919281,3,0.0,0.0,0.0,3.0,2.0
2021,REG,all,00-0030279,K.Allen,LAC,2,2,0.5595444383071735,1.3523073913655828,1.0,-51.52236819267273,1,0.0,0.0,0.0,2.0,0.0
2021,REG,all,00-0030669,A.Wilson,MIA,2,2,-2.053532929508947,2.1101590097420204,0.0,-41.74152314662933,1,1.0,0.0,0.0,2.0,0.0
2021,REG,all,00-0031941,J.Crowder,NYJ,2,2,-0.2978157203905285,2.933512110454182,1.0,0.0,0,1.0,0.0,0.0,2.0,0.0
2021,REG,all,00-0032268,M.Mariota,LV,2,2,-0.7204284254694358,0.34034894460344145,0.0,-20.883262157440186,2,0.0,0.0,0.0,2.0,1.0
2021,REG,all,00-0033733,G.Ward,PHI,2,2,-3.3538292412413284,8.165949388138463,0.0,-27.218377590179443,2,0.0,0.0,0.0,2.0,1.0
2021,REG,all,00-0033936,C.Beathard,JAX,1,2,1.829054368659854,4.165481372154066,1.0,78.54432165622711,2,0.0,0.0,0.0,2.0,2.0
2021,REG,all,00-0034955,B.Rypien,DEN,1,2,-2.059117787517607,2.2642620308832666,0.0,-54.719167947769165,1,0.0,0.0,0.0,2.0,0.0
2021,REG,all,00-0034960,J.Meyers,NE,1,2,1.7869173039798625,2.7867527126299945,2.0,83.3737850189209,2,0.0,0.0,0.0,2.0,2.0
2021,REG,all,00-0035040,D.Blough,DET,1,2,-0.5860745162935928,0.9844906944057117,1.0,0.0,0,1.0,0.0,0.0,1.0,0.0
2021,REG,all,00-0035676,A.Brown,TEN,2,2,-1.2514583478914574,0.8099262519593262,0.0,-37.63119578361511,1,0.0,0.0,0.0,2.0,0.0
2021,REG,all,00-0035719,D.Samuel,SF,2,2,2.0177336357883178,6.3398069799889525,1.0,38.96763026714325,2,0.0,0.0,1.0,2.0,1.0
2021,REG,all,00-0022824,A.Lee,ARI,1,1,-0.947,0.8968089999999999,0.0,0.0,0,0.0,0.0,0.0,1.0,0.0
2021,REG,all,00-0024417,S.Koch,BAL,1,1,-2.778717302950099,7.721269849714273,0.0,-59.26313400268555,1,0.0,0.0,0.0,1.0,0.0
2021,REG,all,00-0026035,D.Amendola,HOU,1,1,-0.3616975506884046,0.130825118173991,0.0,-49.899956583976746,1,0.0,0.0,0.0,1.0,0.0
2021,REG,all,00-0028872,J.Hekker,LA,1,1,-2.582091593008954,6.667196994687518,0.0,46.21918201446533,1,0.0,0.0,0.0,1.0,1.0
2021,REG,all,00-0029000,C.Beasley,BUF,1,1,-0.47759081999538466,0.2280929913438639,0.0,-33.29757750034332,1,0.0,0.0,0.0,1.0,0.0
2021,REG,all,00-0029747,C.Banjo,ARI,1,1,3.7315283046336845,13.924303488282339,1.0,36.00858449935913,1,0.0,0.0,0.0,1.0,1.0
2021,REG,all,00-0030288,R.Burkhead,HOU,1,1,-0.4931206500623375,0.24316797551790234,0.0,0.0,0,0.0,0.0,0.0,1.0,0.0
2021,REG,all,00-0030578,C.Patterson,ATL,1,1,-0.5996399439172819,0.359568062341121,0.0,0.0,0,0.0,0.0,0.0,1.0,0.0
2021,REG,all,00-0031136,C.Boswell,PIT,1,1,-3.0074845636845566,9.044963400800889,0.0,-26.183247566223145,1,0.0,0.0,0.0,1.0,0.0
2021,REG,all,00-0031543,T.Long,LAC,1,1,-2.76716072531417,7.657178479721244,0.0,-59.759336709976196,1,0.0,0.0,0.0,1.0,0.0
2021,REG,all,00-0031588,S.Diggs,BUF,1,1,-0.836327348719351,0.6994434342159389,0.0,0.0,0,1.0,0.0,0.0,1.0,0.0
2021,REG,all,00-0032496,M.Farley,TEN,1,1,3.0622718997765332,9.377509188160978,1.0,31.020885705947876,1,0.0,0.0,0.0,1.0,1.0
2021,REG,all,00-0032764,D.Henry,TEN,1,1,1.0320902957464568,1.0652103785740088,1.0,57.494595646858215,1,0.0,0.0,1.0,1.0,1.0
2021,REG,all,00-0032943,R.Dixon,NYG,1,1,-2.8510376673657447,8.128415780738306,0.0,-59.43989157676697,1,0.0,0.0,0.0,1.0,0.0
2021,REG,all,00-0033009,T.Boyd,CIN,1,1,3.1924436271365266,10.191696312444622,1.0,12.373977899551392,1,0.0,0.0,0.0,1.0,1.0
2021,REG,all,00-0033045,E.Elliott,DAL,1,1,-0.7931139783468097,0.6290297826491038,0.0,17.161792516708374,1,0.0,0.0,0.0,1.0,1.0
2021,REG,all,00-0033307,K.Bourne,NE,1,1,2.3478310459759086,5.512310620448329,1.0,64.89481925964355,1,0.0,0.0,1.0,1.0,1.0
2021,REG,all,00-0033681,K.Cole,NYJ,1,1,-0.7408587794052437,0.5488717310218275,0.0,-30.431032180786133,1,0.0,0.0,0.0,1.0,0.0
2021,REG,all,00-0033856,L.Fournette,TB,1,1,-0.6633014641702175,0.43996883237035433,0.0,-64.32642936706543,1,0.0,0.0,0.0,1.0,0.0
2021,REG,all,00-0033908,C.Kupp,LA,1,1,-0.4020649445010349,0.1616562195966203,0.0,-28.750768303871155,1,0.0,0.0,0.0,1.0,0.0
2021,REG,all,00-0034052,B.Zylstra,CAR,1,1,-1.3167127471533604,1.733732458516149,0.0,-54.66402769088745,1,0.0,0.0,0.0,1.0,0.0
2021,REG,all,00-0034348,C.Sutton,DEN,1,1,1.001634000451304,1.003270670860083,1.0,44.02860403060913,1,0.0,0.0,0.0,1.0,1.0
2021,REG,all,00-0034775,C.Kirk,ARI,1,1,3.0305774064618163,9.184399416556829,1.0,70.77863216400146,1,0.0,0.0,0.0,1.0,1.0
2021,REG,all,00-0034829,M.Gesicki,MIA,1,1,-0.5864534196443856,0.3439276134125938,0.0,-36.196690797805786,1,0.0,0.0,0.0,1.0,0.0
2021,REG,all,00-0034860,D.Pettis,NYG,1,1,0.9808847262756899,0.9621348462409351,1.0,36.36338710784912,1,0.0,0.0,0.0,1.0,1.0
2021,REG,all,00-0035544,T.Kennedy,DET,1,1,5.069598037283868,25.700824259632444,1.0,50.08513629436493,1,0.0,0.0,1.0,1.0,1.0
2021,REG,all,00-0035685,D.Montgomery,CHI,1,1,-3.1767500246642157,10.091740719204095,0.0,-45.82794904708862,1,0.0,1.0,0.0,1.0,0.0
2021,REG,all,00-0035689,D.Knox,BUF,1,1,1.053,1.108809,1.0,0.0,0,0.0,0.0,0.0,1.0,0.0
2021,REG,all,00-0035859,B.Gillikin,NO,1,1,-2.3642861736007035,5.589849110679456,0.0,-62.52785325050354,1,0.0,0.0,0.0,1.0,0.0
2021,REG,all,00-0035864,K.Hinton,DEN,1,1,-3.1306644288706593,9.801059766196051,0.0,43.768519163131714,1,0.0,0.0,0.0,1.0,1.0
2021,REG,all,00-0035889,T.Townsend,KC,1,1,4.0306980279274285,16.24652659233806,1.0,39.60108757019043,1,0.0,0.0,0.0,1.0,1.0
2021,REG,all,00-0036275,D.Swift,DET,1,1,-0.912519452162087,0.8326917505741953,0.0,0.0,0,0.0,0.0,0.0,1.0,0.0
2021,REG,all,00-0036825,F.Franks,ATL,1,1,-3.8404934149584733,14.749389670339395,0.0,-83.25349688529968,1,0.0,1.0,0.0,1.0,0.0
2021,REG,close,00-0019596,T.Brady,TB,17,514,104.98322241564912,1187.674103418382,274.0,1488.1519377231598,486,15.0,9.0,30.0,509.0,341.0
2021,REG,close,00-0036355,J.Herbert,LAC,17,505,69.25092287038909,1317.507634590335,240.0,-1269.298294186592,448,21.0,10.0,24.0,482.0,293.0
2021,REG,close,00-0029604,K.Cousins,MIN,16,489,51.035861622897436,1118.6093533735504,222.0,1096.1497470736504,435,23.0,5.0,28.0,476.0,309.0
2021,REG,close,00-0031280,D.Carr,LV,17,488,32.32787973788167,1231.6582238618216,228.0,1116.0393953323364,429,29.0,9.0,16.0,476.0,305.0
2021,REG,close,00-0033873,P.Mahomes,KC,17,483,124.79565330615112,1020.2601337164388,262.0,1151.2180864810944,415,13.0,8.0,26.0,452.0,293.0
2021,REG,close,00-0034857,J.Allen,BUF,17,466,71.625260964317,969.9015060769672,230.0,758.2498788833618,395,18.0,7.0,21.0,437.0,264.0
2021,REG,close,00-0023459,A.Rodgers,GB,16,429,131.14458506134594,985.9976940744708,220.0,2416.717344522476,378,24.0,2.0,30.0,415.0,275.0
2021,REG,close,00-0031800,T.Heinicke,WAS,16,426,13.825866785096576,857.7874257894958,206.0,1064.5892471075058,364,22.0,10.0,15.0,398.0,256.0
2021,REG,close,00-0036442,J.Burrow,CIN,16,399,47.44907551699959,1293.347147039972,195.0,2014.608158171177,337,35.0,7.0,19.0,383.0,245.0
2021,REG,close,00-0033077,D.Prescott,DAL,16,394,88.61076012314048,851.476069043093,207.0,1426.2362390756607,361,14.0,5.0,23.0,385.0,262.0
2021,REG,close,00-0026498,M.Stafford,LA,17,386,79.18367406901217,1214.6340569991457,195.0,-148.6391246318817,356,20.0,12.0,24.0,382.0,240.0
2021,REG,close,00-0026143,M.Ryan,ATL,17,381,31.907860293094583,839.5804904258474,180.0,465.8703699707985,333,25.0,3.0,14.0,370.0,229.0
2021,REG,close,00-0022924,B.Roethlisberger,PIT,16,380,-14.226160290922504,836.3381204087282,153.0,-976.7682284116745,347,23.0,5.0,13.0,377.0,224.0
2021,REG,close,00-0029701,R.Tannehill,TEN,17,376,43.037072995240784,1054.458309896982,190.0,1109.3536764383316,329,26.0,9.0,16.0,364.0,229.0
2021,REG,close,00-0032950,C.Wentz,IND,17,366,7.879218549313036,956.227930946462,163.0,-745.0082987546921,316,20.0,5.0,19.0,350.0,206.0
2021,REG,close,00-0029263,R.Wilson,SEA,14,342,8.903799367259726,955.4672002043061,149.0,1085.6304451823235,288,25.0,4.0,19.0,325.0,196.0
2021,REG,close,00-0034855,B.Mayfield,CLE,14,338,-8.342029279309127,794.4909507026548,147.0,-1402.24599391222,283,22.0,10.0,9.0,319.0,174.0
2021,REG,close,00-0034796,L.Jackson,BAL,12,329,15.46046890737681,766.1785152914706,160.0,-85.17244756221771,256,30.0,9.0,9.0,293.0,168.0
2021,REG,close,00-0031345,J.Garoppolo,SF,15,324,56.87580294011623,919.0673441354829,163.0,536.3231047987938,302,13.0,8.0,12.0,321.0,211.0
2021,REG,close,00-0035228,K.Murray,ARI,14,306,44.038398668953086,935.6745147420495,155.0,2166.6461914777756,257,18.0,7.0,17.0,288.0,194.0
2021,REG,close,00-0036212,T.Tagovailoa,MIA,13,305,31.151828830460506,778.2270463594406,159.0,860.033643245697,274,14.0,8.0,14.0,294.0,193.0
2021,REG,close,00-0035710,D.Jones,NYG,11,303,17.500820371667714,592.3693417752911,137.0,678.2397449016571,256,17.0,2.0,9.0,284.0,182.0
2021,REG,close,00-0036389,J.Hurts,PHI,15,302,12.910010207688032,697.9974288578286,134.0,-94.89377737045288,251,13.0,6.0,9.0,278.0,161.0
2021,REG,close,00-0036972,M.Jones,NE,17,302,11.40743315799228,918.2166430441464,151.0,1411.6186439990997,272,19.0,7.0,12.0,297.0,197.0
2021,REG,close,00-0034869,S.Darnold,CAR,12,295,-16.224973722315738,756.3806850359922,130.0,-1056.9715082645416,241,23.0,6.0,5.0,280.0,156.0
2021,REG,close,00-0033106,J.Goff,DET,14,292,-15.797384674661295,669.9947508077552,125.0,123.52162301540375,250,20.0,4.0,12.0,286.0,179.0
2021,REG,close,00-0036971,T.Lawrence,JAX,17,289,-12.466221130175553,676.4291810710633,136.0,-727.1149218082428,252,14.0,4.0,4.0,275.0,159.0
2021,REG,close,00-0031237,T.Bridgewater,DEN,14,260,18.8668978259253,488.562550625329,118.0,664.7447943687439,223,18.0,2.0,10.0,254.0,154.0
2021,REG,close,00-0037013,Z.Wilson,NYJ,13,226,-43.35006661513028,585.1792650172612,84.0,-2071.119377017021,178,25.0,6.0,6.0,215.0,101.0
2021,REG,close,00-0036898,D.Mills,HOU,12,208,0.39596554716159815,558.3233848365586,93.0,257.3436111211777,183,19.0,4.0,10.0,206.0,132.0
2021,REG,close,00-0036945,J.Fields,CHI,12,171,-4.98519289823059,488.696656104083,74.0,-313.3108898997307,122,20.0,4.0,5.0,144.0,74.0
2021,REG,close,00-0035993,T.Huntley,BAL,5,159,-8.011218495464517,255.1148941191724,64.0,-128.95385324954987,125,15.0,3.0,2.0,142.0,84.0
2021,REG,close,00-0031503,J.Winston,NO,7,149,33.03297942216099,425.9081909032279,74.0,-355.80879151821136,121,7.0,1.0,10.0,135.0,77.0
2021,REG,close,00-0027973,A.Dalton,CHI,8,148,-11.305034785818112,552.0964877545302,63.0,-384.2256501317024,126,10.0,5.0,6.0,142.0,83.0
2021,REG,close,00-0033119,J.Brissett,MIA,6,145,1.7039931830297923,236.31831661891903,64.0,-414.048433303833,122,9.0,1.0,2.0,138.0,75.0
2021,REG,close,00-0033357,T.Hill,NO,9,131,7.802812778857067,238.38239814977794,60.0,-426.5636920928955,107,6.0,2.0,3.0,118.0,68.0
2021,REG,close,00-0028118,T.Taylor,HOU,6,123,-9.944705839809703,412.61774606935626,56.0,-292.62253642082214,99,10.0,4.0,4.0,113.0,64.0
2021,REG,close,00-0032156,T.Siemian,NO,6,86,-10.526598458376537,180.08344306015994,32.0,-497.2854346036911,74,5.0,1.0,5.0,86.0,44.0
2021,REG,close,00-0035704,D.Lock,DEN,5,78,1.5030974858533983,146.36379994605988,28.0,-350.53459107875824,65,6.0,0.0,1.0,72.0,37.0
2021,REG,close,00-0027939,C.Newton,CAR,6,74,-18.396600878203074,284.46277294194795,34.0,-490.27692675590515,67,3.0,4.0,3.0,71.0,41.0
2021,REG,close,00-0030565,G.Smith,SEA,4,68,-13.986598898222704,203.74976374980704,26.0,279.2888134717941,55,9.0,1.0,2.0,67.0,41.0
2021,REG,close,00-0030520,M.Glennon,NYG,5,58,-23.215890539364185,239.21247286292953,20.0,-222.41965234279633,52,3.0,3.0,1.0,58.0,31.0
2021,REG,close,00-0034401,M.White,NYJ,3,52,-8.602186325697458,210.62159490895158,26.0,6.067880988121033,49,2.0,3.0,2.0,52.0,35.0
2021,REG,close,00-0034771,M.Rudolph,PIT,1,52,-9.131826966148612,83.39548868129926,21.0,-342.1043872833252,49,0.0,1.0,1.0,50.0,30.0
2021,REG,close,00-0034177,T.Boyle,DET,3,51,-2.195289275965184,100.10716289392796,22.0,-118.8340038061142,51,0.0,2.0,1.0,51.0,35.0
2021,REG,close,00-0027688,C.McCoy,ARI,3,48,9.0844616103266,107.97080007795725,26.0,237.50588297843933,44,2.0,0.0,2.0,47.0,34.0
2021,REG,close,00-0037012,T.Lance,SF,4,46,-3.5412020630839702,149.82362935596294,19.0,-177.78024673461914,37,2.0,2.0,3.0,40.0,22.0
2021,REG,close,00-0035289,G.Minshew II,PHI,2,45,22.510230474449404,95.8224629049921,23.0,301.86811089515686,35,4.0,0.0,3.0,41.0,27.0
2021,REG,close,00-0033662,C.Rush,DAL,1,44,1.7715612465514314,165.19975608430855,19.0,-216.72054827213287,40,3.0,1.0,2.0,43.0,24.0
2021,REG,close,00-0028986,C.Keenum,CLE,2,42,16.49307801830328,84.63983294827615,26.0,244.79608237743378,38,0.0,1.0,3.0,38.0,28.0
2021,REG,close,00-0036197,J.Fromm,NYG,2,36,-25.411437188391574,134.31310847695232,10.0,-725.9944945573807,28,3.0,2.0,0.0,32.0,12.0
2021,REG,close,00-0026158,J.Flacco,NYJ,1,35,-1.0883001652273174,138.87874163767196,16.0,45.59217393398285,29,2.0,0.0,2.0,34.0,19.0
2021,REG,close,00-0029567,N.Foles,CHI,1,26,4.327649009981658,70.9070130104134,13.0,57.84013867378235,24,1.0,0.0,1.0,26.0,16.0
2021,REG,close,00-0036264,J.Love,GB,2,26,-5.223764564749077,96.11638791605604,11.0,-152.70363986492157,22,1.0,2.0,1.0,24.0,14.0
2021,REG,close,00-0032434,B.Allen,CIN,1,19,-11.438558444864857,17.23204999157111,2.0,-469.3113386631012,16,2.0,0.0,0.0,19.0,7.0
2021,REG,close,00-0033319,N.Mullens,CLE,1,19,2.7026597302756272,33.789445282977056,8.0,153.21362912654877,19,0.0,0.0,1.0,19.0,14.0
2021,REG,close,00-0031395,G.Gilbert,WAS,1,18,-2.754314287581382,19.815532819203376,7.0,-23.92907589673996,16,1.0,0.0,0.0,18.0,10.0
2021,REG,close,00-0026300,J.Johnson,BAL,1,10,5.834675524441991,15.953687788142975,6.0,100.10270178318024,9,0.0,0.0,1.0,10.0,7.0
2021,REG,close,00-0036929,I.Book,NO,1,10,-15.071399003034458,73.2078964364576,1.0,-173.34442138671875,6,3.0,1.0,0.0,10.0,3.0
2021,REG,close,00-0032245,S.Mannion,MIN,1,9,-8.604608407244086,16.017271185091182,1.0,-119.51636672019958,8,1.0,0.0,0.0,9.0,5.0
2021,REG,close,00-0023682,R.Fitzpatrick,WAS,1,8,-5.470147480160038,6.157291297967275,1.0,-107.51727223396301,6,1.0,0.0,0.0,7.0,3.0
2021,REG,close,00-0026300,J.Johnson,NYJ,2,7,-0.5659873564040612,16.481133384541934,3.0,-168.14472377300262,6,1.0,0.0,0.0,7.0,3.0
2021,REG,close,00-0036226,J.Eason,IND,1,5,-3.102543077489827,7.089547372750653,1.0,-123.27418029308319,5,0.0,1.0,0.0,5.0,2.0
2021,REG,close,00-0033275,P.Walker,CAR,2,4,3.268208600959042,8.870158213757417,2.0,-77.862149477005,4,0.0,0.0,0.0,4.0,2.0
2021,REG,close,00-0031382,J.Landry,CLE,3,3,-1.1496039163903333,28.394855169286718,2.0,0.0,0,1.0,0.0,0.0,1.0,0.0
2021,REG,close,00-0034577,K.Allen,WAS,1,3,-4.651965939439833,19.075822392821564,1.0,-14.440426230430603,2,1.0,0.0,0.0,3.0,1.0
2021,REG,close,00-0035156,J.Fox,DET,3,3,5.1923593147075735,42.82304808693182,2.0,16.08760356903076,3,0.0,0.0,0.0,3.0,2.0
2021,REG,close,00-0036322,J.Jefferson,MIN,3,3,-0.47653947153594345,1.284807391809264,1.0,-35.87218225002289,3,0.0,0.0,0.0,3.0,1.0
2021,REG,close,00-0036913,K.Toney,NYG,3,3,-0.0818373051006347,2.6187457445208584,1.0,9.413301944732666,2,1.0,0.0,0.0,3.0,1.0
2021,REG,close,00-0030669,A.Wilson,MIA,2,2,-2.053532929508947,2.1101590097420204,0.0,-41.74152314662933,1,1.0,0.0,0.0,2.0,0.0
2021,REG,close,00-0032268,M.Mariota,LV,2,2,-0.7204284254694358,0.34034894460344145,0.0,-20.883262157440186,2,0.0,0.0,0.0,2.0,1.0
2021,REG,close,00-0033733,G.Ward,PHI,2,2,-3.3538292412413284,8.165949388138463,0.0,-27.218377590179443,2,0.0,0.0,0.0,2.0,1.0
2021,REG,close,00-0033936,C.Beathard,JAX,1,2,1.829054368659854,4.165481372154066,1.0,78.54432165622711,2,0.0,0.0,0.0,2.0,2.0
2021,REG,close,00-0034955,B.Rypien,DEN,1,2,-2.059117787517607,2.2642620308832666,0.0,-54.719167947769165,1,0.0,0.0,0.0,2.0,0.0
2021,REG,close,00-0034960,J.Meyers,NE,1,2,1.7869173039798625,2.7867527126299945,2.0,83.3737850189209,2,0.0,0.0,0.0,2.0,2.0
2021,REG,close,00-0035676,A.Brown,TEN,2,2,-1.2514583478914574,0.8099262519593262,0.0,-37.63119578361511,1,0.0,0.0,0.0,2.0,0.0
2021,REG,close,00-0035719,D.Samuel,SF,2,2,2.0177336357883178,6.3398069799889525,1.0,38.96763026714325,2,0.0,0.0,1.0,2.0,1.0
2021,REG,close,00-0024417,S.Koch,BAL,1,1,-2.778717302950099,7.721269849714273,0.0,-59.26313400268555,1,0.0,0.0,0.0,1.0,0.0
2021,REG,close,00-0026035,D.Amendola,HOU,1,1,-0.3616975506884046,0.130825118173991,0.0,-49.899956583976746,1,0.0,0.0,0.0,1.0,0.0
2021,REG,close,00-0029000,C.Beasley,BUF,1,1,-0.47759081999538466,0.2280929913438639,0.0,-33.29757750034332,1,0.0,0.0,0.0,1.0,0.0
2021,REG,close,00-0029747,C.Banjo,ARI,1,1,3.7315283046336845,13.924303488282339,1.0,36.00858449935913,1,0.0,0.0,0.0,1.0,1.0
2021,REG,close,00-0030279,K.Allen,LAC,1,1,-0.49345556169282645,0.24349839136558285,0.0,-51.52236819267273,1,0.0,0.0,0.0,1.0,0.0
2021,REG,close,00-0030578,C.Patterson,ATL,1,1,-0.5996399439172819,0.359568062341121,0.0,0.0,0,0.0,0.0,0.0,1.0,0.0
2021,REG,close,00-0031136,C.Boswell,PIT,1,1,-3.0074845636845566,9.044963400800889,0.0,-26.183247566223145,1,0.0,0.0,0.0,1.0,0.0
2021,REG,close,00-0031543,T.Long,LAC,1,1,-2.76716072531417,7.657178479721244,0.0,-59.759336709976196,1,0.0,0.0,0.0,1.0,0.0
2021,REG,close,00-0031941,J.Crowder,NYJ,1,1,1.053,1.108809,1.0,0.0,0,0.0,0.0,0.0,1.0,0.0
2021,REG,close,00-0032764,D.Henry,TEN,1,1,1.0320902957464568,1.0652103785740088,1.0,57.494595646858215,1,0.0,0.0,1.0,1.0,1.0
2021,REG,close,00-0033009,T.Boyd,CIN,1,1,3.1924436271365266,10.191696312444622,1.0,12.373977899551392,1,0.0,0.0,0.0,1.0,1.0
2021,REG,close,00-0033307,K.Bourne,NE,1,1,2.3478310459759086,5.512310620448329,1.0,64.89481925964355,1,0.0,0.0,1.0,1.0,1.0
2021,REG,close,00-0033681,K.Cole,NYJ,1,1,-0.7408587794052437,0.5488717310218275,0.0,-30.431032180786133,1,0.0,0.0,0.0,1.0,0.0
2021,REG,close,00-0033856,L.Fournette,TB,1,1,-0.6633014641702175,0.43996883237035433,0.0,-64.32642936706543,1,0.0,0.0,0.0,1.0,0.0
2021,REG,close,00-0033908,C.Kupp,LA,1,1,-0.4020649445010349,0.1616562195966203,0.0,-28.750768303871155,1,0.0,0.0,0.0,1.0,0.0
2021,REG,close,00-0034052,B.Zylstra,CAR,1,1,-1.3167127471533604,1.733732458516149,0.0,-54.66402769088745,1,0.0,0.0,0.0,1.0,0.0
2021,REG,close,00-0034348,C.Sutton,DEN,1,1,1.001634000451304,1.003270670860083,1.0,44.02860403060913,1,0.0,0.0,0.0,1.0,1.0
2021,REG,close,00-0034418,C.Wilson,DAL,1,1,2.577636693720706,6.644210924815412,1.0,64.07573819160461,1,0.0,0.0,0.0,1.0,1.0
2021,REG,close,00-0034775,C.Kirk,ARI,1,1,3.0305774064618163,9.184399416556829,1.0,70.77863216400146,1,0.0,0.0,0.0,1.0,1.0
2021,REG,close,00-0034860,D.Pettis,NYG,1,1,0.9808847262756899,0.9621348462409351,1.0,36.36338710784912,1,0.0,0.0,0.0,1.0,1.0
2021,REG,close,00-0035544,T.Kennedy,DET,1,1,5.069598037283868,25.700824259632444,1.0,50.08513629436493,1,0.0,0.0,1.0,1.0,1.0
2021,REG,close,00-0035689,D.Knox,BUF,1,1,1.053,1.108809,1.0,0.0,0,0.0,0.0,0.0,1.0,0.0
2021,REG,close,00-0036275,D.Swift,DET,1,1,-0.912519452162087,0.8326917505741953,0.0,0.0,0,0.0,0.0,0.0,1.0,0.0
2021,REG,clutch,00-0029604,K.Cousins,MIN,12,80,14.752412243510383,101.90529140686402,37.0,532.8902244567871,75,0.0,0.0,3.0,79.0,54.0
2021,REG,clutch,00-0036355,J.Herbert,LAC,8,63,20.147958031550296,156.19528235378073,27.0,-632.3802679777145,60,1.0,1.0,5.0,62.0,32.0
2021,REG,clutch,00-0031800,T.Heinicke,WAS,8,60,6.0175515099109615,139.47835078411072,28.0,-47.32629656791687,55,2.0,3.0,3.0,58.0,36.0
2021,REG,clutch,00-0022924,B.Roethlisberger,PIT,9,58,11.499209258923836,107.59413034283618,28.0,181.80496394634247,51,4.0,0.0,3.0,57.0,37.0
2021,REG,clutch,00-0031280,D.Carr,LV,11,57,8.75646916986658,112.11546377924616,30.0,428.3398628234863,51,4.0,1.0,2.0,57.0,37.0
2021,REG,clutch,00-0029701,R.Tannehill,TEN,10,52,-3.5533674264657287,62.53566667662738,23.0,111.0891729593277,45,4.0,1.0,1.0,50.0,32.0
2021,REG,clutch,00-0031345,J.Garoppolo,SF,7,50,18.317018557652723,97.00442462320933,27.0,198.26647341251373,46,2.0,0.0,4.0,50.0,33.0
2021,REG,clutch,00-0033077,D.Prescott,DAL,7,44,20.210190446523843,62.76895600065222,25.0,265.411639213562,39,0.0,0.0,2.0,42.0,29.0
2021,REG,clutch,00-0034796,L.Jackson,BAL,7,41,13.172405919653636,58.38544798903376,25.0,274.5755732059479,28,5.0,0.0,2.0,37.0,22.0
2021,REG,clutch,00-0033106,J.Goff,DET,6,40,7.241549768514265,67.86691056292457,19.0,25.33159852027893,33,3.0,0.0,1.0,39.0,22.0
2021,REG,clutch,00-0034857,J.Allen,BUF,6,39,2.9290086339358927,47.191312945165244,18.0,27.221041917800903,34,1.0,0.0,1.0,36.0,22.0
2021,REG,clutch,00-0019596,T.Brady,TB,7,37,6.38655547850617,110.19507207477629,21.0,324.59296584129333,33,1.0,1.0,1.0,37.0,24.0
2021,REG,clutch,00-0033873,P.Mahomes,KC,7,35,16.071595852433767,55.634594282786985,18.0,182.58842825889587,26,2.0,1.0,1.0,32.0,19.0
2021,REG,clutch,00-0036442,J.Burrow,CIN,7,33,14.262555806126446,109.98499153038715,18.0,428.05636525154114,26,4.0,1.0,1.0,33.0,20.0
2021,REG,clutch,00-0035993,T.Huntley,BAL,5,31,7.275515838890104,33.30725136957474,14.0,57.60992765426636,23,2.0,0.0,0.0,26.0,16.0
2021,REG,clutch,00-0035710,D.Jones,NYG,6,30,-9.120266960530088,26.36856772724941,7.0,-538.8696134090424,25,4.0,0.0,0.0,30.0,13.0
2021,REG,clutch,00-0036971,T.Lawrence,JAX,5,30,-5.788168297432319,51.42636792435607,12.0,-332.14726746082306,27,2.0,0.0,0.0,29.0,14.0
2021,REG,clutch,00-0034855,B.Mayfield,CLE,6,29,-14.616338671999983,33.78466584337109,5.0,-564.4361704587936,27,0.0,2.0,0.0,29.0,11.0
2021,REG,clutch,00-0029263,R.Wilson,SEA,5,24,-6.854608633162454,61.881004546778996,9.0,86.27615869045258,21,1.0,0.0,1.0,23.0,15.0
2021,REG,clutch,00-0034869,S.Darnold,CAR,4,24,-3.260602716603782,76.34195412985036,9.0,-458.05276930332184,19,2.0,2.0,1.0,22.0,7.0
2021,REG,clutch,00-0032950,C.Wentz,IND,6,23,3.2266552380361873,101.70147528808023,11.0,94.1849410533905,21,0.0,2.0,1.0,22.0,14.0
2021,REG,clutch,00-0023459,A.Rodgers,GB,7,22,2.4459122305442538,69.37306652252471,11.0,-62.12802827358246,16,2.0,0.0,1.0,19.0,9.0
2021,REG,clutch,00-0026143,M.Ryan,ATL,8,19,7.897385117714293,53.21567830950448,12.0,301.1418014764786,15,2.0,0.0,1.0,18.0,13.0
2021,REG,clutch,00-0026498,M.Stafford,LA,5,19,8.589905531596859,27.385889947351185,12.0,192.01114773750305,17,1.0,1.0,2.0,19.0,13.0
2021,REG,clutch,00-0027973,A.Dalton,CHI,2,18,9.389164454056417,59.19925025015229,7.0,-129.3257251381874,15,1.0,0.0,1.0,17.0,8.0
2021,REG,clutch,00-0033119,J.Brissett,MIA,2,18,4.07382412716132,27.389215976257198,10.0,130.60063421726227,14,0.0,0.0,0.0,16.0,11.0
2021,REG,clutch,00-0036212,T.Tagovailoa,MIA,8,18,14.095208816579543,49.979173198010855,11.0,125.23155808448792,17,0.0,0.0,2.0,17.0,12.0
2021,REG,clutch,00-0032156,T.Siemian,NO,3,17,10.363535131217422,39.37102452137987,9.0,227.88088023662567,14,0.0,0.0,2.0,17.0,11.0
2021,REG,clutch,00-0037013,Z.Wilson,NYJ,6,17,-5.9864554280563524,12.526293188456824,3.0,-138.40137720108032,14,0.0,0.0,0.0,16.0,9.0
2021,REG,clutch,00-0035228,K.Murray,ARI,5,16,-1.452144158087373,32.30051893846859,7.0,-33.804118633270264,14,2.0,1.0,0.0,16.0,9.0
2021,REG,clutch,00-0034771,M.Rudolph,PIT,1,14,-4.539496601355495,8.156803877538042,5.0,-280.03642559051514,14,0.0,0.0,0.0,14.0,7.0
2021,REG,clutch,00-0036972,M.Jones,NE,6,14,-4.788217960395987,155.43300220797641,9.0,5.968770384788513,13,0.0,1.0,1.0,14.0,9.0
2021,REG,clutch,00-0036389,J.Hurts,PHI,3,13,1.6476155557739625,14.63066258193714,7.0,-129.14552986621857,12,0.0,0.0,0.0,13.0,6.0
2021,REG,clutch,00-0030565,G.Smith,SEA,3,12,-12.410287213453557,50.4510056830332,5.0,-16.519883275032043,9,3.0,1.0,0.0,12.0,6.0
2021,REG,clutch,00-0031237,T.Bridgewater,DEN,2,12,-1.374458729813341,16.139431336943858,6.0,-21.466800570487976,11,0.0,1.0,0.0,12.0,6.0
2021,REG,clutch,00-0036945,J.Fields,CHI,2,12,7.414189242081654,19.932502423502306,8.0,32.27165639400482,10,0.0,0.0,1.0,10.0,6.0
2021,REG,clutch,00-0028118,T.Taylor,HOU,2,11,-5.196875724795973,17.048658946444057,3.0,22.986191511154175,11,0.0,0.0,0.0,11.0,8.0
2021,REG,clutch,00-0035704,D.Lock,DEN,3,11,-8.822912950461701,12.636751382303924,0.0,-342.6861196756363,9,2.0,0.0,0.0,11.0,1.0
2021,REG,clutch,00-0027939,C.Newton,CAR,1,10,-5.609404687944334,11.57501995164665,3.0,91.50807559490204,9,1.0,0.0,0.0,10.0,7.0
2021,REG,clutch,00-0031503,J.Winston,NO,3,9,1.8226216401618065,16.028240733649856,3.0,-57.83444046974182,7,1.0,0.0,1.0,9.0,4.0
2021,REG,clutch,00-0033662,C.Rush,DAL,1,8,6.1789616238093,15.269362255086648,5.0,107.9705148935318,8,0.0,0.0,1.0,8.0,6.0
2021,REG,clutch,00-0029567,N.Foles,CHI,1,7,7.396394518829882,24.715588638835804,5.0,88.53785693645477,5,1.0,0.0,1.0,7.0,4.0
2021,REG,clutch,00-0034177,T.Boyle,DET,2,5,-4.8029299767222255,25.26923504054117,3.0,47.56934940814972,5,0.0,1.0,0.0,5.0,4.0
2021,REG,clutch,00-0036226,J.Eason,IND,1,5,-3.102543077489827,7.089547372750653,1.0,-123.27418029308319,5,0.0,1.0,0.0,5.0,2.0
2021,REG,clutch,00-0036264,J.Love,GB,1,5,-6.013092986715492,29.41168493023009,1.0,-126.11979246139526,5,0.0,2.0,0.0,5.0,2.0
2021,REG,clutch,00-0036898,D.Mills,HOU,3,4,9.701702013087925,53.497417086719025,2.0,65.39363861083984,3,0.0,0.0,2.0,4.0,3.0
2021,REG,clutch,00-0027688,C.McCoy,ARI,1,3,0.670196866733022,6.678983545175383,1.0,-56.066858768463135,3,0.0,0.0,0.0,3.0,1.0
2021,REG,clutch,00-0034401,M.White,NYJ,1,3,1.1658698852844536,7.910717192477964,1.0,-9.899789094924927,2,0.0,0.0,1.0,3.0,1.0
2021,REG,clutch,00-0034577,K.Allen,WAS,1,3,-4.651965939439833,19.075822392821564,1.0,-14.440426230430603,2,1.0,0.0,0.0,3.0,1.0
2021,REG,clutch,00-0033319,N.Mullens,CLE,1,2,3.560032397566829,17.568747705259298,1.0,75.53001940250397,2,0.0,0.0,1.0,2.0,2.0
2021,REG,clutch,00-0028986,C.Keenum,CLE,1,1,0.5333213388221338,0.28443165044303326,1.0,25.62617063522339,1,0.0,0.0,0.0,1.0,1.0
2021,REG,clutch,00-0031941,J.Crowder,NYJ,1,1,1.053,1.108809,1.0,0.0,0,0.0,0.0,0.0,1.0,0.0
2021,REG,clutch,00-0032434,B.Allen,CIN,1,1,-0.947,0.8968089999999999,0.0,0.0,0,0.0,0.0,0.0,1.0,0.0
2021,REG,clutch,00-0033357,T.Hill,NO,1,1,1.053273064433597,1.1093841482613402,1.0,0.0,0,0.0,0.0,0.0,0.0,0.0
2021,REG,late,00-0033106,J.Goff,DET,11,105,9.103040333746991,167.57459809118416,54.0,-211.0898494720459,89,5.0,2.0,2.0,102.0,58.0
2021,REG,late,00-0036971,T.Lawrence,JAX,14,104,-5.785113601355304,194.14802790288297,48.0,-148.2783168554306,97,4.0,2.0,3.0,102.0,62.0
2021,REG,late,00-0036355,J.Herbert,LAC,13,98,24.528111274471286,327.0743341623827,45.0,-540.4491752386093,88,4.0,2.0,9.0,97.0,50.0
2021,REG,late,00-0022924,B.Roethlisberger,PIT,14,95,11.617615041482427,172.74051791008645,43.0,341.33433401584625,85,5.0,1.0,7.0,94.0,62.0
2021,REG,late,00-0031280,D.Carr,LV,15,94,-12.245304464826074,256.53638564425125,45.0,286.09791100025177,81,7.0,3.0,2.0,91.0,57.0
2021,REG,late,00-0029604,K.Cousins,MIN,16,91,15.919747247173524,123.596628815034,41.0,600.8000552654266,83,2.0,0.0,3.0,90.0,60.0
2021,REG,late,00-0037013,Z.Wilson,NYJ,12,82,-15.511488376719324,142.0209207316039,28.0,-211.24899685382843,68,8.0,1.0,1.0,80.0,43.0
2021,REG,late,00-0031800,T.Heinicke,WAS,12,79,-4.94631874395483,175.65036305833164,34.0,-225.50093531608582,69,5.0,4.0,3.0,76.0,43.0
2021,REG,late,00-0036898,D.Mills,HOU,13,76,-5.156748958397934,198.43627819954804,34.0,382.9269468784332,66,2.0,2.0,4.0,73.0,49.0
2021,REG,late,00-0033077,D.Prescott,DAL,12,74,24.382983685375027,171.78262007076972,43.0,407.72072076797485,68,0.0,2.0,5.0,71.0,48.0
2021,REG,late,00-0019596,T.Brady,TB,12,69,6.213764551217582,160.12405691572044,35.0,272.0204710960388,61,4.0,2.0,2.0,68.0,43.0
2021,REG,late,00-0031345,J.Garoppolo,SF,10,65,12.765706372876544,112.508376906499,31.0,150.70664882659912,59,3.0,2.0,4.0,64.0,42.0
2021,REG,late,00-0029701,R.Tannehill,TEN,12,60,-6.444379207001065,79.60016310008024,27.0,71.16028070449829,52,5.0,2.0,1.0,58.0,36.0
2021,REG,late,00-0029263,R.Wilson,SEA,10,59,-16.608895740212855,91.94161692491951,23.0,-134.83469784259796,51,4.0,1.0,1.0,56.0,30.0
2021,REG,late,00-0036945,J.Fields,CHI,8,59,-6.7333916037636286,129.73804974313572,27.0,-151.41301602125168,44,4.0,3.0,2.0,50.0,26.0
2021,REG,late,00-0035228,K.Murray,ARI,10,58,9.83066742415403,89.67815571951961,27.0,-18.75257045030594,52,3.0,1.0,2.0,56.0,34.0
2021,REG,late,00-0034869,S.Darnold,CAR,9,57,-13.579287206486352,166.3385586027486,21.0,-758.4579631686211,48,3.0,3.0,2.0,54.0,22.0
2021,REG,late,00-0035710,D.Jones,NYG,9,57,-16.728446760102187,61.92106767608965,20.0,-187.16749995946884,48,7.0,0.0,0.0,57.0,31.0
2021,REG,late,00-0034796,L.Jackson,BAL,9,55,16.510340802124922,97.08224826319945,34.0,395.5463081598282,41,5.0,1.0,3.0,51.0,31.0
2021,REG,late,00-0026498,M.Stafford,LA,11,54,19.646321317514285,58.931655649585764,33.0,288.31675350666046,51,2.0,1.0,5.0,54.0,38.0
2021,REG,late,00-0036972,M.Jones,NE,10,54,0.5878671645720983,219.66428583888802,23.0,-270.1274037361145,50,0.0,3.0,2.0,52.0,27.0
2021,REG,late,00-0034857,J.Allen,BUF,9,53,12.485028978776256,91.47545424984548,26.0,92.2310620546341,47,2.0,0.0,4.0,50.0,31.0
2021,REG,late,00-0026143,M.Ryan,ATL,13,52,-2.041782799002249,190.1089512513833,29.0,477.03771591186523,43,5.0,2.0,2.0,50.0,32.0
2021,REG,late,00-0034855,B.Mayfield,CLE,9,50,-11.13944659277331,78.01821848427801,12.0,-612.3461872339249,44,3.0,3.0,3.0,49.0,21.0
2021,REG,late,00-0035993,T.Huntley,BAL,6,50,14.737285119757988,72.1586743936884,26.0,189.616858959198,41,2.0,0.0,1.0,44.0,29.0
2021,REG,late,00-0036389,J.Hurts,PHI,9,50,15.273177601540935,104.95792925423423,27.0,100.81409215927124,38,1.0,0.0,4.0,45.0,25.0
2021,REG,late,00-0033873,P.Mahomes,KC,12,49,28.425554470329608,123.6433318069691,26.0,470.50543427467346,37,4.0,1.0,3.0,45.0,29.0
2021,REG,late,00-0032950,C.Wentz,IND,11,44,13.439425083410683,143.78645385644887,22.0,306.4099282026291,38,1.0,2.0,3.0,42.0,26.0
2021,REG,late,00-0031237,T.Bridgewater,DEN,9,43,11.404117789759766,79.7509826635457,25.0,307.77654349803925,40,1.0,2.0,2.0,42.0,29.0
2021,REG,late,00-0027973,A.Dalton,CHI,5,40,1.7681713607455602,136.38147260927636,14.0,-183.57615023851395,31,4.0,1.0,2.0,38.0,19.0
2021,REG,late,00-0036442,J.Burrow,CIN,9,38,26.355271491789726,149.85048966630774,23.0,708.2634478807449,31,4.0,1.0,3.0,38.0,25.0
2021,REG,late,00-0032156,T.Siemian,NO,5,31,18.3479051824603,57.56703960432026,18.0,415.49876034259796,28,0.0,0.0,3.0,31.0,22.0
2021,REG,late,00-0030520,M.Glennon,NYG,5,30,-5.262631517994916,157.15083569566718,15.0,43.52382719516754,26,0.0,3.0,3.0,28.0,18.0
2021,REG,late,00-0023459,A.Rodgers,GB,12,29,0.8998497769267093,76.0992180719393,13.0,-157.0154368877411,21,4.0,0.0,2.0,26.0,11.0
2021,REG,late,00-0033275,P.Walker,CAR,4,28,-1.4754645774664823,60.45191449715622,12.0,-177.93687283992767,24,3.0,0.0,1.0,27.0,12.0
2021,REG,late,00-0036197,J.Fromm,NYG,2,25,-5.016217638505623,34.70345676021658,9.0,-348.2872426509857,21,2.0,1.0,0.0,24.0,9.0
2021,REG,late,00-0036212,T.Tagovailoa,MIA,11,25,5.358560980006587,75.36224183184751,12.0,-65.47030806541443,23,1.0,2.0,2.0,24.0,14.0
2021,REG,late,00-0033119,J.Brissett,MIA,4,23,3.194426701011512,52.73687928139157,12.0,15.636643767356873,19,0.0,0.0,1.0,21.0,13.0
2021,REG,late,00-0030565,G.Smith,SEA,3,22,-11.214661644736879,60.248872993173336,8.0,-90.69001078605652,17,3.0,1.0,0.0,21.0,10.0
2021,REG,late,00-0034771,M.Rudolph,PIT,2,22,-5.7774510486924555,14.84023739406604,10.0,-281.53360188007355,21,0.0,0.0,0.0,21.0,12.0
2021,REG,late,00-0035704,D.Lock,DEN,4,18,-10.30171783159321,33.56333708146436,4.0,-312.2455269098282,15,3.0,1.0,0.0,18.0,5.0
2021,REG,late,00-0037012,T.Lance,SF,3,18,9.274125735690703,33.36052331078825,11.0,-56.8639874458313,15,0.0,0.0,1.0,16.0,9.0
2021,REG,late,00-0026197,C.Henne,KC,1,17,0.3890283592045307,16.880220373506717,10.0,49.105504155159,15,0.0,0.0,0.0,16.0,11.0
2021,REG,late,00-0026300,J.Johnson,NYJ,1,17,2.4574016668484546,49.894628241549334,11.0,-41.073110699653625,16,0.0,1.0,1.0,16.0,11.0
2021,REG,late,00-0027688,C.McCoy,ARI,3,15,-0.8274409606819972,19.897038460540298,6.0,-106.3909500837326,14,0.0,0.0,0.0,14.0,9.0
2021,REG,late,00-0036264,J.Love,GB,4,15,-3.3683031544205733,95.57376556341983,7.0,-105.56112825870514,13,1.0,2.0,1.0,14.0,7.0
2021,REG,late,00-0027939,C.Newton,CAR,2,14,-7.739106164604891,13.347104522697416,3.0,-8.580860495567322,13,1.0,1.0,0.0,14.0,9.0
2021,REG,late,00-0028118,T.Taylor,HOU,3,13,-4.86620884257718,20.30619408715018,4.0,49.398958683013916,13,0.0,0.0,0.0,13.0,10.0
2021,REG,late,00-0031503,J.Winston,NO,4,12,-2.6676838946931904,33.05700701723885,4.0,-88.20936381816864,10,1.0,1.0,1.0,12.0,5.0
2021,REG,late,00-0032434,B.Allen,CIN,2,11,3.023002790330909,20.386900460267718,5.0,-120.11599540710449,10,0.0,0.0,1.0,11.0,5.0
2021,REG,late,00-0026158,J.Flacco,NYJ,2,10,7.076966294642988,16.723691878870547,8.0,160.4873150587082,9,0.0,0.0,1.0,10.0,8.0
2021,REG,late,00-0033357,T.Hill,NO,3,10,-6.639246890204959,123.44028604582851,4.0,-237.8382384777069,7,1.0,2.0,1.0,8.0,3.0
2021,REG,late,00-0027948,B.Gabbert,TB,5,8,1.7852654517872475,18.72933811197663,3.0,-6.602144241333008,8,0.0,0.0,0.0,8.0,5.0
2021,REG,late,00-0033662,C.Rush,DAL,1,8,6.1789616238093,15.269362255086648,5.0,107.9705148935318,8,0.0,0.0,1.0,8.0,6.0
2021,REG,late,00-0034343,J.Rosen,ATL,3,8,-15.215097883017734,78.56373729143797,1.0,-322.80540615320206,7,0.0,1.0,0.0,8.0,1.0
2021,REG,late,00-0034401,M.White,NYJ,2,8,3.6825253197313286,19.52471243357346,5.0,85.45878529548645,7,0.0,0.0,2.0,8.0,6.0
2021,REG,late,00-0029567,N.Foles,CHI,1,7,7.396394518829882,24.715588638835804,5.0,88.53785693645477,5,1.0,0.0,1.0,7.0,4.0
2021,REG,late,00-0032245,S.Mannion,MIN,1,7,-0.692027987446636,8.052849858160975,2.0,-130.75511902570724,7,0.0,0.0,0.0,7.0,3.0
2021,REG,late,00-0034577,K.Allen,WAS,2,7,-0.6680273325764574,28.703923626468203,4.0,85.46859920024872,6,1.0,0.0,1.0,7.0,5.0
2021,REG,late,00-0028986,C.Keenum,CLE,3,6,-3.2500056252465583,13.515580145486695,3.0,-56.02104663848877,5,1.0,0.0,0.0,6.0,3.0
2021,REG,late,00-0034177,T.Boyle,DET,3,6,-7.503747236449271,32.563648910980675,3.0,-0.5406290292739868,6,0.0,2.0,0.0,6.0,4.0
2021,REG,late,00-0026300,J.Johnson,BAL,1,5,-3.6706543270265684,19.89983772927281,3.0,-79.70616817474365,5,0.0,1.0,0.0,5.0,3.0
2021,REG,late,00-0031395,G.Gilbert,WAS,1,5,-3.6060107968514785,12.593935478559674,1.0,29.98066544532776,4,1.0,0.0,0.0,5.0,3.0
2021,REG,late,00-0036226,J.Eason,IND,1,5,-3.102543077489827,7.089547372750653,1.0,-123.27418029308319,5,0.0,1.0,0.0,5.0,2.0
2021,REG,late,00-0036929,I.Book,NO,1,5,-0.43233745580073446,18.484815681195887,1.0,-115.81534743309021,4,0.0,1.0,0.0,4.0,1.0
2021,REG,late,00-0026625,B.Hoyer,NE,3,4,9.741959253879031,26.32815747123325,4.0,138.24467957019806,4,0.0,0.0,1.0,4.0,4.0
2021,REG,late,00-0033869,M.Trubisky,BUF,3,4,-0.6642844922025688,22.75018461714074,2.0,-4.667085409164429,3,0.0,1.0,0.0,3.0,2.0
2021,REG,late,00-0035289,G.Minshew II,PHI,1,4,5.3806255531818605,33.352564586662886,2.0,100.66617131233215,3,0.0,0.0,1.0,4.0,3.0
2021,REG,late,00-0033319,N.Mullens,CLE,1,2,3.560032397566829,17.568747705259298,1.0,75.53001940250397,2,0.0,0.0,1.0,2.0,2.0
2021,REG,late,00-0035040,D.Blough,DET,1,2,-0.5860745162935928,0.9844906944057117,1.0,0.0,0,1.0,0.0,0.0,1.0,0.0
2021,REG,late,00-0035752,C.Streveler,ARI,1,2,-1.6407850862015039,1.5084817354832372,0.0,-81.67315125465393,1,1.0,0.0,0.0,2.0,0.0
2021,REG,late,00-0031941,J.Crowder,NYJ,1,1,1.053,1.108809,1.0,0.0,0,0.0,0.0,0.0,1.0,0.0
2021,REG,late,00-0035685,D.Montgomery,CHI,1,1,-3.1767500246642157,10.091740719204095,0.0,-45.82794904708862,1,0.0,1.0,0.0,1.0,0.0
2021,REG,late,00-0036825,F.Franks,ATL,1,1,-3.8404934149584733,14.749389670339395,0.0,-83.25349688529968,1,0.0,1.0,0.0,1.0,0.0
2021,REG,ot,00-0031280,D.Carr,LV,4,21,6.0170520686745395,86.80589532431976,11.0,301.549568772316,17,1.0,1.0,1.0,21.0,12.0
2021,REG,ot,00-0029701,R.Tannehill,TEN,3,17,-3.2620875444768487,5.410215117039773,5.0,-255.48906922340393,16,1.0,0.0,0.0,17.0,8.0
2021,REG,ot,00-0034796,L.Jackson,BAL,3,17,-0.8730429183924571,55.576333351016174,12.0,236.4585131406784,14,1.0,1.0,1.0,16.0,12.0
2021,REG,ot,00-0029604,K.Cousins,MIN,3,13,2.910443763481453,22.05365301973559,6.0,167.9496020078659,12,0.0,0.0,1.0,13.0,10.0
2021,REG,ot,00-0034771,M.Rudolph,PIT,1,12,-3.4846732746518683,9.103884896060727,5.0,-31.455892324447632,12,0.0,0.0,0.0,12.0,8.0
2021,REG,ot,00-0031345,J.Garoppolo,SF,2,11,9.585110079669121,26.61131018869188,8.0,221.98566794395447,11,0.0,0.0,1.0,11.0,10.0
2021,REG,ot,00-0022924,B.Roethlisberger,PIT,2,10,3.3455876434454694,14.103637157182963,4.0,34.16702151298523,10,0.0,0.0,0.0,10.0,7.0
2021,REG,ot,00-0036442,J.Burrow,CIN,3,10,-1.388555388425405,61.01708582278143,5.0,34.48549807071686,8,2.0,1.0,0.0,10.0,6.0
2021,REG,ot,00-0033119,J.Brissett,MIA,1,9,-0.48973096333779087,20.394954340959853,2.0,-97.13053405284882,9,0.0,0.0,0.0,9.0,4.0
2021,REG,ot,00-0033077,D.Prescott,DAL,2,8,4.608583485125564,19.10329483514762,5.0,110.9901875257492,8,0.0,0.0,1.0,8.0,7.0
2021,REG,ot,00-0033106,J.Goff,DET,1,7,-2.447868509494668,9.820619762993559,2.0,-40.31606316566467,5,2.0,0.0,0.0,7.0,3.0
2021,REG,ot,00-0037013,Z.Wilson,NYJ,1,7,3.8384155521634966,8.522688389330403,4.0,-83.2159161567688,7,0.0,0.0,0.0,7.0,4.0
2021,REG,ot,00-0035710,D.Jones,NYG,1,6,4.810282920778263,11.231083536537973,4.0,133.45686793327332,5,0.0,0.0,0.0,5.0,5.0
2021,REG,ot,00-0036355,J.Herbert,LAC,1,6,1.765569286524706,33.452125266498484,2.0,-200.13383626937866,6,0.0,0.0,0.0,6.0,2.0
2021,REG,ot,00-0032950,C.Wentz,IND,1,5,-7.357426511298399,27.412052854845548,1.0,-213.2765531539917,5,0.0,1.0,0.0,5.0,1.0
2021,REG,ot,00-0033873,P.Mahomes,KC,1,5,5.594458200968802,17.47445905534066,3.0,-86.76375150680542,5,0.0,0.0,1.0,5.0,3.0
2021,REG,ot,00-0019596,T.Brady,TB,1,4,5.972023879177868,37.39811523281915,3.0,77.80826687812805,4,0.0,0.0,1.0,4.0,4.0
2021,REG,ot,00-0023459,A.Rodgers,GB,1,4,1.061040603436294,3.901007038018623,2.0,15.24171233177185,3,1.0,0.0,0.0,4.0,2.0
2021,REG,ot,00-0026498,M.Stafford,LA,1,4,-1.8341925215208903,1.9009725783248412,1.0,-146.91359102725983,4,0.0,1.0,0.0,4.0,1.0
2021,REG,ot,00-0030565,G.Smith,SEA,1,4,-4.811273358820472,33.58822490245461,2.0,59.51813459396362,2,2.0,0.0,0.0,4.0,2.0
2021,REG,ot,00-0029263,R.Wilson,SEA,1,3,-2.8918963754549623,3.8610319928236727,0.0,-89.88771736621857,2,1.0,0.0,0.0,3.0,0.0
2021,REG,ot,00-0035993,T.Huntley,BAL,1,3,-1.9299180486705154,2.2192921798223693,1.0,-137.3251497745514,2,0.0,0.0,0.0,2.0,0.0
2021,REG,ot,00-0036972,M.Jones,NE,1,3,-0.8203955653589219,4.251479467049792,1.0,-82.5288712978363,3,0.0,0.0,0.0,3.0,1.0
2021,REG,ot,00-0034857,J.Allen,BUF,1,2,-1.416217841207981,1.4257980404529267,0.0,-47.409188747406006,2,0.0,0.0,0.0,2.0,1.0
2021,REG,q1,00-0033873,P.Mahomes,KC,17,178,55.90581697566719,337.6144108503015,104.0,1310.9095513820648,151,5.0,2.0,10.0,166.0,117.0
2021,REG,q1,00-0019596,T.Brady,TB,17,177,34.86205307244157,345.97602403567555,98.0,439.82607424259186,172,3.0,2.0,12.0,175.0,123.0
2021,REG,q1,00-0033077,D.Prescott,DAL,16,171,45.91878927364292,436.781830017835,97.0,535.8819484710693,158,6.0,3.0,10.0,167.0,115.0
2021,REG,q1,00-0034857,J.Allen,BUF,17,160,12.205103993736577,339.95558850475174,77.0,260.825252532959,132,7.0,2.0,8.0,149.0,90.0
2021,REG,q1,00-0026498,M.Stafford,LA,17,151,-0.3252944872577128,397.0220220079341,70.0,-387.32343912124634,141,7.0,4.0,4.0,148.0,95.0
2021,REG,q1,00-0031280,D.Carr,LV,17,149,-1.0740859506198714,456.11183656986316,62.0,-704.7812640666962,135,7.0,3.0,5.0,146.0,91.0
2021,REG,q1,00-0036355,J.Herbert,LAC,17,147,8.066658517877151,308.97515453272774,69.0,-543.4694737195969,135,4.0,2.0,5.0,140.0,92.0
2021,REG,q1,00-0036442,J.Burrow,CIN,16,146,-18.22286031611325,521.9888909728759,63.0,-85.51401793956757,129,9.0,4.0,4.0,140.0,88.0
2021,REG,q1,00-0026143,M.Ryan,ATL,17,144,-10.250947033295176,283.16168268584613,64.0,-431.4953565597534,127,10.0,0.0,1.0,139.0,83.0
2021,REG,q1,00-0023459,A.Rodgers,GB,16,139,2.974079497332133,335.6604018561621,59.0,305.37792444229126,121,11.0,1.0,5.0,135.0,86.0
2021,REG,q1,00-0029701,R.Tannehill,TEN,17,138,-14.284621243786775,488.0934540797663,60.0,-73.76765608787537,121,10.0,5.0,3.0,134.0,81.0
2021,REG,q1,00-0029604,K.Cousins,MIN,16,128,25.734230133690488,414.5429963953475,67.0,1185.3715166449547,111,8.0,1.0,9.0,120.0,87.0
2021,REG,q1,00-0034855,B.Mayfield,CLE,14,125,14.558219936713165,331.9891909747237,60.0,11.673127114772797,107,9.0,3.0,2.0,119.0,73.0
2021,REG,q1,00-0036389,J.Hurts,PHI,15,125,6.0873042521418395,329.360998478445,52.0,-185.2187991142273,110,4.0,3.0,5.0,116.0,71.0
2021,REG,q1,00-0022924,B.Roethlisberger,PIT,16,120,-30.527304053847686,360.8252865125378,44.0,-641.6553929448128,110,7.0,5.0,2.0,119.0,68.0
2021,REG,q1,00-0036971,T.Lawrence,JAX,17,120,8.078161883681771,285.9545592795779,53.0,222.50350713729858,103,7.0,0.0,2.0,113.0,73.0
2021,REG,q1,00-0032950,C.Wentz,IND,17,118,8.48196337467733,420.54895940071737,57.0,-274.102520942688,103,8.0,0.0,8.0,117.0,70.0
2021,REG,q1,00-0031800,T.Heinicke,WAS,15,113,-16.4015425844806,370.0304066379604,56.0,22.483229637145996,97,6.0,3.0,2.0,107.0,65.0
2021,REG,q1,00-0036212,T.Tagovailoa,MIA,12,111,-4.7386392126463015,265.2459854092137,53.0,378.4509003162384,97,10.0,2.0,3.0,109.0,71.0
2021,REG,q1,00-0035228,K.Murray,ARI,14,109,17.824527589592623,303.2410480867196,53.0,824.4054287672043,95,7.0,1.0,5.0,105.0,73.0
2021,REG,q1,00-0031345,J.Garoppolo,SF,15,104,3.683440465567328,300.0242095916553,51.0,126.73408091068268,100,4.0,4.0,3.0,104.0,68.0
2021,REG,q1,00-0036972,M.Jones,NE,17,102,-2.618734985823064,285.0366695646502,53.0,669.7524130344391,89,10.0,2.0,3.0,99.0,70.0
2021,REG,q1,00-0034796,L.Jackson,BAL,12,100,-20.111692064064517,208.99622882767366,40.0,-517.2580868005753,81,9.0,3.0,0.0,90.0,50.0
2021,REG,q1,00-0031237,T.Bridgewater,DEN,14,97,1.8622564429019683,179.51503058348908,43.0,110.31154096126556,82,8.0,1.0,1.0,94.0,55.0
2021,REG,q1,00-0034869,S.Darnold,CAR,11,97,0.986592159497691,218.0969505336592,45.0,-42.03326255083084,84,4.0,2.0,3.0,93.0,59.0
2021,REG,q1,00-0033106,J.Goff,DET,14,93,-12.605486756541929,237.14675040791963,34.0,-250.38518011569977,80,11.0,1.0,3.0,92.0,56.0
2021,REG,q1,00-0029263,R.Wilson,SEA,14,92,-7.044910502704415,297.1711591683576,35.0,646.3903784751892,71,9.0,0.0,5.0,85.0,54.0
2021,REG,q1,00-0035710,D.Jones,NYG,11,91,-4.683053688255965,230.18310915579286,38.0,-364.708536863327,71,6.0,1.0,1.0,80.0,45.0
2021,REG,q1,00-0036898,D.Mills,HOU,11,76,-13.325438227215372,144.5583758122063,33.0,-36.46411597728729,70,6.0,1.0,3.0,76.0,52.0
2021,REG,q1,00-0037013,Z.Wilson,NYJ,13,76,-19.40987792675521,176.3751025922345,30.0,-1097.2803980112076,65,5.0,3.0,1.0,73.0,35.0
2021,REG,q1,00-0031503,J.Winston,NO,7,62,4.036233197310665,199.88873359366815,27.0,-398.7684652209282,50,3.0,1.0,3.0,56.0,31.0
2021,REG,q1,00-0036945,J.Fields,CHI,12,61,-10.820169315431468,159.4450588181522,26.0,-97.54684716463089,48,4.0,3.0,0.0,53.0,29.0
2021,REG,q1,00-0027973,A.Dalton,CHI,6,53,-22.033353799444498,247.42372936278272,17.0,-1.9797176122665405,45,4.0,3.0,2.0,53.0,34.0
2021,REG,q1,00-0033119,J.Brissett,MIA,7,53,3.5331171072066394,104.18100976327233,27.0,-126.49291753768921,44,3.0,2.0,1.0,50.0,28.0
2021,REG,q1,00-0028118,T.Taylor,HOU,6,51,-9.355124107638106,257.0740118207552,25.0,-334.37408208847046,44,4.0,3.0,2.0,49.0,27.0
2021,REG,q1,00-0033357,T.Hill,NO,5,44,11.535132663622557,85.22029157241734,21.0,122.83731400966644,39,1.0,0.0,1.0,41.0,27.0
2021,REG,q1,00-0034401,M.White,NYJ,3,36,-12.239670330367517,170.78241915044742,17.0,-107.53994882106781,36,0.0,3.0,1.0,36.0,25.0
2021,REG,q1,00-0027939,C.Newton,CAR,6,35,-6.007242416373626,110.9477128374776,17.0,-315.10104835033417,33,1.0,1.0,2.0,34.0,20.0
2021,REG,q1,00-0035993,T.Huntley,BAL,4,34,1.2525506021338515,82.68268322500677,14.0,276.9864797592163,26,5.0,1.0,1.0,31.0,21.0
2021,REG,q1,00-0027688,C.McCoy,ARI,3,31,-2.1355035488377325,113.27111464628237,15.0,73.96094799041748,28,2.0,1.0,1.0,31.0,21.0
2021,REG,q1,00-0030520,M.Glennon,NYG,4,31,-20.525715927032355,201.77637841622456,11.0,-17.44871735572815,29,2.0,3.0,1.0,31.0,18.0
2021,REG,q1,00-0032156,T.Siemian,NO,4,26,-14.747387142153457,62.48048593125879,9.0,-353.7669897079468,23,3.0,1.0,0.0,26.0,13.0
2021,REG,q1,00-0035704,D.Lock,DEN,4,23,-11.09389566280879,37.13170590418294,6.0,-271.4745908975601,18,3.0,0.0,0.0,21.0,8.0
2021,REG,q1,00-0034177,T.Boyle,DET,3,19,-1.1578441879047627,38.93874635584892,9.0,-19.946274161338806,19,0.0,1.0,0.0,19.0,13.0
2021,REG,q1,00-0030565,G.Smith,SEA,3,17,4.988120415742742,77.20344542456313,6.0,274.50774908065796,15,0.0,0.0,1.0,16.0,13.0
2021,REG,q1,00-0035289,G.Minshew II,PHI,2,17,13.613474173354916,40.63057314911891,11.0,170.20378410816193,15,1.0,0.0,2.0,16.0,12.0
2021,REG,q1,00-0028986,C.Keenum,CLE,2,16,7.371012882618018,26.225830366385168,9.0,95.54847776889801,14,0.0,0.0,1.0,14.0,11.0
2021,REG,q1,00-0034771,M.Rudolph,PIT,1,13,-3.123744298296515,34.33979744842205,6.0,-23.97361993789673,13,0.0,1.0,1.0,13.0,9.0
2021,REG,q1,00-0037012,T.Lance,SF,3,13,2.6678749332786538,33.07633828442844,8.0,182.09884762763977,10,0.0,1.0,1.0,10.0,8.0
2021,REG,q1,00-0036197,J.Fromm,NYG,2,12,-3.406668473733589,17.90065143221225,4.0,-220.34864127635956,10,1.0,0.0,0.0,11.0,5.0
2021,REG,q1,00-0026300,J.Johnson,BAL,1,10,5.834675524441991,15.953687788142975,6.0,100.10270178318024,9,0.0,0.0,1.0,10.0,7.0
2021,REG,q1,00-0032434,B.Allen,CIN,1,10,-5.522138927131891,9.35138390489376,1.0,-332.3224425315857,10,0.0,0.0,0.0,10.0,4.0
2021,REG,q1,00-0026158,J.Flacco,NYJ,1,9,-0.3439511676551774,24.223785697441603,4.0,19.71886157989502,8,0.0,0.0,1.0,9.0,5.0
2021,REG,q1,00-0029567,N.Foles,CHI,1,9,-3.5953443139442243,25.153643677531917,3.0,-33.84613394737244,9,0.0,0.0,0.0,9.0,6.0
2021,REG,q1,00-0033662,C.Rush,DAL,1,8,2.2477051985121523,9.614966999766093,5.0,52.53809094429016,6,1.0,0.0,0.0,7.0,5.0
2021,REG,q1,00-0031395,G.Gilbert,WAS,1,7,0.7674949008348455,15.342881401169356,3.0,61.89947426319122,6,0.0,0.0,0.0,7.0,4.0
2021,REG,q1,00-0033319,N.Mullens,CLE,1,7,-0.5440585766918957,3.3556617252544267,4.0,139.75235521793365,7,0.0,0.0,0.0,7.0,6.0
2021,REG,q1,00-0023682,R.Fitzpatrick,WAS,1,5,-3.1391551056794817,4.035522733355767,1.0,16.90639853477478,4,0.0,0.0,0.0,4.0,3.0
2021,REG,q1,00-0032245,S.Mannion,MIN,1,5,-4.165168797131628,10.604927600935344,1.0,-74.5509684085846,5,0.0,0.0,0.0,5.0,3.0
2021,REG,q1,00-0033275,P.Walker,CAR,1,5,5.250915135460673,11.978238473919845,3.0,28.676921129226685,5,0.0,0.0,0.0,5.0,4.0
2021,REG,q1,00-0036264,J.Love,GB,1,5,-0.5751072065901641,6.780756271740983,2.0,-179.73326444625854,5,0.0,0.0,0.0,5.0,2.0
2021,REG,q1,00-0036929,I.Book,NO,1,5,-13.515141675248742,68.34294025630412,0.0,-139.97501730918884,3,2.0,1.0,0.0,5.0,1.0
2021,REG,q1,00-0034955,B.Rypien,DEN,1,2,-2.059117787517607,2.2642620308832666,0.0,-54.719167947769165,1,0.0,0.0,0.0,2.0,0.0
2021,REG,q1,00-0035156,J.Fox,DET,2,2,1.2086651774588972,26.953229107782338,1.0,-18.970268964767456,2,0.0,0.0,0.0,2.0,1.0
2021,REG,q1,00-0036322,J.Jefferson,MIN,2,2,-1.1992122110677883,0.7625515033468022,0.0,-91.29505157470703,2,0.0,0.0,0.0,2.0,0.0
2021,REG,q1,00-0030578,C.Patterson,ATL,1,1,-0.5996399439172819,0.359568062341121,0.0,0.0,0,0.0,0.0,0.0,1.0,0.0
2021,REG,q1,00-0031543,T.Long,LAC,1,1,-2.76716072531417,7.657178479721244,0.0,-59.759336709976196,1,0.0,0.0,0.0,1.0,0.0
2021,REG,q1,00-0032496,M.Farley,TEN,1,1,3.0622718997765332,9.377509188160978,1.0,31.020885705947876,1,0.0,0.0,0.0,1.0,1.0
2021,REG,q1,00-0032764,D.Henry,TEN,1,1,1.0320902957464568,1.0652103785740088,1.0,57.494595646858215,1,0.0,0.0,1.0,1.0,1.0
2021,REG,q1,00-0033307,K.Bourne,NE,1,1,2.3478310459759086,5.512310620448329,1.0,64.89481925964355,1,0.0,0.0,1.0,1.0,1.0
2021,REG,q1,00-0033681,K.Cole,NYJ,1,1,-0.7408587794052437,0.5488717310218275,0.0,-30.431032180786133,1,0.0,0.0,0.0,1.0,0.0
2021,REG,q1,00-0033733,G.Ward,PHI,1,1,-0.5495583995361812,0.30201443450076904,0.0,15.629559755325317,1,0.0,0.0,0.0,1.0,1.0
2021,REG,q1,00-0034348,C.Sutton,DEN,1,1,1.001634000451304,1.003270670860083,1.0,44.02860403060913,1,0.0,0.0,0.0,1.0,1.0
2021,REG,q1,00-0034775,C.Kirk,ARI,1,1,3.0305774064618163,9.184399416556829,1.0,70.77863216400146,1,0.0,0.0,0.0,1.0,1.0
2021,REG,q1,00-0035544,T.Kennedy,DET,1,1,5.069598037283868,25.700824259632444,1.0,50.08513629436493,1,0.0,0.0,1.0,1.0,1.0
2021,REG,q1,00-0036275,D.Swift,DET,1,1,-0.912519452162087,0.8326917505741953,0.0,0.0,0,0.0,0.0,0.0,1.0,0.0
2021,REG,q1,00-0036913,K.Toney,NYG,1,1,1.275889344047755,1.6278936182546104,1.0,38.494449853897095,1,0.0,0.0,0.0,1.0,1.0
2021,REG,q2,00-0019596,T.Brady,TB,17,228,46.57310994268514,563.1937180226541,112.0,21.58685028553009,213,8.0,8.0,13.0,226.0,139.0
2021,REG,q2,00-0034857,J.Allen,BUF,17,221,27.73298824009845,518.2843497098808,117.0,891.4460361003876,189,10.0,8.0,11.0,211.0,130.0
2021,REG,q2,00-0036355,J.Herbert,LAC,17,213,54.11799432006526,546.2064558413199,116.0,831.988188624382,185,10.0,5.0,16.0,201.0,136.0
2021,REG,q2,00-0033077,D.Prescott,DAL,16,202,50.58479518858983,361.60185858386984,99.0,588.3654862642288,180,9.0,2.0,11.0,196.0,127.0
2021,REG,q2,00-0033873,P.Mahomes,KC,17,202,20.455461462707994,363.66023873012045,96.0,-118.02040487527847,173,5.0,3.0,6.0,190.0,110.0
2021,REG,q2,00-0023459,A.Rodgers,GB,16,201,77.68110661740008,399.3226054251388,109.0,1340.086418390274,181,8.0,0.0,16.0,196.0,132.0
2021,REG,q2,00-0026498,M.Stafford,LA,17,196,40.5339152522151,599.4507182217435,98.0,160.07489264011383,184,7.0,8.0,15.0,194.0,126.0
2021,REG,q2,00-0036972,M.Jones,NE,16,188,28.655466110481782,386.42053101934243,94.0,296.1957812309265,171,7.0,4.0,9.0,184.0,115.0
2021,REG,q2,00-0036971,T.Lawrence,JAX,17,185,-5.468856413567714,393.01614664905026,85.0,-1053.6558210849762,159,5.0,7.0,4.0,171.0,95.0
2021,REG,q2,00-0031280,D.Carr,LV,17,180,-2.4344772822371863,272.81573251782595,82.0,176.63410305976868,155,14.0,2.0,5.0,175.0,109.0
2021,REG,q2,00-0032950,C.Wentz,IND,17,177,11.049844337520634,281.5614307623257,87.0,227.4131804704666,153,8.0,1.0,7.0,167.0,104.0
2021,REG,q2,00-0026143,M.Ryan,ATL,17,172,14.749733911452083,385.18735050042744,81.0,410.59606671333313,150,12.0,3.0,8.0,169.0,106.0
2021,REG,q2,00-0029701,R.Tannehill,TEN,17,169,55.81757957037493,317.22164732511567,99.0,999.1880059242249,148,11.0,2.0,9.0,162.0,107.0
2021,REG,q2,00-0031800,T.Heinicke,WAS,16,168,12.812591148088725,362.0428455487545,73.0,173.81480038166046,136,14.0,4.0,9.0,154.0,93.0
2021,REG,q2,00-0035228,K.Murray,ARI,14,167,42.03414522176881,328.7744472361537,85.0,745.1564341783524,135,11.0,0.0,8.0,154.0,100.0
2021,REG,q2,00-0022924,B.Roethlisberger,PIT,16,165,-14.987296897081713,285.3767000379901,63.0,-447.7365344762802,151,11.0,2.0,5.0,164.0,100.0
2021,REG,q2,00-0029604,K.Cousins,MIN,16,163,12.171327910029639,270.9876054792983,65.0,-688.8875126838684,144,7.0,1.0,9.0,160.0,93.0
2021,REG,q2,00-0036442,J.Burrow,CIN,16,161,45.77420893299396,431.4099005365323,82.0,1470.3405022621155,134,16.0,1.0,12.0,154.0,103.0
2021,REG,q2,00-0033106,J.Goff,DET,14,147,11.123817476968792,330.7620197832657,71.0,707.1570068597794,126,6.0,1.0,8.0,142.0,96.0
2021,REG,q2,00-0034855,B.Mayfield,CLE,14,146,-11.901287764962383,435.10489497812506,63.0,-267.1446889638901,119,11.0,6.0,8.0,140.0,75.0
2021,REG,q2,00-0031237,T.Bridgewater,DEN,13,144,3.062466203770744,225.18991328267822,64.0,177.93807685375214,123,9.0,1.0,5.0,140.0,84.0
2021,REG,q2,00-0036389,J.Hurts,PHI,15,142,19.889661805863852,256.92392896896615,67.0,124.67960715293884,114,5.0,2.0,2.0,124.0,73.0
2021,REG,q2,00-0031345,J.Garoppolo,SF,15,137,32.03324957275342,275.5865538617335,68.0,401.38102918863297,123,6.0,2.0,6.0,135.0,88.0
2021,REG,q2,00-0029263,R.Wilson,SEA,14,134,58.87878456202418,355.91963659379223,76.0,1179.1274785995483,117,8.0,1.0,10.0,130.0,85.0
2021,REG,q2,00-0036212,T.Tagovailoa,MIA,11,129,16.620446007995213,175.0181894615909,68.0,48.120129108428955,118,3.0,1.0,2.0,124.0,80.0
2021,REG,q2,00-0034869,S.Darnold,CAR,12,126,6.199736692501713,211.44615288663869,57.0,-490.27834981679916,103,11.0,1.0,2.0,121.0,68.0
2021,REG,q2,00-0034796,L.Jackson,BAL,12,121,13.349324063279624,281.1065772976641,58.0,103.07534039020538,94,9.0,5.0,4.0,104.0,61.0
2021,REG,q2,00-0037013,Z.Wilson,NYJ,13,119,-7.878619715122403,292.0113314239347,49.0,-1060.286045074463,99,10.0,4.0,3.0,116.0,57.0
2021,REG,q2,00-0036945,J.Fields,CHI,11,102,-13.761519767454946,286.2785194715662,45.0,7.078573107719421,71,14.0,2.0,4.0,87.0,46.0
2021,REG,q2,00-0036898,D.Mills,HOU,11,100,15.354988328031109,272.13694752880104,48.0,752.0266383886337,83,11.0,2.0,4.0,98.0,64.0
2021,REG,q2,00-0035710,D.Jones,NYG,11,96,-1.2168996931713056,208.6558910298166,42.0,232.11971819400787,85,5.0,3.0,4.0,94.0,60.0
2021,REG,q2,00-0033119,J.Brissett,MIA,7,87,-8.31566569418282,130.7540986730271,39.0,1.224800944328308,71,8.0,0.0,1.0,82.0,46.0
2021,REG,q2,00-0035993,T.Huntley,BAL,5,73,-8.513566598312268,138.59961806934552,31.0,-99.6325433254242,59,5.0,1.0,1.0,65.0,38.0
2021,REG,q2,00-0027973,A.Dalton,CHI,7,71,9.234173860314339,131.9789672793516,34.0,-89.46453630924225,60,4.0,1.0,2.0,66.0,39.0
2021,REG,q2,00-0028118,T.Taylor,HOU,6,62,9.404236938898327,151.06788713161063,26.0,282.0268303155899,47,6.0,1.0,3.0,55.0,33.0
2021,REG,q2,00-0031503,J.Winston,NO,7,57,30.379809810265847,151.80873349098454,33.0,353.96558791399,46,4.0,1.0,6.0,52.0,34.0
2021,REG,q2,00-0032156,T.Siemian,NO,6,55,-10.759072725252498,173.70524170093637,17.0,-500.1602113246918,48,3.0,1.0,5.0,55.0,26.0
2021,REG,q2,00-0033357,T.Hill,NO,8,40,-0.32032789355316327,77.55417429888817,16.0,-119.24975216388702,32,3.0,1.0,1.0,36.0,21.0
2021,REG,q2,00-0027939,C.Newton,CAR,5,33,-19.448928602403495,144.98381754858463,10.0,-734.2617005109787,29,1.0,3.0,0.0,32.0,12.0
2021,REG,q2,00-0034401,M.White,NYJ,3,32,7.296779659601763,47.034790332812726,16.0,129.67641055583954,31,1.0,0.0,2.0,32.0,22.0
2021,REG,q2,00-0028986,C.Keenum,CLE,2,29,-9.574583597593218,99.63073393641048,12.0,-107.64102637767792,26,2.0,1.0,0.0,28.0,16.0
2021,REG,q2,00-0027688,C.McCoy,ARI,3,28,8.10159704434994,48.44575736694603,14.0,29.60818111896515,26,1.0,0.0,1.0,27.0,19.0
2021,REG,q2,00-0030565,G.Smith,SEA,3,28,1.4213977273176988,36.923602138921616,13.0,18.189457058906555,22,3.0,0.0,1.0,28.0,15.0
2021,REG,q2,00-0034177,T.Boyle,DET,3,25,-0.7604438679903325,25.09643638991155,6.0,-431.4987927675247,25,0.0,0.0,1.0,25.0,13.0
2021,REG,q2,00-0035289,G.Minshew II,PHI,2,24,8.594468508917043,40.319732306217404,11.0,99.43020641803741,18,2.0,0.0,1.0,21.0,14.0
2021,REG,q2,00-0035704,D.Lock,DEN,4,24,4.313600403257177,55.158515068445325,12.0,158.6796075105667,21,0.0,1.0,0.0,21.0,16.0
2021,REG,q2,00-0030520,M.Glennon,NYG,4,20,-3.630334106272862,18.351895853767218,5.0,-138.136425614357,19,0.0,0.0,0.0,20.0,12.0
2021,REG,q2,00-0033275,P.Walker,CAR,2,19,-3.843927835981143,21.997640898225736,8.0,111.44611537456512,18,0.0,2.0,0.0,18.0,14.0
2021,REG,q2,00-0037012,T.Lance,SF,2,17,-9.740597717341357,37.85345207087197,4.0,-106.764155626297,14,2.0,1.0,0.0,17.0,8.0
2021,REG,q2,00-0036197,J.Fromm,NYG,2,16,-6.9644900020211935,10.490741420825586,4.0,-358.2477927207947,11,1.0,0.0,0.0,13.0,4.0
2021,REG,q2,00-0026300,J.Johnson,BAL,1,13,5.922039861558005,22.651027952766746,7.0,103.37441861629486,11,0.0,0.0,0.0,12.0,9.0
2021,REG,q2,00-0032245,S.Mannion,MIN,1,13,-4.50814322002492,8.232195593106978,4.0,8.925342559814453,8,2.0,0.0,0.0,12.0,6.0
2021,REG,q2,00-0033662,C.Rush,DAL,1,11,-4.174723970504695,35.74478312166434,4.0,-183.71637165546417,11,0.0,1.0,0.0,11.0,5.0
2021,REG,q2,00-0036264,J.Love,GB,1,11,-0.7262961120671338,12.088337570416574,4.0,36.17171347141266,8,0.0,0.0,0.0,8.0,5.0
2021,REG,q2,00-0033319,N.Mullens,CLE,1,10,-1.2975008754048716,2.337740598802213,4.0,-70.53366601467133,10,0.0,0.0,0.0,10.0,6.0
2021,REG,q2,00-0026158,J.Flacco,NYJ,1,9,-3.49360661832237,53.80703737689016,5.0,-37.567320466041565,8,1.0,0.0,0.0,9.0,5.0
2021,REG,q2,00-0034771,M.Rudolph,PIT,1,9,-0.07008496185238133,13.086485862545537,4.0,134.30606126785278,9,0.0,0.0,0.0,9.0,8.0
2021,REG,q2,00-0026300,J.Johnson,NYJ,1,7,2.758070297860018,19.190957194914585,3.0,-91.32527709007263,6,1.0,0.0,0.0,7.0,3.0
2021,REG,q2,00-0031395,G.Gilbert,WAS,1,7,-2.3021351743955165,3.6264967019994763,3.0,28.708022832870483,6,1.0,0.0,0.0,7.0,5.0
2021,REG,q2,00-0029567,N.Foles,CHI,1,6,4.1112523637712,11.08577006985342,3.0,52.14996337890625,6,0.0,0.0,0.0,6.0,4.0
2021,REG,q2,00-0032434,B.Allen,CIN,1,6,-7.567478857119568,17.08315133847231,0.0,-36.86753511428833,3,3.0,0.0,0.0,6.0,2.0
2021,REG,q2,00-0036929,I.Book,NO,1,5,0.8158761088270694,12.350903188046459,4.0,89.74488973617554,4,1.0,0.0,0.0,5.0,4.0
2021,REG,q2,00-0023682,R.Fitzpatrick,WAS,1,3,-2.330992374480556,2.121768564611508,0.0,-124.4236707687378,2,1.0,0.0,0.0,3.0,0.0
2021,REG,q2,00-0031382,J.Landry,CLE,3,3,-1.1496039163903333,28.394855169286718,2.0,0.0,0,1.0,0.0,0.0,1.0,0.0
2021,REG,q2,00-0036913,K.Toney,NYG,3,3,-2.104267600690946,1.5481755185963133,0.0,-118.5773253440857,2,1.0,0.0,0.0,3.0,0.0
2021,REG,q2,00-0033936,C.Beathard,JAX,1,2,1.829054368659854,4.165481372154066,1.0,78.54432165622711,2,0.0,0.0,0.0,2.0,2.0
2021,REG,q2,00-0024417,S.Koch,BAL,1,1,-2.778717302950099,7.721269849714273,0.0,-59.26313400268555,1,0.0,0.0,0.0,1.0,0.0
2021,REG,q2,00-0026035,D.Amendola,HOU,1,1,-0.3616975506884046,0.130825118173991,0.0,-49.899956583976746,1,0.0,0.0,0.0,1.0,0.0
2021,REG,q2,00-0028872,J.Hekker,LA,1,1,-2.582091593008954,6.667196994687518,0.0,46.21918201446533,1,0.0,0.0,0.0,1.0,1.0
2021,REG,q2,00-0029747,C.Banjo,ARI,1,1,3.7315283046336845,13.924303488282339,1.0,36.00858449935913,1,0.0,0.0,0.0,1.0,1.0
2021,REG,q2,00-0030279,K.Allen,LAC,1,1,1.053,1.108809,1.0,0.0,0,0.0,0.0,0.0,1.0,0.0
2021,REG,q2,00-0030288,R.Burkhead,HOU,1,1,-0.4931206500623375,0.24316797551790234,0.0,0.0,0,0.0,0.0,0.0,1.0,0.0
2021,REG,q2,00-0030669,A.Wilson,MIA,1,1,-1.0555784713942558,1.1142459092710337,0.0,0.0,0,1.0,0.0,0.0,1.0,0.0
2021,REG,q2,00-0031136,C.Boswell,PIT,1,1,-3.0074845636845566,9.044963400800889,0.0,-26.183247566223145,1,0.0,0.0,0.0,1.0,0.0
2021,REG,q2,00-0031588,S.Diggs,BUF,1,1,-0.836327348719351,0.6994434342159389,0.0,0.0,0,1.0,0.0,0.0,1.0,0.0
2021,REG,q2,00-0031941,J.Crowder,NYJ,1,1,-1.3508157203905284,1.8247031104541822,0.0,0.0,0,1.0,0.0,0.0,1.0,0.0
2021,REG,q2,00-0033009,T.Boyd,CIN,1,1,3.1924436271365266,10.191696312444622,1.0,12.373977899551392,1,0.0,0.0,0.0,1.0,1.0
2021,REG,q2,00-0033733,G.Ward,PHI,1,1,-2.804270841705147,7.863934953637695,0.0,-42.84793734550476,1,0.0,0.0,0.0,1.0,0.0
2021,REG,q2,00-0033908,C.Kupp,LA,1,1,-0.4020649445010349,0.1616562195966203,0.0,-28.750768303871155,1,0.0,0.0,0.0,1.0,0.0
2021,REG,q2,00-0034052,B.Zylstra,CAR,1,1,-1.3167127471533604,1.733732458516149,0.0,-54.66402769088745,1,0.0,0.0,0.0,1.0,0.0
2021,REG,q2,00-0034960,J.Meyers,NE,1,1,0.1220262223505415,0.014890398941143794,1.0,24.353909492492676,1,0.0,0.0,0.0,1.0,1.0
2021,REG,q2,00-0035156,J.Fox,DET,1,1,3.9836941372486763,15.869818979149475,1.0,35.05787253379822,1,0.0,0.0,0.0,1.0,1.0
2021,REG,q2,00-0035719,D.Samuel,SF,1,1,-0.458133943437133,0.20988671012925816,0.0,-33.47899913787842,1,0.0,0.0,0.0,1.0,0.0
2021,REG,q2,00-0035859,B.Gillikin,NO,1,1,-2.3642861736007035,5.589849110679456,0.0,-62.52785325050354,1,0.0,0.0,0.0,1.0,0.0
2021,REG,q2,00-0035864,K.Hinton,DEN,1,1,-3.1306644288706593,9.801059766196051,0.0,43.768519163131714,1,0.0,0.0,0.0,1.0,1.0
2021,REG,q2,00-0036322,J.Jefferson,MIN,1,1,0.7226727395318449,0.5222558884624616,1.0,55.42286932468414,1,0.0,0.0,0.0,1.0,1.0
2021,REG,q3,00-0033873,P.Mahomes,KC,17,206,19.877279204328786,543.4733865605253,111.0,143.5703456401825,175,9.0,6.0,9.0,195.0,125.0
2021,REG,q3,00-0034857,J.Allen,BUF,17,182,21.29168104724515,417.3855307403431,90.0,-930.1988214254379,159,3.0,5.0,7.0,171.0,92.0
2021,REG,q3,00-0019596,T.Brady,TB,17,171,38.89557530319165,331.7188841596683,93.0,530.9517115354538,157,5.0,0.0,8.0,167.0,113.0
2021,REG,q3,00-0036355,J.Herbert,LAC,17,159,3.9674586054638676,397.11168564733816,75.0,-272.08303809165955,135,12.0,1.0,3.0,152.0,88.0
2021,REG,q3,00-0031280,D.Carr,LV,17,152,21.892757047912724,460.59958320935885,75.0,803.3691048622131,137,6.0,4.0,7.0,148.0,100.0
2021,REG,q3,00-0022924,B.Roethlisberger,PIT,16,149,-22.19142949262156,357.74432818858236,56.0,-1172.0114782452583,141,7.0,2.0,3.0,149.0,83.0
2021,REG,q3,00-0036971,T.Lawrence,JAX,17,146,-44.060983382254385,466.4422459749338,62.0,-828.9156645536423,131,8.0,5.0,3.0,144.0,81.0
2021,REG,q3,00-0026498,M.Stafford,LA,17,143,26.01967859482975,549.3096214061683,67.0,-297.89393693208694,133,8.0,4.0,10.0,143.0,86.0
2021,REG,q3,00-0026143,M.Ryan,ATL,17,142,18.137547253716807,397.7948627282058,66.0,117.7929624915123,130,6.0,3.0,5.0,139.0,89.0
2021,REG,q3,00-0032950,C.Wentz,IND,17,141,-17.69083812151994,407.61670497896597,53.0,-883.8417023420334,117,11.0,2.0,7.0,133.0,70.0
2021,REG,q3,00-0035228,K.Murray,ARI,14,135,1.3883657556991817,559.2323135996576,71.0,37.869808077812195,116,8.0,8.0,8.0,128.0,80.0
2021,REG,q3,00-0036442,J.Burrow,CIN,16,135,51.92491877850598,484.08968210462024,71.0,1074.4454383850098,114,11.0,2.0,8.0,130.0,87.0
2021,REG,q3,00-0023459,A.Rodgers,GB,15,133,30.07416378347607,319.9306957396865,72.0,955.6926771998405,119,5.0,3.0,10.0,129.0,87.0
2021,REG,q3,00-0036972,M.Jones,NE,16,132,-17.676985518468946,431.5369271157024,61.0,343.4001564979553,120,7.0,4.0,2.0,129.0,85.0
2021,REG,q3,00-0029701,R.Tannehill,TEN,17,131,0.8587618289514385,377.5725536113722,60.0,64.92276191711426,114,9.0,2.0,4.0,126.0,76.0
2021,REG,q3,00-0029604,K.Cousins,MIN,16,130,-4.252816014169092,370.6663395566362,53.0,-838.6721581220627,118,7.0,3.0,6.0,128.0,73.0
2021,REG,q3,00-0031800,T.Heinicke,WAS,16,126,-17.40482954859808,316.94599202377424,56.0,-11.132365465164185,105,10.0,1.0,4.0,118.0,69.0
2021,REG,q3,00-0033077,D.Prescott,DAL,16,125,4.7677645949195435,251.12696722717908,58.0,-228.15232276916504,114,6.0,1.0,7.0,122.0,76.0
2021,REG,q3,00-0036389,J.Hurts,PHI,15,115,-11.474196020224102,403.76905515041227,50.0,-137.2796595096588,88,9.0,4.0,2.0,102.0,56.0
2021,REG,q3,00-0034796,L.Jackson,BAL,11,113,32.98797485698081,246.83397221508707,58.0,339.0334486961365,88,11.0,0.0,6.0,101.0,61.0
2021,REG,q3,00-0029263,R.Wilson,SEA,14,110,-24.506345751869958,262.9171208103563,45.0,-382.8033044934273,97,8.0,3.0,5.0,107.0,58.0
2021,REG,q3,00-0031345,J.Garoppolo,SF,14,102,22.177550951228696,394.7118116371161,48.0,279.05049324035645,92,6.0,2.0,5.0,101.0,66.0
2021,REG,q3,00-0034869,S.Darnold,CAR,12,101,-58.0217996067609,430.09149860120516,34.0,-664.3646150827408,81,9.0,6.0,0.0,96.0,47.0
2021,REG,q3,00-0031237,T.Bridgewater,DEN,13,100,10.179728594756508,226.2370329107098,49.0,511.677747964859,83,8.0,1.0,4.0,95.0,62.0
2021,REG,q3,00-0033106,J.Goff,DET,14,100,-29.159021949805492,302.64302837209283,40.0,-336.8407219648361,87,7.0,1.0,5.0,98.0,59.0
2021,REG,q3,00-0036898,D.Mills,HOU,13,97,-20.14103663226144,241.65554755520344,37.0,-605.8777213096619,84,7.0,3.0,2.0,94.0,51.0
2021,REG,q3,00-0034855,B.Mayfield,CLE,14,92,7.146939577303424,208.0138906837737,45.0,202.38036811351776,69,14.0,0.0,3.0,84.0,49.0
2021,REG,q3,00-0035710,D.Jones,NYG,10,88,9.149971686608616,250.71532702584148,45.0,402.61684358119965,82,2.0,2.0,3.0,84.0,60.0
2021,REG,q3,00-0037013,Z.Wilson,NYJ,12,82,-16.97898662259378,176.49044167253197,29.0,-81.78649693727493,64,11.0,1.0,1.0,76.0,42.0
2021,REG,q3,00-0036212,T.Tagovailoa,MIA,12,80,6.584702979695562,184.1032640336626,36.0,118.49002838134766,67,4.0,2.0,4.0,73.0,45.0
2021,REG,q3,00-0036945,J.Fields,CHI,12,75,-12.136887044202394,215.1819567140664,28.0,-230.03405034542084,56,9.0,1.0,0.0,67.0,33.0
2021,REG,q3,00-0027973,A.Dalton,CHI,6,53,13.49306005482542,129.6765237918445,31.0,-97.59278893470764,47,1.0,1.0,2.0,50.0,32.0
2021,REG,q3,00-0032156,T.Siemian,NO,6,49,4.44487267907781,83.17467956381758,20.0,-324.4155675172806,39,2.0,0.0,0.0,47.0,23.0
2021,REG,q3,00-0030520,M.Glennon,NYG,6,48,-29.532264301000247,106.71417966098505,12.0,-811.3658308982849,39,5.0,1.0,0.0,48.0,18.0
2021,REG,q3,00-0033119,J.Brissett,MIA,6,47,-11.021167156577576,92.41644347789286,16.0,-198.46302568912506,44,2.0,1.0,1.0,46.0,30.0
2021,REG,q3,00-0027939,C.Newton,CAR,6,37,-5.7816012966795824,57.27806091828369,13.0,-616.7721152305603,30,4.0,0.0,0.0,35.0,14.0
2021,REG,q3,00-0033357,T.Hill,NO,7,36,-9.28414666542254,54.99974720185577,15.0,-488.99798691272736,25,2.0,1.0,0.0,30.0,12.0
2021,REG,q3,00-0035993,T.Huntley,BAL,5,36,-10.178713841736622,83.19780810414602,12.0,-162.5890076160431,26,4.0,0.0,0.0,31.0,17.0
2021,REG,q3,00-0031503,J.Winston,NO,6,33,-11.691627520951442,92.28566898107516,13.0,-347.2317934036255,30,1.0,0.0,1.0,31.0,15.0
2021,REG,q3,00-0035704,D.Lock,DEN,5,32,1.391467330478961,66.5137757240503,11.0,-105.22309839725494,27,3.0,0.0,1.0,31.0,18.0
2021,REG,q3,00-0028118,T.Taylor,HOU,5,28,0.07600165327312425,61.22803901970939,12.0,-199.7139275074005,21,2.0,1.0,0.0,24.0,12.0
2021,REG,q3,00-0034401,M.White,NYJ,3,27,-0.20094933884683996,107.07749409434332,18.0,113.56227695941925,26,1.0,5.0,0.0,27.0,18.0
2021,REG,q3,00-0034177,T.Boyle,DET,3,25,4.947000140981435,111.0555885895472,12.0,130.11310696601868,23,0.0,2.0,2.0,25.0,16.0
2021,REG,q3,00-0027688,C.McCoy,ARI,3,24,3.9871090598073673,57.361800050856964,11.0,155.3506761789322,21,2.0,0.0,1.0,23.0,17.0
2021,REG,q3,00-0037012,T.Lance,SF,3,20,9.863122480746824,113.01853801444686,7.0,-166.57947897911072,18,1.0,0.0,2.0,19.0,10.0
2021,REG,q3,00-0030565,G.Smith,SEA,3,18,5.764034367007017,45.77810396811453,10.0,113.73242139816284,14,3.0,0.0,2.0,17.0,10.0
2021,REG,q3,00-0035289,G.Minshew II,PHI,2,17,-1.2786497138626718,37.04599228967913,7.0,-86.82497441768646,14,1.0,0.0,0.0,17.0,8.0
2021,REG,q3,00-0036264,J.Love,GB,2,15,-7.658360829616374,43.51267127981582,6.0,-94.10089552402496,11,2.0,0.0,0.0,14.0,7.0
2021,REG,q3,00-0026158,J.Flacco,NYJ,1,14,5.279216097994011,57.52214355898169,7.0,125.89269280433655,12,0.0,0.0,1.0,14.0,9.0
2021,REG,q3,00-0026300,J.Johnson,NYJ,2,14,2.7994256468478267,24.23815515580688,7.0,-86.0529214143753,14,0.0,0.0,1.0,14.0,9.0
2021,REG,q3,00-0032245,S.Mannion,MIN,1,14,-1.2987581265624613,21.774980911142556,6.0,13.19170892238617,14,0.0,0.0,1.0,14.0,10.0
2021,REG,q3,00-0028986,C.Keenum,CLE,3,12,1.7795748890493996,35.748976826436405,7.0,20.979052782058716,9,2.0,0.0,1.0,11.0,6.0
2021,REG,q3,00-0034771,M.Rudolph,PIT,1,12,0.0384401070622955,21.339173274229605,4.0,-287.80413269996643,9,0.0,0.0,0.0,10.0,2.0
2021,REG,q3,00-0036197,J.Fromm,NYG,2,12,-15.882634524372406,108.39502869138386,3.0,-185.72289943695068,10,1.0,2.0,0.0,11.0,5.0
2021,REG,q3,00-0029567,N.Foles,CHI,1,11,3.598081770061981,11.68747348598256,7.0,63.91558051109314,9,1.0,0.0,0.0,10.0,7.0
2021,REG,q3,00-0026300,J.Johnson,BAL,1,10,3.118130488030147,16.268422154857372,4.0,18.753114342689514,8,1.0,0.0,0.0,10.0,5.0
2021,REG,q3,00-0033662,C.Rush,DAL,2,10,6.117475778687615,89.0827705353498,3.0,-95.8154171705246,9,1.0,0.0,1.0,10.0,5.0
2021,REG,q3,00-0036929,I.Book,NO,1,9,-6.771494799293578,14.529445302474555,1.0,12.959933280944824,6,2.0,0.0,0.0,9.0,5.0
2021,REG,q3,00-0031395,G.Gilbert,WAS,1,5,-2.7353907064534724,3.1435518077538567,1.0,-189.7972658276558,5,0.0,0.0,0.0,5.0,1.0
2021,REG,q3,00-0032434,B.Allen,CIN,1,5,-1.3578598440548357,1.7242207605251219,1.0,-17.0116126537323,4,1.0,0.0,0.0,5.0,3.0
2021,REG,q3,00-0033275,P.Walker,CAR,1,5,1.8834748968221247,5.650889273645481,3.0,-31.292390823364258,4,0.0,0.0,0.0,5.0,3.0
2021,REG,q3,00-0035752,C.Streveler,ARI,1,4,-3.9015877343481407,9.27082858781335,1.0,26.39676332473755,2,1.0,0.0,0.0,3.0,2.0
2021,REG,q3,00-0033319,N.Mullens,CLE,1,3,-1.2840257454081438,2.422529058057879,1.0,34.36519205570221,3,0.0,0.0,0.0,3.0,2.0
2021,REG,q3,00-0032268,M.Mariota,LV,2,2,-0.7204284254694358,0.34034894460344145,0.0,-20.883262157440186,2,0.0,0.0,0.0,2.0,1.0
2021,REG,q3,00-0032943,R.Dixon,NYG,1,1,-2.8510376673657447,8.128415780738306,0.0,-59.43989157676697,1,0.0,0.0,0.0,1.0,0.0
2021,REG,q3,00-0033045,E.Elliott,DAL,1,1,-0.7931139783468097,0.6290297826491038,0.0,17.161792516708374,1,0.0,0.0,0.0,1.0,1.0
2021,REG,q3,00-0033856,L.Fournette,TB,1,1,-0.6633014641702175,0.43996883237035433,0.0,-64.32642936706543,1,0.0,0.0,0.0,1.0,0.0
2021,REG,q3,00-0034418,C.Wilson,DAL,1,1,2.577636693720706,6.644210924815412,1.0,64.07573819160461,1,0.0,0.0,0.0,1.0,1.0
2021,REG,q3,00-0034860,D.Pettis,NYG,1,1,0.9808847262756899,0.9621348462409351,1.0,36.36338710784912,1,0.0,0.0,0.0,1.0,1.0
2021,REG,q3,00-0035689,D.Knox,BUF,1,1,1.053,1.108809,1.0,0.0,0,0.0,0.0,0.0,1.0,0.0
2021,REG,q3,00-0035719,D.Samuel,SF,1,1,2.4758675792254508,6.129920269859694,1.0,72.44662940502167,1,0.0,0.0,1.0,1.0,1.0
2021,REG,q3,00-0036322,J.Jefferson,MIN,1,1,1.7298753513023257,2.9924687310433447,1.0,12.966448068618774,1,0.0,0.0,0.0,1.0,1.0
2021,REG,q4,00-0036355,J.Herbert,LAC,17,220,59.66368236040121,782.1821017061142,113.0,-220.65982222557068,196,5.0,7.0,14.0,210.0,125.0
2021,REG,q4,00-0036971,T.Lawrence,JAX,16,217,-18.460322481502104,391.3524394437153,96.0,-1128.7788212299347,188,12.0,5.0,3.0,208.0,110.0
2021,REG,q4,00-0022924,B.Roethlisberger,PIT,16,205,19.364970518339888,458.29022564035273,90.0,800.9148880839348,184,13.0,1.0,12.0,204.0,132.0
2021,REG,q4,00-0033106,J.Goff,DET,14,193,0.6414591454113219,384.26239884667444,98.0,178.6192238330841,169,9.0,5.0,3.0,190.0,118.0
2021,REG,q4,00-0031280,D.Carr,LV,17,181,2.746945617419358,464.8344678013088,87.0,743.8310950994492,157,12.0,4.0,5.0,176.0,116.0
2021,REG,q4,00-0019596,T.Brady,TB,17,170,14.83323680242407,379.9893747425052,78.0,120.55319249629974,158,6.0,2.0,9.0,168.0,106.0
2021,REG,q4,00-0029604,K.Cousins,MIN,16,168,29.461116089152007,372.45414480056127,82.0,899.3349939584732,152,6.0,2.0,8.0,166.0,109.0
2021,REG,q4,00-0031800,T.Heinicke,WAS,15,165,-8.844943226650518,369.93966120955855,70.0,-41.82572960853577,142,8.0,7.0,5.0,153.0,94.0
2021,REG,q4,00-0036898,D.Mills,HOU,13,161,-36.848798788665995,402.96893451581377,67.0,-192.72549152374268,141,7.0,4.0,7.0,156.0,96.0
2021,REG,q4,00-0037013,Z.Wilson,NYJ,12,161,-45.66228730263831,387.6948686142373,52.0,-1205.436784029007,131,18.0,3.0,4.0,157.0,75.0
2021,REG,q4,00-0026143,M.Ryan,ATL,16,160,-43.17609282038766,537.7718278617126,73.0,856.6124245524406,135,12.0,6.0,6.0,154.0,97.0
2021,REG,q4,00-0034857,J.Allen,BUF,17,156,61.02888256188817,280.8193096370886,85.0,1113.2359355688095,132,6.0,0.0,10.0,142.0,96.0
2021,REG,q4,00-0026498,M.Stafford,LA,16,148,57.34804427696966,292.0109738287075,87.0,602.4723559617996,134,8.0,0.0,12.0,145.0,96.0
2021,REG,q4,00-0033077,D.Prescott,DAL,14,145,6.282522087103724,333.1284955967777,68.0,349.0099787712097,126,9.0,4.0,8.0,138.0,85.0
2021,REG,q4,00-0029701,R.Tannehill,TEN,16,142,-3.2444041699101014,326.9779237437377,72.0,491.1043643951416,120,16.0,5.0,5.0,139.0,85.0
2021,REG,q4,00-0033873,P.Mahomes,KC,17,142,55.95678490612068,401.61030082196146,73.0,407.9151853919029,116,9.0,2.0,11.0,131.0,81.0
2021,REG,q4,00-0034869,S.Darnold,CAR,11,141,-18.421334484323516,348.9931087418156,58.0,-680.0666734576225,116,11.0,4.0,4.0,132.0,69.0
2021,REG,q4,00-0036972,M.Jones,NE,17,140,30.75711346922702,376.2825199704402,66.0,-9.518802165985107,128,4.0,3.0,8.0,135.0,81.0
2021,REG,q4,00-0036442,J.Burrow,CIN,16,139,23.262371643740885,510.0940262597246,68.0,866.2369415163994,121,13.0,6.0,10.0,137.0,82.0
2021,REG,q4,00-0032950,C.Wentz,IND,16,137,19.201243578829903,334.473473140177,61.0,89.79354053735733,119,5.0,3.0,5.0,130.0,77.0
2021,REG,q4,00-0031237,T.Bridgewater,DEN,12,134,41.61832420630235,403.1407236438894,71.0,783.8472187519073,117,6.0,4.0,8.0,131.0,84.0
2021,REG,q4,00-0035228,K.Murray,ARI,13,132,13.557100479801683,266.7454933593826,64.0,335.1017490029335,115,5.0,1.0,3.0,127.0,80.0
2021,REG,q4,00-0036389,J.Hurts,PHI,13,127,28.56977950171496,245.3475815885695,64.0,245.01642286777496,97,8.0,0.0,7.0,117.0,65.0
2021,REG,q4,00-0035710,D.Jones,NYG,10,125,-19.88653189924677,201.29005240563689,43.0,-696.3212370872498,104,9.0,1.0,2.0,120.0,62.0
2021,REG,q4,00-0034855,B.Mayfield,CLE,13,124,-17.895619473764828,233.98530459618019,42.0,-1034.3919664621353,105,9.0,4.0,4.0,119.0,56.0
2021,REG,q4,00-0031345,J.Garoppolo,SF,14,121,9.114137164950268,304.34207638259613,57.0,88.06325495243073,100,13.0,4.0,5.0,118.0,69.0
2021,REG,q4,00-0029263,R.Wilson,SEA,13,119,-9.387694475613962,246.69759955028763,46.0,-119.04193162918091,99,7.0,2.0,5.0,110.0,62.0
2021,REG,q4,00-0034796,L.Jackson,BAL,11,119,1.4844609857915891,273.5114233872394,62.0,90.78509211540222,94,8.0,4.0,5.0,110.0,62.0
2021,REG,q4,00-0036945,J.Fields,CHI,10,111,-6.2481039193609655,227.80114039770442,49.0,-189.02377039194107,86,9.0,4.0,3.0,97.0,51.0
2021,REG,q4,00-0036212,T.Tagovailoa,MIA,12,107,8.649285681688648,378.9856374427495,52.0,186.59842312335968,98,3.0,5.0,7.0,103.0,67.0
2021,REG,q4,00-0023459,A.Rodgers,GB,15,99,28.37366998763788,215.13029272789763,53.0,327.53280997276306,86,5.0,0.0,6.0,95.0,59.0
2021,REG,q4,00-0027973,A.Dalton,CHI,6,91,-28.421633882069493,352.86001973855133,34.0,-763.2762506604195,75,9.0,4.0,2.0,87.0,44.0
2021,REG,q4,00-0035993,T.Huntley,BAL,6,84,3.5884109943574822,175.627142821692,40.0,-69.13035213947296,69,4.0,2.0,1.0,76.0,46.0
2021,REG,q4,00-0030520,M.Glennon,NYG,6,79,-24.820296278035265,315.0008546033016,35.0,-246.26709818840027,67,2.0,6.0,3.0,75.0,42.0
2021,REG,q4,00-0032156,T.Siemian,NO,6,74,11.53167122896296,228.55602658762845,38.0,352.0428031682968,65,1.0,1.0,6.0,73.0,46.0
2021,REG,q4,00-0033119,J.Brissett,MIA,5,61,-5.2126639885687585,189.51384507907628,26.0,-59.70836579799652,49,6.0,1.0,2.0,57.0,33.0
2021,REG,q4,00-0035704,D.Lock,DEN,5,47,0.1001694819859984,97.50277417375581,21.0,-142.6752805709839,43,3.0,1.0,1.0,46.0,25.0
2021,REG,q4,00-0033275,P.Walker,CAR,5,46,-14.809602474124404,100.58243985525857,15.0,-707.151010632515,38,7.0,1.0,1.0,45.0,15.0
2021,REG,q4,00-0030565,G.Smith,SEA,4,44,-7.84368738012314,82.32457886708443,17.0,106.48822486400604,35,5.0,1.0,1.0,42.0,25.0
2021,REG,q4,00-0034401,M.White,NYJ,3,42,-2.167305523472931,73.33645156713425,17.0,-409.76916551589966,38,2.0,0.0,2.0,42.0,23.0
2021,REG,q4,00-0036264,J.Love,GB,4,40,1.3866230725981294,161.07270429014974,17.0,-93.21347773075104,36,1.0,3.0,2.0,39.0,22.0
2021,REG,q4,00-0027939,C.Newton,CAR,3,37,-6.247867818805389,84.53013644339197,14.0,99.35151636600494,32,4.0,1.0,2.0,36.0,23.0
2021,REG,q4,00-0031503,J.Winston,NO,6,37,10.616960095003442,112.03184793222152,17.0,-88.00285011529922,27,3.0,1.0,4.0,33.0,15.0
2021,REG,q4,00-0033357,T.Hill,NO,7,37,-6.437967937809555,218.26081544802457,18.0,-415.7832533121109,31,3.0,3.0,2.0,34.0,18.0
2021,REG,q4,00-0028118,T.Taylor,HOU,4,36,-7.933202858005957,71.7727623461181,12.0,-270.0804889202118,32,1.0,0.0,0.0,34.0,19.0
2021,REG,q4,00-0037012,T.Lance,SF,3,36,11.95228670637205,85.63235240544019,17.0,-194.70353722572327,27,1.0,0.0,2.0,29.0,15.0
2021,REG,q4,00-0036197,J.Fromm,NYG,2,32,-3.408115573693067,102.25884406108574,13.0,-311.31061911582947,27,3.0,1.0,1.0,31.0,13.0
2021,REG,q4,00-0026300,J.Johnson,NYJ,1,29,9.388820929976646,89.98407538830214,16.0,-40.989744663238525,25,1.0,1.0,2.0,26.0,17.0
2021,REG,q4,00-0034177,T.Boyle,DET,3,27,-4.996378126030322,80.33808023783959,13.0,-3.5810738801956177,26,0.0,3.0,0.0,26.0,19.0
2021,REG,q4,00-0027688,C.McCoy,ARI,3,25,3.055495560072167,28.253418244684795,13.0,85.86838841438293,23,1.0,0.0,0.0,24.0,17.0
2021,REG,q4,00-0028986,C.Keenum,CLE,4,24,-3.8783762921229936,59.49083699357124,12.0,-54.706910252571106,21,1.0,0.0,1.0,24.0,14.0
2021,REG,q4,00-0033662,C.Rush,DAL,4,22,3.3848127416567877,62.02064597960963,11.0,64.08995687961578,21,1.0,0.0,2.0,22.0,15.0
2021,REG,q4,00-0034577,K.Allen,WAS,2,22,0.39260218954598525,52.263809415614155,9.0,-63.281163573265076,18,2.0,0.0,1.0,22.0,12.0
2021,REG,q4,00-0026197,C.Henne,KC,1,17,0.3890283592045307,16.880220373506717,10.0,49.105504155159,15,0.0,0.0,0.0,16.0,11.0
2021,REG,q4,00-0032434,B.Allen,CIN,4,17,3.292051413082052,30.07399505917198,7.0,-189.0375852584839,16,0.0,0.0,2.0,17.0,8.0
2021,REG,q4,00-0029567,N.Foles,CHI,1,15,2.051573736024307,41.322765264533025,8.0,4.509657621383667,11,3.0,0.0,1.0,15.0,7.0
2021,REG,q4,00-0031395,G.Gilbert,WAS,1,14,1.5196378735126927,27.217499618730468,5.0,121.97769582271576,13,1.0,0.0,0.0,14.0,10.0
2021,REG,q4,00-0034771,M.Rudolph,PIT,2,14,-3.729718985747104,12.209580716569354,7.0,-134.6739798784256,13,0.0,0.0,0.0,13.0,8.0
2021,REG,q4,00-0026158,J.Flacco,NYJ,2,13,4.547007817399207,20.049466883229076,8.0,98.03525507450104,10,1.0,0.0,1.0,12.0,8.0
2021,REG,q4,00-0027948,B.Gabbert,TB,5,12,0.1918351231798563,23.928939472034454,4.0,-7.829508185386658,11,1.0,0.0,0.0,12.0,7.0
2021,REG,q4,00-0035289,G.Minshew II,PHI,3,12,-5.221723774736646,71.0911564656171,3.0,-2.693861722946167,10,1.0,1.0,1.0,12.0,7.0
2021,REG,q4,00-0026625,B.Hoyer,NE,3,11,20.87713444084511,63.79285860438738,9.0,158.61823558807373,11,0.0,0.0,1.0,11.0,9.0
2021,REG,q4,00-0034343,J.Rosen,ATL,3,11,-18.704876960255206,97.94162755844087,2.0,-432.22326189279556,10,0.0,2.0,0.0,11.0,2.0
2021,REG,q4,00-0036929,I.Book,NO,1,11,-11.435312524321489,45.39938963321389,1.0,-93.7387466430664,5,3.0,1.0,0.0,9.0,2.0
2021,REG,q4,00-0026300,J.Johnson,BAL,1,9,-0.38284969032974914,25.793684542339438,6.0,49.26706850528717,9,0.0,1.0,1.0,9.0,7.0
2021,REG,q4,00-0033319,N.Mullens,CLE,1,9,5.428566253685858,28.69713374029103,4.0,33.979737758636475,9,0.0,0.0,1.0,9.0,6.0
2021,REG,q4,00-0033869,M.Trubisky,BUF,4,9,0.5511516515398398,25.292795990971708,5.0,12.229764461517334,8,0.0,1.0,0.0,8.0,6.0
2021,REG,q4,00-0035752,C.Streveler,ARI,1,8,-1.3486076247645542,13.222940596146767,3.0,-102.90992558002472,7,1.0,0.0,0.0,8.0,4.0
2021,REG,q4,00-0032245,S.Mannion,MIN,1,7,-0.692027987446636,8.052849858160975,2.0,-130.75511902570724,7,0.0,0.0,0.0,7.0,3.0
2021,REG,q4,00-0034899,J.Wolford,LA,2,5,-6.360478993272409,12.483889863289553,0.0,-213.54268193244934,4,1.0,1.0,0.0,5.0,1.0
2021,REG,q4,00-0036226,J.Eason,IND,1,5,-3.102543077489827,7.089547372750653,1.0,-123.27418029308319,5,0.0,1.0,0.0,5.0,2.0
2021,REG,q4,00-0036946,K.Mond,MIN,1,3,-1.7575525424908847,2.2145208083935395,1.0,-18.6734139919281,3,0.0,0.0,0.0,3.0,2.0
2021,REG,q4,00-0034418,C.Wilson,DAL,2,2,3.1714028560672887,5.245579849006785,2.0,72.34866619110107,2,0.0,0.0,0.0,2.0,2.0
2021,REG,q4,00-0035040,D.Blough,DET,1,2,-0.5860745162935928,0.9844906944057117,1.0,0.0,0,1.0,0.0,0.0,1.0,0.0
2021,REG,q4,00-0035676,A.Brown,TEN,2,2,-1.2514583478914574,0.8099262519593262,0.0,-37.63119578361511,1,0.0,0.0,0.0,2.0,0.0
2021,REG,q4,00-0022824,A.Lee,ARI,1,1,-0.947,0.8968089999999999,0.0,0.0,0,0.0,0.0,0.0,1.0,0.0
2021,REG,q4,00-0029000,C.Beasley,BUF,1,1,-0.47759081999538466,0.2280929913438639,0.0,-33.29757750034332,1,0.0,0.0,0.0,1.0,0.0
2021,REG,q4,00-0030279,K.Allen,LAC,1,1,-0.49345556169282645,0.24349839136558285,0.0,-51.52236819267273,1,0.0,0.0,0.0,1.0,0.0
2021,REG,q4,00-0030669,A.Wilson,MIA,1,1,-0.9979544581146911,0.9959131004709867,0.0,-41.74152314662933,1,0.0,0.0,0.0,1.0,0.0
2021,REG,q4,00-0031941,J.Crowder,NYJ,1,1,1.053,1.108809,1.0,0.0,0,0.0,0.0,0.0,1.0,0.0
2021,REG,q4,00-0034829,M.Gesicki,MIA,1,1,-0.5864534196443856,0.3439276134125938,0.0,-36.196690797805786,1,0.0,0.0,0.0,1.0,0.0
2021,REG,q4,00-0034960,J.Meyers,NE,1,1,1.664891081629321,2.7718623136888505,1.0,59.01987552642822,1,0.0,0.0,0.0,1.0,1.0
2021,REG,q4,00-0035685,D.Montgomery,CHI,1,1,-3.1767500246642157,10.091740719204095,0.0,-45.82794904708862,1,0.0,1.0,0.0,1.0,0.0
2021,REG,q4,00-0035889,T.Townsend,KC,1,1,4.0306980279274285,16.24652659233806,1.0,39.60108757019043,1,0.0,0.0,0.0,1.0,1.0
2021,REG,q4,00-0036825,F.Franks,ATL,1,1,-3.8404934149584733,14.749389670339395,0.0,-83.25349688529968,1,0.0,1.0,0.0,1.0,0.0
2022,POST,all,00-0036442,J.Burrow,CIN,3,127,15.633998846477763,209.98056468116175,63.0,537.786428630352,101,10.0,2.0,4.0,119.0,72.0
2022,POST,all,00-0033873,P.Mahomes,KC,3,111,34.57245043472547,188.8925680852804,65.0,708.3972126245499,94,3.0,0.0,7.0,103.0,72.0
2022,POST,all,00-0034857,J.Allen,BUF,2,95,-13.360809935187458,276.93739073862224,41.0,244.2272961139679,77,8.0,3.0,3.0,89.0,48.0
2022,POST,all,00-0036389,J.Hurts,PHI,3,95,19.415787482994354,154.11474212397007,41.0,312.09844946861267,82,4.0,0.0,3.0,91.0,58.0
2022,POST,all,00-0036971,T.Lawrence,JAX,2,92,-6.5937125874242835,223.11814880149186,45.0,-406.20626509189606,84,4.0,5.0,5.0,89.0,52.0
2022,POST,all,00-0035710,D.Jones,NYG,2,79,5.080582196951336,149.1170969128064,37.0,-315.7425045967102,59,8.0,1.0,2.0,70.0,39.0
2022,POST,all,00-0033077,D.Prescott,DAL,2,77,22.050817594499556,178.67467509123716,40.0,239.1104370355606,69,2.0,2.0,5.0,72.0,48.0
2022,POST,all,00-0037834,B.Purdy,SF,3,71,21.7741281661307,168.29815899931813,37.0,337.4073922634125,57,4.0,0.0,3.0,68.0,41.0
2022,POST,all,00-0019596,T.Brady,TB,1,70,-3.578787126374431,122.44614103509643,29.0,-795.3727275133133,61,2.0,1.0,2.0,70.0,35.0
2022,POST,all,00-0037327,S.Thompson,MIA,1,52,-10.339006692507667,108.55020396784752,17.0,-714.3997818231583,42,4.0,2.0,1.0,50.0,18.0
2022,POST,all,00-0036355,J.Herbert,LAC,1,47,9.633809414923247,89.39322534557584,22.0,-329.94501888751984,42,3.0,0.0,1.0,46.0,25.0
2022,POST,all,00-0030565,G.Smith,SEA,1,42,6.138079419209648,126.21353809780493,21.0,363.4792238473892,34,3.0,1.0,2.0,39.0,25.0
2022,POST,all,00-0029604,K.Cousins,MIN,1,39,12.248063637001906,57.9917556670932,23.0,520.0138866901398,38,0.0,0.0,2.0,39.0,31.0
2022,POST,all,00-0035993,T.Huntley,BAL,1,33,2.338875801765534,87.72947181079448,14.0,-121.64009809494019,28,2.0,1.0,2.0,31.0,17.0
2022,POST,all,00-0026300,J.Johnson,SF,1,15,-2.0255670020123944,22.630960368360956,5.0,-60.14537513256073,11,2.0,0.0,0.0,15.0,7.0
2022,POST,all,00-0026197,C.Henne,KC,1,7,2.7069520716322586,6.571575212471,4.0,-18.819135427474976,7,0.0,0.0,1.0,7.0,5.0
2022,POST,all,00-0033280,C.McCaffrey,SF,1,1,-0.5373300365172327,0.28872356814361055,0.0,-26.9904762506485,1,0.0,0.0,0.0,1.0,0.0
2022,POST,all,00-0036322,J.Jefferson,MIN,1,1,-2.3801986994221807,5.66534584873104,0.0,10.839778184890747,1,0.0,0.0,0.0,1.0,1.0
2022,POST,close,00-0033873,P.Mahomes,KC,3,102,32.50258790197593,182.9751454948002,59.0,741.9321328401566,87,3.0,0.0,7.0,95.0,67.0
2022,POST,close,00-0036442,J.Burrow,CIN,3,102,18.69457326962268,182.78350913146636,52.0,590.7257422804832,79,9.0,1.0,4.0,95.0,58.0
2022,POST,close,00-0036389,J.Hurts,PHI,3,70,24.37223187889743,123.65549498626618,33.0,709.409961104393,59,3.0,0.0,3.0,67.0,47.0
2022,POST,close,00-0037834,B.Purdy,SF,3,64,15.680146672131798,125.64931230956213,34.0,257.7529191970825,51,4.0,0.0,2.0,61.0,36.0
2022,POST,close,00-0033077,D.Prescott,DAL,2,53,4.341630766561016,123.36900289318532,24.0,-162.7618432044983,48,2.0,2.0,2.0,50.0,31.0
2022,POST,close,00-0035710,D.Jones,NYG,2,49,16.254682208422064,86.9178603508315,26.0,27.344489097595215,36,5.0,0.0,2.0,43.0,27.0
2022,POST,close,00-0034857,J.Allen,BUF,2,41,-8.772501821644388,186.05334248108508,17.0,257.9608738422394,33,5.0,1.0,3.0,40.0,22.0
2022,POST,close,00-0036971,T.Lawrence,JAX,2,32,-13.319420659914613,76.23329936526292,14.0,-441.6654199361801,30,1.0,2.0,1.0,31.0,17.0
2022,POST,close,00-0029604,K.Cousins,MIN,1,29,0.6491068169707432,30.1083409626299,15.0,311.003515124321,28,0.0,0.0,0.0,29.0,23.0
2022,POST,close,00-0035993,T.Huntley,BAL,1,27,-2.4249690510940862,78.7831292895022,10.0,-191.11847281455994,23,2.0,1.0,1.0,26.0,13.0
2022,POST,close,00-0037327,S.Thompson,MIA,1,26,-12.55113237340981,58.7823686566108,7.0,-419.54264640808105,21,1.0,2.0,1.0,26.0,7.0
2022,POST,close,00-0030565,G.Smith,SEA,1,16,5.33622889979,80.55860448721064,9.0,213.39091062545776,12,2.0,0.0,1.0,15.0,10.0
2022,POST,close,00-0019596,T.Brady,TB,1,15,-6.112292292760685,51.211748860291756,4.0,-382.76133835315704,15,0.0,1.0,0.0,15.0,7.0
2022,POST,close,00-0036355,J.Herbert,LAC,1,13,0.39738131529313314,16.148357941015462,6.0,-43.3162659406662,12,1.0,0.0,0.0,13.0,8.0
2022,POST,close,00-0026300,J.Johnson,SF,1,9,-2.959486882085912,8.664662296756545,4.0,-59.50169563293457,6,2.0,0.0,0.0,9.0,4.0
2022,POST,close,00-0026197,C.Henne,KC,1,7,2.7069520716322586,6.571575212471,4.0,-18.819135427474976,7,0.0,0.0,1.0,7.0,5.0
2022,POST,close,00-0036322,J.Jefferson,MIN,1,1,-2.3801986994221807,5.66534584873104,0.0,10.839778184890747,1,0.0,0.0,0.0,1.0,1.0
2022,POST,clutch,00-0036442,J.Burrow,CIN,2,10,-1.2456014303606935,3.0059687564223037,4.0,-9.40864384174347,6,1.0,0.0,0.0,8.0,4.0
2022,POST,clutch,00-0033077,D.Prescott,DAL,1,9,-1.6358752428204753,0.9841791258830118,2.0,-174.93732571601868,8,1.0,0.0,0.0,9.0,3.0
2022,POST,clutch,00-0033873,P.Mahomes,KC,2,9,3.9708521775405634,10.950257977525846,5.0,45.1965868473053,6,0.0,0.0,0.0,6.0,5.0
2022,POST,clutch,00-0035993,T.Huntley,BAL,1,8,-3.144669442146551,6.500618071132466,2.0,-173.50807189941406,7,0.0,0.0,0.0,8.0,3.0
2022,POST,clutch,00-0029604,K.Cousins,MIN,1,6,-1.9356990768574178,2.0641885834873346,2.0,-3.325912356376648,6,0.0,0.0,0.0,6.0,4.0
2022,POST,clutch,00-0036971,T.Lawrence,JAX,1,6,0.2180302805500105,2.590986653584433,4.0,-85.28282642364502,5,0.0,0.0,0.0,5.0,3.0
2022,POST,clutch,00-0037327,S.Thompson,MIA,1,6,-0.020235646865330637,9.579998342698525,2.0,-68.65098774433136,5,0.0,0.0,0.0,6.0,2.0
2022,POST,clutch,00-0037834,B.Purdy,SF,1,4,-0.9779048392507241,1.5863275793907943,1.0,-49.37692880630493,3,0.0,0.0,0.0,3.0,2.0
2022,POST,clutch,00-0035710,D.Jones,NYG,1,3,-1.8756550131365657,3.7136772599334575,1.0,-51.345789432525635,2,1.0,0.0,0.0,3.0,1.0
2022,POST,clutch,00-0036355,J.Herbert,LAC,1,2,-0.2827618191950023,0.08698368510502612,1.0,36.249470710754395,2,0.0,0.0,0.0,2.0,2.0
2022,POST,clutch,00-0036389,J.Hurts,PHI,1,1,-0.0708027268119622,0.005013026124009352,0.0,0.0,0,0.0,0.0,0.0,1.0,0.0
2022,POST,late,00-0019596,T.Brady,TB,1,15,1.0538970287744887,17.34172665102484,5.0,-251.3564944267273,13,1.0,0.0,1.0,15.0,6.0
2022,POST,late,00-0030565,G.Smith,SEA,1,15,1.9927797678830101,18.737927150616656,7.0,82.02476501464844,12,1.0,0.0,1.0,14.0,8.0
2022,POST,late,00-0036971,T.Lawrence,JAX,2,12,-0.8371628916589959,10.039555668455849,7.0,1.6628354787826538,11,0.0,1.0,0.0,11.0,7.0
2022,POST,late,00-0035710,D.Jones,NYG,2,11,-4.163771311927121,19.921940061085134,3.0,-156.57987594604492,8,3.0,0.0,0.0,11.0,4.0
2022,POST,late,00-0033077,D.Prescott,DAL,2,10,-2.4815405784756877,1.6993289858118548,2.0,-199.54984486103058,9,1.0,0.0,0.0,10.0,3.0
2022,POST,late,00-0033873,P.Mahomes,KC,3,10,4.406787305555098,11.140297413362896,6.0,58.676594495773315,7,0.0,0.0,0.0,7.0,6.0
2022,POST,late,00-0036442,J.Burrow,CIN,2,10,-1.2456014303606935,3.0059687564223037,4.0,-9.40864384174347,6,1.0,0.0,0.0,8.0,4.0
2022,POST,late,00-0035993,T.Huntley,BAL,1,8,-3.144669442146551,6.500618071132466,2.0,-173.50807189941406,7,0.0,0.0,0.0,8.0,3.0
2022,POST,late,00-0034857,J.Allen,BUF,1,7,-1.4822359916288406,7.971139195666737,4.0,10.131832957267761,7,0.0,1.0,0.0,7.0,5.0
2022,POST,late,00-0029604,K.Cousins,MIN,1,6,-1.9356990768574178,2.0641885834873346,2.0,-3.325912356376648,6,0.0,0.0,0.0,6.0,4.0
2022,POST,late,00-0037327,S.Thompson,MIA,1,6,-0.020235646865330637,9.579998342698525,2.0,-68.65098774433136,5,0.0,0.0,0.0,6.0,2.0
2022,POST,late,00-0037834,B.Purdy,SF,2,5,-1.4858990174676285,1.8443856644930623,1.0,-31.19552731513977,4,0.0,0.0,0.0,4.0,3.0
2022,POST,late,00-0036355,J.Herbert,LAC,1,2,-0.2827618191950023,0.08698368510502612,1.0,36.249470710754395,2,0.0,0.0,0.0,2.0,2.0
2022,POST,late,00-0036389,J.Hurts,PHI,1,1,-0.0708027268119622,0.005013026124009352,0.0,0.0,0,0.0,0.0,0.0,1.0,0.0
2022,POST,q1,00-0036442,J.Burrow,CIN,3,37,6.649823542503576,66.71576581868825,20.0,268.9017593860626,30,6.0,0.0,2.0,36.0,23.0
2022,POST,q1,00-0033873,P.Mahomes,KC,3,34,16.207484602562705,42.98400602411644,22.0,539.8608028888702,29,0.0,0.0,2.0,32.0,25.0
2022,POST,q1,00-0036389,J.Hurts,PHI,3,30,16.29689614608651,62.09388467433106,18.0,408.9067041873932,26,1.0,0.0,2.0,28.0,22.0
2022,POST,q1,00-0034857,J.Allen,BUF,2,19,0.6433148261276074,55.97783655087201,8.0,154.7809213399887,15,2.0,0.0,1.0,17.0,11.0
2022,POST,q1,00-0037834,B.Purdy,SF,3,19,-4.3722498042585585,59.49666832947937,8.0,58.13839137554169,15,3.0,0.0,1.0,19.0,10.0
2022,POST,q1,00-0036971,T.Lawrence,JAX,2,18,-16.93890790711157,82.67957222893915,5.0,-426.86351239681244,17,0.0,3.0,1.0,18.0,7.0
2022,POST,q1,00-0035710,D.Jones,NYG,2,14,1.62878473859746,70.42338021895611,9.0,215.40609002113342,10,2.0,1.0,1.0,12.0,9.0
2022,POST,q1,00-0019596,T.Brady,TB,1,13,-0.02642577642109245,19.090333166544777,4.0,-248.69703948497772,13,0.0,0.0,0.0,13.0,7.0
2022,POST,q1,00-0033077,D.Prescott,DAL,2,13,-1.5426284582354128,44.58029707195396,5.0,-81.35969042778015,12,1.0,1.0,1.0,13.0,7.0
2022,POST,q1,00-0036355,J.Herbert,LAC,1,12,0.2959191047645806,17.242508351598968,6.0,-116.874960064888,12,0.0,0.0,0.0,12.0,7.0
2022,POST,q1,00-0029604,K.Cousins,MIN,1,9,3.9853502876358107,3.4433477937533534,8.0,270.9301471710205,9,0.0,0.0,0.0,9.0,9.0
2022,POST,q1,00-0030565,G.Smith,SEA,1,8,0.5255841792095453,14.31828620293894,4.0,113.31959366798401,6,1.0,0.0,0.0,7.0,5.0
2022,POST,q1,00-0037327,S.Thompson,MIA,1,7,-8.557456867070869,32.29528252626157,1.0,-292.43530333042145,7,0.0,1.0,0.0,7.0,1.0
2022,POST,q1,00-0026300,J.Johnson,SF,1,2,-1.2201016573235393,3.9323023431259574,1.0,31.942427158355713,1,1.0,0.0,0.0,2.0,1.0
2022,POST,q1,00-0035993,T.Huntley,BAL,1,2,-3.8990541752427816,23.096259723802955,1.0,-38.337260484695435,2,0.0,1.0,0.0,2.0,1.0
2022,POST,q1,00-0036322,J.Jefferson,MIN,1,1,-2.3801986994221807,5.66534584873104,0.0,10.839778184890747,1,0.0,0.0,0.0,1.0,1.0
2022,POST,q2,00-0036442,J.Burrow,CIN,3,40,0.7534759698987439,52.63494360248125,19.0,238.9877125620842,33,2.0,1.0,1.0,39.0,24.0
2022,POST,q2,00-0036389,J.Hurts,PHI,3,31,6.067263680186556,35.94365160388817,12.0,3.030034899711609,29,0.0,0.0,1.0,31.0,20.0
2022,POST,q2,00-0034857,J.Allen,BUF,2,28,-3.560993691459013,74.15033142790593,12.0,-16.624170541763306,23,2.0,2.0,0.0,27.0,13.0
2022,POST,q2,00-0033077,D.Prescott,DAL,2,27,14.180773256812245,67.96470714508749,17.0,235.15175580978394,24,0.0,1.0,2.0,24.0,20.0
2022,POST,q2,00-0037834,B.Purdy,SF,2,27,7.944217153348544,30.31255406347136,14.0,86.24441027641296,19,1.0,0.0,0.0,25.0,13.0
2022,POST,q2,00-0035710,D.Jones,NYG,2,23,1.7631139229158448,15.877350866740823,9.0,-223.49430918693542,15,1.0,0.0,0.0,17.0,9.0
2022,POST,q2,00-0036971,T.Lawrence,JAX,2,23,-2.5760573275295693,35.034960156222695,12.0,-163.32071125507355,21,2.0,1.0,1.0,23.0,13.0
2022,POST,q2,00-0037327,S.Thompson,MIA,1,20,5.285073546588991,40.565312145369795,9.0,-121.57483100891113,16,2.0,0.0,1.0,19.0,9.0
2022,POST,q2,00-0033873,P.Mahomes,KC,3,16,-0.8121427705172337,27.091260343581357,7.0,-41.82848334312439,13,1.0,0.0,1.0,16.0,8.0
2022,POST,q2,00-0036355,J.Herbert,LAC,1,13,4.296055524440827,32.21200541795146,5.0,61.550918221473694,11,1.0,0.0,1.0,13.0,8.0
2022,POST,q2,00-0035993,T.Huntley,BAL,1,11,4.154543165464128,14.24446702873514,6.0,51.358917355537415,10,0.0,0.0,1.0,10.0,7.0
2022,POST,q2,00-0019596,T.Brady,TB,1,10,-6.685383655189071,33.357371612489125,3.0,-189.30588960647583,8,0.0,1.0,0.0,10.0,4.0
2022,POST,q2,00-0026300,J.Johnson,SF,1,9,-1.977940158569254,4.762819623579548,3.0,-79.08917665481567,6,1.0,0.0,0.0,9.0,4.0
2022,POST,q2,00-0026197,C.Henne,KC,1,7,2.7069520716322586,6.571575212471,4.0,-18.819135427474976,7,0.0,0.0,1.0,7.0,5.0
2022,POST,q2,00-0029604,K.Cousins,MIN,1,7,4.137815170746762,21.46054782421248,4.0,-2.956897020339966,6,0.0,0.0,1.0,7.0,4.0
2022,POST,q2,00-0030565,G.Smith,SEA,1,5,8.008291637948275,29.099481660438176,4.0,132.61892795562744,4,0.0,0.0,1.0,4.0,4.0
2022,POST,q3,00-0033873,P.Mahomes,KC,3,31,4.939575361626624,78.41461642837905,18.0,99.92883503437042,26,2.0,0.0,1.0,28.0,19.0
2022,POST,q3,00-0036442,J.Burrow,CIN,3,27,9.195878678772832,44.9463288045106,15.0,207.6684206724167,21,0.0,0.0,1.0,24.0,16.0
2022,POST,q3,00-0034857,J.Allen,BUF,2,24,-5.997775241121007,111.0831763721004,11.0,47.39861488342285,20,1.0,0.0,2.0,22.0,12.0
2022,POST,q3,00-0036389,J.Hurts,PHI,3,23,-3.488385732452561,37.70964217066892,7.0,-199.7797667980194,18,2.0,0.0,0.0,21.0,10.0
2022,POST,q3,00-0019596,T.Brady,TB,1,20,2.836029115293175,30.423032218868688,10.0,-217.36476123332977,18,0.0,0.0,1.0,20.0,11.0
2022,POST,q3,00-0036971,T.Lawrence,JAX,2,20,6.32804276997922,38.07557079415502,10.0,173.78802299499512,19,1.0,0.0,2.0,20.0,15.0
2022,POST,q3,00-0033077,D.Prescott,DAL,2,18,5.087399609403619,36.69648372382502,10.0,203.39132249355316,15,0.0,0.0,1.0,16.0,11.0
2022,POST,q3,00-0035710,D.Jones,NYG,2,14,4.960655669507105,23.820362666560946,9.0,55.65938055515289,12,1.0,0.0,1.0,13.0,9.0
2022,POST,q3,00-0037327,S.Thompson,MIA,1,13,-8.879759430303238,14.975756063107642,2.0,-290.7377749681473,9,1.0,1.0,0.0,12.0,2.0
2022,POST,q3,00-0029604,K.Cousins,MIN,1,11,9.795717483386397,27.03564849526233,7.0,273.61965477466583,11,0.0,0.0,1.0,11.0,9.0
2022,POST,q3,00-0036355,J.Herbert,LAC,1,11,2.048378514924438,24.116378574111504,5.0,-228.07346284389496,11,0.0,0.0,0.0,11.0,5.0
2022,POST,q3,00-0030565,G.Smith,SEA,1,9,0.21089197479886934,43.56293509354253,5.0,55.75958490371704,7,1.0,0.0,0.0,9.0,5.0
2022,POST,q3,00-0037834,B.Purdy,SF,3,9,4.6921892846003175,19.399247574124935,6.0,92.51758754253387,9,0.0,0.0,0.0,9.0,7.0
2022,POST,q3,00-0035993,T.Huntley,BAL,1,5,6.52361915120855,25.705858080378384,3.0,138.18458318710327,4,0.0,0.0,1.0,4.0,4.0
2022,POST,q3,00-0026300,J.Johnson,SF,1,4,1.1724748138803989,13.935838401655449,1.0,-12.998625636100769,4,0.0,0.0,0.0,4.0,2.0
2022,POST,q4,00-0036971,T.Lawrence,JAX,2,31,6.593209877237636,67.32804562217495,18.0,10.189935564994812,27,1.0,1.0,1.0,28.0,17.0
2022,POST,q4,00-0033873,P.Mahomes,KC,3,30,14.23753324105337,40.40268528920353,18.0,110.4360580444336,26,0.0,0.0,3.0,27.0,20.0
2022,POST,q4,00-0035710,D.Jones,NYG,2,28,-3.271972134069074,38.99600316054849,10.0,-363.3136659860611,22,4.0,0.0,0.0,28.0,12.0
2022,POST,q4,00-0019596,T.Brady,TB,1,27,0.2969931899425573,39.575404037193856,12.0,-140.00503718852997,22,2.0,0.0,1.0,27.0,13.0
2022,POST,q4,00-0034857,J.Allen,BUF,2,24,-4.445355828735046,35.726046387743835,10.0,58.67193043231964,19,3.0,1.0,0.0,23.0,12.0
2022,POST,q4,00-0036442,J.Burrow,CIN,3,23,-0.9651793446973898,45.6835264554817,9.0,-177.7714639902115,17,2.0,1.0,0.0,20.0,9.0
2022,POST,q4,00-0030565,G.Smith,SEA,1,20,-2.6066883727470413,39.23283514088528,8.0,61.78111732006073,17,1.0,1.0,1.0,19.0,11.0
2022,POST,q4,00-0033077,D.Prescott,DAL,2,19,4.325273186519103,29.433187150370706,8.0,-118.07295083999634,18,1.0,0.0,1.0,19.0,10.0
2022,POST,q4,00-0037834,B.Purdy,SF,3,16,13.509971532440396,59.08968903224244,9.0,100.50700306892395,14,0.0,0.0,2.0,15.0,11.0
2022,POST,q4,00-0035993,T.Huntley,BAL,1,15,-4.440232339664362,24.682886977877992,4.0,-272.84633815288544,12,2.0,0.0,0.0,15.0,5.0
2022,POST,q4,00-0029604,K.Cousins,MIN,1,12,-5.670819304767065,6.052211553865038,4.0,-21.579018235206604,12,0.0,0.0,0.0,12.0,9.0
2022,POST,q4,00-0037327,S.Thompson,MIA,1,12,1.8131360582774505,20.71385323310851,5.0,-9.651872515678406,10,1.0,0.0,0.0,12.0,6.0
2022,POST,q4,00-0036355,J.Herbert,LAC,1,11,2.993456270793402,15.822333001913902,6.0,-46.54751420021057,8,2.0,0.0,0.0,10.0,5.0
2022,POST,q4,00-0036389,J.Hurts,PHI,2,11,0.5400133891738506,18.367563675081943,4.0,99.94147717952728,9,1.0,0.0,0.0,11.0,6.0
2022,POST,q4,00-0033280,C.McCaffrey,SF,1,1,-0.5373300365172327,0.28872356814361055,0.0,-26.9904762506485,1,0.0,0.0,0.0,1.0,0.0
2022,REG,all,00-0019596,T.Brady,TB,17,762,36.881002321993236,1319.0480252329285,360.0,360.282002389431,707,22.0,9.0,25.0,758.0,490.0
2022,REG,all,00-0036355,J.Herbert,LAC,17,758,20.512499437240358,1734.8967184799262,348.0,888.324536383152,675,38.0,10.0,25.0,736.0,477.0
2022,REG,all,00-0033873,P.Mahomes,KC,17,723,210.46833992853536,1670.7149981539546,386.0,2182.5947150588036,611,26.0,12.0,41.0,677.0,435.0
2022,REG,all,00-0029604,K.Cousins,MIN,17,702,28.65557512390146,1732.0597249935295,336.0,796.0092514753342,612,46.0,14.0,29.0,690.0,424.0
2022,REG,all,00-0036442,J.Burrow,CIN,16,678,101.14192525113884,1667.4657067370897,341.0,1610.6688275933266,590,41.0,12.0,35.0,651.0,414.0
2022,REG,all,00-0030565,G.Smith,SEA,17,652,25.11988867141844,1687.2285464689762,320.0,3103.43137383461,552,46.0,11.0,30.0,619.0,399.0
2022,REG,all,00-0034857,J.Allen,BUF,16,651,141.57703189440423,1687.5629299145485,340.0,545.4180181026459,544,33.0,14.0,35.0,600.0,359.0
2022,REG,all,00-0036971,T.Lawrence,JAX,17,639,92.50275403551319,1315.1238717754918,322.0,801.9488841295242,562,27.0,8.0,25.0,615.0,387.0
2022,REG,all,00-0033106,J.Goff,DET,17,625,97.94463248518943,1600.5904644130064,302.0,-834.5289081335068,562,23.0,7.0,29.0,610.0,382.0
2022,REG,all,00-0023459,A.Rodgers,GB,17,588,-3.676632659728207,1524.7039644406982,265.0,284.46139693260193,520,32.0,12.0,26.0,575.0,350.0
2022,REG,all,00-0035710,D.Jones,NYG,16,568,34.514226480772535,1105.7974346505418,274.0,1032.223454117775,443,44.0,5.0,15.0,514.0,317.0
2022,REG,all,00-0029263,R.Wilson,DEN,15,566,-42.57352041934415,1342.2590106327043,214.0,-531.383590400219,454,55.0,11.0,16.0,538.0,292.0
2022,REG,all,00-0031280,D.Carr,LV,15,546,16.70637616651945,1489.5199419027167,227.0,-1372.1692636609077,478,27.0,14.0,24.0,532.0,305.0
2022,REG,all,00-0036389,J.Hurts,PHI,15,542,67.61720093026351,1548.446110069957,252.0,1182.0199847221375,435,38.0,6.0,22.0,499.0,306.0
2022,REG,all,00-0036898,D.Mills,HOU,15,528,-70.21767440536192,1423.3595845682341,198.0,-1748.680455982685,463,31.0,15.0,17.0,511.0,292.0
2022,REG,all,00-0026143,M.Ryan,IND,12,512,-43.5097517862795,1337.5984049562885,223.0,-43.309783935546875,439,38.0,13.0,14.0,502.0,309.0
2022,REG,all,00-0036972,M.Jones,NE,14,498,-34.36608824816442,1104.0202405180607,198.0,-186.98886632919312,424,34.0,11.0,14.0,478.0,288.0
2022,REG,all,00-0038102,K.Pickett,PIT,13,445,-0.8678923607499005,827.9739513041985,198.0,301.88962668180466,369,27.0,9.0,7.0,417.0,245.0
2022,REG,all,00-0035228,K.Murray,ARI,11,443,-1.9303396221013305,882.7098517940517,191.0,-299.9426007270813,372,25.0,7.0,14.0,418.0,259.0
2022,REG,all,00-0036945,J.Fields,CHI,15,443,-31.99085127782419,1218.6140535254012,181.0,-751.6399458050728,303,55.0,11.0,17.0,377.0,192.0
2022,REG,all,00-0036212,T.Tagovailoa,MIA,13,431,93.80422796508762,1287.719425301731,212.0,554.404678940773,387,21.0,8.0,25.0,421.0,259.0
2022,REG,all,00-0033077,D.Prescott,DAL,12,429,34.02608114869815,1258.8354801977646,213.0,7.9331085085868835,388,20.0,15.0,23.0,414.0,261.0
2022,REG,all,00-0027973,A.Dalton,NO,14,415,7.7027028440938325,1109.004973923337,204.0,224.9517098069191,364,25.0,9.0,18.0,404.0,252.0
2022,REG,all,00-0033119,J.Brissett,CLE,12,414,31.391193198685542,861.6773711846703,188.0,1013.7616232037544,351,24.0,6.0,12.0,391.0,236.0
2022,REG,all,00-0034796,L.Jackson,BAL,12,378,18.886132920026462,784.3710137412775,173.0,-190.7679706811905,309,26.0,7.0,17.0,352.0,203.0
2022,REG,all,00-0029701,R.Tannehill,TEN,12,371,25.163114105477277,930.1421684989366,172.0,170.79088985919952,317,33.0,6.0,13.0,358.0,212.0
2022,REG,all,00-0032268,M.Mariota,ATL,13,353,0.7827167596852558,910.8359070093694,166.0,-187.37278580665588,290,28.0,9.0,15.0,326.0,184.0
2022,REG,all,00-0026498,M.Stafford,LA,9,337,-27.85441916713951,968.6047261137694,158.0,-11.466611921787262,296,29.0,8.0,10.0,332.0,206.0
2022,REG,all,00-0031345,J.Garoppolo,SF,11,329,61.50697438111423,777.3624478510981,164.0,-319.917494058609,306,18.0,4.0,16.0,326.0,207.0
2022,REG,all,00-0032950,C.Wentz,WAS,8,321,-35.058697400324974,698.1205853453134,127.0,-1012.6001849770546,270,26.0,9.0,11.0,309.0,172.0
2022,REG,all,00-0031800,T.Heinicke,WAS,9,289,-11.74271160420282,827.8105842831836,127.0,413.4783700108528,243,19.0,6.0,12.0,276.0,161.0
2022,REG,all,00-0037013,Z.Wilson,NYJ,9,278,-28.859558128400195,695.6242995050125,107.0,-1227.7373418211937,221,23.0,7.0,6.0,265.0,132.0
2022,REG,all,00-0034855,B.Mayfield,CAR,7,234,-44.28958318326069,617.8275950306108,80.0,-1833.6075276136398,198,19.0,6.0,6.0,226.0,119.0
2022,REG,all,00-0026158,J.Flacco,NYJ,5,202,-28.72121762627415,495.5002303301061,80.0,-744.3939208984375,182,10.0,3.0,5.0,201.0,110.0
2022,REG,all,00-0033537,D.Watson,CLE,6,200,-20.533105462922798,503.225488398213,84.0,-515.6354010105133,155,20.0,5.0,7.0,188.0,99.0
2022,REG,all,00-0033869,M.Trubisky,PIT,7,195,1.828285043888409,438.611004142552,86.0,284.62249636650085,177,11.0,5.0,4.0,191.0,117.0
2022,REG,all,00-0037834,B.Purdy,SF,7,187,36.90996630578262,425.97595179856245,91.0,-118.82941722869873,166,11.0,4.0,13.0,181.0,114.0
2022,REG,all,00-0034401,M.White,NYJ,4,185,-7.463803041489403,419.39629480766814,79.0,-1045.195895433426,169,9.0,4.0,3.0,184.0,103.0
2022,REG,all,00-0033662,C.Rush,DAL,8,170,-15.92744672957529,364.5130981791488,66.0,-1075.4400804638863,157,7.0,3.0,5.0,168.0,94.0
2022,REG,all,00-0034869,S.Darnold,CAR,6,156,27.96211131041631,384.90192613821205,74.0,582.2473675012589,119,10.0,3.0,7.0,147.0,82.0
2022,REG,all,00-0027688,C.McCoy,ARI,4,153,-36.05589199342327,364.3866623091428,59.0,-32.66921639442444,129,13.0,3.0,1.0,145.0,90.0
2022,REG,all,00-0034855,B.Mayfield,LA,5,152,-10.232143431203937,278.5395980746747,59.0,-425.3040373325348,124,17.0,2.0,4.0,145.0,82.0
2022,REG,all,00-0038122,D.Ridder,ATL,4,135,-9.047200866211346,238.20654095083614,54.0,-145.32658457756042,110,9.0,0.0,2.0,124.0,73.0
2022,REG,all,00-0035993,T.Huntley,BAL,5,132,-13.008030238724576,227.67314855427423,55.0,340.3603881597519,107,7.0,3.0,2.0,117.0,75.0
2022,REG,all,00-0031503,J.Winston,NO,3,128,-13.748646520684566,370.12572434352364,59.0,304.8093184828758,111,11.0,5.0,4.0,125.0,73.0
2022,REG,all,00-0036879,S.Ehlinger,IND,4,126,-35.21958729938244,362.66857154177234,46.0,-343.3774620294571,99,14.0,3.0,3.0,115.0,64.0
2022,REG,all,00-0037327,S.Thompson,MIA,7,116,-32.984381763928646,224.86936215298206,39.0,-524.7683957219124,100,6.0,3.0,1.0,111.0,60.0
2022,REG,all,00-0033275,P.Walker,CAR,6,115,-20.176254064469113,347.338242920153,40.0,-799.3709817528725,105,7.0,3.0,3.0,113.0,63.0
2022,REG,all,00-0035264,J.Stidham,LV,3,101,0.37632403524617786,319.8705571745265,51.0,122.4404364824295,79,7.0,3.0,4.0,90.0,53.0
2022,REG,all,00-0038108,B.Zappe,NE,4,99,7.588488814594893,286.02161632341284,47.0,506.26725256443024,88,6.0,3.0,5.0,98.0,65.0
2022,REG,all,00-0034955,B.Rypien,DEN,4,97,-29.60041535102951,279.07791693811544,37.0,-318.0100619792938,87,8.0,4.0,2.0,96.0,53.0
2022,REG,all,00-0035146,T.McSorley,ARI,5,91,-36.32829921214312,217.07319405552164,27.0,-817.656572163105,77,3.0,5.0,0.0,86.0,45.0
2022,REG,all,00-0031237,T.Bridgewater,MIA,5,90,-2.50280491890294,265.57842669327374,43.0,117.09256023168564,75,7.0,4.0,4.0,87.0,49.0
2022,REG,all,00-0034577,K.Allen,HOU,2,87,-41.75843700568695,289.40165868982945,28.0,-683.1636935472488,75,5.0,4.0,2.0,85.0,46.0
2022,REG,all,00-0035289,G.Minshew II,PHI,4,83,6.426325268233322,261.3396077482251,35.0,-124.49211180210114,70,6.0,3.0,3.0,81.0,44.0
2022,REG,all,00-0038128,M.Willis,TEN,6,79,-36.31636757361865,162.16076287539977,24.0,-548.7712502479553,52,10.0,3.0,0.0,71.0,31.0
2022,REG,all,00-0033949,J.Dobbs,TEN,2,77,-7.410493965382878,231.14156865312194,32.0,-103.8249522447586,65,6.0,2.0,2.0,74.0,40.0
2022,REG,all,00-0034899,J.Wolford,LA,2,73,-21.845045341635142,178.67972663765235,31.0,-348.8248825073242,61,7.0,3.0,1.0,69.0,38.0
2022,REG,all,00-0035040,D.Blough,ARI,2,65,-5.4635533400723,182.0433948164015,24.0,35.41407883167267,56,5.0,2.0,2.0,63.0,38.0
2022,REG,all,00-0037175,A.Brown,BAL,2,52,-20.83946609003786,143.3689327739467,14.0,-905.8283656835556,47,5.0,2.0,0.0,52.0,22.0
2022,REG,all,00-0029567,N.Foles,IND,2,51,-34.19210139477516,222.12527568043382,16.0,-337.61444985866547,41,8.0,4.0,0.0,50.0,25.0
2022,REG,all,00-0035939,B.Perkins,LA,4,46,-13.839382587624906,129.54719956085873,15.0,-388.6973977088928,33,6.0,2.0,1.0,39.0,19.0
2022,REG,all,00-0033550,D.Webb,NYG,1,43,-0.29255941972145516,52.39409219934335,16.0,-265.774205327034,38,0.0,0.0,1.0,41.0,23.0
2022,REG,all,00-0037012,T.Lance,SF,2,37,-9.460162043272176,90.41944643690273,13.0,-479.2478621006012,29,2.0,1.0,0.0,33.0,15.0
2022,REG,all,00-0032156,T.Siemian,CHI,2,29,-7.303775634104905,84.90026528536622,10.0,-144.5359230041504,25,2.0,1.0,1.0,28.0,15.0
2022,REG,all,00-0033958,N.Peterman,CHI,3,27,-5.271773491404019,40.18518884847949,9.0,-127.39404141902924,23,1.0,1.0,1.0,25.0,14.0
2022,REG,all,00-0033319,N.Mullens,MIN,4,26,12.2586348800567,64.2073074463622,16.0,387.27202117443085,25,0.0,1.0,1.0,25.0,21.0
2022,REG,all,00-0037077,S.Howell,WAS,1,25,-3.5828141591250597,89.37954366766574,10.0,-88.20350468158722,18,3.0,1.0,1.0,22.0,11.0
2022,REG,all,00-0032436,J.Driskel,HOU,6,24,0.0689747838769108,35.35785547141905,10.0,-81.7851185798645,19,2.0,0.0,1.0,22.0,14.0
2022,REG,all,00-0033357,T.Hill,NO,11,21,12.586181564557638,59.74991308434309,12.0,184.39076840877533,18,2.0,0.0,2.0,21.0,13.0
2022,REG,all,00-0036264,J.Love,GB,4,20,3.520028238401961,37.74840916164677,9.0,-13.580623269081116,20,0.0,0.0,1.0,20.0,14.0
2022,REG,all,00-0035752,C.Streveler,NYJ,1,19,-3.6984479137463495,39.25903200041052,9.0,93.75702440738678,15,0.0,0.0,0.0,15.0,10.0
2022,REG,all,00-0028118,T.Taylor,NYG,2,16,4.197111570902169,60.5246249856849,10.0,76.61469578742981,8,3.0,1.0,1.0,12.0,6.0
2022,REG,all,00-0026544,C.Daniel,LAC,3,15,1.6214253455496532,12.137336378932778,6.0,-60.86802780628204,12,1.0,0.0,1.0,14.0,8.0
2022,REG,all,00-0033936,C.Beathard,JAX,2,12,-11.601140725440802,38.2319921653256,3.0,-80.90031147003174,11,1.0,1.0,0.0,12.0,7.0
2022,REG,all,00-0034177,T.Boyle,CHI,1,9,-5.456478976833634,18.669240189114404,2.0,-298.10804426670074,8,0.0,2.0,0.0,9.0,2.0
2022,REG,all,00-0036928,K.Trask,TB,1,9,-5.332559636328369,11.724717681295374,2.0,-179.9351543188095,8,0.0,0.0,0.0,9.0,3.0
2022,REG,all,00-0027948,B.Gabbert,TB,1,8,0.2152441979269497,10.419029346022661,3.0,27.921953797340393,8,0.0,0.0,1.0,8.0,6.0
2022,REG,all,00-0026625,B.Hoyer,NE,1,7,-2.126523873504231,12.267097896423708,3.0,77.7132660150528,6,1.0,0.0,0.0,7.0,5.0
2022,REG,all,00-0028986,C.Keenum,BUF,2,7,-5.786273917416111,5.84774299800193,0.0,-270.60553431510925,7,0.0,0.0,0.0,7.0,2.0
2022,REG,all,00-0036226,J.Eason,CAR,1,5,-2.261281799641438,54.77569262665378,3.0,-26.57473087310791,5,0.0,1.0,0.0,5.0,3.0
2022,REG,all,00-0032434,B.Allen,CIN,1,4,-0.6882539251500881,7.19935222815409,1.0,79.72522974014282,3,1.0,0.0,0.0,4.0,3.0
2022,REG,all,00-0036322,J.Jefferson,MIN,3,3,3.5277572203194723,6.45198526866795,3.0,40.016454458236694,2,0.0,0.0,0.0,2.0,2.0
2022,REG,all,00-0026197,C.Henne,KC,1,2,-1.8915138673619367,2.222003499955739,0.0,-139.2205834388733,2,0.0,0.0,0.0,2.0,0.0
2022,REG,all,00-0026300,J.Johnson,SF,1,2,-0.8358491185936145,12.607714775634081,1.0,-53.722769021987915,2,0.0,0.0,0.0,2.0,1.0
2022,REG,all,00-0032764,D.Henry,TEN,1,2,0.46645660075591877,2.5848970978483887,1.0,67.87160038948059,2,0.0,0.0,1.0,2.0,2.0
2022,REG,all,00-0032943,R.Dixon,LA,2,2,5.386753983795643,14.52051556195293,2.0,54.47498559951782,2,0.0,0.0,0.0,2.0,2.0
2022,REG,all,00-0033009,T.Boyd,CIN,2,2,0.6072884440654889,17.17070603206359,1.0,57.54803717136383,1,1.0,0.0,0.0,2.0,1.0
2022,REG,all,00-0036313,B.Mann,NYJ,2,2,0.8920440872316249,23.030922861478125,1.0,35.23755669593811,1,0.0,0.0,0.0,2.0,1.0
2022,REG,all,00-0037500,R.Wright,MIN,2,2,-0.40921337925828993,25.5306148483711,1.0,-29.23043966293335,2,0.0,0.0,0.0,2.0,1.0
2022,REG,all,00-0022824,A.Lee,ARI,1,1,2.8644769557286054,8.205228229900218,1.0,28.01138162612915,1,0.0,0.0,0.0,1.0,1.0
2022,REG,all,00-0030288,R.Burkhead,HOU,1,1,-0.45197261590510607,0.20427924552810453,0.0,-65.9179151058197,1,0.0,0.0,0.0,1.0,0.0
2022,REG,all,00-0031381,D.Adams,LV,1,1,-1.8045640784548596,3.2564515132496363,0.0,0.0,0,1.0,0.0,0.0,1.0,0.0
2022,REG,all,00-0031544,A.Cooper,CLE,1,1,-4.980502444552258,24.805404600191014,0.0,-43.07703375816345,1,0.0,1.0,0.0,1.0,0.0
2022,REG,all,00-0032208,P.Dorsett,HOU,1,1,-0.536111096618697,0.2874151079177019,0.0,0.0,0,0.0,0.0,0.0,1.0,0.0
2022,REG,all,00-0032792,N.Sudfeld,DET,1,1,-0.8987278068009172,0.8077116707171869,0.0,0.0,0,1.0,0.0,0.0,1.0,0.0
2022,REG,all,00-0033280,C.McCaffrey,SF,1,1,3.771136244176887,14.221468572144557,1.0,67.72915422916412,1,0.0,0.0,1.0,1.0,1.0
2022,REG,all,00-0033555,M.Hollins,LV,1,1,0.05114959494676441,0.0026162810632180673,1.0,13.623565435409546,1,0.0,0.0,0.0,1.0,1.0
2022,REG,all,00-0033856,L.Fournette,TB,1,1,-4.726016435190104,22.335231345686978,0.0,-44.61696743965149,1,0.0,1.0,0.0,1.0,0.0
2022,REG,all,00-0033893,D.Cook,MIN,1,1,-6.88789240695769,47.443061809825394,0.0,0.0,0,1.0,0.0,0.0,1.0,0.0
2022,REG,all,00-0033908,C.Kupp,LA,1,1,-0.46752027643378824,0.21857520887672577,0.0,-32.619112730026245,1,0.0,0.0,0.0,1.0,0.0
2022,REG,all,00-0034418,C.Wilson,MIA,1,1,-1.2526237178826705,1.569066178602204,0.0,0.0,0,1.0,0.0,0.0,1.0,0.0
2022,REG,all,00-0034419,B.Berrios,NYJ,1,1,1.1844526951317675,1.402928187004908,1.0,45.990824699401855,1,0.0,0.0,1.0,1.0,1.0
2022,REG,all,00-0034775,C.Kirk,JAX,1,1,-0.32680640323087573,0.10680242519270175,0.0,-83.19438695907593,1,0.0,0.0,0.0,1.0,0.0
2022,REG,all,00-0035042,J.Gillan,NYG,1,1,-3.9164693378843367,15.338732074588174,0.0,0.0,0,1.0,0.0,0.0,1.0,0.0
2022,REG,all,00-0035156,J.Fox,DET,1,1,2.9525986034423113,8.717838513049488,1.0,29.420161247253418,1,0.0,0.0,0.0,1.0,1.0
2022,REG,all,00-0035889,T.Townsend,KC,1,1,-3.5175859160954133,12.373410677112808,0.0,-80.67699074745178,1,0.0,0.0,0.0,1.0,0.0
2022,REG,all,00-0036133,J.Proche,BAL,1,1,-4.042891675024293,16.344973095980738,0.0,-30.252352356910706,1,0.0,1.0,0.0,1.0,0.0
2022,REG,all,00-0036145,L.Cager,NYG,1,1,-0.8402121948311105,0.705956532342912,0.0,0.0,0,1.0,0.0,0.0,1.0,0.0
2022,REG,all,00-0036326,C.Claypool,PIT,1,1,2.553211367689073,6.518888288096707,1.0,60.102379322052,1,0.0,0.0,1.0,1.0,1.0
2022,REG,all,00-0036358,C.Lamb,DAL,1,1,-0.947,0.8968089999999999,0.0,0.0,0,0.0,0.0,0.0,1.0,0.0
2022,REG,all,00-0036425,D.Dallas,SEA,1,1,-4.867112466075923,23.688783757431654,0.0,-43.53819787502289,1,0.0,1.0,0.0,1.0,0.0
2022,REG,all,00-0036893,N.Harris,PIT,1,1,-0.06479255756130442,0.0041980755153349465,0.0,16.83255434036255,1,0.0,0.0,0.0,1.0,1.0
2022,REG,all,00-0036900,J.Chase,CIN,1,1,-1.6040139043470845,2.5728606053387777,0.0,0.0,0,1.0,0.0,0.0,1.0,0.0
2022,REG,all,00-0037740,G.Wilson,NYJ,1,1,-0.4925385075621307,0.24259418143153108,0.0,0.0,0,0.0,0.0,0.0,1.0,0.0
2022,REG,close,00-0036355,J.Herbert,LAC,17,561,-8.871958429194104,1278.6052672269627,256.0,588.6940240859985,498,31.0,10.0,18.0,546.0,354.0
2022,REG,close,00-0033873,P.Mahomes,KC,17,524,147.0068940163201,1192.897262546147,278.0,1971.0453420877457,439,17.0,7.0,27.0,492.0,320.0
2022,REG,close,00-0034857,J.Allen,BUF,16,518,125.90682014892373,1267.8973612945126,275.0,1086.6273805499077,431,27.0,10.0,28.0,477.0,292.0
2022,REG,close,00-0019596,T.Brady,TB,17,505,25.619454329937412,753.2815220184733,237.0,-71.76269739866257,466,17.0,3.0,11.0,503.0,320.0
2022,REG,close,00-0029263,R.Wilson,DEN,15,460,-47.36839247079066,998.187569550325,168.0,-375.09326934814453,369,45.0,8.0,10.0,439.0,238.0
2022,REG,close,00-0029604,K.Cousins,MIN,17,453,16.93022568533113,1098.5152742018586,215.0,917.0481324195862,399,26.0,6.0,19.0,447.0,280.0
2022,REG,close,00-0030565,G.Smith,SEA,17,451,30.984045223443466,1281.6820893739691,229.0,2186.967933177948,382,29.0,8.0,22.0,427.0,280.0
2022,REG,close,00-0036442,J.Burrow,CIN,16,425,74.24516475870323,1105.4218663329088,216.0,401.01213306188583,373,20.0,8.0,21.0,406.0,256.0
2022,REG,close,00-0035710,D.Jones,NYG,16,418,19.702012188546096,793.0463543121813,192.0,416.1788582801819,322,34.0,4.0,10.0,375.0,228.0
2022,REG,close,00-0031280,D.Carr,LV,15,409,14.11309845398817,1107.5014940880078,164.0,-1457.466246187687,354,23.0,8.0,17.0,399.0,221.0
2022,REG,close,00-0033106,J.Goff,DET,17,405,73.99333498686455,1039.8171659145523,199.0,-367.48650819063187,368,11.0,6.0,19.0,396.0,255.0
2022,REG,close,00-0036971,T.Lawrence,JAX,17,405,30.08327208410244,827.6009813543101,193.0,-203.13723385334015,356,18.0,6.0,10.0,392.0,239.0
2022,REG,close,00-0023459,A.Rodgers,GB,17,398,-26.028468440476026,1038.974812544869,179.0,-172.56049662828445,351,25.0,9.0,16.0,390.0,232.0
2022,REG,close,00-0036389,J.Hurts,PHI,15,360,63.24407298593337,1130.5409525843027,175.0,930.4269596934319,297,21.0,4.0,15.0,333.0,210.0
2022,REG,close,00-0036972,M.Jones,NE,14,347,-8.303273260776013,765.8609067318055,149.0,161.33361160755157,293,24.0,7.0,10.0,333.0,204.0
2022,REG,close,00-0026143,M.Ryan,IND,12,346,-11.687154978007346,866.505724597454,150.0,202.5258332490921,293,29.0,7.0,9.0,339.0,211.0
2022,REG,close,00-0036898,D.Mills,HOU,15,337,-38.64007719893423,751.1728239958089,124.0,-1244.311462342739,298,17.0,9.0,11.0,328.0,188.0
2022,REG,close,00-0034796,L.Jackson,BAL,12,333,20.2715382555102,689.882882887252,156.0,-25.37117600440979,270,21.0,5.0,15.0,307.0,179.0
2022,REG,close,00-0036945,J.Fields,CHI,15,324,-12.963403145504968,857.5172980052665,137.0,-759.8360285162926,216,42.0,8.0,9.0,271.0,136.0
2022,REG,close,00-0033077,D.Prescott,DAL,12,322,15.795049372545092,973.6687163069662,160.0,84.56907719373703,293,15.0,12.0,18.0,312.0,199.0
2022,REG,close,00-0038102,K.Pickett,PIT,13,312,10.921581863827628,587.4843338394176,136.0,-90.83915799856186,258,17.0,6.0,6.0,293.0,169.0
2022,REG,close,00-0033119,J.Brissett,CLE,12,303,27.847091445530165,575.1528420275614,140.0,1279.136462509632,259,17.0,5.0,8.0,288.0,182.0
2022,REG,close,00-0036212,T.Tagovailoa,MIA,13,282,51.67596275157457,822.8476604040304,130.0,134.24088060855865,253,13.0,6.0,16.0,274.0,168.0
2022,REG,close,00-0027973,A.Dalton,NO,14,264,5.925634990436685,777.9472315340977,129.0,455.9952035546303,233,16.0,6.0,13.0,260.0,165.0
2022,REG,close,00-0029701,R.Tannehill,TEN,12,260,49.82831595629646,633.1632326742161,131.0,1010.0844502449036,225,21.0,2.0,10.0,251.0,160.0
2022,REG,close,00-0032268,M.Mariota,ATL,13,246,3.4498343829500033,612.9384720817353,115.0,-396.21601700782776,208,16.0,7.0,8.0,230.0,131.0
2022,REG,close,00-0035228,K.Murray,ARI,11,246,-12.275441089443301,492.5161952254363,107.0,-112.13581264019012,203,14.0,5.0,5.0,227.0,143.0
2022,REG,close,00-0031800,T.Heinicke,WAS,9,240,-23.93216980200897,698.0056120584854,99.0,82.93053954839706,200,18.0,5.0,9.0,229.0,128.0
2022,REG,close,00-0031345,J.Garoppolo,SF,11,234,34.06186925516128,535.2583860774628,112.0,-380.025389790535,217,13.0,3.0,11.0,232.0,145.0
2022,REG,close,00-0037013,Z.Wilson,NYJ,9,232,-30.671418482639083,539.52770033569,88.0,-1207.7500134706497,185,19.0,4.0,4.0,220.0,108.0
2022,REG,close,00-0026498,M.Stafford,LA,9,221,-16.488970703073914,655.5395175424335,102.0,-128.8095161318779,191,20.0,3.0,7.0,216.0,132.0
2022,REG,close,00-0033869,M.Trubisky,PIT,7,160,-6.047271127388763,369.717437435191,70.0,534.124830365181,146,8.0,5.0,2.0,157.0,101.0
2022,REG,close,00-0032950,C.Wentz,WAS,7,157,-24.895872857740823,418.8451574340322,59.0,-490.0451272726059,128,16.0,6.0,7.0,152.0,81.0
2022,REG,close,00-0033537,D.Watson,CLE,6,141,-16.600309621934187,395.5125173669217,57.0,-568.3117479085922,114,12.0,4.0,5.0,135.0,71.0
2022,REG,close,00-0037834,B.Purdy,SF,6,135,21.251620206700547,270.9580670488858,66.0,-264.68194127082825,121,8.0,3.0,9.0,132.0,82.0
2022,REG,close,00-0034855,B.Mayfield,CAR,6,126,-50.82923185293893,316.54975892024703,39.0,-1304.916074872017,106,7.0,4.0,2.0,119.0,62.0
2022,REG,close,00-0035993,T.Huntley,BAL,5,116,0.45274867967156407,187.06956493333558,51.0,506.6037029027939,95,5.0,3.0,2.0,101.0,69.0
2022,REG,close,00-0026158,J.Flacco,NYJ,5,114,-14.706921704256507,275.46735837925445,43.0,-426.7706587910652,101,8.0,1.0,3.0,113.0,61.0
2022,REG,close,00-0027688,C.McCoy,ARI,4,111,-18.662692670532554,268.15650076675945,47.0,199.2105633020401,99,7.0,3.0,1.0,107.0,70.0
2022,REG,close,00-0034869,S.Darnold,CAR,6,108,6.572209163662843,265.3002694078743,48.0,426.74107253551483,82,5.0,3.0,6.0,101.0,55.0
2022,REG,close,00-0033662,C.Rush,DAL,5,94,4.255697211315297,236.89236495475896,42.0,-161.5374207496643,86,5.0,1.0,4.0,93.0,56.0
2022,REG,close,00-0034401,M.White,NYJ,4,94,3.257915504893738,274.07884942694113,39.0,-522.9587256908417,87,4.0,3.0,3.0,94.0,53.0
2022,REG,close,00-0033275,P.Walker,CAR,5,88,-7.926586163431051,273.90934853171495,30.0,-561.3790705800056,82,4.0,1.0,2.0,87.0,50.0
2022,REG,close,00-0034955,B.Rypien,DEN,3,84,-23.36928827075477,165.29847318947353,32.0,-191.3580358028412,74,8.0,3.0,1.0,83.0,46.0
2022,REG,close,00-0038122,D.Ridder,ATL,4,79,-9.487618366479175,163.50766760327653,31.0,176.92700624465942,66,5.0,0.0,2.0,73.0,46.0
2022,REG,close,00-0034855,B.Mayfield,LA,5,72,-7.254520204866926,135.8633596130625,26.0,-65.0911420583725,56,10.0,1.0,2.0,70.0,37.0
2022,REG,close,00-0037327,S.Thompson,MIA,4,72,-23.870805640350405,126.49609941964763,19.0,-338.03088814020157,61,3.0,2.0,0.0,69.0,37.0
2022,REG,close,00-0031237,T.Bridgewater,MIA,5,71,-11.53442305927888,221.3751933080989,30.0,-77.70747691392899,59,6.0,3.0,2.0,69.0,36.0
2022,REG,close,00-0038128,M.Willis,TEN,4,67,-32.72202056448441,149.781761962326,19.0,-383.2679212093353,44,10.0,3.0,0.0,61.0,27.0
2022,REG,close,00-0031503,J.Winston,NO,3,63,-13.19447017766328,107.8754018553108,24.0,-87.81318068504333,52,7.0,3.0,1.0,60.0,33.0
2022,REG,close,00-0035040,D.Blough,ARI,2,60,2.283385680857558,148.43328093338002,23.0,113.9712780714035,52,4.0,1.0,2.0,58.0,36.0
2022,REG,close,00-0035146,T.McSorley,ARI,2,56,-27.36630305610487,130.92187541076467,12.0,-735.8969405293465,48,2.0,2.0,0.0,54.0,26.0
2022,REG,close,00-0036879,S.Ehlinger,IND,3,54,-16.698535874946504,199.52139948319294,19.0,-106.31228983402252,43,6.0,1.0,1.0,50.0,28.0
2022,REG,close,00-0034899,J.Wolford,LA,2,53,-21.32362226465719,103.2995309745863,18.0,-489.42096531391144,43,5.0,2.0,0.0,49.0,24.0
2022,REG,close,00-0035289,G.Minshew II,PHI,2,51,3.5551963897312726,182.39548043576073,24.0,27.58142352104187,41,3.0,3.0,2.0,49.0,27.0
2022,REG,close,00-0038108,B.Zappe,NE,4,51,6.67033976332126,160.29939631401177,25.0,222.7738916873932,43,4.0,1.0,2.0,50.0,31.0
2022,REG,close,00-0035264,J.Stidham,LV,2,48,6.364820272038802,209.22304202678373,28.0,302.6798367500305,38,2.0,3.0,3.0,42.0,27.0
2022,REG,close,00-0033949,J.Dobbs,TEN,2,42,-0.9717351765782887,138.89044455587361,21.0,110.31417548656464,34,4.0,1.0,1.0,40.0,23.0
2022,REG,close,00-0034577,K.Allen,HOU,2,29,-18.149679226750436,54.27382549716188,8.0,-471.32015228271484,28,1.0,1.0,0.0,29.0,14.0
2022,REG,close,00-0029567,N.Foles,IND,2,28,-16.992822690127717,131.796213040173,8.0,-160.35287082195282,23,3.0,3.0,0.0,27.0,13.0
2022,REG,close,00-0037012,T.Lance,SF,2,24,-4.473376665838186,74.54729965533608,8.0,-120.34842073917389,18,2.0,1.0,0.0,22.0,11.0
2022,REG,close,00-0033357,T.Hill,NO,10,18,7.358701992207944,46.65259237280067,9.0,89.67323005199432,15,2.0,0.0,2.0,18.0,10.0
2022,REG,close,00-0032436,J.Driskel,HOU,4,17,2.2584752550465055,28.6989873725028,8.0,-76.85639262199402,14,1.0,0.0,1.0,16.0,10.0
2022,REG,close,00-0032156,T.Siemian,CHI,1,15,2.903747067367138,43.86508521344435,5.0,14.424458146095276,12,2.0,0.0,1.0,15.0,8.0
2022,REG,close,00-0037077,S.Howell,WAS,1,14,-5.535870963689482,64.01345890013017,5.0,31.562215089797974,10,2.0,1.0,1.0,13.0,7.0
2022,REG,close,00-0035939,B.Perkins,LA,3,11,-2.1775003771763295,21.66165310918434,4.0,-102.49642133712769,6,2.0,0.0,0.0,8.0,3.0
2022,REG,close,00-0033958,N.Peterman,CHI,2,10,-4.84485544229392,19.281585337685797,3.0,-87.7562552690506,8,1.0,0.0,0.0,9.0,4.0
2022,REG,close,00-0037175,A.Brown,BAL,2,9,-7.367435866501182,22.006174139093982,1.0,-95.16673386096954,8,1.0,1.0,0.0,9.0,4.0
2022,REG,close,00-0027948,B.Gabbert,TB,1,8,0.2152441979269497,10.419029346022661,3.0,27.921953797340393,8,0.0,0.0,1.0,8.0,6.0
2022,REG,close,00-0026544,C.Daniel,LAC,2,7,-2.1098301132346364,3.036171693101382,1.0,-241.44083559513092,5,1.0,0.0,0.0,7.0,1.0
2022,REG,close,00-0026625,B.Hoyer,NE,1,7,-2.126523873504231,12.267097896423708,3.0,77.7132660150528,6,1.0,0.0,0.0,7.0,5.0
2022,REG,close,00-0028118,T.Taylor,NYG,1,5,2.2942787907086313,9.408851497635645,3.0,-71.83064222335815,3,0.0,1.0,0.0,3.0,1.0
2022,REG,close,00-0033550,D.Webb,NYG,1,4,-4.333108765073121,5.500237499375041,0.0,-93.61578524112701,3,0.0,0.0,0.0,4.0,1.0
2022,REG,close,00-0032764,D.Henry,TEN,1,2,0.46645660075591877,2.5848970978483887,1.0,67.87160038948059,2,0.0,0.0,1.0,2.0,2.0
2022,REG,close,00-0032943,R.Dixon,LA,2,2,5.386753983795643,14.52051556195293,2.0,54.47498559951782,2,0.0,0.0,0.0,2.0,2.0
2022,REG,close,00-0033009,T.Boyd,CIN,2,2,0.6072884440654889,17.17070603206359,1.0,57.54803717136383,1,1.0,0.0,0.0,2.0,1.0
2022,REG,close,00-0036313,B.Mann,NYJ,2,2,0.8920440872316249,23.030922861478125,1.0,35.23755669593811,1,0.0,0.0,0.0,2.0,1.0
2022,REG,close,00-0036322,J.Jefferson,MIN,2,2,1.1163398461649194,0.6370515162935122,2.0,27.911782264709473,1,0.0,0.0,0.0,1.0,1.0
2022,REG,close,00-0022824,A.Lee,ARI,1,1,2.8644769557286054,8.205228229900218,1.0,28.01138162612915,1,0.0,0.0,0.0,1.0,1.0
2022,REG,close,00-0030288,R.Burkhead,HOU,1,1,-0.45197261590510607,0.20427924552810453,0.0,-65.9179151058197,1,0.0,0.0,0.0,1.0,0.0
2022,REG,close,00-0031544,A.Cooper,CLE,1,1,-4.980502444552258,24.805404600191014,0.0,-43.07703375816345,1,0.0,1.0,0.0,1.0,0.0
2022,REG,close,00-0032208,P.Dorsett,HOU,1,1,-0.536111096618697,0.2874151079177019,0.0,0.0,0,0.0,0.0,0.0,1.0,0.0
2022,REG,close,00-0033280,C.McCaffrey,SF,1,1,3.771136244176887,14.221468572144557,1.0,67.72915422916412,1,0.0,0.0,1.0,1.0,1.0
2022,REG,close,00-0033893,D.Cook,MIN,1,1,-6.88789240695769,47.443061809825394,0.0,0.0,0,1.0,0.0,0.0,1.0,0.0
2022,REG,close,00-0034418,C.Wilson,MIA,1,1,-1.2526237178826705,1.569066178602204,0.0,0.0,0,1.0,0.0,0.0,1.0,0.0
2022,REG,close,00-0034419,B.Berrios,NYJ,1,1,1.1844526951317675,1.402928187004908,1.0,45.990824699401855,1,0.0,0.0,1.0,1.0,1.0
2022,REG,close,00-0034775,C.Kirk,JAX,1,1,-0.32680640323087573,0.10680242519270175,0.0,-83.19438695907593,1,0.0,0.0,0.0,1.0,0.0
2022,REG,close,00-0035156,J.Fox,DET,1,1,2.9525986034423113,8.717838513049488,1.0,29.420161247253418,1,0.0,0.0,0.0,1.0,1.0
2022,REG,close,00-0035889,T.Townsend,KC,1,1,-3.5175859160954133,12.373410677112808,0.0,-80.67699074745178,1,0.0,0.0,0.0,1.0,0.0
2022,REG,close,00-0036133,J.Proche,BAL,1,1,-4.042891675024293,16.344973095980738,0.0,-30.252352356910706,1,0.0,1.0,0.0,1.0,0.0
2022,REG,close,00-0036326,C.Claypool,PIT,1,1,2.553211367689073,6.518888288096707,1.0,60.102379322052,1,0.0,0.0,1.0,1.0,1.0
2022,REG,close,00-0036893,N.Harris,PIT,1,1,-0.06479255756130442,0.0041980755153349465,0.0,16.83255434036255,1,0.0,0.0,0.0,1.0,1.0
2022,REG,close,00-0037500,R.Wright,MIN,1,1,3.3623869362054393,11.305645908765001,1.0,40.4474675655365,1,0.0,0.0,0.0,1.0,1.0
2022,REG,clutch,00-0031280,D.Carr,LV,11,82,-3.204736144946334,247.9706458547861,27.0,-740.3648242354393,69,3.0,2.0,4.0,80.0,33.0
2022,REG,clutch,00-0019596,T.Brady,TB,9,65,14.399669099918404,79.52080463722442,30.0,77.8047114610672,57,3.0,0.0,4.0,65.0,40.0
2022,REG,clutch,00-0026143,M.Ryan,IND,8,65,11.900041040081646,106.27046988019138,32.0,336.69357001781464,54,8.0,0.0,3.0,64.0,40.0
2022,REG,clutch,00-0036355,J.Herbert,LAC,12,65,-1.5177078890799738,111.44860300227674,27.0,240.8888816833496,56,3.0,2.0,3.0,64.0,40.0
2022,REG,clutch,00-0036971,T.Lawrence,JAX,9,61,-5.551958838083343,106.88159758648314,26.0,-119.0487951040268,52,2.0,3.0,2.0,58.0,31.0
2022,REG,clutch,00-0029604,K.Cousins,MIN,9,59,12.0813302244805,135.59505411720653,25.0,-53.089919686317444,48,5.0,0.0,3.0,57.0,30.0
2022,REG,clutch,00-0034857,J.Allen,BUF,9,50,8.827613110974198,76.70383760231336,28.0,-15.313853323459625,42,1.0,1.0,2.0,44.0,26.0
2022,REG,clutch,00-0036442,J.Burrow,CIN,9,45,13.806859006787676,131.90955558240978,22.0,451.65913105010986,39,2.0,0.0,5.0,43.0,29.0
2022,REG,clutch,00-0036898,D.Mills,HOU,6,43,0.6408333453293888,99.96625914850496,16.0,-65.47425538301468,35,2.0,2.0,2.0,43.0,22.0
2022,REG,clutch,00-0029263,R.Wilson,DEN,10,42,-13.176017062180637,82.95837544300065,19.0,11.371269822120667,27,5.0,2.0,0.0,38.0,18.0
2022,REG,clutch,00-0033119,J.Brissett,CLE,6,42,0.5028057057098749,83.22950049731156,17.0,-273.5853672027588,36,3.0,3.0,1.0,40.0,21.0
2022,REG,clutch,00-0023459,A.Rodgers,GB,9,41,-2.7436233555573613,77.75299271682378,18.0,-118.6534970998764,36,2.0,1.0,1.0,41.0,21.0
2022,REG,clutch,00-0035228,K.Murray,ARI,4,40,-0.5869480099498761,51.100944778546214,16.0,-399.30896759033203,32,3.0,0.0,0.0,36.0,19.0
2022,REG,clutch,00-0036945,J.Fields,CHI,8,40,-28.754310942371376,106.5847444742269,8.0,-386.53001487255096,29,8.0,2.0,0.0,37.0,16.0
2022,REG,clutch,00-0033873,P.Mahomes,KC,10,39,-3.88912431586778,61.25465727950259,17.0,-243.7813639640808,31,1.0,2.0,1.0,35.0,19.0
2022,REG,clutch,00-0031800,T.Heinicke,WAS,6,35,13.204369475803105,65.02439401150015,20.0,427.2031635046005,29,2.0,0.0,1.0,32.0,22.0
2022,REG,clutch,00-0035710,D.Jones,NYG,7,35,-1.3605803232791986,28.4173795968623,15.0,-180.86162209510803,27,2.0,1.0,1.0,32.0,17.0
2022,REG,clutch,00-0038102,K.Pickett,PIT,7,35,3.4745380006497726,95.970235396833,18.0,287.11509704589844,32,1.0,4.0,2.0,35.0,23.0
2022,REG,clutch,00-0033106,J.Goff,DET,8,30,13.04019344181466,102.38695436270542,16.0,-246.81645929813385,30,0.0,1.0,1.0,30.0,18.0
2022,REG,clutch,00-0030565,G.Smith,SEA,8,29,3.730098867061315,48.29796424709435,15.0,-57.03893601894379,23,4.0,1.0,1.0,27.0,15.0
2022,REG,clutch,00-0032268,M.Mariota,ATL,10,27,-3.9318160348260056,130.76702100963755,13.0,-172.78794944286346,21,3.0,3.0,1.0,26.0,10.0
2022,REG,clutch,00-0033077,D.Prescott,DAL,5,26,4.769544668309118,29.245397242012825,14.0,65.51567614078522,21,1.0,0.0,1.0,23.0,15.0
2022,REG,clutch,00-0027973,A.Dalton,NO,5,23,-4.026271006535907,22.261011056985783,9.0,-362.7346843481064,20,2.0,0.0,0.0,23.0,9.0
2022,REG,clutch,00-0034796,L.Jackson,BAL,7,23,-7.415325919856078,112.48211975487128,11.0,10.250236093997955,18,1.0,2.0,1.0,21.0,12.0
2022,REG,clutch,00-0036972,M.Jones,NE,6,23,4.01232755022659,37.75770912119424,10.0,64.35173451900482,17,2.0,0.0,1.0,22.0,11.0
2022,REG,clutch,00-0032950,C.Wentz,WAS,2,22,3.3536943970394786,41.62511667927771,13.0,-47.00632691383362,19,0.0,1.0,1.0,21.0,12.0
2022,REG,clutch,00-0037013,Z.Wilson,NYJ,4,22,2.9964185874839675,19.203946929025136,9.0,119.56928372383118,18,4.0,0.0,1.0,22.0,11.0
2022,REG,clutch,00-0026158,J.Flacco,NYJ,2,18,-0.4261917796684429,26.670184326160854,6.0,-48.27539026737213,16,0.0,0.0,1.0,18.0,10.0
2022,REG,clutch,00-0029701,R.Tannehill,TEN,6,18,2.7558925712634386,28.627449065772073,7.0,50.10909140110016,16,2.0,0.0,0.0,18.0,12.0
2022,REG,clutch,00-0034401,M.White,NYJ,2,18,-7.675778974342393,68.40604277079251,6.0,-404.1075438261032,17,0.0,1.0,0.0,18.0,6.0
2022,REG,clutch,00-0034955,B.Rypien,DEN,2,17,-4.427665907423943,21.06296573244459,5.0,-91.7724609375,17,0.0,1.0,0.0,17.0,9.0
2022,REG,clutch,00-0038128,M.Willis,TEN,2,16,-8.329795910103712,37.006233000130266,3.0,-200.51864385604858,9,3.0,2.0,0.0,16.0,4.0
2022,REG,clutch,00-0033869,M.Trubisky,PIT,4,15,0.504048702960108,63.83973307724474,9.0,49.165695905685425,15,0.0,0.0,0.0,15.0,10.0
2022,REG,clutch,00-0035993,T.Huntley,BAL,2,14,4.227040080237202,8.164607945871353,9.0,95.48090696334839,12,1.0,1.0,0.0,13.0,10.0
2022,REG,clutch,00-0036879,S.Ehlinger,IND,2,13,-2.727477320464791,1.967380640791316,1.0,-187.11683452129364,10,0.0,0.0,0.0,11.0,5.0
2022,REG,clutch,00-0037834,B.Purdy,SF,3,13,4.429827070413996,19.046424594168002,7.0,-36.12960875034332,11,1.0,0.0,0.0,12.0,7.0
2022,REG,clutch,00-0033537,D.Watson,CLE,1,12,-2.001178877078928,14.430071877267327,4.0,-97.93926477432251,10,2.0,0.0,0.0,12.0,5.0
2022,REG,clutch,00-0036212,T.Tagovailoa,MIA,6,12,0.1145181744650472,19.173277532414616,5.0,-50.22936761379242,12,0.0,1.0,1.0,12.0,7.0
2022,REG,clutch,00-0035289,G.Minshew II,PHI,1,11,-5.371813339006621,30.528374230762193,4.0,-60.301610827445984,9,0.0,1.0,0.0,11.0,5.0
2022,REG,clutch,00-0031345,J.Garoppolo,SF,2,10,-5.711324355972465,31.65894565955549,4.0,-44.085693359375,9,1.0,1.0,0.0,10.0,6.0
2022,REG,clutch,00-0036389,J.Hurts,PHI,6,10,-9.307661567550191,67.52430654359495,3.0,-64.42818343639374,8,1.0,0.0,0.0,10.0,5.0
2022,REG,clutch,00-0034855,B.Mayfield,LA,2,9,5.522250692243688,21.73020417666096,4.0,69.79144215583801,8,1.0,0.0,1.0,9.0,6.0
2022,REG,clutch,00-0038122,D.Ridder,ATL,2,9,-0.5719345966354012,10.994028402850194,4.0,32.56543576717377,8,0.0,0.0,0.0,8.0,6.0
2022,REG,clutch,00-0033275,P.Walker,CAR,2,8,4.002551241632318,66.99945476596955,3.0,-100.89501589536667,7,1.0,0.0,1.0,8.0,3.0
2022,REG,clutch,00-0033662,C.Rush,DAL,2,8,-0.35907944303471595,5.262854254049845,4.0,56.19835555553436,8,0.0,0.0,0.0,8.0,6.0
2022,REG,clutch,00-0034869,S.Darnold,CAR,2,8,-8.55024131940445,47.36137767266668,3.0,16.641205549240112,5,2.0,1.0,0.0,7.0,3.0
2022,REG,clutch,00-0034855,B.Mayfield,CAR,2,7,2.1002418166026473,12.004700525940255,3.0,67.51853823661804,6,1.0,0.0,0.0,7.0,5.0
2022,REG,clutch,00-0031237,T.Bridgewater,MIA,2,6,-9.034044215470086,55.85109557184933,1.0,-53.11075150966644,4,0.0,1.0,0.0,5.0,2.0
2022,REG,clutch,00-0031503,J.Winston,NO,2,6,7.844249912392115,15.081313442558988,5.0,217.64449775218964,6,0.0,1.0,1.0,6.0,5.0
2022,REG,clutch,00-0034899,J.Wolford,LA,1,6,-2.5164507376903202,5.980659989317201,1.0,-108.1520140171051,5,1.0,1.0,0.0,6.0,2.0
2022,REG,clutch,00-0035146,T.McSorley,ARI,1,6,-1.3936604807968251,1.0601649062640373,1.0,-48.72208535671234,5,0.0,1.0,0.0,6.0,3.0
2022,REG,clutch,00-0033949,J.Dobbs,TEN,1,5,-8.971324617508799,58.349536358326645,1.0,84.01488661766052,3,2.0,0.0,0.0,5.0,3.0
2022,REG,clutch,00-0035264,J.Stidham,LV,1,5,2.2939440067968313,12.234933958674194,3.0,72.06508219242096,4,0.0,0.0,0.0,5.0,3.0
2022,REG,clutch,00-0026544,C.Daniel,LAC,1,3,-1.865058507421054,1.3099292093960364,0.0,-97.06513583660126,3,0.0,0.0,0.0,3.0,1.0
2022,REG,clutch,00-0037327,S.Thompson,MIA,1,3,1.5801616498501971,2.3504761273807486,2.0,73.28862249851227,2,0.0,0.0,0.0,2.0,2.0
2022,REG,clutch,00-0026498,M.Stafford,LA,2,2,-3.961148021800909,15.622261104659355,0.0,57.15831518173218,2,0.0,0.0,0.0,2.0,2.0
2022,REG,clutch,00-0032436,J.Driskel,HOU,1,1,0.5122626878437586,0.26241306135691206,1.0,14.270925521850586,1,0.0,0.0,0.0,1.0,1.0
2022,REG,clutch,00-0034775,C.Kirk,JAX,1,1,-0.32680640323087573,0.10680242519270175,0.0,-83.19438695907593,1,0.0,0.0,0.0,1.0,0.0
2022,REG,clutch,00-0038108,B.Zappe,NE,1,1,-0.3368534732144326,0.11347026241662646,0.0,26.149296760559082,1,0.0,0.0,0.0,1.0,1.0
2022,REG,late,00-0019596,T.Brady,TB,13,102,29.62754705715559,133.11367449599095,52.0,481.6967338323593,91,4.0,0.0,8.0,102.0,67.0
2022,REG,late,00-0036898,D.Mills,HOU,13,99,-14.812842252589135,314.5671656897216,37.0,-386.21599823236465,83,6.0,5.0,3.0,96.0,50.0
2022,REG,late,00-0036355,J.Herbert,LAC,14,91,4.881497154657337,177.06973337800426,39.0,419.30346488952637,80,3.0,2.0,5.0,89.0,58.0
2022,REG,late,00-0031280,D.Carr,LV,11,88,-2.238139327481258,253.56600820461952,30.0,-707.5646862387657,74,3.0,2.0,5.0,86.0,36.0
2022,REG,late,00-0029604,K.Cousins,MIN,12,80,18.484023794708328,170.00965187608614,38.0,142.67771542072296,66,6.0,0.0,4.0,77.0,44.0
2022,REG,late,00-0026143,M.Ryan,IND,11,76,-2.099857353440371,179.1956586543526,36.0,324.9270558357239,63,9.0,2.0,3.0,75.0,46.0
2022,REG,late,00-0023459,A.Rodgers,GB,14,74,-5.271115621531347,120.70597238292885,30.0,-184.80189442634583,66,3.0,1.0,2.0,74.0,41.0
2022,REG,late,00-0032950,C.Wentz,WAS,7,72,-3.6828223521586043,112.16030074052463,32.0,-267.892587184906,62,3.0,2.0,2.0,69.0,39.0
2022,REG,late,00-0033106,J.Goff,DET,15,72,8.985180197082382,211.62990215869058,35.0,-320.90311646461487,66,4.0,1.0,5.0,71.0,40.0
2022,REG,late,00-0033119,J.Brissett,CLE,10,71,-1.3448845625933927,156.93656422693584,31.0,-436.95819675922394,62,5.0,3.0,3.0,68.0,35.0
2022,REG,late,00-0035228,K.Murray,ARI,8,68,-4.051717412431005,86.07812371865994,23.0,-387.6675218343735,52,6.0,1.0,1.0,61.0,33.0
2022,REG,late,00-0030565,G.Smith,SEA,16,67,23.44676704876474,148.98703878943536,38.0,442.24511981010437,55,6.0,1.0,5.0,62.0,40.0
2022,REG,late,00-0035710,D.Jones,NYG,10,65,-4.2204706786778425,75.09288956340389,27.0,-311.7218643426895,48,6.0,1.0,3.0,61.0,30.0
2022,REG,late,00-0036971,T.Lawrence,JAX,11,63,-2.8158946157044116,120.16382376901869,27.0,-53.989267349243164,53,2.0,3.0,3.0,60.0,32.0
2022,REG,late,00-0036945,J.Fields,CHI,12,59,-34.18131430383073,153.68921849749125,16.0,-333.06175768375397,46,9.0,4.0,1.0,56.0,27.0
2022,REG,late,00-0034857,J.Allen,BUF,12,58,11.091711809022863,101.3998547032465,31.0,10.569719970226288,49,2.0,1.0,3.0,52.0,30.0
2022,REG,late,00-0038102,K.Pickett,PIT,10,57,-1.5651119784596377,128.59480674020855,28.0,441.8358117341995,49,3.0,5.0,2.0,57.0,35.0
2022,REG,late,00-0029263,R.Wilson,DEN,12,56,-23.22035447295146,105.94011800454402,21.0,-316.6746959090233,38,6.0,2.0,1.0,51.0,20.0
2022,REG,late,00-0036442,J.Burrow,CIN,12,55,16.620040543816543,148.43598940787223,29.0,555.6196689605713,49,2.0,0.0,6.0,53.0,37.0
2022,REG,late,00-0027973,A.Dalton,NO,10,45,0.09332422548399344,74.14992676386238,20.0,-257.1409612894058,38,2.0,1.0,2.0,43.0,21.0
2022,REG,late,00-0033873,P.Mahomes,KC,13,45,-3.242337844213585,104.5411867944647,20.0,-271.72625064849854,35,1.0,3.0,1.0,39.0,21.0
2022,REG,late,00-0026158,J.Flacco,NYJ,4,42,3.391300724906614,100.63451707619524,16.0,-82.0203185081482,39,0.0,1.0,3.0,42.0,23.0
2022,REG,late,00-0036972,M.Jones,NE,10,41,-8.293030869002568,85.19450940437272,13.0,-228.98429334163666,31,5.0,2.0,1.0,39.0,17.0
2022,REG,late,00-0034401,M.White,NYJ,3,38,-11.44895448628801,91.44193182390849,17.0,-388.4648233652115,34,2.0,1.0,0.0,38.0,17.0
2022,REG,late,00-0033662,C.Rush,DAL,7,37,-11.815598352953966,49.19985404027694,12.0,-233.39223712682724,33,2.0,0.0,0.0,37.0,19.0
2022,REG,late,00-0032268,M.Mariota,ATL,10,36,6.91980469344042,157.41859348123975,20.0,70.68466544151306,29,3.0,3.0,3.0,34.0,17.0
2022,REG,late,00-0031800,T.Heinicke,WAS,6,35,13.204369475803105,65.02439401150015,20.0,427.2031635046005,29,2.0,0.0,1.0,32.0,22.0
2022,REG,late,00-0026498,M.Stafford,LA,6,33,-8.142023769207299,91.32681784412291,15.0,16.462385654449463,28,5.0,1.0,0.0,33.0,20.0
2022,REG,late,00-0029701,R.Tannehill,TEN,8,30,6.333239154655211,59.94177822047066,13.0,13.401627540588379,27,3.0,0.0,0.0,30.0,18.0
2022,REG,late,00-0033077,D.Prescott,DAL,7,29,3.751719076116297,34.022975025473556,15.0,121.09840214252472,23,2.0,0.0,2.0,26.0,17.0
2022,REG,late,00-0034855,B.Mayfield,CAR,7,29,1.2121951564187183,88.1877701523213,13.0,-176.82467103004456,25,3.0,2.0,1.0,29.0,15.0
2022,REG,late,00-0037327,S.Thompson,MIA,6,29,-2.896190376515733,54.557734252662605,13.0,-66.7838454246521,26,2.0,1.0,1.0,28.0,16.0
2022,REG,late,00-0037013,Z.Wilson,NYJ,5,28,9.616606190421189,55.297677326959615,12.0,207.91729092597961,22,5.0,0.0,2.0,28.0,14.0
2022,REG,late,00-0033537,D.Watson,CLE,3,27,-4.864223366137594,28.876834993713093,9.0,-198.09632003307343,20,5.0,0.0,0.0,26.0,11.0
2022,REG,late,00-0034796,L.Jackson,BAL,9,27,-11.91390776633354,122.21082971198355,12.0,18.133564293384552,21,2.0,3.0,1.0,25.0,14.0
2022,REG,late,00-0033869,M.Trubisky,PIT,5,26,8.364148108476048,90.7899546060203,16.0,103.16824615001678,26,0.0,0.0,1.0,26.0,17.0
2022,REG,late,00-0031345,J.Garoppolo,SF,6,25,-5.819417899183463,89.82677050483538,13.0,160.32491028308868,23,2.0,1.0,0.0,25.0,18.0
2022,REG,late,00-0037834,B.Purdy,SF,5,25,6.237876532800403,61.97222465579986,12.0,-137.93454766273499,21,2.0,1.0,0.0,23.0,12.0
2022,REG,late,00-0035146,T.McSorley,ARI,5,24,-10.560086468409281,54.04846615536764,8.0,-217.8102195262909,20,1.0,4.0,0.0,22.0,11.0
2022,REG,late,00-0035264,J.Stidham,LV,3,24,-3.4592561327625084,69.7070189023811,10.0,-101.78771615028381,20,2.0,0.0,0.0,24.0,12.0
2022,REG,late,00-0031503,J.Winston,NO,3,23,4.302372947073309,155.7941142643005,14.0,426.1592358350754,22,1.0,2.0,3.0,23.0,16.0
2022,REG,late,00-0036212,T.Tagovailoa,MIA,9,23,-6.961953305008739,89.89524295423222,11.0,-58.81688892841339,21,1.0,1.0,1.0,23.0,13.0
2022,REG,late,00-0034955,B.Rypien,DEN,3,22,-15.05135521601187,111.2194603520144,6.0,-309.7794979810715,22,0.0,2.0,0.0,22.0,10.0
2022,REG,late,00-0036879,S.Ehlinger,IND,4,22,-11.969792312820905,42.79497510782058,4.0,-360.34403145313263,17,1.0,1.0,0.0,19.0,8.0
2022,REG,late,00-0031237,T.Bridgewater,MIA,2,20,-6.189786152259214,91.24666401089797,9.0,1.0611474514007568,16,1.0,2.0,1.0,19.0,11.0
2022,REG,late,00-0035993,T.Huntley,BAL,3,18,0.5464967864681967,13.178011868120462,9.0,100.72368681430817,14,3.0,1.0,0.0,17.0,11.0
2022,REG,late,00-0034869,S.Darnold,CAR,3,17,-4.703080143313855,54.05347783915459,8.0,-36.402809619903564,13,2.0,1.0,0.0,15.0,8.0
2022,REG,late,00-0035289,G.Minshew II,PHI,4,17,-6.406401220941916,42.83639318206283,6.0,15.787115693092346,14,1.0,1.0,0.0,17.0,9.0
2022,REG,late,00-0038122,D.Ridder,ATL,4,17,3.5422373520273083,23.866173848635853,9.0,-2.5161713361740112,16,0.0,0.0,0.0,16.0,11.0
2022,REG,late,00-0033275,P.Walker,CAR,3,16,2.9577534619893413,75.74251774963494,8.0,9.374819695949554,13,3.0,0.0,1.0,16.0,8.0
2022,REG,late,00-0034899,J.Wolford,LA,2,16,2.051620593556436,17.341918462856647,9.0,157.3929339647293,14,2.0,1.0,1.0,16.0,11.0
2022,REG,late,00-0038128,M.Willis,TEN,2,16,-8.329795910103712,37.006233000130266,3.0,-200.51864385604858,9,3.0,2.0,0.0,16.0,4.0
2022,REG,late,00-0036264,J.Love,GB,4,15,-3.662819781938355,8.108596862425951,6.0,-138.22135031223297,15,0.0,0.0,0.0,15.0,9.0
2022,REG,late,00-0036389,J.Hurts,PHI,10,14,-9.621194571178425,72.70841251496086,4.0,-21.832600235939026,10,1.0,0.0,0.0,13.0,7.0
2022,REG,late,00-0033949,J.Dobbs,TEN,2,13,-12.211685586546082,68.64214433413355,4.0,-56.8970650434494,11,2.0,0.0,0.0,13.0,6.0
2022,REG,late,00-0034577,K.Allen,HOU,2,13,-0.4275935453041456,41.30877451916864,5.0,-45.67158222198486,10,0.0,1.0,1.0,13.0,6.0
2022,REG,late,00-0034855,B.Mayfield,LA,2,11,7.535967936419183,26.7674151453901,5.0,144.47677731513977,10,1.0,0.0,1.0,11.0,8.0
2022,REG,late,00-0035752,C.Streveler,NYJ,1,11,-4.457993917923886,14.329550871511417,4.0,93.54629814624786,8,0.0,0.0,0.0,8.0,6.0
2022,REG,late,00-0035939,B.Perkins,LA,2,10,-2.841725565434899,4.338145872670653,2.0,38.55177462100983,7,3.0,0.0,0.0,10.0,5.0
2022,REG,late,00-0028118,T.Taylor,NYG,1,9,6.96770781317912,29.933938801079687,7.0,131.1359941959381,4,2.0,0.0,1.0,7.0,4.0
2022,REG,late,00-0037012,T.Lance,SF,1,8,-5.936699444253463,14.230658606925013,2.0,-264.65767323970795,7,0.0,0.0,0.0,7.0,2.0
2022,REG,late,00-0033319,N.Mullens,MIN,2,7,8.01894650387112,20.397206670833,4.0,248.38316440582275,7,0.0,0.0,1.0,7.0,7.0
2022,REG,late,00-0036928,K.Trask,TB,1,7,-3.134299221681431,9.099459647306176,2.0,-74.22025799751282,6,0.0,0.0,0.0,7.0,3.0
2022,REG,late,00-0038108,B.Zappe,NE,2,7,-5.8182063911808655,30.01746910604951,2.0,-81.20442628860474,7,0.0,1.0,0.0,7.0,4.0
2022,REG,late,00-0027688,C.McCoy,ARI,1,6,-3.322569346113596,8.711539460326321,2.0,65.78007936477661,4,1.0,0.0,0.0,5.0,4.0
2022,REG,late,00-0029567,N.Foles,IND,1,6,-0.7128894382622093,3.4331366208213057,2.0,87.53785490989685,4,2.0,0.0,0.0,6.0,4.0
2022,REG,late,00-0033550,D.Webb,NYG,1,6,2.8112020515836775,11.795148847120263,2.0,149.8265653848648,6,0.0,0.0,1.0,6.0,5.0
2022,REG,late,00-0037175,A.Brown,BAL,1,6,-2.095587690186221,3.8948778094170535,2.0,76.10464096069336,6,0.0,0.0,0.0,6.0,5.0
2022,REG,late,00-0036226,J.Eason,CAR,1,5,-2.261281799641438,54.77569262665378,3.0,-26.57473087310791,5,0.0,1.0,0.0,5.0,3.0
2022,REG,late,00-0026544,C.Daniel,LAC,2,4,0.09487593296216801,5.15127221999633,1.0,-66.24809205532074,4,0.0,0.0,0.0,4.0,2.0
2022,REG,late,00-0033958,N.Peterman,CHI,1,4,-0.461854790977668,0.23961011628158174,1.0,75.47377347946167,3,0.0,1.0,0.0,4.0,3.0
2022,REG,late,00-0034177,T.Boyle,CHI,1,4,-2.083386675338261,1.1317271571699012,0.0,-253.0467450618744,4,0.0,1.0,0.0,4.0,0.0
2022,REG,late,00-0033936,C.Beathard,JAX,1,3,-4.1846463868860155,11.61171015219993,0.0,-28.14185619354248,3,0.0,0.0,0.0,3.0,2.0
2022,REG,late,00-0026197,C.Henne,KC,1,2,-1.8915138673619367,2.222003499955739,0.0,-139.2205834388733,2,0.0,0.0,0.0,2.0,0.0
2022,REG,late,00-0026300,J.Johnson,SF,1,2,-0.8358491185936145,12.607714775634081,1.0,-53.722769021987915,2,0.0,0.0,0.0,2.0,1.0
2022,REG,late,00-0032156,T.Siemian,CHI,1,1,-0.10554143716581166,0.01113899495902497,0.0,10.361742973327637,1,0.0,0.0,0.0,1.0,1.0
2022,REG,late,00-0032434,B.Allen,CIN,1,1,-0.7258482626320935,0.5268557003660285,0.0,13.842260837554932,1,0.0,0.0,0.0,1.0,1.0
2022,REG,late,00-0032436,J.Driskel,HOU,1,1,0.5122626878437586,0.26241306135691206,1.0,14.270925521850586,1,0.0,0.0,0.0,1.0,1.0
2022,REG,late,00-0032792,N.Sudfeld,DET,1,1,-0.8987278068009172,0.8077116707171869,0.0,0.0,0,1.0,0.0,0.0,1.0,0.0
2022,REG,late,00-0034775,C.Kirk,JAX,1,1,-0.32680640323087573,0.10680242519270175,0.0,-83.19438695907593,1,0.0,0.0,0.0,1.0,0.0
2022,REG,ot,00-0026143,M.Ryan,IND,3,20,3.6431846858879315,25.319929116640438,9.0,4.646387696266174,16,2.0,0.0,0.0,18.0,12.0
2022,REG,ot,00-0019596,T.Brady,TB,2,17,2.395822284859605,12.784922041645263,9.0,67.23416745662689,16,1.0,0.0,0.0,17.0,11.0
2022,REG,ot,00-0029604,K.Cousins,MIN,2,16,0.6782636168806548,19.79166222249979,8.0,36.781901121139526,13,3.0,0.0,0.0,16.0,9.0
2022,REG,ot,00-0033873,P.Mahomes,KC,2,15,2.4879578936999884,21.399329432796232,8.0,171.06618285179138,12,1.0,0.0,0.0,15.0,10.0
2022,REG,ot,00-0033869,M.Trubisky,PIT,1,12,0.3172030362457461,4.773465850116523,7.0,-58.87815058231354,12,0.0,0.0,0.0,12.0,7.0
2022,REG,ot,00-0035710,D.Jones,NYG,1,12,-0.09904156510981355,7.149832721386324,7.0,186.20922565460205,8,2.0,0.0,0.0,11.0,8.0
2022,REG,ot,00-0031280,D.Carr,LV,3,10,-1.1029981704195961,107.65722806529122,5.0,54.132628440856934,10,0.0,0.0,1.0,10.0,7.0
2022,REG,ot,00-0036442,J.Burrow,CIN,1,9,-0.03800421463753434,10.217371365817918,4.0,64.79460299015045,7,1.0,0.0,0.0,8.0,5.0
2022,REG,ot,00-0036898,D.Mills,HOU,2,8,-6.731925559171941,24.975314531422857,3.0,-12.682431936264038,4,2.0,0.0,0.0,7.0,3.0
2022,REG,ot,00-0023459,A.Rodgers,GB,2,7,4.644651660812087,12.241355239682283,5.0,90.7053291797638,7,0.0,0.0,0.0,7.0,6.0
2022,REG,ot,00-0033077,D.Prescott,DAL,2,7,-10.035145772388205,87.38137654212422,3.0,-183.2017958164215,7,0.0,1.0,0.0,7.0,3.0
2022,REG,ot,00-0036355,J.Herbert,LAC,1,7,-3.1874948768929947,1.9818225174491029,0.0,-144.73890662193298,7,0.0,0.0,0.0,7.0,3.0
2022,REG,ot,00-0030565,G.Smith,SEA,2,6,-2.1224671006202698,5.382364632924144,2.0,-155.0199329853058,5,0.0,0.0,0.0,6.0,2.0
2022,REG,ot,00-0034857,J.Allen,BUF,1,6,-0.7334122305037454,14.822784324122125,4.0,-27.70094871520996,4,0.0,1.0,0.0,4.0,2.0
2022,REG,ot,00-0035228,K.Murray,ARI,1,6,-2.3879306375747547,17.623843493860964,3.0,60.54564714431763,6,0.0,0.0,0.0,6.0,5.0
2022,REG,ot,00-0029263,R.Wilson,DEN,2,5,-2.599909257463878,24.247577385541074,2.0,-97.72625267505646,5,0.0,0.0,0.0,5.0,2.0
2022,REG,ot,00-0032268,M.Mariota,ATL,1,5,-3.3496379412245005,37.73943814823313,3.0,0.08510351181030273,5,0.0,1.0,0.0,5.0,3.0
2022,REG,ot,00-0035146,T.McSorley,ARI,1,4,-0.28860325925052166,7.154308661142618,1.0,-131.48736655712128,4,0.0,0.0,0.0,4.0,1.0
2022,REG,ot,00-0033119,J.Brissett,CLE,1,3,4.190034121798817,16.882810433128896,2.0,65.28631746768951,3,0.0,0.0,0.0,3.0,2.0
2022,REG,ot,00-0038128,M.Willis,TEN,1,3,-0.22126533184200525,3.1008254675092246,1.0,-68.9502477645874,1,2.0,0.0,0.0,3.0,0.0
2022,REG,ot,00-0031800,T.Heinicke,WAS,1,2,-2.2615988281322643,2.767848362175405,0.0,41.30879044532776,1,1.0,0.0,0.0,2.0,1.0
2022,REG,ot,00-0036971,T.Lawrence,JAX,1,2,-0.46756708389148116,0.4837235479026559,1.0,-49.36258792877197,2,0.0,0.0,0.0,2.0,1.0
2022,REG,ot,00-0034855,B.Mayfield,LA,1,1,-1.8464522219728678,3.409385808028541,0.0,-26.184767484664917,1,0.0,1.0,0.0,1.0,0.0
2022,REG,ot,00-0035264,J.Stidham,LV,1,1,-7.8304963366827,61.31667287880118,0.0,-40.014588832855225,1,0.0,1.0,0.0,1.0,0.0
2022,REG,ot,00-0038108,B.Zappe,NE,1,1,-1.4256627117283642,2.032514167612673,0.0,-67.85041093826294,1,0.0,0.0,0.0,1.0,0.0
2022,REG,q1,00-0036442,J.Burrow,CIN,16,183,26.260774492518372,520.8453371692719,95.0,545.0057074427605,162,10.0,3.0,7.0,176.0,117.0
2022,REG,q1,00-0033873,P.Mahomes,KC,17,179,55.00036992681919,346.5635621877916,95.0,592.65396296978,155,3.0,2.0,9.0,167.0,114.0
2022,REG,q1,00-0036389,J.Hurts,PHI,15,154,41.454566621977314,404.7952190262512,75.0,422.3126411437988,135,7.0,2.0,3.0,146.0,95.0
2022,REG,q1,00-0034857,J.Allen,BUF,16,153,42.15935867764693,459.0113804308101,82.0,172.838494181633,130,9.0,3.0,8.0,142.0,89.0
2022,REG,q1,00-0029604,K.Cousins,MIN,17,152,1.245163945410904,501.87245515545226,75.0,60.34058630466461,137,5.0,4.0,7.0,149.0,95.0
2022,REG,q1,00-0019596,T.Brady,TB,17,145,15.940035952131637,226.25406650008918,72.0,158.37632715702057,138,2.0,0.0,2.0,144.0,97.0
2022,REG,q1,00-0036355,J.Herbert,LAC,17,142,-6.573214057431353,388.400702129566,61.0,49.02108013629913,126,7.0,2.0,4.0,138.0,88.0
2022,REG,q1,00-0033106,J.Goff,DET,17,141,33.13727432693895,349.25839025336387,65.0,-38.644494116306305,128,2.0,1.0,7.0,138.0,88.0
2022,REG,q1,00-0023459,A.Rodgers,GB,17,134,-5.148534631041704,414.0107720380098,57.0,-566.0357624292374,121,9.0,3.0,6.0,131.0,76.0
2022,REG,q1,00-0030565,G.Smith,SEA,17,132,2.1634786676928357,399.21044379731075,59.0,462.98778653144836,112,8.0,3.0,7.0,125.0,77.0
2022,REG,q1,00-0031280,D.Carr,LV,15,131,-0.006481204732240009,455.246356490953,51.0,6.446105241775513,113,9.0,3.0,5.0,128.0,75.0
2022,REG,q1,00-0035710,D.Jones,NYG,16,130,-0.96238203899056,193.4884221804723,60.0,-10.571333765983582,100,13.0,0.0,2.0,117.0,70.0
2022,REG,q1,00-0036971,T.Lawrence,JAX,17,126,11.52888915299797,239.7016706427287,63.0,200.83648264408112,112,7.0,0.0,4.0,123.0,80.0
2022,REG,q1,00-0029263,R.Wilson,DEN,15,113,-14.549553632756481,253.45286895778491,45.0,-455.7136654853821,95,9.0,3.0,2.0,110.0,60.0
2022,REG,q1,00-0036898,D.Mills,HOU,15,107,-25.47577070409775,335.2127952640311,35.0,-722.9472488164902,99,3.0,4.0,4.0,104.0,61.0
2022,REG,q1,00-0034796,L.Jackson,BAL,12,104,3.9792305456642074,138.99116880794077,46.0,-12.253046035766602,86,7.0,0.0,3.0,97.0,59.0
2022,REG,q1,00-0036945,J.Fields,CHI,15,104,14.649644870135443,277.9339724533154,54.0,-67.69522726535797,75,10.0,3.0,3.0,86.0,50.0
2022,REG,q1,00-0036212,T.Tagovailoa,MIA,13,103,23.289892450362437,314.1311388165725,47.0,-479.4426828622818,99,3.0,2.0,6.0,102.0,61.0
2022,REG,q1,00-0036972,M.Jones,NE,14,100,3.6523205726807784,251.25420201359546,44.0,144.78360414505005,83,10.0,3.0,4.0,94.0,62.0
2022,REG,q1,00-0032268,M.Mariota,ATL,13,99,8.041405845952397,178.35160918350775,45.0,-205.18920421600342,85,5.0,1.0,2.0,91.0,54.0
2022,REG,q1,00-0033077,D.Prescott,DAL,12,99,7.759707443104871,261.6893070611826,53.0,229.44283187389374,92,3.0,2.0,2.0,96.0,68.0
2022,REG,q1,00-0038102,K.Pickett,PIT,12,98,-5.677209848210023,166.58490982407804,44.0,-146.94128930568695,78,6.0,1.0,1.0,90.0,53.0
2022,REG,q1,00-0026143,M.Ryan,IND,12,94,-0.8047908916542736,247.63364289771326,41.0,29.384908080101013,82,7.0,2.0,3.0,91.0,60.0
2022,REG,q1,00-0027973,A.Dalton,NO,14,89,5.131035355827648,248.00213634064056,44.0,-15.046605467796326,79,6.0,2.0,4.0,87.0,56.0
2022,REG,q1,00-0029701,R.Tannehill,TEN,12,89,26.5912924002564,215.24040441311016,49.0,323.7419009208679,79,5.0,0.0,7.0,85.0,55.0
2022,REG,q1,00-0033119,J.Brissett,CLE,12,86,14.295422765121945,226.33948412104982,46.0,874.9908715486526,75,4.0,1.0,4.0,80.0,59.0
2022,REG,q1,00-0026498,M.Stafford,LA,9,78,2.035651128420727,212.51836184229433,39.0,-54.697805643081665,68,5.0,0.0,2.0,75.0,48.0
2022,REG,q1,00-0031345,J.Garoppolo,SF,11,73,16.51457469367488,176.6175988807841,42.0,297.87369668483734,70,2.0,0.0,3.0,73.0,50.0
2022,REG,q1,00-0035228,K.Murray,ARI,11,68,2.3719009037565897,135.99508822729806,31.0,362.8707677125931,54,4.0,1.0,2.0,63.0,43.0
2022,REG,q1,00-0031800,T.Heinicke,WAS,9,59,-8.25884614345293,141.05360267894199,24.0,-29.363062977790833,47,4.0,0.0,2.0,55.0,30.0
2022,REG,q1,00-0037013,Z.Wilson,NYJ,9,59,-14.552157563412093,145.4792036340657,19.0,-271.34891748428345,41,7.0,0.0,0.0,54.0,23.0
2022,REG,q1,00-0033537,D.Watson,CLE,6,45,-18.274906358703312,126.26058097879566,18.0,-25.391879677772522,36,6.0,1.0,0.0,45.0,25.0
2022,REG,q1,00-0034401,M.White,NYJ,4,42,-8.620925626003316,101.9121722426669,15.0,-632.819277048111,40,1.0,2.0,1.0,42.0,22.0
2022,REG,q1,00-0037834,B.Purdy,SF,6,42,7.9332118710444774,68.13379493886782,22.0,1.1320710182189941,38,3.0,0.0,4.0,41.0,28.0
2022,REG,q1,00-0032950,C.Wentz,WAS,7,41,-13.814402457210235,85.26913811652456,12.0,-109.5026046037674,31,8.0,1.0,1.0,40.0,20.0
2022,REG,q1,00-0027688,C.McCoy,ARI,4,40,-4.774114789308845,69.37888611575453,15.0,-106.23007118701935,37,1.0,1.0,0.0,39.0,25.0
2022,REG,q1,00-0034855,B.Mayfield,CAR,6,39,-24.432409800637274,54.97508324196162,8.0,-530.3801208734512,35,3.0,0.0,0.0,38.0,20.0
2022,REG,q1,00-0033869,M.Trubisky,PIT,6,34,-6.4828487631054745,99.38258041920346,13.0,322.64024019241333,32,0.0,2.0,0.0,32.0,24.0
2022,REG,q1,00-0034869,S.Darnold,CAR,6,33,16.862993160902988,69.2385435957035,20.0,566.2636667490005,29,0.0,0.0,3.0,33.0,24.0
2022,REG,q1,00-0033662,C.Rush,DAL,5,32,6.264165186718877,89.7532224675837,15.0,-149.21387135982513,29,2.0,0.0,1.0,31.0,19.0
2022,REG,q1,00-0038122,D.Ridder,ATL,4,29,-10.439794524165336,42.68957072049096,8.0,-318.5662031173706,22,3.0,0.0,1.0,26.0,11.0
2022,REG,q1,00-0034855,B.Mayfield,LA,5,28,-7.575538223572907,51.78400403914672,10.0,-35.71688234806061,21,5.0,0.0,1.0,26.0,15.0
2022,REG,q1,00-0037327,S.Thompson,MIA,3,27,-2.753537427051924,41.16857767139825,10.0,-47.1167266368866,24,1.0,0.0,0.0,26.0,16.0
2022,REG,q1,00-0033275,P.Walker,CAR,5,26,-13.241976514487474,27.274375925906114,4.0,-450.5939245223999,25,1.0,0.0,0.0,26.0,13.0
2022,REG,q1,00-0026158,J.Flacco,NYJ,4,25,-14.89683891109585,92.97721672455476,7.0,-282.4144095182419,23,0.0,1.0,0.0,24.0,11.0
2022,REG,q1,00-0035993,T.Huntley,BAL,4,24,-0.11969652121796237,30.756406106273992,10.0,20.886290073394775,20,0.0,0.0,0.0,20.0,14.0
2022,REG,q1,00-0034955,B.Rypien,DEN,2,22,-6.370490030827629,33.42613378276275,9.0,-126.2843519449234,18,3.0,0.0,0.0,22.0,11.0
2022,REG,q1,00-0031503,J.Winston,NO,3,21,-5.070767111490969,19.703726866843166,7.0,-178.08122038841248,17,1.0,0.0,0.0,19.0,10.0
2022,REG,q1,00-0036879,S.Ehlinger,IND,3,20,-6.809367248613853,36.512766891016014,8.0,-37.94373571872711,14,4.0,0.0,1.0,18.0,9.0
2022,REG,q1,00-0029567,N.Foles,IND,2,19,-10.822418145646338,98.56591049555438,6.0,-5.0897568464279175,16,2.0,2.0,0.0,18.0,10.0
2022,REG,q1,00-0035040,D.Blough,ARI,2,19,3.9078569714906335,73.91444857265816,7.0,201.51872038841248,17,2.0,0.0,1.0,19.0,14.0
2022,REG,q1,00-0034577,K.Allen,HOU,2,18,-9.699123797887866,31.8749958327407,6.0,-286.1636847257614,17,1.0,1.0,0.0,18.0,8.0
2022,REG,q1,00-0034899,J.Wolford,LA,2,16,1.8188089456206606,17.13142580372024,8.0,64.89069759845734,15,0.0,0.0,0.0,16.0,11.0
2022,REG,q1,00-0035264,J.Stidham,LV,2,16,1.4923331670642104,41.02626891653051,10.0,149.1974949836731,10,2.0,1.0,1.0,13.0,8.0
2022,REG,q1,00-0038108,B.Zappe,NE,3,14,1.8489696310537846,56.23320490968399,8.0,108.60553979873657,12,1.0,0.0,0.0,14.0,9.0
2022,REG,q1,00-0038128,M.Willis,TEN,4,14,-6.577551259309985,31.310918172196207,4.0,84.72560048103333,7,4.0,0.0,0.0,12.0,6.0
2022,REG,q1,00-0033949,J.Dobbs,TEN,2,13,2.5339184299098925,35.74743386589289,7.0,-30.633172392845154,12,0.0,0.0,0.0,13.0,8.0
2022,REG,q1,00-0035146,T.McSorley,ARI,1,12,-12.220218456752072,56.87585839029603,2.0,-95.19259929656982,9,1.0,0.0,0.0,10.0,5.0
2022,REG,q1,00-0031237,T.Bridgewater,MIA,2,9,2.942711649578996,18.165255608569154,5.0,74.9298095703125,7,0.0,0.0,0.0,8.0,5.0
2022,REG,q1,00-0033550,D.Webb,NYG,1,9,-1.0557563357288018,15.56486024941384,3.0,-80.5766373872757,7,0.0,0.0,0.0,8.0,4.0
2022,REG,q1,00-0033958,N.Peterman,CHI,1,9,-3.9581904147053137,18.495410466537095,3.0,-32.309576869010925,7,1.0,0.0,0.0,8.0,4.0
2022,REG,q1,00-0032156,T.Siemian,CHI,1,8,6.679629331151435,27.94288092293845,4.0,75.47301054000854,8,0.0,0.0,0.0,8.0,6.0
2022,REG,q1,00-0033357,T.Hill,NO,7,8,3.8740720305459497,31.073916162890548,4.0,9.77766215801239,7,1.0,0.0,1.0,8.0,5.0
2022,REG,q1,00-0037012,T.Lance,SF,2,8,-2.5302895843348163,15.987163507707434,3.0,-37.488603591918945,7,1.0,0.0,0.0,8.0,4.0
2022,REG,q1,00-0026625,B.Hoyer,NE,1,7,-2.126523873504231,12.267097896423708,3.0,77.7132660150528,6,1.0,0.0,0.0,7.0,5.0
2022,REG,q1,00-0035939,B.Perkins,LA,1,7,-1.8537270914530382,14.297636713376393,2.0,-112.43239045143127,5,1.0,0.0,0.0,6.0,2.0
2022,REG,q1,00-0037077,S.Howell,WAS,1,7,-2.604665549512098,13.864347356234127,2.0,-22.549670934677124,3,2.0,0.0,1.0,6.0,2.0
2022,REG,q1,00-0032436,J.Driskel,HOU,4,6,0.13321901101153344,4.992279217866419,3.0,79.28615808486938,5,1.0,0.0,0.0,6.0,5.0
2022,REG,q1,00-0035289,G.Minshew II,PHI,2,6,0.18840452750653425,15.126856053510624,2.0,99.50869083404541,3,2.0,0.0,0.0,5.0,3.0
2022,REG,q1,00-0037175,A.Brown,BAL,1,3,-5.860066239489242,17.28204948086071,0.0,-73.4455943107605,3,0.0,1.0,0.0,3.0,1.0
2022,REG,q1,00-0022824,A.Lee,ARI,1,1,2.8644769557286054,8.205228229900218,1.0,28.01138162612915,1,0.0,0.0,0.0,1.0,1.0
2022,REG,q1,00-0031544,A.Cooper,CLE,1,1,-4.980502444552258,24.805404600191014,0.0,-43.07703375816345,1,0.0,1.0,0.0,1.0,0.0
2022,REG,q1,00-0035042,J.Gillan,NYG,1,1,-3.9164693378843367,15.338732074588174,0.0,0.0,0,1.0,0.0,0.0,1.0,0.0
2022,REG,q1,00-0035156,J.Fox,DET,1,1,2.9525986034423113,8.717838513049488,1.0,29.420161247253418,1,0.0,0.0,0.0,1.0,1.0
2022,REG,q1,00-0036313,B.Mann,NYJ,1,1,3.8100264680106193,14.516301686941475,1.0,35.23755669593811,1,0.0,0.0,0.0,1.0,1.0
2022,REG,q1,00-0036322,J.Jefferson,MIN,1,1,0.641668995609507,0.4117390999265135,1.0,27.911782264709473,1,0.0,0.0,0.0,1.0,1.0
2022,REG,q1,00-0036326,C.Claypool,PIT,1,1,2.553211367689073,6.518888288096707,1.0,60.102379322052,1,0.0,0.0,1.0,1.0,1.0
2022,REG,q1,00-0036893,N.Harris,PIT,1,1,-0.06479255756130442,0.0041980755153349465,0.0,16.83255434036255,1,0.0,0.0,0.0,1.0,1.0
2022,REG,q2,00-0036355,J.Herbert,LAC,17,244,64.1956411795656,384.70427696138756,137.0,1091.1851108074188,219,15.0,2.0,11.0,237.0,164.0
2022,REG,q2,00-0033873,P.Mahomes,KC,17,217,70.11469006782563,412.0570443696289,120.0,496.36691957712173,183,9.0,3.0,16.0,205.0,128.0
2022,REG,q2,00-0029604,K.Cousins,MIN,17,210,24.507769740966243,378.94358740958114,113.0,636.6326302289963,183,12.0,3.0,7.0,207.0,133.0
2022,REG,q2,00-0034857,J.Allen,BUF,16,210,58.234176022773376,442.1438787588354,110.0,585.6141805648804,177,9.0,4.0,16.0,194.0,118.0
2022,REG,q2,00-0019596,T.Brady,TB,17,202,10.983372948032425,335.80984554870105,100.0,316.8595165014267,186,10.0,2.0,6.0,202.0,131.0
2022,REG,q2,00-0030565,G.Smith,SEA,17,192,21.844363989184174,462.84961927365384,97.0,1282.9428881406784,164,12.0,3.0,12.0,183.0,122.0
2022,REG,q2,00-0036442,J.Burrow,CIN,16,190,35.711578790878995,405.656978195125,84.0,-132.87876844406128,162,13.0,4.0,10.0,179.0,110.0
2022,REG,q2,00-0036971,T.Lawrence,JAX,17,189,28.933824478626146,337.7481013666878,95.0,-362.8651052713394,167,7.0,2.0,6.0,180.0,109.0
2022,REG,q2,00-0036389,J.Hurts,PHI,15,185,50.00341793996618,555.0082494420699,87.0,485.381443798542,145,13.0,2.0,11.0,167.0,101.0
2022,REG,q2,00-0033106,J.Goff,DET,17,174,29.377861593557377,388.69340238687386,92.0,19.460508227348328,160,7.0,1.0,7.0,174.0,114.0
2022,REG,q2,00-0029263,R.Wilson,DEN,15,169,10.08473484884703,393.05560507928567,64.0,-105.36645352840424,139,14.0,1.0,7.0,159.0,91.0
2022,REG,q2,00-0035710,D.Jones,NYG,16,162,18.51117315973776,284.5130359298438,80.0,716.1018341779709,125,11.0,1.0,5.0,146.0,94.0
2022,REG,q2,00-0023459,A.Rodgers,GB,17,158,-9.04497888961268,430.6910671930526,74.0,283.1216886639595,137,11.0,4.0,9.0,155.0,96.0
2022,REG,q2,00-0026143,M.Ryan,IND,12,148,-39.209123205773714,462.98089366638004,64.0,-850.9436637163162,129,10.0,6.0,2.0,147.0,84.0
2022,REG,q2,00-0033077,D.Prescott,DAL,12,146,-3.1735594316364715,452.03469223093816,71.0,-353.2102793455124,136,4.0,10.0,10.0,142.0,86.0
2022,REG,q2,00-0036212,T.Tagovailoa,MIA,13,144,45.41677864076286,287.46413795028786,71.0,408.85186791419983,125,10.0,1.0,6.0,142.0,84.0
2022,REG,q2,00-0031280,D.Carr,LV,15,141,39.07709437335862,263.1499898660312,72.0,418.21894347667694,126,4.0,3.0,9.0,135.0,90.0
2022,REG,q2,00-0036972,M.Jones,NE,14,130,-15.263044497180115,255.11292914815533,53.0,-163.07571530342102,107,9.0,2.0,3.0,123.0,72.0
2022,REG,q2,00-0035228,K.Murray,ARI,10,129,-17.701582933159585,233.92054795817154,50.0,-469.83183324337006,111,5.0,3.0,2.0,122.0,73.0
2022,REG,q2,00-0036945,J.Fields,CHI,15,129,-15.15343496020234,302.0328883333847,48.0,-792.0883774757385,78,23.0,2.0,4.0,106.0,43.0
2022,REG,q2,00-0029701,R.Tannehill,TEN,12,126,3.3429346991969418,234.2409952101514,55.0,-416.5814980864525,111,9.0,1.0,2.0,123.0,72.0
2022,REG,q2,00-0033119,J.Brissett,CLE,11,117,12.4951307075943,163.09667493125627,52.0,362.4104082584381,99,5.0,1.0,3.0,113.0,68.0
2022,REG,q2,00-0034796,L.Jackson,BAL,11,116,17.98108464539935,252.98694299301317,59.0,136.62638664245605,95,9.0,3.0,6.0,110.0,64.0
2022,REG,q2,00-0027973,A.Dalton,NO,14,114,-3.9781126637900694,357.0685471655775,54.0,397.3308399319649,101,5.0,3.0,6.0,111.0,71.0
2022,REG,q2,00-0038102,K.Pickett,PIT,11,114,20.15150876310832,169.34378380629119,50.0,311.046701669693,94,5.0,1.0,4.0,103.0,63.0
2022,REG,q2,00-0031345,J.Garoppolo,SF,10,112,23.94406124671257,248.30802771455316,51.0,-384.77324545383453,103,6.0,2.0,7.0,110.0,67.0
2022,REG,q2,00-0036898,D.Mills,HOU,15,108,-21.573845007737877,194.5556398631018,42.0,-269.21181082725525,93,9.0,0.0,3.0,105.0,61.0
2022,REG,q2,00-0026498,M.Stafford,LA,9,98,2.8354463625368282,278.69481398511175,47.0,-115.83382487297058,88,5.0,3.0,7.0,96.0,59.0
2022,REG,q2,00-0032268,M.Mariota,ATL,13,96,8.161421896352346,225.1050865745342,43.0,-200.23544132709503,80,7.0,3.0,3.0,89.0,49.0
2022,REG,q2,00-0031800,T.Heinicke,WAS,9,92,0.664903453266005,253.9290869071161,40.0,-237.63205111026764,80,4.0,2.0,3.0,90.0,50.0
2022,REG,q2,00-0037013,Z.Wilson,NYJ,9,85,8.441354692466705,138.59615750535602,36.0,-340.4719218611717,74,3.0,3.0,2.0,82.0,46.0
2022,REG,q2,00-0032950,C.Wentz,WAS,7,73,-10.561355742839659,144.53190828894074,20.0,-868.0211424827576,64,7.0,2.0,3.0,72.0,33.0
2022,REG,q2,00-0034855,B.Mayfield,CAR,6,67,-11.715961692084157,131.67619688291816,28.0,-419.2648321390152,56,5.0,3.0,0.0,64.0,36.0
2022,REG,q2,00-0026158,J.Flacco,NYJ,5,58,-0.49457175983690416,106.74400784702748,26.0,25.955015420913696,49,6.0,1.0,2.0,58.0,33.0
2022,REG,q2,00-0027688,C.McCoy,ARI,4,57,3.7177886079461793,86.7171554252403,25.0,141.18647873401642,50,3.0,1.0,1.0,54.0,36.0
2022,REG,q2,00-0033869,M.Trubisky,PIT,6,52,-1.4011640150817697,108.77577109664114,22.0,-76.10580325126648,44,6.0,2.0,1.0,51.0,27.0
2022,REG,q2,00-0037834,B.Purdy,SF,6,51,17.781826703547267,115.91415159881905,28.0,62.53876984119415,47,1.0,2.0,5.0,50.0,32.0
2022,REG,q2,00-0034869,S.Darnold,CAR,6,48,-3.328001332905715,82.11471648448367,17.0,-257.19679296016693,34,5.0,1.0,2.0,44.0,20.0
2022,REG,q2,00-0035993,T.Huntley,BAL,5,46,5.3332622429022525,63.776020597731204,19.0,70.32789289951324,40,1.0,0.0,2.0,41.0,26.0
2022,REG,q2,00-0033662,C.Rush,DAL,5,45,-14.58779831015867,84.84013390139559,11.0,-687.0740950107574,41,1.0,2.0,1.0,44.0,20.0
2022,REG,q2,00-0034401,M.White,NYJ,4,45,8.38568415078839,82.23834655770723,23.0,262.4764084815979,39,5.0,0.0,1.0,45.0,29.0
2022,REG,q2,00-0034855,B.Mayfield,LA,5,45,16.713966567945846,83.01503674863163,25.0,96.30535542964935,41,2.0,0.0,1.0,45.0,29.0
2022,REG,q2,00-0033537,D.Watson,CLE,6,43,5.017491514067345,61.78957001242819,19.0,-29.02999520301819,36,1.0,1.0,1.0,41.0,25.0
2022,REG,q2,00-0038122,D.Ridder,ATL,4,39,-8.727695139112772,92.06028367567299,15.0,73.62922430038452,29,4.0,0.0,0.0,35.0,21.0
2022,REG,q2,00-0031503,J.Winston,NO,3,34,-6.334973825097199,47.20526968290486,11.0,-147.99557626247406,28,5.0,0.0,0.0,33.0,17.0
2022,REG,q2,00-0033275,P.Walker,CAR,5,32,-10.05110991280526,143.8247354373927,13.0,24.983695149421692,28,2.0,3.0,1.0,30.0,19.0
2022,REG,q2,00-0036879,S.Ehlinger,IND,3,32,-21.855366659409142,171.30041713164624,10.0,-183.02784860134125,24,5.0,2.0,0.0,30.0,15.0
2022,REG,q2,00-0038108,B.Zappe,NE,4,32,2.1547229363350198,76.43825989608621,15.0,137.2155398130417,28,1.0,1.0,1.0,31.0,21.0
2022,REG,q2,00-0031237,T.Bridgewater,MIA,4,26,3.6992974693323126,39.74122536824734,13.0,-54.505854845047,22,3.0,1.0,1.0,26.0,14.0
2022,REG,q2,00-0035289,G.Minshew II,PHI,2,26,-5.283211861284405,37.107302820624824,11.0,-183.27225148677826,20,3.0,1.0,0.0,26.0,12.0
2022,REG,q2,00-0034577,K.Allen,HOU,2,25,-25.06852335279109,100.54267780262582,4.0,-259.71955955028534,22,2.0,1.0,0.0,24.0,14.0
2022,REG,q2,00-0033949,J.Dobbs,TEN,2,23,7.155641881954072,64.4207439737295,11.0,151.4767438173294,18,3.0,0.0,1.0,21.0,13.0
2022,REG,q2,00-0035264,J.Stidham,LV,2,23,3.5562117623048835,37.59768816594908,14.0,84.46900546550751,15,2.0,0.0,1.0,18.0,11.0
2022,REG,q2,00-0038128,M.Willis,TEN,4,23,-6.376092363439966,61.37166879990704,10.0,-68.4137225151062,18,3.0,1.0,0.0,22.0,12.0
2022,REG,q2,00-0037327,S.Thompson,MIA,3,21,-5.197002020201666,32.03157337462973,9.0,23.00044596195221,19,1.0,1.0,0.0,21.0,12.0
2022,REG,q2,00-0035040,D.Blough,ARI,2,20,-0.8417017367237047,50.97505665931125,9.0,126.24098658561707,16,1.0,1.0,1.0,18.0,13.0
2022,REG,q2,00-0034899,J.Wolford,LA,2,18,-14.96902514231624,60.33019348010045,5.0,-381.3512474298477,14,2.0,1.0,0.0,16.0,6.0
2022,REG,q2,00-0034955,B.Rypien,DEN,2,18,-4.398852698514103,32.175756902454786,5.0,-95.09360790252686,14,3.0,0.0,0.0,17.0,8.0
2022,REG,q2,00-0033550,D.Webb,NYG,1,15,-3.3225409833248705,7.3806546470700285,5.0,-427.9892712831497,13,0.0,0.0,0.0,14.0,5.0
2022,REG,q2,00-0029567,N.Foles,IND,2,14,-8.949432231401396,77.85579654634344,5.0,-148.52909445762634,12,1.0,1.0,0.0,14.0,7.0
2022,REG,q2,00-0037175,A.Brown,BAL,1,14,-5.15309370495379,74.16275292681058,5.0,-277.5297522544861,13,1.0,1.0,0.0,14.0,6.0
2022,REG,q2,00-0035146,T.McSorley,ARI,1,12,-2.9586015383885647,6.5507277658800795,3.0,-295.9108769893646,11,0.0,0.0,0.0,12.0,5.0
2022,REG,q2,00-0037077,S.Howell,WAS,1,9,-1.5722297347724576,50.00002992921587,5.0,-8.780208230018616,6,1.0,1.0,0.0,7.0,4.0
2022,REG,q2,00-0032436,J.Driskel,HOU,5,6,5.158184479514603,17.322626888447893,4.0,23.835015296936035,6,0.0,0.0,1.0,6.0,4.0
2022,REG,q2,00-0037012,T.Lance,SF,1,6,-0.13101746249594726,3.3317241899627508,2.0,-53.55009436607361,6,0.0,0.0,0.0,6.0,4.0
2022,REG,q2,00-0034177,T.Boyle,CHI,1,5,-3.3730923014953733,17.5375130319445,2.0,-45.061299204826355,4,0.0,1.0,0.0,5.0,2.0
2022,REG,q2,00-0027948,B.Gabbert,TB,1,4,3.298219230666291,6.953344860871125,3.0,55.42013347148895,4,0.0,0.0,1.0,4.0,3.0
2022,REG,q2,00-0033357,T.Hill,NO,4,4,1.175754154799506,2.980297038116565,2.0,12.864288687705994,4,0.0,0.0,0.0,4.0,2.0
2022,REG,q2,00-0026544,C.Daniel,LAC,1,3,-1.2977716058135824,0.6174334837053459,0.0,-144.37569975852966,2,1.0,0.0,0.0,3.0,0.0
2022,REG,q2,00-0032156,T.Siemian,CHI,1,3,1.935575668583624,7.357315986798963,1.0,64.96382057666779,2,0.0,0.0,1.0,3.0,2.0
2022,REG,q2,00-0035939,B.Perkins,LA,2,3,-0.8336305060656741,7.104062010672681,1.0,9.935969114303589,1,1.0,0.0,0.0,2.0,1.0
2022,REG,q2,00-0032943,R.Dixon,LA,2,2,5.386753983795643,14.52051556195293,2.0,54.47498559951782,2,0.0,0.0,0.0,2.0,2.0
2022,REG,q2,00-0036322,J.Jefferson,MIN,2,2,2.8860882247099653,6.040246168741437,2.0,12.104672193527222,1,0.0,0.0,0.0,1.0,1.0
2022,REG,q2,00-0030288,R.Burkhead,HOU,1,1,-0.45197261590510607,0.20427924552810453,0.0,-65.9179151058197,1,0.0,0.0,0.0,1.0,0.0
2022,REG,q2,00-0032208,P.Dorsett,HOU,1,1,-0.536111096618697,0.2874151079177019,0.0,0.0,0,0.0,0.0,0.0,1.0,0.0
2022,REG,q2,00-0032764,D.Henry,TEN,1,1,-0.8794500488438644,0.7734323884114754,0.0,18.418341875076294,1,0.0,0.0,0.0,1.0,1.0
2022,REG,q2,00-0033280,C.McCaffrey,SF,1,1,3.771136244176887,14.221468572144557,1.0,67.72915422916412,1,0.0,0.0,1.0,1.0,1.0
2022,REG,q2,00-0033893,D.Cook,MIN,1,1,-6.88789240695769,47.443061809825394,0.0,0.0,0,1.0,0.0,0.0,1.0,0.0
2022,REG,q2,00-0034418,C.Wilson,MIA,1,1,-1.2526237178826705,1.569066178602204,0.0,0.0,0,1.0,0.0,0.0,1.0,0.0
2022,REG,q2,00-0034419,B.Berrios,NYJ,1,1,1.1844526951317675,1.402928187004908,1.0,45.990824699401855,1,0.0,0.0,1.0,1.0,1.0
2022,REG,q2,00-0036313,B.Mann,NYJ,1,1,-2.9179823807789944,8.514621174536648,0.0,0.0,0,0.0,0.0,0.0,1.0,0.0
2022,REG,q2,00-0036425,D.Dallas,SEA,1,1,-4.867112466075923,23.688783757431654,0.0,-43.53819787502289,1,0.0,1.0,0.0,1.0,0.0
2022,REG,q2,00-0037500,R.Wright,MIN,1,1,-3.771600315463729,14.224968939606102,0.0,-69.67790722846985,1,0.0,0.0,0.0,1.0,0.0
2022,REG,q3,00-0019596,T.Brady,TB,16,169,-19.202900905820172,334.3855274190014,78.0,-477.89206951856613,156,3.0,4.0,4.0,167.0,102.0
2022,REG,q3,00-0033873,P.Mahomes,KC,17,169,61.91713177160429,458.7390046040356,91.0,739.2576098442078,143,7.0,1.0,10.0,158.0,101.0
2022,REG,q3,00-0036355,J.Herbert,LAC,17,164,-18.956986616402006,358.9851426800219,63.0,-382.69781172275543,145,9.0,2.0,3.0,161.0,96.0
2022,REG,q3,00-0036971,T.Lawrence,JAX,17,160,51.29622074649803,390.6868715427347,95.0,983.1191062927246,143,5.0,3.0,8.0,157.0,108.0
2022,REG,q3,00-0036442,J.Burrow,CIN,16,153,-6.808071316591527,388.22871721106617,76.0,236.77170276641846,131,10.0,3.0,7.0,148.0,90.0
2022,REG,q3,00-0034857,J.Allen,BUF,16,149,34.555523357601984,386.13692793221594,80.0,-7.732948660850525,123,5.0,2.0,5.0,135.0,83.0
2022,REG,q3,00-0030565,G.Smith,SEA,17,148,-25.003414087905515,461.667445887698,73.0,969.6039706468582,127,11.0,3.0,2.0,141.0,97.0
2022,REG,q3,00-0033106,J.Goff,DET,17,137,0.4839221428104672,439.9783709719863,58.0,-542.7112624049187,119,8.0,3.0,5.0,130.0,78.0
2022,REG,q3,00-0029604,K.Cousins,MIN,16,134,-31.52041665335898,373.20103596625654,49.0,-241.5019452571869,113,13.0,3.0,2.0,132.0,75.0
2022,REG,q3,00-0036389,J.Hurts,PHI,15,129,-12.558228449306768,319.9741101026848,61.0,-4.6280041337013245,100,13.0,1.0,4.0,120.0,70.0
2022,REG,q3,00-0023459,A.Rodgers,GB,17,124,12.23248165711494,302.5570942836212,62.0,731.3805133104324,108,6.0,2.0,6.0,121.0,81.0
2022,REG,q3,00-0035710,D.Jones,NYG,16,122,15.536208938239927,324.08054546832193,64.0,560.4761749505997,96,12.0,1.0,4.0,111.0,71.0
2022,REG,q3,00-0036972,M.Jones,NE,13,122,-4.587298828766153,258.86286669052777,53.0,356.7541867494583,108,7.0,2.0,3.0,120.0,77.0
2022,REG,q3,00-0036898,D.Mills,HOU,15,119,13.965962925060955,344.5775397023796,52.0,56.349268555641174,107,4.0,4.0,6.0,115.0,71.0
2022,REG,q3,00-0029263,R.Wilson,DEN,15,117,-32.40289205341598,297.9457517172647,35.0,-7.646407186985016,93,17.0,3.0,3.0,116.0,63.0
2022,REG,q3,00-0031280,D.Carr,LV,15,100,-9.055649914120439,290.8022325911329,42.0,-512.6519173383713,86,7.0,3.0,3.0,98.0,55.0
2022,REG,q3,00-0036212,T.Tagovailoa,MIA,12,98,25.463379520672635,328.06780570315766,51.0,471.664422750473,85,5.0,2.0,8.0,92.0,61.0
2022,REG,q3,00-0038102,K.Pickett,PIT,12,98,-12.560125993127429,194.33150680640952,41.0,-37.75390535593033,84,5.0,2.0,0.0,92.0,55.0
2022,REG,q3,00-0026143,M.Ryan,IND,12,97,8.509552140903663,174.64146865548315,44.0,593.071186542511,83,5.0,1.0,4.0,97.0,64.0
2022,REG,q3,00-0035228,K.Murray,ARI,10,96,19.032285455648545,209.16947996896437,49.0,326.1727273464203,83,5.0,1.0,5.0,91.0,62.0
2022,REG,q3,00-0036945,J.Fields,CHI,15,94,20.82552741616626,307.13428626070856,40.0,272.6261481642723,70,7.0,0.0,6.0,85.0,49.0
2022,REG,q3,00-0027973,A.Dalton,NO,14,86,25.413446022806745,229.52781729106863,48.0,373.724490404129,79,4.0,1.0,5.0,85.0,59.0
2022,REG,q3,00-0033119,J.Brissett,CLE,11,85,-9.910316582508448,163.09321699765152,32.0,-258.3034187555313,73,5.0,1.0,1.0,81.0,43.0
2022,REG,q3,00-0033077,D.Prescott,DAL,12,84,22.193993249953223,263.2956631868559,39.0,83.36135298013687,75,6.0,1.0,6.0,82.0,49.0
2022,REG,q3,00-0034796,L.Jackson,BAL,11,84,2.9186926505246493,160.8911132485681,31.0,-313.71671110391617,66,8.0,0.0,6.0,78.0,39.0
2022,REG,q3,00-0026498,M.Stafford,LA,9,74,-4.113793831732565,176.74570260131293,33.0,256.98790550231934,60,12.0,1.0,1.0,74.0,42.0
2022,REG,q3,00-0031345,J.Garoppolo,SF,10,72,10.217156021712045,127.736852970379,35.0,-96.76029086112976,66,6.0,0.0,3.0,72.0,45.0
2022,REG,q3,00-0029701,R.Tannehill,TEN,12,71,-10.303915992347093,291.71594607205463,26.0,-222.03346639871597,59,10.0,4.0,2.0,70.0,35.0
2022,REG,q3,00-0032268,M.Mariota,ATL,13,69,-19.741308019461194,230.03972007079298,31.0,70.86169421672821,52,8.0,1.0,6.0,62.0,36.0
2022,REG,q3,00-0037013,Z.Wilson,NYJ,9,65,-34.608626343514764,243.68435762927697,22.0,-812.2782170772552,51,5.0,3.0,1.0,62.0,26.0
2022,REG,q3,00-0032950,C.Wentz,WAS,7,64,4.278098132559046,157.28942518175958,30.0,133.98381769657135,55,3.0,1.0,3.0,61.0,38.0
2022,REG,q3,00-0031800,T.Heinicke,WAS,9,57,9.229450129635813,149.92582398487127,27.0,421.0901156067848,50,4.0,0.0,5.0,54.0,35.0
2022,REG,q3,00-0034855,B.Mayfield,CAR,7,53,-9.082002286349944,110.46257622974201,16.0,-541.9388622045517,43,4.0,0.0,2.0,50.0,22.0
2022,REG,q3,00-0033869,M.Trubisky,PIT,6,51,1.190241066361275,73.1584217321402,24.0,275.9084701538086,47,2.0,1.0,0.0,50.0,35.0
2022,REG,q3,00-0033537,D.Watson,CLE,6,49,1.8688138546422124,188.32853373884987,24.0,-273.58155250549316,37,6.0,2.0,4.0,45.0,23.0
2022,REG,q3,00-0037834,B.Purdy,SF,6,46,8.444470946152737,149.61655891102404,22.0,280.50013184547424,38,5.0,1.0,4.0,45.0,30.0
2022,REG,q3,00-0026158,J.Flacco,NYJ,5,44,-9.951316358174417,124.22549907627602,17.0,-244.10575330257416,40,3.0,0.0,0.0,44.0,23.0
2022,REG,q3,00-0034855,B.Mayfield,LA,5,39,-11.664561923429915,82.47353517597432,13.0,-249.81656074523926,28,6.0,0.0,1.0,35.0,18.0
2022,REG,q3,00-0036879,S.Ehlinger,IND,4,35,2.1671960079144887,84.94713651369796,16.0,144.53769624233246,28,3.0,0.0,1.0,31.0,19.0
2022,REG,q3,00-0034401,M.White,NYJ,4,33,9.248920550442657,73.98600963572052,14.0,-132.2049230337143,32,0.0,0.0,1.0,33.0,20.0
2022,REG,q3,00-0034869,S.Darnold,CAR,6,33,11.017257954692468,116.86348840410382,16.0,196.8056857585907,25,2.0,1.0,1.0,31.0,18.0
2022,REG,q3,00-0033662,C.Rush,DAL,5,31,5.4914161203150105,75.07679006654,17.0,54.312124848365784,30,1.0,0.0,0.0,31.0,21.0
2022,REG,q3,00-0027688,C.McCoy,ARI,4,30,-24.876198149402626,131.50259518251247,9.0,17.701423168182373,25,3.0,1.0,0.0,29.0,17.0
2022,REG,q3,00-0038122,D.Ridder,ATL,4,29,3.281169080342573,42.01825058800849,13.0,-124.63551461696625,26,1.0,0.0,1.0,28.0,17.0
2022,REG,q3,00-0033275,P.Walker,CAR,4,27,-3.769783158114577,59.13853415997154,8.0,-507.72853195667267,26,0.0,0.0,0.0,27.0,13.0
2022,REG,q3,00-0038108,B.Zappe,NE,4,27,11.122235397967302,78.90384097751071,14.0,284.51451659202576,25,2.0,0.0,4.0,27.0,20.0
2022,REG,q3,00-0035993,T.Huntley,BAL,5,25,-5.95869344640319,97.21090791090897,13.0,390.43790102005005,20,2.0,2.0,0.0,22.0,18.0
2022,REG,q3,00-0031237,T.Bridgewater,MIA,3,23,-12.03812879340884,90.61120132190808,7.0,-156.69386833906174,20,2.0,1.0,1.0,23.0,10.0
2022,REG,q3,00-0031503,J.Winston,NO,3,23,-5.637552234605609,54.93364640496685,11.0,-10.61515063047409,21,2.0,0.0,0.0,23.0,13.0
2022,REG,q3,00-0034955,B.Rypien,DEN,2,19,-8.569083654030692,73.31682136184378,9.0,-34.9163681268692,17,2.0,2.0,0.0,19.0,11.0
2022,REG,q3,00-0035040,D.Blough,ARI,2,17,-6.849429044329478,51.11930428807635,5.0,-242.31407642364502,15,1.0,1.0,0.0,17.0,7.0
2022,REG,q3,00-0035289,G.Minshew II,PHI,2,17,17.518707039537247,82.63860580836595,10.0,208.13017189502716,16,0.0,0.0,2.0,16.0,12.0
2022,REG,q3,00-0035264,J.Stidham,LV,2,16,7.948233120959859,50.913347683767746,8.0,37.20519840717316,13,0.0,0.0,1.0,13.0,9.0
2022,REG,q3,00-0037175,A.Brown,BAL,2,16,-6.755467197566782,21.13210661327768,3.0,-371.31844460964203,14,2.0,0.0,0.0,16.0,5.0
2022,REG,q3,00-0033949,J.Dobbs,TEN,2,15,2.3335638795164155,37.874698282340475,6.0,-9.198829531669617,14,0.0,1.0,1.0,15.0,8.0
2022,REG,q3,00-0035939,B.Perkins,LA,3,15,1.1821538649383,24.725818870044186,7.0,-35.7477068901062,10,1.0,0.0,0.0,11.0,7.0
2022,REG,q3,00-0035146,T.McSorley,ARI,3,14,-0.18706322379875928,25.97345212287534,4.0,78.19486260414124,11,1.0,0.0,0.0,13.0,8.0
2022,REG,q3,00-0037327,S.Thompson,MIA,4,14,-3.743983986808955,28.74522254979648,4.0,126.44804865121841,11,1.0,0.0,0.0,14.0,9.0
2022,REG,q3,00-0038128,M.Willis,TEN,3,12,-4.924489654018544,13.833143724628178,4.0,-189.24850821495056,8,0.0,0.0,0.0,9.0,4.0
2022,REG,q3,00-0034577,K.Allen,HOU,2,11,1.4307601969921961,14.484053497547503,6.0,63.1262481212616,10,1.0,0.0,0.0,11.0,8.0
2022,REG,q3,00-0034899,J.Wolford,LA,2,11,-2.6890050545334816,20.48122107591034,4.0,-65.86467623710632,7,2.0,0.0,0.0,9.0,4.0
2022,REG,q3,00-0033319,N.Mullens,MIN,1,8,4.525984648428486,10.855470243542243,5.0,102.07913815975189,7,0.0,0.0,0.0,7.0,6.0
2022,REG,q3,00-0032156,T.Siemian,CHI,1,7,-6.484111810801551,11.79718234219995,1.0,-147.15214669704437,4,2.0,0.0,0.0,6.0,1.0
2022,REG,q3,00-0032436,J.Driskel,HOU,5,7,-0.7156907601747662,4.189251071875678,2.0,-134.61337685585022,4,0.0,0.0,0.0,5.0,2.0
2022,REG,q3,00-0033550,D.Webb,NYG,1,7,1.0208386002857268,10.117093327645648,4.0,138.0178689956665,7,0.0,0.0,0.0,7.0,6.0
2022,REG,q3,00-0029567,N.Foles,IND,1,6,-9.348591754038353,29.02920704533821,1.0,-197.33592867851257,4,2.0,1.0,0.0,6.0,1.0
2022,REG,q3,00-0033936,C.Beathard,JAX,1,6,-3.668928100494668,21.756342071785934,3.0,-75.04737973213196,5,1.0,1.0,0.0,6.0,3.0
2022,REG,q3,00-0037012,T.Lance,SF,1,6,2.782591332166441,23.34858269839193,2.0,9.304210543632507,3,1.0,0.0,0.0,5.0,2.0
2022,REG,q3,00-0037077,S.Howell,WAS,1,6,4.177707744878717,20.840787527476156,3.0,135.46950817108154,6,0.0,0.0,0.0,6.0,5.0
2022,REG,q3,00-0033357,T.Hill,NO,5,5,7.526679384231102,21.936157109738897,4.0,108.53919088840485,5,0.0,0.0,1.0,5.0,4.0
2022,REG,q3,00-0033958,N.Peterman,CHI,1,5,5.128950876474846,9.811781109590324,4.0,95.52715718746185,5,0.0,0.0,1.0,5.0,4.0
2022,REG,q3,00-0027948,B.Gabbert,TB,1,3,-2.563808301463723,3.1961503902881256,0.0,-50.658851861953735,3,0.0,0.0,0.0,3.0,2.0
2022,REG,q3,00-0035752,C.Streveler,NYJ,1,3,3.386878054123372,6.238276512839637,3.0,100.08380711078644,2,0.0,0.0,0.0,2.0,2.0
2022,REG,q3,00-0032434,B.Allen,CIN,1,2,1.5972569175064564,4.239949164259533,1.0,65.88296890258789,2,0.0,0.0,0.0,2.0,2.0
2022,REG,q3,00-0033009,T.Boyd,CIN,2,2,0.6072884440654889,17.17070603206359,1.0,57.54803717136383,1,1.0,0.0,0.0,2.0,1.0
2022,REG,q3,00-0031381,D.Adams,LV,1,1,-1.8045640784548596,3.2564515132496363,0.0,0.0,0,1.0,0.0,0.0,1.0,0.0
2022,REG,q3,00-0032764,D.Henry,TEN,1,1,1.3459066495997831,1.8114647094369134,1.0,49.4532585144043,1,0.0,0.0,1.0,1.0,1.0
2022,REG,q3,00-0033555,M.Hollins,LV,1,1,0.05114959494676441,0.0026162810632180673,1.0,13.623565435409546,1,0.0,0.0,0.0,1.0,1.0
2022,REG,q3,00-0033856,L.Fournette,TB,1,1,-4.726016435190104,22.335231345686978,0.0,-44.61696743965149,1,0.0,1.0,0.0,1.0,0.0
2022,REG,q3,00-0033908,C.Kupp,LA,1,1,-0.46752027643378824,0.21857520887672577,0.0,-32.619112730026245,1,0.0,0.0,0.0,1.0,0.0
2022,REG,q3,00-0036145,L.Cager,NYG,1,1,-0.8402121948311105,0.705956532342912,0.0,0.0,0,1.0,0.0,0.0,1.0,0.0
2022,REG,q3,00-0037500,R.Wright,MIN,1,1,3.3623869362054393,11.305645908765001,1.0,40.4474675655365,1,0.0,0.0,0.0,1.0,1.0
2022,REG,q3,00-0037740,G.Wilson,NYJ,1,1,-0.4925385075621307,0.24259418143153108,0.0,0.0,0,0.0,0.0,0.0,1.0,0.0
2022,REG,q4,00-0019596,T.Brady,TB,16,229,26.764672042789744,409.8136637234916,101.0,295.704060792923,211,6.0,3.0,13.0,228.0,149.0
2022,REG,q4,00-0036355,J.Herbert,LAC,16,201,-14.96544619159888,600.8247741915018,87.0,275.55506378412247,178,7.0,4.0,7.0,193.0,126.0
2022,REG,q4,00-0029604,K.Cousins,MIN,15,190,33.74479447400264,458.25098423973986,91.0,303.75607907772064,166,13.0,4.0,13.0,186.0,112.0
2022,REG,q4,00-0036898,D.Mills,HOU,15,186,-30.402096059415303,524.0382952072989,66.0,-800.1882329583168,160,13.0,7.0,4.0,180.0,96.0
2022,REG,q4,00-0030565,G.Smith,SEA,17,174,28.23792720306721,358.11867287738926,89.0,542.9166615009308,144,15.0,2.0,9.0,164.0,101.0
2022,REG,q4,00-0033106,J.Goff,DET,17,173,34.94557442188265,422.6603008007826,87.0,-272.6336598396301,155,6.0,2.0,10.0,168.0,102.0
2022,REG,q4,00-0023459,A.Rodgers,GB,16,165,-6.360252457000851,365.2036756863324,67.0,-254.71037179231644,147,6.0,3.0,5.0,161.0,91.0
2022,REG,q4,00-0031280,D.Carr,LV,15,164,-12.205588917566896,372.6641348893084,57.0,-1338.3150234818459,143,7.0,5.0,6.0,161.0,78.0
2022,REG,q4,00-0029263,R.Wilson,DEN,15,162,-3.105900324554831,373.55720749282784,68.0,135.06918847560883,122,15.0,4.0,4.0,148.0,76.0
2022,REG,q4,00-0036971,T.Lawrence,JAX,16,162,1.2113867412825372,346.50350467543797,68.0,30.220988392829895,138,8.0,3.0,7.0,153.0,89.0
2022,REG,q4,00-0026143,M.Ryan,IND,12,153,-15.648574515643109,427.02247062007166,65.0,180.53139746189117,129,14.0,4.0,5.0,149.0,89.0
2022,REG,q4,00-0036972,M.Jones,NE,13,146,-18.16806549489893,338.7902426657822,48.0,-525.4509419202805,126,8.0,4.0,4.0,141.0,77.0
2022,REG,q4,00-0035228,K.Murray,ARI,10,144,-3.2450124107721248,286.00089214575667,58.0,-579.6999096870422,118,11.0,2.0,5.0,136.0,76.0
2022,REG,q4,00-0032950,C.Wentz,WAS,8,143,-14.96103733283413,311.0301137580886,65.0,-169.06025558710098,120,8.0,5.0,4.0,136.0,81.0
2022,REG,q4,00-0033873,P.Mahomes,KC,17,143,20.94819026858626,431.9560575597024,72.0,183.2500398159027,118,6.0,6.0,6.0,132.0,82.0
2022,REG,q4,00-0036442,J.Burrow,CIN,15,143,46.01564749897054,342.5173027958085,82.0,896.9755828380585,128,7.0,2.0,11.0,140.0,92.0
2022,REG,q4,00-0035710,D.Jones,NYG,15,142,1.5282679868952234,296.5655983505174,63.0,-419.99244689941406,114,6.0,3.0,4.0,129.0,74.0
2022,REG,q4,00-0038102,K.Pickett,PIT,11,135,-2.7820652825207706,297.7137508674198,63.0,175.53811967372894,113,11.0,5.0,2.0,132.0,74.0
2022,REG,q4,00-0034857,J.Allen,BUF,15,133,7.3613860668857,385.4479584685649,64.0,-177.600759267807,110,10.0,4.0,6.0,125.0,67.0
2022,REG,q4,00-0027973,A.Dalton,NO,14,126,-18.863665870750488,274.4064731260503,58.0,-531.0570150613785,105,10.0,3.0,3.0,121.0,66.0
2022,REG,q4,00-0033119,J.Brissett,CLE,11,123,10.320922186678931,292.26518470158385,56.0,-30.622555315494537,101,10.0,3.0,4.0,114.0,64.0
2022,REG,q4,00-0036945,J.Fields,CHI,14,116,-52.31258860392355,331.51290647799254,39.0,-164.4824892282486,80,15.0,6.0,4.0,100.0,50.0
2022,REG,q4,00-0033077,D.Prescott,DAL,12,93,17.281085659664733,194.43444117666405,47.0,231.54099881649017,78,7.0,1.0,5.0,87.0,55.0
2022,REG,q4,00-0026498,M.Stafford,LA,8,87,-28.611722826364502,300.6458476850504,39.0,-97.92288690805435,80,7.0,4.0,0.0,87.0,57.0
2022,REG,q4,00-0036212,T.Tagovailoa,MIA,11,86,-0.3658226467102974,358.056342831713,43.0,153.33107113838196,78,3.0,3.0,5.0,85.0,53.0
2022,REG,q4,00-0029701,R.Tannehill,TEN,11,85,5.53280299837103,188.94482280362033,42.0,485.66395342350006,68,9.0,1.0,2.0,80.0,50.0
2022,REG,q4,00-0032268,M.Mariota,ATL,13,84,7.670834978066209,239.60005303230133,44.0,147.10506200790405,68,8.0,3.0,4.0,79.0,42.0
2022,REG,q4,00-0031800,T.Heinicke,WAS,9,79,-11.116620215519443,280.13422235007886,36.0,218.0745780467987,65,6.0,4.0,2.0,75.0,45.0
2022,REG,q4,00-0026158,J.Flacco,NYJ,4,75,-3.3784905971669783,171.55350668224781,30.0,-243.82877349853516,70,1.0,1.0,3.0,75.0,43.0
2022,REG,q4,00-0034855,B.Mayfield,CAR,7,75,0.940790595810693,320.7137386759891,28.0,-342.0237123966217,64,7.0,3.0,4.0,74.0,41.0
2022,REG,q4,00-0034796,L.Jackson,BAL,11,74,-5.992874921561741,231.50178869175545,37.0,-1.4246001839637756,62,2.0,4.0,2.0,67.0,41.0
2022,REG,q4,00-0036389,J.Hurts,PHI,15,74,-11.282555182373212,268.6685314989513,29.0,278.9539039134979,55,5.0,1.0,4.0,66.0,40.0
2022,REG,q4,00-0031345,J.Garoppolo,SF,10,72,10.831182419014741,224.69996828538177,36.0,-136.25765442848206,67,4.0,2.0,3.0,71.0,45.0
2022,REG,q4,00-0037013,Z.Wilson,NYJ,7,69,11.85987108605996,167.86458073631383,30.0,196.36171460151672,55,8.0,1.0,3.0,67.0,37.0
2022,REG,q4,00-0034401,M.White,NYJ,4,65,-16.477482116717134,161.25976637157348,27.0,-542.6481038331985,58,3.0,2.0,0.0,64.0,32.0
2022,REG,q4,00-0033537,D.Watson,CLE,6,63,-9.144504472929041,126.84680366813923,23.0,-187.63197362422943,46,7.0,1.0,2.0,57.0,26.0
2022,REG,q4,00-0033662,C.Rush,DAL,8,62,-13.09522972645051,114.84295174362954,23.0,-293.46423894166946,57,3.0,1.0,3.0,62.0,34.0
2022,REG,q4,00-0037327,S.Thompson,MIA,6,54,-21.2898583298661,122.92398855715761,16.0,-627.1001636981964,46,3.0,2.0,1.0,50.0,23.0
2022,REG,q4,00-0031503,J.Winston,NO,3,50,3.294646650509211,248.28308138880874,30.0,641.5012657642365,45,3.0,5.0,4.0,50.0,33.0
2022,REG,q4,00-0035146,T.McSorley,ARI,5,49,-20.673812733953206,120.51884711532762,17.0,-373.2605919241905,42,1.0,5.0,0.0,47.0,26.0
2022,REG,q4,00-0037834,B.Purdy,SF,6,48,2.7504567850381325,92.31144634985156,19.0,-463.0003899335861,43,2.0,1.0,0.0,45.0,24.0
2022,REG,q4,00-0033869,M.Trubisky,PIT,6,46,8.20485371946863,152.52076504445068,20.0,-178.94226014614105,42,3.0,0.0,3.0,46.0,24.0
2022,REG,q4,00-0035264,J.Stidham,LV,3,45,-4.789957678400075,129.01657952947795,19.0,-108.41667354106903,40,3.0,1.0,1.0,45.0,25.0
2022,REG,q4,00-0034869,S.Darnold,CAR,6,42,3.4098615277265703,116.68517765392109,21.0,76.37480795383453,31,3.0,1.0,1.0,39.0,20.0
2022,REG,q4,00-0034855,B.Mayfield,LA,5,39,-5.859557630174095,57.85763630289349,11.0,-209.89118218421936,33,4.0,1.0,1.0,38.0,20.0
2022,REG,q4,00-0036879,S.Ehlinger,IND,4,39,-8.722049399273933,69.9082510054121,12.0,-266.9435739517212,33,2.0,1.0,1.0,36.0,21.0
2022,REG,q4,00-0034955,B.Rypien,DEN,4,38,-10.26198896765709,140.1592048910541,14.0,-61.715734004974365,38,0.0,2.0,2.0,38.0,23.0
2022,REG,q4,00-0038122,D.Ridder,ATL,4,38,6.8391197167241895,61.43843596666368,18.0,224.2459088563919,33,1.0,0.0,0.0,35.0,24.0
2022,REG,q4,00-0035993,T.Huntley,BAL,4,37,-12.262902514005676,35.92981393936012,13.0,-141.29169583320618,27,4.0,1.0,0.0,34.0,17.0
2022,REG,q4,00-0035289,G.Minshew II,PHI,4,34,-5.997574437526055,126.46684306572371,12.0,-248.85872304439545,31,1.0,2.0,1.0,34.0,17.0
2022,REG,q4,00-0034577,K.Allen,HOU,2,33,-8.421550052000189,142.49993155691536,12.0,-200.40669739246368,26,1.0,2.0,2.0,32.0,16.0
2022,REG,q4,00-0031237,T.Bridgewater,MIA,2,32,2.8933147555945906,117.06074439454912,18.0,253.36247384548187,26,2.0,2.0,2.0,30.0,20.0
2022,REG,q4,00-0033275,P.Walker,CAR,5,30,6.886615520938199,117.10059739688266,15.0,133.9677795767784,26,4.0,0.0,2.0,30.0,18.0
2022,REG,q4,00-0034899,J.Wolford,LA,2,28,-6.005824090406081,80.73688627792133,14.0,33.500343561172485,25,3.0,2.0,1.0,28.0,17.0
2022,REG,q4,00-0038128,M.Willis,TEN,5,27,-18.21696896500815,52.544206711159084,5.0,-306.8843722343445,18,1.0,2.0,0.0,25.0,9.0
2022,REG,q4,00-0027688,C.McCoy,ARI,3,26,-10.123367662657984,76.78802558563558,10.0,-85.32704710960388,17,6.0,0.0,0.0,23.0,12.0
2022,REG,q4,00-0033949,J.Dobbs,TEN,2,26,-19.43361815676326,93.09869253115906,8.0,-215.46969413757324,21,3.0,1.0,0.0,25.0,11.0
2022,REG,q4,00-0038108,B.Zappe,NE,4,25,-6.11177643903285,72.41379637251931,10.0,43.78206729888916,22,2.0,2.0,0.0,25.0,15.0
2022,REG,q4,00-0035939,B.Perkins,LA,2,21,-12.334178855044494,83.41968196676544,5.0,-250.45326948165894,17,3.0,2.0,1.0,20.0,9.0
2022,REG,q4,00-0036264,J.Love,GB,4,20,3.520028238401961,37.74840916164677,9.0,-13.580623269081116,20,0.0,0.0,1.0,20.0,14.0
2022,REG,q4,00-0037175,A.Brown,BAL,2,19,-3.070838948028046,30.792023752997718,6.0,-183.534574508667,17,2.0,0.0,0.0,19.0,10.0
2022,REG,q4,00-0033319,N.Mullens,MIN,4,18,7.732650231628213,53.35183720281995,11.0,285.19288301467896,18,0.0,1.0,1.0,18.0,15.0
2022,REG,q4,00-0037012,T.Lance,SF,1,17,-9.581446328607854,47.7519760408406,6.0,-397.51337468624115,13,0.0,1.0,0.0,14.0,5.0
2022,REG,q4,00-0028118,T.Taylor,NYG,2,16,4.197111570902169,60.5246249856849,10.0,76.61469578742981,8,3.0,1.0,1.0,12.0,6.0
2022,REG,q4,00-0035752,C.Streveler,NYJ,1,16,-7.085325967869721,33.02075548757089,6.0,-6.326782703399658,13,0.0,0.0,0.0,13.0,8.0
2022,REG,q4,00-0033958,N.Peterman,CHI,3,13,-6.442533953173552,11.877997272352069,2.0,-190.61162173748016,11,0.0,1.0,0.0,12.0,6.0
2022,REG,q4,00-0026544,C.Daniel,LAC,2,12,2.9191969513632356,11.51990289522743,6.0,83.50767195224762,10,0.0,0.0,1.0,11.0,8.0
2022,REG,q4,00-0029567,N.Foles,IND,1,12,-5.071659263689071,16.67436159319777,4.0,13.340330123901367,9,3.0,0.0,0.0,12.0,7.0
2022,REG,q4,00-0033550,D.Webb,NYG,1,12,3.0648992990464903,19.331483975213835,4.0,104.77383434772491,11,0.0,0.0,1.0,12.0,8.0
2022,REG,q4,00-0032156,T.Siemian,CHI,2,11,-9.434868823038414,37.802886033428855,4.0,-137.82060742378235,11,0.0,1.0,0.0,11.0,6.0
2022,REG,q4,00-0035040,D.Blough,ARI,1,9,-1.6802795305097504,6.03458529635573,3.0,-50.03155171871185,8,1.0,0.0,0.0,9.0,4.0
2022,REG,q4,00-0036928,K.Trask,TB,1,9,-5.332559636328369,11.724717681295374,2.0,-179.9351543188095,8,0.0,0.0,0.0,9.0,3.0
2022,REG,q4,00-0028986,C.Keenum,BUF,2,7,-5.786273917416111,5.84774299800193,0.0,-270.60553431510925,7,0.0,0.0,0.0,7.0,2.0
2022,REG,q4,00-0033936,C.Beathard,JAX,2,6,-7.932212624946133,16.475650093539667,0.0,-5.85293173789978,6,0.0,0.0,0.0,6.0,4.0
2022,REG,q4,00-0032436,J.Driskel,HOU,2,5,-4.506737946474459,8.853698293229062,1.0,-50.2929151058197,4,1.0,0.0,0.0,5.0,3.0
2022,REG,q4,00-0036226,J.Eason,CAR,1,5,-2.261281799641438,54.77569262665378,3.0,-26.57473087310791,5,0.0,1.0,0.0,5.0,3.0
2022,REG,q4,00-0033357,T.Hill,NO,3,4,0.009675994981080294,3.7595427735970803,2.0,53.2096266746521,2,1.0,0.0,0.0,4.0,2.0
2022,REG,q4,00-0034177,T.Boyle,CHI,1,4,-2.083386675338261,1.1317271571699012,0.0,-253.0467450618744,4,0.0,1.0,0.0,4.0,0.0
2022,REG,q4,00-0037077,S.Howell,WAS,1,3,-3.583626619719221,4.674378854739587,0.0,-192.34313368797302,3,0.0,0.0,0.0,3.0,0.0
2022,REG,q4,00-0026197,C.Henne,KC,1,2,-1.8915138673619367,2.222003499955739,0.0,-139.2205834388733,2,0.0,0.0,0.0,2.0,0.0
2022,REG,q4,00-0026300,J.Johnson,SF,1,2,-0.8358491185936145,12.607714775634081,1.0,-53.722769021987915,2,0.0,0.0,0.0,2.0,1.0
2022,REG,q4,00-0032434,B.Allen,CIN,1,2,-2.2855108426565445,2.959403063894556,0.0,13.842260837554932,1,1.0,0.0,0.0,2.0,1.0
2022,REG,q4,00-0027948,B.Gabbert,TB,1,1,-0.5191667312756181,0.26953409486340985,0.0,23.160672187805176,1,0.0,0.0,0.0,1.0,1.0
2022,REG,q4,00-0032792,N.Sudfeld,DET,1,1,-0.8987278068009172,0.8077116707171869,0.0,0.0,0,1.0,0.0,0.0,1.0,0.0
2022,REG,q4,00-0034775,C.Kirk,JAX,1,1,-0.32680640323087573,0.10680242519270175,0.0,-83.19438695907593,1,0.0,0.0,0.0,1.0,0.0
2022,REG,q4,00-0035889,T.Townsend,KC,1,1,-3.5175859160954133,12.373410677112808,0.0,-80.67699074745178,1,0.0,0.0,0.0,1.0,0.0
2022,REG,q4,00-0036133,J.Proche,BAL,1,1,-4.042891675024293,16.344973095980738,0.0,-30.252352356910706,1,0.0,1.0,0.0,1.0,0.0
2022,REG,q4,00-0036358,C.Lamb,DAL,1,1,-0.947,0.8968089999999999,0.0,0.0,0,0.0,0.0,0.0,1.0,0.0
2022,REG,q4,00-0036900,J.Chase,CIN,1,1,-1.6040139043470845,2.5728606053387777,0.0,0.0,0,1.0,0.0,0.0,1.0,0.0
2023,POST,all,00-0033873,P.Mahomes,KC,4,167,39.7504609981806,336.2335094607049,84.0,1143.6361104249954,133,5.0,1.0,6.0,154.0,104.0
2023,POST,all,00-0033106,J.Goff,DET,3,119,26.578006494604146,210.19601118097367,62.0,188.8334721326828,108,7.0,0.0,4.0,118.0,77.0
2023,POST,all,00-0037834,B.Purdy,SF,3,118,25.22442063072448,210.03283266456876,53.0,-210.9063446521759,102,4.0,1.0,3.0,111.0,66.0
2023,POST,all,00-0034855,B.Mayfield,TB,2,90,17.359864408042682,248.09471893718182,43.0,-256.92979395389557,74,8.0,2.0,6.0,86.0,48.0
2023,POST,all,00-0034857,J.Allen,BUF,2,80,18.914761514558602,141.5315624145395,40.0,-4.807770252227783,67,2.0,0.0,4.0,71.0,47.0
2023,POST,all,00-0034796,L.Jackson,BAL,2,76,-0.9192811195307331,177.46520484616815,36.0,49.96572434902191,55,7.0,1.0,3.0,66.0,36.0
2023,POST,all,00-0033077,D.Prescott,DAL,1,70,1.1458638510549215,218.6867561637872,38.0,170.77001929283142,58,4.0,2.0,3.0,64.0,41.0
2023,POST,all,00-0036264,J.Love,GB,2,57,23.650649466066852,155.76391317845568,29.0,225.12019872665405,54,0.0,2.0,5.0,56.0,37.0
2023,POST,all,00-0039163,C.Stroud,HOU,2,56,9.228677807335812,158.99265377253707,23.0,-46.28080129623413,52,0.0,0.0,3.0,54.0,35.0
2023,POST,all,00-0026158,J.Flacco,CLE,1,52,-16.808158542669844,240.50162440867788,21.0,242.26309657096863,43,4.0,2.0,1.0,50.0,34.0
2023,POST,all,00-0036212,T.Tagovailoa,MIA,1,44,-12.331906063423958,99.12116210838867,13.0,-613.3122384548187,38,2.0,1.0,1.0,41.0,20.0
2023,POST,all,00-0034771,M.Rudolph,PIT,1,41,-6.821496285202819,133.80293012593555,18.0,-225.1354545354843,38,1.0,1.0,2.0,39.0,22.0
2023,POST,all,00-0036389,J.Hurts,PHI,1,39,-3.192080127124955,67.95840120629418,14.0,308.53926837444305,32,3.0,0.0,1.0,38.0,25.0
2023,POST,all,00-0026498,M.Stafford,LA,1,38,18.576054674478726,100.25441432620981,19.0,236.29616796970367,34,2.0,0.0,2.0,38.0,25.0
2023,POST,all,00-0036259,J.Jennings,SF,1,1,2.9465133666526526,8.68194101986275,1.0,37.573450803756714,1,0.0,0.0,1.0,1.0,1.0
2023,POST,all,00-0036898,D.Mills,HOU,1,1,-1.1828420534729958,1.3991153234642133,0.0,27.84830331802368,1,0.0,0.0,0.0,1.0,1.0
2023,POST,close,00-0033873,P.Mahomes,KC,4,128,38.65259948451014,272.3314210409558,67.0,1021.4089244604111,103,2.0,1.0,6.0,116.0,81.0
2023,POST,close,00-0037834,B.Purdy,SF,3,104,15.120969745515202,173.85656791805118,44.0,-325.41943192481995,89,4.0,1.0,2.0,97.0,57.0
2023,POST,close,00-0033106,J.Goff,DET,3,97,19.67986915262017,159.50671097830067,50.0,-5.105754733085632,88,6.0,0.0,3.0,96.0,63.0
2023,POST,close,00-0034855,B.Mayfield,TB,2,62,-1.035343029850237,157.66922053707336,27.0,-269.78394985198975,49,6.0,2.0,3.0,59.0,31.0
2023,POST,close,00-0034857,J.Allen,BUF,2,57,18.12392062611456,82.43125953143996,34.0,127.43215262889862,47,0.0,0.0,4.0,49.0,34.0
2023,POST,close,00-0036264,J.Love,GB,2,46,5.420961625621883,95.5956849233391,20.0,3.2734930515289307,43,0.0,2.0,2.0,45.0,28.0
2023,POST,close,00-0034796,L.Jackson,BAL,2,43,2.584961745542363,87.03051988313581,21.0,-24.10927712917328,31,4.0,0.0,3.0,37.0,20.0
2023,POST,close,00-0039163,C.Stroud,HOU,2,43,12.940960177005804,140.80136114199445,18.0,-74.99761581420898,40,0.0,0.0,3.0,41.0,26.0
2023,POST,close,00-0026498,M.Stafford,LA,1,29,5.323477639023693,38.41670821143059,13.0,7.778367400169373,26,1.0,0.0,0.0,29.0,18.0
2023,POST,close,00-0026158,J.Flacco,CLE,1,19,2.4352311199181713,34.536446259255236,9.0,212.9585176706314,16,1.0,0.0,1.0,18.0,14.0
2023,POST,close,00-0036389,J.Hurts,PHI,1,16,-7.233784765587188,10.908813455015432,3.0,91.3653314113617,12,1.0,0.0,0.0,15.0,9.0
2023,POST,close,00-0036212,T.Tagovailoa,MIA,1,9,-7.843347198504489,24.671042522605962,2.0,-253.76043021678925,7,1.0,1.0,0.0,8.0,3.0
2023,POST,close,00-0033077,D.Prescott,DAL,1,5,-4.8743088932242244,24.46845989558586,1.0,-149.979105591774,4,0.0,1.0,0.0,4.0,1.0
2023,POST,close,00-0034771,M.Rudolph,PIT,1,5,-6.808340766467154,29.616528861889158,1.0,-155.5427372455597,5,0.0,0.0,0.0,5.0,2.0
2023,POST,close,00-0036259,J.Jennings,SF,1,1,2.9465133666526526,8.68194101986275,1.0,37.573450803756714,1,0.0,0.0,1.0,1.0,1.0
2023,POST,clutch,00-0033873,P.Mahomes,KC,2,18,10.921048860772704,28.06270163782316,12.0,188.41938972473145,14,0.0,0.0,1.0,15.0,12.0
2023,POST,clutch,00-0037834,B.Purdy,SF,3,10,3.4632613709436515,11.979491258970748,5.0,86.27225160598755,8,0.0,0.0,0.0,8.0,6.0
2023,POST,clutch,00-0033106,J.Goff,DET,2,5,-0.920171556994319,4.451973403430199,2.0,1.6003310680389404,5,0.0,0.0,0.0,5.0,4.0
2023,POST,clutch,00-0034857,J.Allen,BUF,1,5,2.8756165209533617,10.04581715178982,3.0,24.08733367919922,4,0.0,0.0,0.0,5.0,3.0
2023,POST,clutch,00-0036264,J.Love,GB,1,4,-3.1084158669109456,10.667667323550729,2.0,-56.8326860666275,4,0.0,1.0,0.0,4.0,2.0
2023,POST,clutch,00-0034855,B.Mayfield,TB,1,3,-4.66597975797765,15.247350515104301,1.0,-56.2872588634491,2,0.0,1.0,0.0,3.0,1.0
2023,POST,clutch,00-0026498,M.Stafford,LA,1,1,-1.206851826282218,1.4564913306007252,0.0,-35.05085110664368,1,0.0,0.0,0.0,1.0,0.0
2023,POST,late,00-0033873,P.Mahomes,KC,2,18,10.921048860772704,28.06270163782316,12.0,188.41938972473145,14,0.0,0.0,1.0,15.0,12.0
2023,POST,late,00-0033106,J.Goff,DET,3,15,7.864877168438397,27.71728000472283,9.0,247.06333875656128,14,0.0,0.0,1.0,15.0,12.0
2023,POST,late,00-0033077,D.Prescott,DAL,1,14,4.915394533891231,17.70752975140785,8.0,179.29397821426392,11,1.0,0.0,1.0,13.0,8.0
2023,POST,late,00-0036212,T.Tagovailoa,MIA,1,13,-2.6721384854754433,30.45476243502796,4.0,-292.8233355283737,12,0.0,0.0,0.0,13.0,5.0
2023,POST,late,00-0037834,B.Purdy,SF,3,10,3.4632613709436515,11.979491258970748,5.0,86.27225160598755,8,0.0,0.0,0.0,8.0,6.0
2023,POST,late,00-0034771,M.Rudolph,PIT,1,9,-3.5314445190597326,12.475640695025799,3.0,-126.7787218093872,8,0.0,0.0,0.0,8.0,4.0
2023,POST,late,00-0034796,L.Jackson,BAL,1,8,0.03796449327369045,6.158716888904602,4.0,4.395788908004761,4,1.0,0.0,0.0,6.0,3.0
2023,POST,late,00-0034855,B.Mayfield,TB,1,7,-0.6509942231494934,24.469596690067473,4.0,31.938093900680542,6,0.0,1.0,1.0,7.0,4.0
2023,POST,late,00-0034857,J.Allen,BUF,1,5,2.8756165209533617,10.04581715178982,3.0,24.08733367919922,4,0.0,0.0,0.0,5.0,3.0
2023,POST,late,00-0036264,J.Love,GB,2,5,-3.9599871347891167,11.392840947826365,2.0,-136.78637444972992,5,0.0,1.0,0.0,5.0,2.0
2023,POST,late,00-0026158,J.Flacco,CLE,1,4,0.3217936095315963,1.288558715262551,2.0,51.6712486743927,3,1.0,0.0,0.0,4.0,3.0
2023,POST,late,00-0036389,J.Hurts,PHI,1,3,-1.252324321481865,1.391402750453474,1.0,64.17248845100403,3,0.0,0.0,0.0,3.0,3.0
2023,POST,late,00-0026498,M.Stafford,LA,1,1,-1.206851826282218,1.4564913306007252,0.0,-35.05085110664368,1,0.0,0.0,0.0,1.0,0.0
2023,POST,late,00-0039163,C.Stroud,HOU,1,1,0.2461054589948617,0.06056789694707155,1.0,13.154953718185425,1,0.0,0.0,0.0,1.0,1.0
2023,POST,ot,00-0033873,P.Mahomes,KC,1,9,5.587851630814839,18.866801732630588,6.0,172.76941537857056,8,0.0,0.0,1.0,8.0,8.0
2023,POST,ot,00-0037834,B.Purdy,SF,1,6,2.2834242673833987,11.751280352317533,3.0,36.83546185493469,5,0.0,0.0,0.0,6.0,4.0
2023,POST,q1,00-0033873,P.Mahomes,KC,4,31,12.152496957096599,57.80489722812833,15.0,174.31704998016357,28,1.0,0.0,2.0,29.0,22.0
2023,POST,q1,00-0033106,J.Goff,DET,3,26,9.804589651757851,30.745938363266312,16.0,-28.289243578910828,26,0.0,0.0,0.0,26.0,20.0
2023,POST,q1,00-0034857,J.Allen,BUF,2,24,3.2307542093924466,35.62794090296171,14.0,97.48247563838959,20,0.0,0.0,2.0,20.0,15.0
2023,POST,q1,00-0039163,C.Stroud,HOU,2,24,4.266351818748984,65.19422853947937,9.0,-141.0242646932602,22,0.0,0.0,1.0,23.0,13.0
2023,POST,q1,00-0037834,B.Purdy,SF,3,22,5.9018299916600165,31.49608310149076,11.0,39.027783274650574,21,1.0,0.0,0.0,22.0,15.0
2023,POST,q1,00-0034855,B.Mayfield,TB,2,21,6.141534443373491,76.02150664902072,11.0,-101.05001628398895,17,2.0,1.0,1.0,19.0,10.0
2023,POST,q1,00-0036264,J.Love,GB,2,20,6.878974204740059,40.47264360218035,8.0,17.112109065055847,19,0.0,0.0,0.0,20.0,13.0
2023,POST,q1,00-0034796,L.Jackson,BAL,2,12,2.163829085246083,21.396131795867262,6.0,17.27466881275177,8,0.0,0.0,1.0,9.0,5.0
2023,POST,q1,00-0026158,J.Flacco,CLE,1,10,4.694277504167985,24.429929045002275,6.0,173.096165060997,10,0.0,0.0,0.0,10.0,9.0
2023,POST,q1,00-0026498,M.Stafford,LA,1,9,1.7759119755903066,18.538922911499682,5.0,23.757636547088623,7,1.0,0.0,0.0,9.0,5.0
2023,POST,q1,00-0034771,M.Rudolph,PIT,1,9,-5.902809816529043,37.205437887135936,3.0,-213.21436166763306,9,0.0,0.0,0.0,9.0,4.0
2023,POST,q1,00-0033077,D.Prescott,DAL,1,5,-4.8743088932242244,24.46845989558586,1.0,-149.979105591774,4,0.0,1.0,0.0,4.0,1.0
2023,POST,q1,00-0036212,T.Tagovailoa,MIA,1,5,-2.0236853931564838,12.395311307400558,2.0,-105.22152483463287,4,0.0,1.0,0.0,4.0,2.0
2023,POST,q1,00-0036389,J.Hurts,PHI,1,5,-3.5924494843930006,5.895357667094833,1.0,-59.05560851097107,5,0.0,0.0,0.0,5.0,3.0
2023,POST,q2,00-0033873,P.Mahomes,KC,4,54,16.93898986807874,93.28072437380132,28.0,552.3398697376251,42,1.0,0.0,1.0,50.0,33.0
2023,POST,q2,00-0033106,J.Goff,DET,3,39,10.342267374540105,73.3750879759527,19.0,82.39359855651855,34,4.0,0.0,2.0,38.0,23.0
2023,POST,q2,00-0034855,B.Mayfield,TB,2,29,3.170938149863625,37.3365824985869,11.0,-208.08619856834412,23,2.0,0.0,1.0,27.0,14.0
2023,POST,q2,00-0037834,B.Purdy,SF,3,26,4.828565325224728,43.49865803750195,12.0,-269.3448603153229,22,1.0,1.0,1.0,25.0,12.0
2023,POST,q2,00-0034857,J.Allen,BUF,2,24,11.486116789675664,57.36110593723848,12.0,-12.684604525566101,20,1.0,0.0,0.0,21.0,14.0
2023,POST,q2,00-0033077,D.Prescott,DAL,1,20,-3.0007278550765477,131.3573905266602,13.0,-48.19292426109314,17,1.0,1.0,1.0,18.0,12.0
2023,POST,q2,00-0034796,L.Jackson,BAL,2,20,-7.9532506266841665,51.758307065446985,6.0,-193.0944412946701,13,4.0,0.0,1.0,18.0,7.0
2023,POST,q2,00-0036389,J.Hurts,PHI,1,16,8.069657234134338,34.143205159630575,7.0,161.4645481109619,14,1.0,0.0,1.0,16.0,11.0
2023,POST,q2,00-0036264,J.Love,GB,2,13,12.059417902562995,33.48302825487142,9.0,293.4944212436676,12,0.0,0.0,1.0,12.0,10.0
2023,POST,q2,00-0039163,C.Stroud,HOU,2,13,10.717289059730547,67.99986696978384,7.0,20.020851492881775,13,0.0,0.0,2.0,13.0,9.0
2023,POST,q2,00-0026158,J.Flacco,CLE,1,12,-3.206619773292914,12.409990456114512,4.0,16.38280749320984,8,2.0,0.0,1.0,11.0,6.0
2023,POST,q2,00-0026498,M.Stafford,LA,1,8,11.632997385691851,49.599948007330894,5.0,187.80252933502197,8,0.0,0.0,2.0,8.0,7.0
2023,POST,q2,00-0034771,M.Rudolph,PIT,1,8,-3.9145116173313,58.5295841680456,3.0,-14.617830514907837,7,1.0,1.0,1.0,8.0,4.0
2023,POST,q2,00-0036212,T.Tagovailoa,MIA,1,8,-0.5477457491797395,30.73551099284709,3.0,-57.04616606235504,7,1.0,0.0,1.0,8.0,4.0
2023,POST,q2,00-0036259,J.Jennings,SF,1,1,2.9465133666526526,8.68194101986275,1.0,37.573450803756714,1,0.0,0.0,1.0,1.0,1.0
2023,POST,q3,00-0033873,P.Mahomes,KC,4,39,8.02520629360068,66.991600507533,20.0,260.82445085048676,31,0.0,1.0,2.0,36.0,25.0
2023,POST,q3,00-0037834,B.Purdy,SF,3,35,1.9797705880710508,75.29950319540936,13.0,-245.01217305660248,30,0.0,0.0,1.0,32.0,17.0
2023,POST,q3,00-0033106,J.Goff,DET,3,22,-4.407756212443841,43.2834549573049,9.0,-291.79878532886505,19,2.0,0.0,0.0,22.0,11.0
2023,POST,q3,00-0034796,L.Jackson,BAL,2,22,7.856852155411616,29.371304226274617,13.0,164.02402520179749,18,1.0,0.0,0.0,20.0,14.0
2023,POST,q3,00-0033077,D.Prescott,DAL,1,20,-1.3631707730937044,30.10942480849368,8.0,-57.008373737335205,17,1.0,0.0,0.0,19.0,11.0
2023,POST,q3,00-0026158,J.Flacco,CLE,1,19,-16.25920555111952,184.8476530698099,6.0,-11.1615389585495,17,1.0,2.0,0.0,19.0,12.0
2023,POST,q3,00-0034855,B.Mayfield,TB,2,19,0.4599281772971153,64.34206333923237,9.0,12.9174143075943,15,3.0,0.0,2.0,19.0,11.0
2023,POST,q3,00-0034857,J.Allen,BUF,2,15,2.113809093865158,25.530486335298527,6.0,49.479395151138306,12,1.0,0.0,1.0,14.0,9.0
2023,POST,q3,00-0036264,J.Love,GB,2,12,8.441135263638106,51.18294629560938,8.0,124.90425407886505,11,0.0,1.0,3.0,12.0,8.0
2023,POST,q3,00-0026498,M.Stafford,LA,1,10,0.2839129815150079,12.182418735565147,4.0,71.7537671327591,8,1.0,0.0,0.0,10.0,6.0
2023,POST,q3,00-0039163,C.Stroud,HOU,2,10,-2.1087861004052684,13.405321839696779,4.0,124.15615320205688,9,0.0,0.0,0.0,9.0,8.0
2023,POST,q3,00-0034771,M.Rudolph,PIT,1,8,3.3617207601825707,16.12383503967893,4.0,-12.320128083229065,8,0.0,0.0,0.0,8.0,5.0
2023,POST,q3,00-0036389,J.Hurts,PHI,1,8,-3.5263792811892927,10.387865530489272,2.0,71.4319109916687,5,1.0,0.0,0.0,7.0,4.0
2023,POST,q3,00-0036212,T.Tagovailoa,MIA,1,5,-4.18786862376146,5.328479481363582,1.0,-53.2387375831604,3,1.0,0.0,0.0,4.0,2.0
2023,POST,q4,00-0033873,P.Mahomes,KC,4,34,-2.9540837514102583,99.28948561861174,15.0,-16.614675521850586,24,3.0,0.0,0.0,31.0,16.0
2023,POST,q4,00-0033106,J.Goff,DET,3,32,10.838905680750031,62.79152988444977,18.0,426.5279024839401,29,1.0,0.0,2.0,32.0,23.0
2023,POST,q4,00-0037834,B.Purdy,SF,3,29,10.230830458385284,47.98730797784916,14.0,227.58744359016418,24,2.0,0.0,1.0,26.0,18.0
2023,POST,q4,00-0036212,T.Tagovailoa,MIA,1,26,-5.572606297326274,50.66186032677744,7.0,-397.8058099746704,24,0.0,0.0,0.0,25.0,12.0
2023,POST,q4,00-0033077,D.Prescott,DAL,1,25,10.384071372449398,32.75148093304747,16.0,425.95042288303375,20,2.0,0.0,2.0,23.0,17.0
2023,POST,q4,00-0034796,L.Jackson,BAL,2,22,-2.9867117335042654,74.93946175857931,11.0,61.76147162914276,16,2.0,1.0,1.0,19.0,10.0
2023,POST,q4,00-0034855,B.Mayfield,TB,2,21,7.587463637508452,70.39456645034181,12.0,39.2890065908432,19,1.0,1.0,2.0,21.0,13.0
2023,POST,q4,00-0034857,J.Allen,BUF,2,17,2.084081421625332,23.01202923904079,8.0,-139.08503651618958,15,0.0,0.0,1.0,16.0,9.0
2023,POST,q4,00-0034771,M.Rudolph,PIT,1,16,-0.36589561152504757,21.944073031075092,8.0,15.016865730285645,14,0.0,0.0,1.0,14.0,9.0
2023,POST,q4,00-0036264,J.Love,GB,2,12,-3.7288779048743073,30.625295025794543,4.0,-210.39058566093445,12,0.0,1.0,1.0,12.0,6.0
2023,POST,q4,00-0026158,J.Flacco,CLE,1,11,-2.0366107224253938,18.814051837751222,5.0,63.94566297531128,8,1.0,0.0,0.0,10.0,7.0
2023,POST,q4,00-0026498,M.Stafford,LA,1,11,4.883232331681561,19.933124671814085,5.0,-47.017765045166016,11,0.0,0.0,0.0,11.0,7.0
2023,POST,q4,00-0036389,J.Hurts,PHI,1,10,-4.1429085956769995,17.531972849079516,4.0,134.6984177827835,8,1.0,0.0,0.0,10.0,7.0
2023,POST,q4,00-0039163,C.Stroud,HOU,2,9,-3.646176970738452,12.393236423577106,3.0,-49.4335412979126,8,0.0,0.0,0.0,9.0,5.0
2023,POST,q4,00-0036898,D.Mills,HOU,1,1,-1.1828420534729958,1.3991153234642133,0.0,27.84830331802368,1,0.0,0.0,0.0,1.0,1.0
2023,REG,all,00-0037077,S.Howell,WAS,17,711,-94.34938552904342,1963.2371117413193,295.0,-246.9434291124344,578,65.0,21.0,21.0,679.0,388.0
2023,REG,all,00-0033873,P.Mahomes,KC,16,672,64.26734389441033,1594.4676471170792,325.0,1543.5507386922836,562,27.0,14.0,27.0,622.0,401.0
2023,REG,all,00-0033077,D.Prescott,DAL,17,658,136.19653333977206,1711.9627327704552,333.0,2286.0572412610054,581,39.0,9.0,36.0,631.0,410.0
2023,REG,all,00-0034857,J.Allen,BUF,17,652,108.71326885015938,1471.45180747839,331.0,2737.866422533989,545,24.0,18.0,29.0,604.0,385.0
2023,REG,all,00-0033106,J.Goff,DET,17,643,67.24052858622187,1750.7070972607557,316.0,729.9678489565849,573,30.0,12.0,30.0,636.0,407.0
2023,REG,all,00-0036971,T.Lawrence,JAX,16,643,-6.536762167269545,1717.8450102732295,300.0,498.5945984721184,552,35.0,14.0,21.0,602.0,370.0
2023,REG,all,00-0034855,B.Mayfield,TB,17,639,46.533701621937176,1499.9969903362119,284.0,131.42286241054535,548,40.0,10.0,28.0,609.0,364.0
2023,REG,all,00-0036264,J.Love,GB,17,633,83.45346318189104,1473.8201029999336,293.0,634.5453232526779,559,30.0,11.0,32.0,609.0,372.0
2023,REG,all,00-0036389,J.Hurts,PHI,17,623,59.34652958310189,1546.081800941354,289.0,1894.303971529007,500,36.0,15.0,23.0,575.0,352.0
2023,REG,all,00-0039150,B.Young,CAR,16,620,-141.45792507624213,1621.8806983133732,230.0,-671.08413875103,476,62.0,10.0,11.0,589.0,315.0
2023,REG,all,00-0036212,T.Tagovailoa,MIA,17,605,105.43245789852463,1835.1093537690433,301.0,2443.296357989311,543,29.0,14.0,29.0,589.0,388.0
2023,REG,all,00-0031280,D.Carr,NO,17,590,30.12117521744854,1439.8428501098545,270.0,1586.132375895977,523,31.0,8.0,25.0,581.0,375.0
2023,REG,all,00-0026498,M.Stafford,LA,15,565,52.24662372318861,1393.2602145100072,259.0,-1265.6099170446396,495,30.0,11.0,24.0,551.0,326.0
2023,REG,all,00-0034796,L.Jackson,BAL,16,560,58.100209461006685,1340.4492118307817,274.0,1532.5556054711342,441,37.0,7.0,24.0,494.0,307.0
2023,REG,all,00-0039163,C.Stroud,HOU,15,557,60.25431897185094,1397.1977100053039,260.0,100.11945962905884,476,38.0,5.0,23.0,534.0,319.0
2023,REG,all,00-0030565,G.Smith,SEA,15,548,42.32332093221288,1118.6151858586722,265.0,1153.6321893334389,472,31.0,9.0,20.0,528.0,323.0
2023,REG,all,00-0035289,G.Minshew II,IND,16,548,-0.592934182744016,1370.818476768019,232.0,-1523.6027479171753,465,34.0,9.0,15.0,527.0,305.0
2023,REG,all,00-0029263,R.Wilson,DEN,15,527,-23.825595046162924,1355.6999539593442,228.0,2014.0134155750275,415,45.0,8.0,26.0,491.0,297.0
2023,REG,all,00-0036355,J.Herbert,LAC,13,517,26.5858538762496,1161.062128836106,238.0,-137.82890886068344,443,29.0,7.0,20.0,486.0,297.0
2023,REG,all,00-0037834,B.Purdy,SF,16,486,151.3882111909916,1449.7253424606627,266.0,2298.9170283079147,427,28.0,11.0,31.0,469.0,308.0
2023,REG,all,00-0036945,J.Fields,CHI,13,459,-18.248511835236577,1217.9165735561614,183.0,268.75689178705215,339,44.0,9.0,16.0,416.0,227.0
2023,REG,all,00-0038122,D.Ridder,ATL,15,439,-29.209272388380917,1233.8042582137266,205.0,-500.8256360888481,375,31.0,12.0,12.0,420.0,249.0
2023,REG,all,00-0037013,Z.Wilson,NYJ,12,438,-108.58671014196474,1019.8599698106475,164.0,-1072.6883441209793,343,46.0,7.0,8.0,413.0,221.0
2023,REG,all,00-0036442,J.Burrow,CIN,10,402,3.454267252900063,818.3715083383211,190.0,433.0468490719795,351,24.0,6.0,15.0,388.0,244.0
2023,REG,all,00-0036972,M.Jones,NE,11,380,-65.19322303028095,1074.547859144035,162.0,-980.6502431631088,339,22.0,12.0,10.0,368.0,224.0
2023,REG,all,00-0038579,A.O'Connell,LV,11,367,-22.137132950373424,811.1018270660288,153.0,-1256.9430023431778,322,24.0,7.0,12.0,367.0,213.0
2023,REG,all,00-0038102,K.Pickett,PIT,12,361,-42.82244168332141,772.0672979514064,147.0,-657.3331892490387,310,23.0,4.0,6.0,347.0,201.0
2023,REG,all,00-0029604,K.Cousins,MIN,8,329,22.075340919637323,1051.4647723669877,150.0,1294.933058321476,302,17.0,5.0,18.0,326.0,216.0
2023,REG,all,00-0035228,K.Murray,ARI,8,305,-4.511824272915883,745.2752110370183,129.0,-596.5974733233452,262,18.0,5.0,10.0,289.0,176.0
2023,REG,all,00-0033949,J.Dobbs,ARI,8,297,-35.61531167165039,680.0368707926893,123.0,-442.2822117805481,257,17.0,5.0,8.0,285.0,167.0
2023,REG,all,00-0039152,W.Levis,TEN,9,291,-5.541618705980238,634.8748392026947,119.0,-94.50470060110092,247,28.0,4.0,8.0,282.0,149.0
2023,REG,all,00-0035100,J.Browning,CIN,9,284,33.9385805179244,747.7934259690927,136.0,904.7039702534676,234,24.0,7.0,12.0,268.0,171.0
2023,REG,all,00-0029701,R.Tannehill,TEN,9,268,-19.496621936213163,543.1730693137091,108.0,231.48036003112793,222,32.0,7.0,4.0,260.0,149.0
2023,REG,all,00-0038108,B.Zappe,NE,10,246,-80.29737538995727,726.1760325084754,83.0,-894.3956285715103,202,25.0,9.0,6.0,236.0,127.0
2023,REG,all,00-0038476,T.DeVito,NYG,9,237,-52.24359167202455,478.4742948060339,79.0,-487.64638006687164,168,37.0,3.0,8.0,215.0,114.0
2023,REG,all,00-0028118,T.Taylor,NYG,10,218,2.7352547506835942,478.94531765736474,95.0,719.1398024559021,164,17.0,3.0,5.0,192.0,116.0
2023,REG,all,00-0026158,J.Flacco,CLE,5,213,-10.700382880949896,906.2058530750442,91.0,-566.4944291114807,197,8.0,8.0,13.0,213.0,123.0
2023,REG,all,00-0035710,D.Jones,NYG,6,211,-52.505756959136264,634.5802730785483,83.0,42.78863221406937,153,30.0,6.0,2.0,191.0,108.0
2023,REG,all,00-0033537,D.Watson,CLE,6,204,-19.563064396342952,577.1656396245298,83.0,-53.806380927562714,165,17.0,4.0,7.0,187.0,105.0
2023,REG,all,00-0035282,E.Stick,LAC,5,196,-25.622814637235074,642.0427452294721,82.0,-812.5000700354576,169,14.0,1.0,3.0,187.0,111.0
2023,REG,all,00-0031345,J.Garoppolo,LV,7,191,-16.556293947499988,507.9942483711952,90.0,-321.0720956325531,165,14.0,9.0,7.0,183.0,110.0
2023,REG,all,00-0033949,J.Dobbs,MIN,5,187,-20.181287937692804,492.1648372130549,74.0,-263.9039546251297,141,13.0,5.0,5.0,165.0,95.0
2023,REG,all,00-0032156,T.Siemian,NYJ,5,167,-57.393975382900834,392.2632151044745,57.0,-1285.6603741645813,144,8.0,4.0,2.0,161.0,86.0
2023,REG,all,00-0033319,N.Mullens,MIN,5,164,16.294372940154474,446.0460056974356,72.0,808.2058370113373,143,12.0,8.0,7.0,159.0,100.0
2023,REG,all,00-0038416,T.Bagent,CHI,5,160,-22.27765812181772,461.8370858709618,78.0,-335.69647669792175,138,5.0,6.0,3.0,149.0,94.0
2023,REG,all,00-0031800,T.Heinicke,ATL,5,155,10.08707451702816,371.5069798976426,68.0,-1154.0536314249039,127,8.0,4.0,5.0,142.0,74.0
2023,REG,all,00-0033275,P.Walker,CLE,5,125,-35.696044127630664,349.83471447484874,41.0,-1361.870214343071,105,11.0,5.0,1.0,121.0,54.0
2023,REG,all,00-0033869,M.Trubisky,PIT,5,122,-17.57946368135582,267.5266647772092,55.0,-232.47700929641724,104,7.0,5.0,4.0,114.0,67.0
2023,REG,all,00-0038583,D.Thompson-Robinson,CLE,6,122,-39.283491314631014,220.28123650178412,43.0,-1223.756617307663,105,6.0,4.0,1.0,117.0,60.0
2023,REG,all,00-0039164,A.Richardson,IND,4,100,6.367957544536207,252.00338363136723,43.0,-622.6844131946564,81,7.0,1.0,3.0,93.0,50.0
2023,REG,all,00-0034177,T.Boyle,NYJ,3,86,-36.02696854874714,224.36827119652096,23.0,-414.99169170856476,74,9.0,4.0,1.0,86.0,48.0
2023,REG,all,00-0035704,D.Lock,SEA,4,86,-1.5967981538798401,173.7624985946583,28.0,-381.212916970253,75,6.0,3.0,3.0,83.0,48.0
2023,REG,all,00-0034771,M.Rudolph,PIT,4,82,13.250466969327105,269.9508606820261,39.0,856.3527524471283,69,6.0,0.0,3.0,80.0,55.0
2023,REG,all,00-0035264,J.Stidham,DEN,2,76,3.9213989723374922,177.39017587027516,33.0,-230.12042492628098,62,7.0,1.0,2.0,73.0,40.0
2023,REG,all,00-0033936,C.Beathard,JAX,5,64,2.6333668529940835,93.66326237274073,31.0,507.9575002193451,52,6.0,0.0,1.0,60.0,40.0
2023,REG,all,00-0027973,A.Dalton,CAR,1,62,5.783337843080505,114.83345166571175,26.0,-313.8615846633911,57,3.0,0.0,2.0,61.0,34.0
2023,REG,all,00-0028986,C.Keenum,HOU,2,59,-20.65132938160174,148.45070006381576,22.0,-147.5417584180832,51,6.0,3.0,1.0,59.0,34.0
2023,REG,all,00-0034869,S.Darnold,SF,6,54,0.329050077331988,102.32004298743868,27.0,-63.134002685546875,44,6.0,1.0,2.0,51.0,28.0
2023,REG,all,00-0031503,J.Winston,NO,4,49,-9.789019574831215,118.38804599507773,15.0,-361.3869935274124,45,2.0,3.0,2.0,49.0,25.0
2023,REG,all,00-0035993,T.Huntley,BAL,5,48,2.842056775738223,93.84187188334252,20.0,-247.7427840232849,35,4.0,0.0,3.0,41.0,21.0
2023,REG,all,00-0026625,B.Hoyer,LV,2,43,-8.780772753364403,144.97699971031696,19.0,-469.05314326286316,42,1.0,2.0,0.0,43.0,23.0
2023,REG,all,00-0034955,B.Rypien,LA,2,43,-18.389185069980392,122.45311487518876,11.0,-701.4646798372269,37,2.0,1.0,0.0,40.0,18.0
2023,REG,all,00-0036898,D.Mills,HOU,5,42,-3.9247716172540095,76.00420698682152,14.0,-742.5990343093872,38,2.0,0.0,2.0,41.0,18.0
2023,REG,all,00-0027948,B.Gabbert,KC,2,40,-12.549414277045733,131.058671652305,14.0,-522.9475498199463,34,1.0,3.0,0.0,36.0,18.0
2023,REG,all,00-0038582,C.Tune,ARI,2,33,-34.33291766408365,110.07048577437025,5.0,-318.1036710739136,21,7.0,2.0,0.0,28.0,12.0
2023,REG,all,00-0032436,J.Driskel,CLE,1,32,-9.880902929638978,106.23742529238561,12.0,-274.06332194805145,25,3.0,2.0,2.0,29.0,13.0
2023,REG,all,00-0032950,C.Wentz,LA,1,31,8.060688460114878,102.49388838149237,18.0,153.25050055980682,23,2.0,1.0,2.0,27.0,17.0
2023,REG,all,00-0032268,M.Mariota,PHI,2,28,-4.764788066239463,77.65465748697241,15.0,-9.438338875770569,23,3.0,1.0,1.0,26.0,15.0
2023,REG,all,00-0038598,J.Hall,MIN,3,27,-14.642062722620576,101.95347251173457,10.0,8.667287230491638,19,4.0,1.0,0.0,24.0,13.0
2023,REG,all,00-0033119,J.Brissett,WAS,2,25,18.06743470285437,70.7770968014336,14.0,388.4558290243149,22,0.0,0.0,3.0,23.0,18.0
2023,REG,all,00-0033662,C.Rush,DAL,7,25,-5.2399477475692215,50.37943443871986,12.0,162.61451840400696,24,1.0,1.0,0.0,25.0,18.0
2023,REG,all,00-0033357,T.Hill,NO,10,16,3.9519251717138104,20.402551674479287,8.0,-139.52126502990723,11,2.0,0.0,1.0,13.0,6.0
2023,REG,all,00-0038128,M.Willis,TEN,1,12,-0.5204476047654847,24.089677571961854,5.0,71.80194556713104,5,4.0,0.0,0.0,9.0,4.0
2023,REG,all,00-0031288,A.McCarron,CIN,2,6,-5.251072044600733,9.041784768731517,2.0,-23.19943904876709,5,1.0,0.0,0.0,6.0,4.0
2023,REG,all,00-0034401,M.White,MIA,4,6,-7.240901717566885,131.57756661159638,1.0,52.71657705307007,6,0.0,1.0,1.0,6.0,5.0
2023,REG,all,00-0034438,L.Woodside,ATL,1,6,-9.753704753384227,101.82012198472275,4.0,-11.572813987731934,4,1.0,1.0,0.0,5.0,3.0
2023,REG,all,00-0034960,J.Meyers,LV,3,4,2.345017220941372,4.35441307907527,3.0,77.46762037277222,2,0.0,0.0,1.0,3.0,2.0
2023,REG,all,00-0032764,D.Henry,TEN,3,3,4.522410724341171,13.445911156506124,2.0,63.14687132835388,3,0.0,0.0,2.0,3.0,2.0
2023,REG,all,00-0023459,A.Rodgers,NYJ,1,2,-2.0319598843343556,2.57611371782316,0.0,0.0,0,1.0,0.0,0.0,2.0,0.0
2023,REG,all,00-0030279,K.Allen,LAC,2,2,3.514876914501656,15.95381442745979,1.0,-11.89451813697815,2,0.0,0.0,1.0,2.0,1.0
2023,REG,all,00-0030564,D.Hopkins,TEN,2,2,-0.40050435991724953,0.17504322211553938,1.0,-59.53988432884216,1,0.0,0.0,0.0,1.0,0.0
2023,REG,all,00-0034775,C.Kirk,JAX,2,2,-1.7565971661824733,1.8043000682941244,0.0,-23.83611798286438,2,0.0,0.0,0.0,2.0,1.0
2023,REG,all,00-0027114,T.Morstead,NYJ,1,1,2.6709000263363123,7.1337069506833135,1.0,39.819127321243286,1,0.0,0.0,0.0,1.0,1.0
2023,REG,all,00-0028872,J.Hekker,CAR,1,1,-1.9410884017124772,3.7678241832626993,0.0,16.285216808319092,1,0.0,0.0,0.0,1.0,1.0
2023,REG,all,00-0029692,B.Anger,DAL,1,1,1.053,1.108809,1.0,0.0,0,0.0,0.0,0.0,1.0,0.0
2023,REG,all,00-0031376,J.McKinnon,KC,1,1,1.1053474548389204,1.2217929959188791,1.0,14.645791053771973,1,0.0,0.0,1.0,1.0,1.0
2023,REG,all,00-0033009,T.Boyd,CIN,1,1,-6.527068739582319,42.60262633123272,0.0,-74.19734597206116,1,0.0,1.0,0.0,1.0,0.0
2023,REG,all,00-0033557,J.Reeves-Maybin,DET,1,1,4.1430035991361365,17.16447882245498,1.0,54.58611249923706,1,0.0,0.0,0.0,1.0,1.0
2023,REG,all,00-0033858,J.Smith,ATL,1,1,-0.8618303572875448,0.742751564742377,0.0,-42.98215210437775,1,0.0,0.0,0.0,1.0,0.0
2023,REG,all,00-0033921,C.Godwin,TB,1,1,-0.7111730779288337,0.505767146770771,0.0,-55.31641244888306,1,0.0,0.0,0.0,1.0,0.0
2023,REG,all,00-0033958,N.Peterman,CHI,1,1,-0.09442649222910404,0.008916362434693046,0.0,0.0,0,1.0,0.0,0.0,1.0,0.0
2023,REG,all,00-0034418,C.Wilson,MIA,1,1,-1.3574523675488308,1.842676930163926,0.0,0.0,0,1.0,0.0,0.0,1.0,0.0
2023,REG,all,00-0034437,L.Cooke,JAX,1,1,2.5643760072416626,6.5760243065166915,1.0,25.2130389213562,1,0.0,0.0,0.0,1.0,1.0
2023,REG,all,00-0034613,T.Hudson,CIN,1,1,-2.2643815996237797,5.1274240287147475,0.0,0.0,0,1.0,0.0,0.0,1.0,0.0
2023,REG,all,00-0035250,D.Singletary,HOU,1,1,1.8422965880599804,3.394056718377445,1.0,69.23700869083405,1,0.0,0.0,1.0,1.0,1.0
2023,REG,all,00-0035639,P.Campbell,NYG,1,1,-1.5267874808050692,2.3310800115430896,0.0,0.0,0,1.0,0.0,0.0,1.0,0.0
2023,REG,all,00-0035700,J.Jacobs,LV,1,1,-1.076406596112065,1.1586511601535623,0.0,0.0,0,1.0,0.0,0.0,1.0,0.0
2023,REG,all,00-0035719,D.Samuel,SF,1,1,-0.4431877873139456,0.19641541482423108,0.0,0.0,0,0.0,0.0,0.0,1.0,0.0
2023,REG,all,00-0035889,T.Townsend,KC,1,1,2.439640676777344,5.951846631786618,1.0,44.65770721435547,1,0.0,0.0,0.0,1.0,1.0
2023,REG,all,00-0036313,B.Mann,PHI,1,1,4.209326545824297,17.718429969381106,1.0,35.070258378982544,1,0.0,0.0,0.0,1.0,1.0
2023,REG,all,00-0036322,J.Jefferson,MIN,1,1,-0.39332577056484297,0.15470516179042748,0.0,-29.81584668159485,1,0.0,0.0,0.0,1.0,0.0
2023,REG,all,00-0036414,C.Akers,MIN,1,1,-1.5187924897181801,2.3067306268243484,0.0,0.0,0,1.0,0.0,0.0,1.0,0.0
2023,REG,all,00-0036425,D.Dallas,SEA,1,1,-0.5178517469903454,0.26817043186095274,0.0,0.0,0,1.0,0.0,0.0,1.0,0.0
2023,REG,all,00-0036626,D.Brown,WAS,1,1,-0.30589396954746917,0.093571120605508,0.0,22.300511598587036,1,0.0,0.0,0.0,1.0,1.0
2023,REG,all,00-0036849,T.Atwell,LA,1,1,1.053,1.108809,1.0,0.0,0,0.0,0.0,0.0,1.0,0.0
2023,REG,all,00-0036900,J.Chase,CIN,1,1,-2.102857018588111,4.422007640625278,0.0,17.85406470298767,1,0.0,0.0,0.0,1.0,1.0
2023,REG,all,00-0036913,K.Toney,KC,1,1,-0.4460934295784682,0.19899934791307977,0.0,-55.42793869972229,1,0.0,0.0,0.0,1.0,0.0
2023,REG,all,00-0036919,K.Gainwell,PHI,1,1,1.2345058486098424,1.524004690251907,1.0,44.021499156951904,1,0.0,0.0,0.0,1.0,1.0
2023,REG,all,00-0036928,K.Trask,TB,1,1,-1.8803028730234743,3.535538894300332,0.0,-47.043803334236145,1,0.0,0.0,0.0,1.0,0.0
2023,REG,all,00-0036963,St. Brown,DET,1,1,-1.9745741735678166,3.898943166921026,0.0,0.0,0,1.0,0.0,0.0,1.0,0.0
2023,REG,all,00-0037238,D.London,ATL,1,1,1.8440146018983796,3.4003898520144396,1.0,33.69406461715698,1,0.0,0.0,0.0,1.0,1.0
2023,REG,all,00-0037304,Co.Heyward,PIT,1,1,-0.25261004906496964,0.06381183688860637,0.0,-85.42054295539856,1,0.0,0.0,0.0,1.0,0.0
2023,REG,all,00-0037740,G.Wilson,NYJ,1,1,-0.43348260154016316,0.18790716583802786,0.0,-62.47800588607788,1,0.0,0.0,0.0,1.0,0.0
2023,REG,all,00-0037816,R.Doubs,GB,1,1,-0.947,0.8968089999999999,0.0,0.0,0,0.0,0.0,0.0,1.0,0.0
2023,REG,all,00-0038115,D.Bellinger,NYG,1,1,-0.947,0.8968089999999999,0.0,0.0,0,0.0,0.0,0.0,1.0,0.0
2023,REG,all,00-0038391,S.Clifford,GB,1,1,2.1436268281540833,4.595135978381936,1.0,58.596500754356384,1,0.0,0.0,0.0,1.0,1.0
2023,REG,all,00-0038393,D.Wicks,GB,1,1,0.8892822902998887,0.7908229918410156,1.0,33.030641078948975,1,0.0,0.0,0.0,1.0,1.0
2023,REG,all,00-0038911,M.Cunningham,NE,1,1,-1.2853722739964724,1.6521818827588624,0.0,0.0,0,1.0,0.0,0.0,1.0,0.0
2023,REG,all,00-0038977,N.Dell,HOU,1,1,-0.7774166874005459,0.6043767058488382,0.0,0.0,0,1.0,0.0,0.0,1.0,0.0
2023,REG,all,00-0039040,D.Achane,MIA,1,1,-1.4337288234382868,2.055578339157734,0.0,0.0,0,1.0,0.0,0.0,1.0,0.0
2023,REG,close,00-0033873,P.Mahomes,KC,16,489,44.54418673114859,1240.905061813376,230.0,1782.5352534651756,413,18.0,10.0,21.0,457.0,298.0
2023,REG,close,00-0036389,J.Hurts,PHI,17,465,61.97422638732555,1147.6592549813217,219.0,1268.1055009365082,371,25.0,12.0,17.0,426.0,261.0
2023,REG,close,00-0030565,G.Smith,SEA,15,454,62.07059819771808,929.5955864785382,228.0,1125.0950902700424,397,20.0,8.0,19.0,437.0,276.0
2023,REG,close,00-0034855,B.Mayfield,TB,17,452,36.88500393772296,1090.1606340236951,198.0,-269.06553506851196,389,25.0,8.0,20.0,429.0,257.0
2023,REG,close,00-0034857,J.Allen,BUF,17,452,35.78509639576244,1031.078143186805,220.0,1129.5296370983124,377,17.0,15.0,17.0,418.0,257.0
2023,REG,close,00-0034796,L.Jackson,BAL,16,442,59.71719185395645,1017.903832196158,223.0,1010.8000323176384,346,27.0,6.0,17.0,386.0,240.0
2023,REG,close,00-0037077,S.Howell,WAS,17,437,-12.331341581981633,1089.848331105718,189.0,314.7486388683319,359,38.0,9.0,15.0,416.0,247.0
2023,REG,close,00-0036212,T.Tagovailoa,MIA,17,420,104.1362508693678,1052.5477103120322,220.0,1888.2965326309204,386,13.0,9.0,20.0,410.0,276.0
2023,REG,close,00-0036264,J.Love,GB,17,419,62.01767848629493,953.2117464862934,197.0,149.1925686597824,371,19.0,7.0,21.0,403.0,249.0
2023,REG,close,00-0026498,M.Stafford,LA,15,405,56.927858564656724,1073.8518161982468,194.0,-480.2495002746582,357,23.0,8.0,18.0,396.0,240.0
2023,REG,close,00-0036355,J.Herbert,LAC,13,398,31.76173024172884,925.054428736031,185.0,434.26347970962524,342,19.0,5.0,17.0,371.0,233.0
2023,REG,close,00-0033077,D.Prescott,DAL,17,390,89.13613528586467,973.7307166092241,199.0,1152.66515314579,337,29.0,3.0,22.0,374.0,234.0
2023,REG,close,00-0039150,B.Young,CAR,16,385,-92.57361425824224,901.0245726425616,136.0,-366.4276987314224,291,44.0,4.0,4.0,366.0,195.0
2023,REG,close,00-0035289,G.Minshew II,IND,15,384,11.968453039760432,961.7045037799296,168.0,-935.3559911251068,323,25.0,3.0,10.0,369.0,215.0
2023,REG,close,00-0031280,D.Carr,NO,17,382,13.253913497562944,1033.1367718002625,177.0,320.5768570303917,337,22.0,6.0,16.0,376.0,233.0
2023,REG,close,00-0036971,T.Lawrence,JAX,16,382,1.0592915811111343,1050.9086837702373,187.0,456.2405541539192,328,20.0,7.0,11.0,358.0,222.0
2023,REG,close,00-0033106,J.Goff,DET,17,381,91.26193042153048,1133.28991110007,205.0,1236.6273283958435,348,12.0,7.0,22.0,377.0,255.0
2023,REG,close,00-0039163,C.Stroud,HOU,15,369,31.33217029281777,859.8178457857673,171.0,277.239727973938,311,28.0,4.0,16.0,352.0,210.0
2023,REG,close,00-0029263,R.Wilson,DEN,15,347,-42.8441029467918,865.9500277578389,138.0,1065.878689289093,271,31.0,6.0,15.0,322.0,195.0
2023,REG,close,00-0038122,D.Ridder,ATL,14,330,-5.818724183823136,868.9782332756386,155.0,28.084896504878998,282,21.0,9.0,10.0,315.0,190.0
2023,REG,close,00-0037834,B.Purdy,SF,16,325,90.2904348561146,866.1114283938608,176.0,1165.9345358610153,285,16.0,9.0,16.0,312.0,204.0
2023,REG,close,00-0036442,J.Burrow,CIN,10,296,11.490743884852874,533.4784187766768,141.0,178.7416085600853,259,19.0,4.0,12.0,286.0,182.0
2023,REG,close,00-0036945,J.Fields,CHI,13,293,9.206869348070729,789.5732968641362,126.0,1028.6036148667336,217,30.0,5.0,8.0,265.0,155.0
2023,REG,close,00-0037013,Z.Wilson,NYJ,12,278,-59.616032023471334,613.431522565116,106.0,-835.0346356630325,222,27.0,3.0,5.0,263.0,142.0
2023,REG,close,00-0038102,K.Pickett,PIT,12,274,-25.745920653608888,605.5109880654045,113.0,-801.9742846488953,233,16.0,3.0,4.0,261.0,148.0
2023,REG,close,00-0029604,K.Cousins,MIN,8,256,-12.216475808071056,842.5210424232813,116.0,873.6751928925514,234,14.0,5.0,11.0,254.0,167.0
2023,REG,close,00-0036972,M.Jones,NE,11,236,-54.94141379693449,701.7237863526657,100.0,-987.4861612915993,207,16.0,8.0,4.0,229.0,132.0
2023,REG,close,00-0039152,W.Levis,TEN,9,232,1.839361897151342,446.89195828541244,92.0,-27.535077929496765,192,25.0,2.0,5.0,224.0,117.0
2023,REG,close,00-0038579,A.O'Connell,LV,10,221,-36.15321270775531,517.9868412885451,85.0,-829.4213831424713,194,15.0,6.0,5.0,221.0,129.0
2023,REG,close,00-0029701,R.Tannehill,TEN,8,194,-10.15867152248785,364.87663853307106,80.0,6.060722470283508,163,20.0,6.0,4.0,187.0,111.0
2023,REG,close,00-0035100,J.Browning,CIN,8,194,40.30398348973572,511.96748533398454,97.0,852.5141045451164,161,16.0,4.0,7.0,185.0,121.0
2023,REG,close,00-0035228,K.Murray,ARI,8,185,-9.689984700598737,552.1276519610888,81.0,-926.135142147541,159,13.0,4.0,5.0,177.0,100.0
2023,REG,close,00-0038108,B.Zappe,NE,8,178,-60.45514711130811,532.642604037803,59.0,-518.5228198766708,146,17.0,8.0,5.0,170.0,93.0
2023,REG,close,00-0033949,J.Dobbs,MIN,5,173,-23.32880257509705,464.8898908176682,67.0,-336.0989034175873,131,13.0,5.0,4.0,153.0,87.0
2023,REG,close,00-0033949,J.Dobbs,ARI,8,171,-41.45773994338458,410.5427059022149,66.0,-743.6105638742447,152,10.0,4.0,2.0,167.0,96.0
2023,REG,close,00-0038476,T.DeVito,NYG,9,153,-20.51056866784029,264.7311437823333,53.0,-188.92611861228943,108,23.0,0.0,5.0,137.0,75.0
2023,REG,close,00-0026158,J.Flacco,CLE,5,147,12.963985655234028,531.8898113735155,66.0,-560.4252964258194,140,3.0,3.0,10.0,147.0,87.0
2023,REG,close,00-0028118,T.Taylor,NYG,7,147,-10.165911998731765,252.57150019331795,61.0,440.31566083431244,112,14.0,2.0,2.0,133.0,79.0
2023,REG,close,00-0031345,J.Garoppolo,LV,6,142,2.5260445119549537,387.0009926033504,68.0,-284.86573100090027,127,5.0,7.0,6.0,135.0,84.0
2023,REG,close,00-0033537,D.Watson,CLE,6,133,-40.79670856190047,421.2061685352365,52.0,-633.2500979304314,108,12.0,4.0,3.0,123.0,63.0
2023,REG,close,00-0035282,E.Stick,LAC,5,114,-18.959689063121978,318.58545592044067,48.0,-519.8227316141129,93,10.0,0.0,0.0,106.0,61.0
2023,REG,close,00-0031800,T.Heinicke,ATL,5,110,4.540641295158924,214.52202408501844,49.0,-487.090003490448,87,6.0,1.0,3.0,99.0,54.0
2023,REG,close,00-0038416,T.Bagent,CHI,5,98,-16.703932503351922,354.285885835672,48.0,-90.22268056869507,79,4.0,4.0,2.0,88.0,54.0
2023,REG,close,00-0033275,P.Walker,CLE,4,92,-32.53449014495629,257.17795893508924,29.0,-1099.8359024524689,78,7.0,4.0,0.0,89.0,39.0
2023,REG,close,00-0033319,N.Mullens,MIN,4,81,3.2503072133404203,201.851235991236,38.0,627.8400927782059,69,7.0,5.0,3.0,79.0,51.0
2023,REG,close,00-0038583,D.Thompson-Robinson,CLE,4,78,-18.310892757602698,138.42861774142804,28.0,-685.7377856969833,72,1.0,2.0,1.0,76.0,44.0
2023,REG,close,00-0035710,D.Jones,NYG,6,77,-6.6287044103318244,154.6415312589762,35.0,377.89917290210724,55,12.0,0.0,1.0,70.0,43.0
2023,REG,close,00-0039164,A.Richardson,IND,4,68,-1.1639169606411666,178.53614786880937,26.0,-445.0254410505295,57,6.0,1.0,2.0,66.0,37.0
2023,REG,close,00-0032156,T.Siemian,NYJ,4,64,-23.539493542875654,160.5688023511546,21.0,-766.3771629333496,52,4.0,1.0,2.0,61.0,26.0
2023,REG,close,00-0035704,D.Lock,SEA,4,61,7.571716373515284,113.71334942046386,21.0,-266.9937551021576,53,3.0,1.0,2.0,58.0,34.0
2023,REG,close,00-0034771,M.Rudolph,PIT,3,54,18.56977787553199,202.7560891529755,29.0,907.625013589859,46,4.0,0.0,2.0,53.0,41.0
2023,REG,close,00-0033869,M.Trubisky,PIT,4,50,-21.812379361518758,111.92072063125244,18.0,-490.4078096151352,42,4.0,3.0,1.0,47.0,22.0
2023,REG,close,00-0035264,J.Stidham,DEN,2,48,-0.06638777436853038,101.62856067039363,16.0,-521.530519425869,38,5.0,0.0,2.0,46.0,21.0
2023,REG,close,00-0028986,C.Keenum,HOU,2,37,-13.73527368734899,100.31050935063416,13.0,-276.37754678726196,32,4.0,1.0,1.0,37.0,20.0
2023,REG,close,00-0027948,B.Gabbert,KC,1,35,-5.84336887983766,54.876028140448916,11.0,-516.6013866662979,29,1.0,1.0,0.0,31.0,15.0
2023,REG,close,00-0033936,C.Beathard,JAX,2,34,4.89753715153598,49.204424955092506,16.0,365.672904253006,28,4.0,0.0,0.0,33.0,22.0
2023,REG,close,00-0034177,T.Boyle,NYJ,2,33,-15.835046380208702,107.25321734644561,7.0,-178.83090376853943,29,1.0,2.0,0.0,33.0,18.0
2023,REG,close,00-0027973,A.Dalton,CAR,1,31,1.3554831577930484,69.33348129609338,12.0,-271.6935068368912,29,2.0,0.0,1.0,31.0,16.0
2023,REG,close,00-0034869,S.Darnold,SF,2,31,4.825146785899884,45.063736745666716,16.0,-29.964789748191833,26,3.0,0.0,1.0,29.0,16.0
2023,REG,close,00-0035993,T.Huntley,BAL,1,28,-4.867006203450728,51.16095362780084,9.0,-392.88211464881897,21,3.0,0.0,1.0,25.0,11.0
2023,REG,close,00-0031503,J.Winston,NO,3,24,-9.991199324443912,39.252486767605646,7.0,-185.989847779274,23,0.0,2.0,0.0,24.0,13.0
2023,REG,close,00-0034955,B.Rypien,LA,1,23,-8.262571785926648,83.67309336518751,7.0,-363.4177476167679,18,1.0,1.0,0.0,20.0,8.0
2023,REG,close,00-0032950,C.Wentz,LA,1,21,2.515033746705856,74.62321571772647,12.0,-67.47839152812958,17,1.0,1.0,1.0,19.0,11.0
2023,REG,close,00-0026625,B.Hoyer,LV,2,20,-0.3215970529543588,56.185683880968156,9.0,-200.83324015140533,20,0.0,1.0,0.0,20.0,11.0
2023,REG,close,00-0038598,J.Hall,MIN,2,11,-3.9532788345989047,52.35303114489771,5.0,-47.966545820236206,8,0.0,1.0,0.0,8.0,5.0
2023,REG,close,00-0033357,T.Hill,NO,8,10,6.3306138549232855,16.9927158260933,7.0,51.32076144218445,8,1.0,0.0,1.0,9.0,6.0
2023,REG,close,00-0038582,C.Tune,ARI,2,10,-12.490395082277246,36.24902210013727,1.0,-134.60626006126404,8,1.0,1.0,0.0,9.0,5.0
2023,REG,close,00-0032436,J.Driskel,CLE,1,5,-6.859007603721693,14.503628433971171,0.0,-51.88628435134888,4,1.0,1.0,0.0,5.0,2.0
2023,REG,close,00-0033119,J.Brissett,WAS,1,3,1.162103144917637,3.1772096283989333,1.0,102.32653617858887,3,0.0,0.0,0.0,3.0,3.0
2023,REG,close,00-0036898,D.Mills,HOU,3,3,1.1575837154814508,2.4547775687478057,1.0,32.737261056900024,2,1.0,0.0,0.0,3.0,2.0
2023,REG,close,00-0038128,M.Willis,TEN,1,3,-0.49455253360792994,1.3692447709417817,1.0,30.238443613052368,1,0.0,0.0,0.0,1.0,1.0
2023,REG,close,00-0023459,A.Rodgers,NYJ,1,2,-2.0319598843343556,2.57611371782316,0.0,0.0,0,1.0,0.0,0.0,2.0,0.0
2023,REG,close,00-0030279,K.Allen,LAC,2,2,3.514876914501656,15.95381442745979,1.0,-11.89451813697815,2,0.0,0.0,1.0,2.0,1.0
2023,REG,close,00-0030564,D.Hopkins,TEN,2,2,-0.40050435991724953,0.17504322211553938,1.0,-59.53988432884216,1,0.0,0.0,0.0,1.0,0.0
2023,REG,close,00-0032764,D.Henry,TEN,2,2,1.4202433946775272,3.822469015273664,1.0,21.63330912590027,2,0.0,0.0,1.0,2.0,1.0
2023,REG,close,00-0028872,J.Hekker,CAR,1,1,-1.9410884017124772,3.7678241832626993,0.0,16.285216808319092,1,0.0,0.0,0.0,1.0,1.0
2023,REG,close,00-0031376,J.McKinnon,KC,1,1,1.1053474548389204,1.2217929959188791,1.0,14.645791053771973,1,0.0,0.0,1.0,1.0,1.0
2023,REG,close,00-0033009,T.Boyd,CIN,1,1,-6.527068739582319,42.60262633123272,0.0,-74.19734597206116,1,0.0,1.0,0.0,1.0,0.0
2023,REG,close,00-0033557,J.Reeves-Maybin,DET,1,1,4.1430035991361365,17.16447882245498,1.0,54.58611249923706,1,0.0,0.0,0.0,1.0,1.0
2023,REG,close,00-0033858,J.Smith,ATL,1,1,-0.8618303572875448,0.742751564742377,0.0,-42.98215210437775,1,0.0,0.0,0.0,1.0,0.0
2023,REG,close,00-0033921,C.Godwin,TB,1,1,-0.7111730779288337,0.505767146770771,0.0,-55.31641244888306,1,0.0,0.0,0.0,1.0,0.0
2023,REG,close,00-0034437,L.Cooke,JAX,1,1,2.5643760072416626,6.5760243065166915,1.0,25.2130389213562,1,0.0,0.0,0.0,1.0,1.0
2023,REG,close,00-0034613,T.Hudson,CIN,1,1,-2.2643815996237797,5.1274240287147475,0.0,0.0,0,1.0,0.0,0.0,1.0,0.0
2023,REG,close,00-0034775,C.Kirk,JAX,1,1,-1.2398807080462575,1.5373041701852888,0.0,13.063132762908936,1,0.0,0.0,0.0,1.0,1.0
2023,REG,close,00-0034960,J.Meyers,LV,1,1,1.4771853819256648,2.1820766525748723,1.0,0.0,0,0.0,0.0,0.0,0.0,0.0
2023,REG,close,00-0035639,P.Campbell,NYG,1,1,-1.5267874808050692,2.3310800115430896,0.0,0.0,0,1.0,0.0,0.0,1.0,0.0
2023,REG,close,00-0035700,J.Jacobs,LV,1,1,-1.076406596112065,1.1586511601535623,0.0,0.0,0,1.0,0.0,0.0,1.0,0.0
2023,REG,close,00-0035719,D.Samuel,SF,1,1,-0.4431877873139456,0.19641541482423108,0.0,0.0,0,0.0,0.0,0.0,1.0,0.0
2023,REG,close,00-0036322,J.Jefferson,MIN,1,1,-0.39332577056484297,0.15470516179042748,0.0,-29.81584668159485,1,0.0,0.0,0.0,1.0,0.0
2023,REG,close,00-0036414,C.Akers,MIN,1,1,-1.5187924897181801,2.3067306268243484,0.0,0.0,0,1.0,0.0,0.0,1.0,0.0
2023,REG,close,00-0036425,D.Dallas,SEA,1,1,-0.5178517469903454,0.26817043186095274,0.0,0.0,0,1.0,0.0,0.0,1.0,0.0
2023,REG,close,00-0036626,D.Brown,WAS,1,1,-0.30589396954746917,0.093571120605508,0.0,22.300511598587036,1,0.0,0.0,0.0,1.0,1.0
2023,REG,close,00-0036900,J.Chase,CIN,1,1,-2.102857018588111,4.422007640625278,0.0,17.85406470298767,1,0.0,0.0,0.0,1.0,1.0
2023,REG,close,00-0036919,K.Gainwell,PHI,1,1,1.2345058486098424,1.524004690251907,1.0,44.021499156951904,1,0.0,0.0,0.0,1.0,1.0
2023,REG,close,00-0036928,K.Trask,TB,1,1,-1.8803028730234743,3.535538894300332,0.0,-47.043803334236145,1,0.0,0.0,0.0,1.0,0.0
2023,REG,close,00-0036963,St. Brown,DET,1,1,-1.9745741735678166,3.898943166921026,0.0,0.0,0,1.0,0.0,0.0,1.0,0.0
2023,REG,close,00-0037238,D.London,ATL,1,1,1.8440146018983796,3.4003898520144396,1.0,33.69406461715698,1,0.0,0.0,0.0,1.0,1.0
2023,REG,close,00-0037740,G.Wilson,NYJ,1,1,-0.43348260154016316,0.18790716583802786,0.0,-62.47800588607788,1,0.0,0.0,0.0,1.0,0.0
2023,REG,close,00-0038977,N.Dell,HOU,1,1,-0.7774166874005459,0.6043767058488382,0.0,0.0,0,1.0,0.0,0.0,1.0,0.0
2023,REG,close,00-0039040,D.Achane,MIA,1,1,-1.4337288234382868,2.055578339157734,0.0,0.0,0,1.0,0.0,0.0,1.0,0.0
2023,REG,clutch,00-0030565,G.Smith,SEA,9,57,8.324901972477715,100.63937913811431,27.0,-51.00186467170715,49,4.0,0.0,4.0,56.0,32.0
2023,REG,clutch,00-0029263,R.Wilson,DEN,8,55,8.394753800692754,183.41406289256028,26.0,104.48438227176666,41,4.0,1.0,3.0,51.0,26.0
2023,REG,clutch,00-0036264,J.Love,GB,10,50,8.329567418362302,127.09971647184,22.0,-252.3249089717865,44,2.0,4.0,3.0,47.0,23.0
2023,REG,clutch,00-0037077,S.Howell,WAS,7,49,-10.565467256325064,172.52111164151444,19.0,-194.9053555727005,39,4.0,1.0,2.0,48.0,24.0
2023,REG,clutch,00-0033873,P.Mahomes,KC,11,45,3.4068995060440392,77.41274225215246,18.0,-72.19745218753815,34,1.0,0.0,1.0,42.0,21.0
2023,REG,clutch,00-0036389,J.Hurts,PHI,10,44,-7.122650712968872,80.49900546309085,17.0,-412.58097887039185,37,0.0,3.0,1.0,40.0,21.0
2023,REG,clutch,00-0036355,J.Herbert,LAC,9,42,-8.83799214529964,93.78144394522614,13.0,-23.57250452041626,33,5.0,1.0,1.0,40.0,21.0
2023,REG,clutch,00-0036972,M.Jones,NE,7,42,-10.873662248006323,64.13786592341299,15.0,-196.87679708003998,35,4.0,2.0,1.0,40.0,21.0
2023,REG,clutch,00-0034855,B.Mayfield,TB,9,39,10.706174839743081,108.20993886612595,19.0,127.03670859336853,33,2.0,1.0,3.0,36.0,22.0
2023,REG,clutch,00-0034857,J.Allen,BUF,12,38,16.08938635518379,58.19190000490577,24.0,352.6169613003731,28,1.0,0.0,2.0,32.0,20.0
2023,REG,clutch,00-0037013,Z.Wilson,NYJ,6,37,-11.442765386207494,87.64786871298237,15.0,9.311449527740479,27,3.0,2.0,1.0,36.0,17.0
2023,REG,clutch,00-0034796,L.Jackson,BAL,4,35,-6.20324377069205,102.99469670485321,18.0,-142.7400290966034,25,5.0,1.0,1.0,32.0,15.0
2023,REG,clutch,00-0035289,G.Minshew II,IND,9,35,-2.7905048245561774,62.1333032891615,11.0,-150.0208705663681,29,3.0,0.0,1.0,35.0,16.0
2023,REG,clutch,00-0039150,B.Young,CAR,8,35,0.7812309151403203,58.18119603789629,14.0,286.08780801296234,27,4.0,1.0,1.0,34.0,21.0
2023,REG,clutch,00-0039152,W.Levis,TEN,6,35,-6.827689426708642,39.12363848700933,12.0,-328.75628620386124,28,5.0,1.0,0.0,34.0,13.0
2023,REG,clutch,00-0031280,D.Carr,NO,6,34,-0.253314871884291,76.99454324231124,15.0,104.69277650117874,31,0.0,1.0,0.0,34.0,20.0
2023,REG,clutch,00-0033077,D.Prescott,DAL,5,34,0.1162191927845484,67.52396249405932,15.0,29.422691464424133,26,6.0,0.0,2.0,34.0,14.0
2023,REG,clutch,00-0033106,J.Goff,DET,7,30,5.746914183763517,64.03685514550173,18.0,149.19919967651367,27,0.0,1.0,1.0,30.0,20.0
2023,REG,clutch,00-0035100,J.Browning,CIN,3,29,7.4035830242261635,45.40489844531502,15.0,376.13519579172134,21,5.0,0.0,1.0,28.0,18.0
2023,REG,clutch,00-0035228,K.Murray,ARI,5,29,4.775986815860961,46.888873622887374,14.0,-105.19294142723083,27,1.0,0.0,0.0,28.0,17.0
2023,REG,clutch,00-0036212,T.Tagovailoa,MIA,7,29,4.770241980731953,50.979165412231445,11.0,-189.14498388767242,26,1.0,1.0,2.0,28.0,15.0
2023,REG,clutch,00-0028118,T.Taylor,NYG,3,27,-5.5938675593668865,39.04217285797562,12.0,32.42675960063934,24,0.0,1.0,0.0,25.0,15.0
2023,REG,clutch,00-0026498,M.Stafford,LA,6,26,-2.820614097490504,51.21384568714167,8.0,-114.67832028865814,21,2.0,1.0,2.0,25.0,12.0
2023,REG,clutch,00-0036945,J.Fields,CHI,6,26,-13.335199490771629,87.97430776488581,7.0,-172.75464832782745,18,1.0,3.0,0.0,24.0,10.0
2023,REG,clutch,00-0038122,D.Ridder,ATL,7,26,0.2563488920861854,33.22501452869727,16.0,251.37555599212646,21,2.0,1.0,0.0,25.0,16.0
2023,REG,clutch,00-0029604,K.Cousins,MIN,6,25,-14.507164807611844,58.570529713496676,10.0,-123.74211698770523,22,1.0,1.0,0.0,25.0,12.0
2023,REG,clutch,00-0038108,B.Zappe,NE,5,24,-7.80819789954694,36.691888607046764,7.0,-385.93829870224,21,1.0,3.0,0.0,23.0,10.0
2023,REG,clutch,00-0039163,C.Stroud,HOU,5,24,11.526886650891678,52.84312120876098,13.0,231.30518794059753,20,2.0,0.0,2.0,23.0,15.0
2023,REG,clutch,00-0032156,T.Siemian,NYJ,2,23,-8.420659690891458,30.719804629780967,8.0,-320.82552313804626,17,2.0,0.0,0.0,21.0,8.0
2023,REG,clutch,00-0036971,T.Lawrence,JAX,7,22,-9.925864690114278,59.98955973343566,5.0,-457.8789696097374,17,1.0,0.0,1.0,20.0,5.0
2023,REG,clutch,00-0038579,A.O'Connell,LV,4,22,-15.278210474003572,105.19214095502035,6.0,-387.9106134176254,20,1.0,4.0,0.0,22.0,9.0
2023,REG,clutch,00-0029701,R.Tannehill,TEN,5,20,4.2305512441380895,21.690121117993417,9.0,64.7542804479599,16,4.0,1.0,1.0,20.0,12.0
2023,REG,clutch,00-0033275,P.Walker,CLE,3,20,-11.151129914821833,37.450210088143734,3.0,-639.5711362361908,17,3.0,1.0,0.0,20.0,4.0
2023,REG,clutch,00-0033319,N.Mullens,MIN,3,20,1.5487932274700142,36.41997763819235,8.0,82.73914456367493,16,2.0,1.0,1.0,19.0,11.0
2023,REG,clutch,00-0033949,J.Dobbs,MIN,3,20,-0.2649885541287431,32.78043616466874,6.0,-130.76130747795105,14,1.0,0.0,1.0,18.0,8.0
2023,REG,clutch,00-0038102,K.Pickett,PIT,7,20,9.544247745768226,43.012066695753916,9.0,36.58440411090851,18,0.0,0.0,2.0,19.0,12.0
2023,REG,clutch,00-0031503,J.Winston,NO,3,18,-8.155302419630786,35.03545610398643,5.0,-255.69908320903778,17,0.0,2.0,0.0,18.0,8.0
2023,REG,clutch,00-0037834,B.Purdy,SF,3,14,-3.705497910280775,13.191324291840921,5.0,-187.4932438135147,12,0.0,1.0,0.0,14.0,6.0
2023,REG,clutch,00-0031345,J.Garoppolo,LV,3,13,0.045222537745151836,14.285605543003781,7.0,-112.01417148113251,11,0.0,1.0,0.0,11.0,7.0
2023,REG,clutch,00-0033537,D.Watson,CLE,2,13,-1.188803282158915,12.875320532327242,7.0,32.4621319770813,9,2.0,0.0,0.0,11.0,6.0
2023,REG,clutch,00-0026158,J.Flacco,CLE,3,12,4.502746505511734,50.069783262055324,7.0,-57.19520151615143,12,0.0,0.0,1.0,12.0,7.0
2023,REG,clutch,00-0033949,J.Dobbs,ARI,2,10,-3.352716573397629,10.624707584588275,2.0,97.3032534122467,7,1.0,0.0,0.0,10.0,6.0
2023,REG,clutch,00-0035704,D.Lock,SEA,1,10,6.84928951098118,27.423105918568446,4.0,-119.66685950756073,10,0.0,0.0,1.0,10.0,5.0
2023,REG,clutch,00-0038416,T.Bagent,CHI,3,10,-9.651227037160425,50.28840744159856,4.0,-66.96834564208984,9,1.0,1.0,0.0,10.0,5.0
2023,REG,clutch,00-0028986,C.Keenum,HOU,1,8,4.9723304223734885,13.519690784107347,4.0,-46.36178016662598,8,0.0,0.0,1.0,8.0,4.0
2023,REG,clutch,00-0031800,T.Heinicke,ATL,2,8,-3.730382328911219,6.9927637973433905,1.0,-137.77770698070526,6,0.0,0.0,0.0,7.0,3.0
2023,REG,clutch,00-0033869,M.Trubisky,PIT,1,8,-3.108192717656493,9.613592596041947,3.0,-89.67125415802002,8,0.0,0.0,0.0,8.0,4.0
2023,REG,clutch,00-0033936,C.Beathard,JAX,1,8,1.3794273265537123,4.888488872807844,4.0,95.25783061981201,5,2.0,0.0,0.0,7.0,4.0
2023,REG,clutch,00-0035282,E.Stick,LAC,2,8,-3.0001647969475016,3.632492791830492,2.0,-190.43388664722443,6,2.0,0.0,0.0,8.0,2.0
2023,REG,clutch,00-0036442,J.Burrow,CIN,4,8,3.4704892619925634,23.364886514389195,3.0,-41.71105921268463,5,1.0,0.0,0.0,7.0,2.0
2023,REG,clutch,00-0038583,D.Thompson-Robinson,CLE,1,8,0.05631385406013578,2.2114931760373864,4.0,-4.212057590484619,8,0.0,0.0,0.0,8.0,6.0
2023,REG,clutch,00-0039164,A.Richardson,IND,1,8,6.180204082760727,25.739080109131176,4.0,-138.85677754878998,7,0.0,0.0,1.0,8.0,3.0
2023,REG,clutch,00-0038476,T.DeVito,NYG,3,7,0.8558848875691183,10.827538632246767,4.0,151.74517035484314,5,1.0,0.0,0.0,6.0,5.0
2023,REG,clutch,00-0034869,S.Darnold,SF,1,6,-3.73608594131656,5.728461247825014,1.0,-101.2613296508789,4,2.0,0.0,0.0,6.0,1.0
2023,REG,clutch,00-0027948,B.Gabbert,KC,1,3,3.3536940535414033,9.128757450303768,2.0,-88.99043798446655,1,0.0,0.0,0.0,1.0,0.0
2023,REG,clutch,00-0032950,C.Wentz,LA,1,3,1.6093894798979163,1.2807268641442855,3.0,29.4222891330719,2,0.0,0.0,0.0,3.0,2.0
2023,REG,clutch,00-0034771,M.Rudolph,PIT,2,3,0.7137217523906769,6.111978087572468,2.0,67.21577644348145,2,0.0,0.0,0.0,3.0,2.0
2023,REG,clutch,00-0035710,D.Jones,NYG,1,3,4.314828259986825,8.758695899600808,3.0,109.81704890727997,3,0.0,0.0,1.0,3.0,3.0
2023,REG,clutch,00-0026625,B.Hoyer,LV,1,1,-0.5865373203996569,0.34402602822160977,0.0,-76.76298022270203,1,0.0,0.0,0.0,1.0,0.0
2023,REG,clutch,00-0033119,J.Brissett,WAS,1,1,-0.017149756284197792,0.0002941141406073817,0.0,23.618119955062866,1,0.0,0.0,0.0,1.0,1.0
2023,REG,clutch,00-0036898,D.Mills,HOU,1,1,-0.18297453355626203,0.03347967993013166,0.0,0.0,0,1.0,0.0,0.0,1.0,0.0
2023,REG,late,00-0039150,B.Young,CAR,14,90,-14.538965569540899,143.88149876054746,37.0,261.28216683864594,68,7.0,3.0,3.0,87.0,49.0
2023,REG,late,00-0037077,S.Howell,WAS,12,87,-20.600553611425013,323.5262034937486,34.0,146.8798726797104,70,8.0,2.0,4.0,86.0,48.0
2023,REG,late,00-0034855,B.Mayfield,TB,14,78,6.847606659182768,221.5197397975343,31.0,270.44688016176224,63,7.0,2.0,5.0,75.0,39.0
2023,REG,late,00-0029263,R.Wilson,DEN,12,75,1.527801570831595,235.12307557620696,34.0,220.4445332288742,54,8.0,1.0,5.0,70.0,35.0
2023,REG,late,00-0030565,G.Smith,SEA,13,74,13.38030494768335,120.24745613277226,37.0,164.2971634864807,62,6.0,0.0,5.0,72.0,41.0
2023,REG,late,00-0033106,J.Goff,DET,15,72,20.578778364752846,162.5731315642573,41.0,452.02037543058395,63,4.0,2.0,5.0,72.0,47.0
2023,REG,late,00-0036264,J.Love,GB,15,72,-4.589279742099048,202.35024349714615,28.0,-410.4643911123276,61,5.0,5.0,4.0,68.0,30.0
2023,REG,late,00-0033949,J.Dobbs,ARI,7,66,-9.830692037634318,79.25469386446726,24.0,-208.46668183803558,56,3.0,0.0,1.0,64.0,34.0
2023,REG,late,00-0037013,Z.Wilson,NYJ,8,59,-26.843269105491228,225.41253428304879,23.0,28.551164269447327,45,5.0,3.0,1.0,57.0,29.0
2023,REG,late,00-0026498,M.Stafford,LA,9,58,-3.8839857757518232,95.93687085645968,19.0,-458.44258964061737,46,5.0,1.0,3.0,55.0,25.0
2023,REG,late,00-0035289,G.Minshew II,IND,13,58,-18.47185769687034,109.1471415270585,16.0,-675.609689950943,49,4.0,0.0,1.0,57.0,24.0
2023,REG,late,00-0033873,P.Mahomes,KC,15,57,5.173024185453004,113.3931689549665,21.0,56.83860033750534,43,2.0,1.0,2.0,52.0,28.0
2023,REG,late,00-0039152,W.Levis,TEN,8,57,-4.37364261253006,67.09230919964317,23.0,-477.78736650943756,49,6.0,1.0,2.0,56.0,24.0
2023,REG,late,00-0039163,C.Stroud,HOU,8,57,11.765154289263004,157.75282025381438,28.0,130.22023141384125,48,5.0,1.0,3.0,54.0,33.0
2023,REG,late,00-0036355,J.Herbert,LAC,10,56,-13.38431604145254,119.65974218523634,16.0,-181.02012425661087,44,8.0,2.0,1.0,54.0,25.0
2023,REG,late,00-0035228,K.Murray,ARI,7,55,5.993892201047856,76.02585441562458,25.0,243.98309588432312,49,3.0,0.0,1.0,52.0,35.0
2023,REG,late,00-0036389,J.Hurts,PHI,12,55,-7.371742458090276,116.29168823974241,22.0,-381.8074733018875,46,1.0,3.0,1.0,51.0,27.0
2023,REG,late,00-0031280,D.Carr,NO,11,51,-0.8344863957117461,111.88573299614102,22.0,-10.962150990962982,44,2.0,1.0,2.0,51.0,27.0
2023,REG,late,00-0036972,M.Jones,NE,8,51,-9.997118156766984,92.22936819108203,20.0,-88.2040336728096,43,5.0,2.0,2.0,49.0,27.0
2023,REG,late,00-0036945,J.Fields,CHI,11,50,-9.30433628924936,149.48748201197884,16.0,-307.58659541606903,37,3.0,4.0,2.0,47.0,22.0
2023,REG,late,00-0034857,J.Allen,BUF,12,48,30.028052943577762,101.30198030206415,31.0,619.0248414874077,36,1.0,0.0,4.0,41.0,27.0
2023,REG,late,00-0038579,A.O'Connell,LV,8,48,-11.652907622242587,153.44132400573832,19.0,-148.03177416324615,44,2.0,5.0,2.0,48.0,27.0
2023,REG,late,00-0036971,T.Lawrence,JAX,9,43,-10.632364621960537,95.81774533492258,14.0,-787.9707619547844,33,2.0,0.0,2.0,37.0,11.0
2023,REG,late,00-0028118,T.Taylor,NYG,7,42,-9.988843890695529,60.532334237057164,16.0,27.256327867507935,34,0.0,1.0,0.0,36.0,22.0
2023,REG,late,00-0032156,T.Siemian,NYJ,4,42,-9.883558969507991,45.728276734370766,16.0,-431.9344162940979,35,2.0,1.0,0.0,40.0,19.0
2023,REG,late,00-0033077,D.Prescott,DAL,9,42,-4.520562426159973,100.95945615150956,20.0,-55.56972026824951,31,7.0,1.0,2.0,40.0,17.0
2023,REG,late,00-0035100,J.Browning,CIN,7,41,10.713517756131992,73.01156407527576,22.0,363.8107106089592,29,7.0,0.0,2.0,38.0,23.0
2023,REG,late,00-0033319,N.Mullens,MIN,5,37,-10.08751465473324,84.24098382017903,13.0,-292.57625937461853,33,2.0,3.0,1.0,36.0,18.0
2023,REG,late,00-0034796,L.Jackson,BAL,6,37,-7.987332316966361,104.7554188096459,18.0,-215.60080647468567,27,5.0,1.0,1.0,34.0,16.0
2023,REG,late,00-0038108,B.Zappe,NE,8,37,-22.396607680086632,73.5031389358873,9.0,-654.2933940887451,30,3.0,3.0,0.0,35.0,13.0
2023,REG,late,00-0038122,D.Ridder,ATL,10,37,-10.758031350461088,91.94386313524453,21.0,279.53341603279114,30,4.0,2.0,0.0,36.0,23.0
2023,REG,late,00-0038476,T.DeVito,NYG,6,36,1.9715744480490685,66.12352997835227,14.0,73.50071966648102,30,3.0,0.0,1.0,34.0,21.0
2023,REG,late,00-0029604,K.Cousins,MIN,6,35,-7.918510207236977,74.00162952503955,15.0,-63.73751014471054,32,1.0,1.0,1.0,35.0,19.0
2023,REG,late,00-0036212,T.Tagovailoa,MIA,9,34,0.8154259077273309,58.77894216197719,12.0,-209.95918214321136,29,3.0,1.0,2.0,33.0,17.0
2023,REG,late,00-0033275,P.Walker,CLE,4,29,-17.554347816006523,49.858454605744534,5.0,-816.284191608429,24,5.0,1.0,0.0,29.0,7.0
2023,REG,late,00-0038102,K.Pickett,PIT,8,29,8.754231530590042,61.31363767303941,13.0,172.95210361480713,23,3.0,0.0,2.0,27.0,17.0
2023,REG,late,00-0033869,M.Trubisky,PIT,4,28,-4.343878907733597,20.443584413081393,12.0,-59.39421355724335,25,1.0,1.0,1.0,27.0,17.0
2023,REG,late,00-0037834,B.Purdy,SF,8,26,0.10281741690652701,52.91521410043695,14.0,99.9389797449112,21,2.0,1.0,0.0,25.0,15.0
2023,REG,late,00-0029701,R.Tannehill,TEN,6,22,3.3878494733071904,22.066105626441345,9.0,84.98495519161224,18,4.0,1.0,1.0,22.0,14.0
2023,REG,late,00-0034869,S.Darnold,SF,5,22,-12.61468318720636,49.13052633178512,7.0,-235.69085896015167,15,5.0,1.0,0.0,21.0,7.0
2023,REG,late,00-0035282,E.Stick,LAC,5,22,-4.491563453397248,39.87777766086763,9.0,-55.71155846118927,18,4.0,0.0,1.0,22.0,11.0
2023,REG,late,00-0039164,A.Richardson,IND,2,21,11.629338047452737,42.38189959008665,13.0,-87.6507580280304,17,0.0,0.0,1.0,18.0,10.0
2023,REG,late,00-0033949,J.Dobbs,MIN,3,20,-0.2649885541287431,32.78043616466874,6.0,-130.76130747795105,14,1.0,0.0,1.0,18.0,8.0
2023,REG,late,00-0036442,J.Burrow,CIN,7,20,-2.8500849695405375,76.7157834545371,7.0,-63.62529993057251,14,1.0,1.0,1.0,18.0,7.0
2023,REG,late,00-0026158,J.Flacco,CLE,4,19,0.145805805363036,74.91684286618033,8.0,-99.99808669090271,16,2.0,0.0,1.0,19.0,9.0
2023,REG,late,00-0031345,J.Garoppolo,LV,5,19,-2.638649309890449,22.788497161936238,9.0,-128.16439270973206,16,1.0,1.0,0.0,17.0,10.0
2023,REG,late,00-0031503,J.Winston,NO,4,19,-10.977356411994876,42.99944483980453,5.0,-290.25014340877533,18,0.0,3.0,0.0,19.0,8.0
2023,REG,late,00-0034177,T.Boyle,NYJ,2,19,-4.9034299057675526,22.72630822513495,6.0,-99.9042272567749,17,2.0,1.0,1.0,19.0,11.0
2023,REG,late,00-0036898,D.Mills,HOU,3,17,-4.1360794731008355,14.619312843213557,4.0,-470.5628126859665,14,2.0,0.0,1.0,16.0,5.0
2023,REG,late,00-0033936,C.Beathard,JAX,4,16,1.4282927452458316,7.891593356538586,9.0,165.08806347846985,11,2.0,0.0,1.0,14.0,9.0
2023,REG,late,00-0038416,T.Bagent,CHI,4,15,-11.488190019779605,53.64250664979169,5.0,-151.62575244903564,13,1.0,1.0,0.0,15.0,7.0
2023,REG,late,00-0031800,T.Heinicke,ATL,3,14,-4.318839626910631,15.748386979845195,3.0,-125.0919908285141,11,1.0,1.0,1.0,13.0,6.0
2023,REG,late,00-0033537,D.Watson,CLE,3,14,0.5295783624169417,15.82815600874247,8.0,54.27536964416504,10,2.0,0.0,0.0,12.0,7.0
2023,REG,late,00-0033662,C.Rush,DAL,6,14,-2.2539423417902245,17.0771342009827,7.0,82.6749324798584,14,0.0,0.0,0.0,14.0,10.0
2023,REG,late,00-0035704,D.Lock,SEA,3,14,0.7034097591531463,40.34090227772408,4.0,-206.44351243972778,13,1.0,1.0,1.0,14.0,6.0
2023,REG,late,00-0035993,T.Huntley,BAL,5,14,3.082071126653085,24.81913411098559,8.0,82.53215253353119,8,1.0,0.0,1.0,10.0,6.0
2023,REG,late,00-0035710,D.Jones,NYG,4,13,-9.0342118050321,34.60851781216352,3.0,110.89595407247543,10,2.0,1.0,1.0,12.0,8.0
2023,REG,late,00-0027973,A.Dalton,CAR,1,12,1.3174987698439509,19.42940357790727,7.0,71.5140551328659,11,1.0,0.0,1.0,12.0,8.0
2023,REG,late,00-0038583,D.Thompson-Robinson,CLE,2,12,-3.719050450483337,10.638481157059504,5.0,-144.77835595607758,12,0.0,1.0,0.0,12.0,7.0
2023,REG,late,00-0038128,M.Willis,TEN,1,9,-0.02589507115755474,22.72043280102007,4.0,41.563501954078674,4,4.0,0.0,0.0,8.0,3.0
2023,REG,late,00-0028986,C.Keenum,HOU,1,8,4.9723304223734885,13.519690784107347,4.0,-46.36178016662598,8,0.0,0.0,1.0,8.0,4.0
2023,REG,late,00-0034955,B.Rypien,LA,2,8,-4.7035017150919884,10.479349796903405,1.0,35.564249753952026,7,1.0,0.0,0.0,8.0,5.0
2023,REG,late,00-0034771,M.Rudolph,PIT,3,7,-4.966784173224175,20.349053075001585,2.0,39.7813081741333,5,1.0,0.0,0.0,7.0,4.0
2023,REG,late,00-0035264,J.Stidham,DEN,2,7,-1.9773294266778976,14.752351345100255,3.0,52.931490540504456,6,1.0,1.0,0.0,7.0,4.0
2023,REG,late,00-0033119,J.Brissett,WAS,2,6,4.0680305148416664,33.23452645601444,2.0,105.0370305776596,5,0.0,0.0,1.0,6.0,4.0
2023,REG,late,00-0034438,L.Woodside,ATL,1,5,-8.157573035598034,99.27248552419965,4.0,-11.572813987731934,4,0.0,1.0,0.0,4.0,3.0
2023,REG,late,00-0032268,M.Mariota,PHI,1,4,-5.321959779947065,27.199400144352648,2.0,46.43540382385254,2,2.0,0.0,0.0,4.0,2.0
2023,REG,late,00-0032436,J.Driskel,CLE,1,4,4.785553953144699,13.029674546873263,3.0,2.7410894632339478,3,0.0,0.0,1.0,3.0,2.0
2023,REG,late,00-0027948,B.Gabbert,KC,1,3,3.3536940535414033,9.128757450303768,2.0,-88.99043798446655,1,0.0,0.0,0.0,1.0,0.0
2023,REG,late,00-0032950,C.Wentz,LA,1,3,1.6093894798979163,1.2807268641442855,3.0,29.4222891330719,2,0.0,0.0,0.0,3.0,2.0
2023,REG,late,00-0038598,J.Hall,MIN,1,3,1.0320356278680265,4.075808889059906,1.0,-3.331202268600464,3,0.0,0.0,0.0,3.0,2.0
2023,REG,late,00-0034401,M.White,MIA,2,2,-10.041035248781554,81.71787565687417,0.0,-54.539650678634644,2,0.0,1.0,0.0,2.0,1.0
2023,REG,late,00-0026625,B.Hoyer,LV,1,1,-0.5865373203996569,0.34402602822160977,0.0,-76.76298022270203,1,0.0,0.0,0.0,1.0,0.0
2023,REG,late,00-0038391,S.Clifford,GB,1,1,2.1436268281540833,4.595135978381936,1.0,58.596500754356384,1,0.0,0.0,0.0,1.0,1.0
2023,REG,late,00-0038582,C.Tune,ARI,1,1,-1.6900003815535456,2.8561012896511295,0.0,0.0,0,1.0,0.0,0.0,1.0,0.0
2023,REG,ot,00-0036389,J.Hurts,PHI,2,12,-0.22544135511036134,12.265734514363777,6.0,6.456953287124634,10,0.0,0.0,0.0,11.0,7.0
2023,REG,ot,00-0039152,W.Levis,TEN,2,11,-2.7464832507880885,12.779630529655098,3.0,-103.01215946674347,6,4.0,0.0,0.0,10.0,2.0
2023,REG,ot,00-0034857,J.Allen,BUF,2,10,1.4577511248486088,14.302052006360837,3.0,-305.14422953128815,8,0.0,0.0,0.0,8.0,2.0
2023,REG,ot,00-0035100,J.Browning,CIN,2,10,3.2667367089306936,24.704113349002483,4.0,61.50529086589813,7,2.0,0.0,0.0,10.0,5.0
2023,REG,ot,00-0035289,G.Minshew II,IND,2,9,6.9405274072196335,29.446228684521806,6.0,198.66502583026886,8,1.0,0.0,1.0,9.0,6.0
2023,REG,ot,00-0026498,M.Stafford,LA,2,7,3.3091052740928717,15.135021028319558,3.0,-25.31609535217285,7,0.0,0.0,1.0,7.0,4.0
2023,REG,ot,00-0030565,G.Smith,SEA,1,7,6.176640850375406,13.629482258875063,5.0,116.82672500610352,7,0.0,0.0,1.0,7.0,6.0
2023,REG,ot,00-0034796,L.Jackson,BAL,2,7,-7.019228568824474,10.612608671487536,1.0,-359.47608053684235,7,0.0,0.0,0.0,7.0,1.0
2023,REG,ot,00-0033936,C.Beathard,JAX,1,5,-0.20106705476064235,4.12583650921781,2.0,104.07683849334717,5,0.0,0.0,0.0,5.0,5.0
2023,REG,ot,00-0028986,C.Keenum,HOU,1,4,-0.9983417027397081,6.836828038524732,1.0,50.72672367095947,2,2.0,0.0,0.0,4.0,2.0
2023,REG,ot,00-0036355,J.Herbert,LAC,1,3,-2.313304492039606,1.9708678036818266,0.0,-82.4483871459961,2,0.0,0.0,0.0,3.0,0.0
2023,REG,ot,00-0037013,Z.Wilson,NYJ,1,3,0.41134237754158676,3.9664299605184534,1.0,-105.05385398864746,3,0.0,0.0,0.0,3.0,1.0
2023,REG,ot,00-0038476,T.DeVito,NYG,1,3,-2.0220178184099495,1.3829765931643991,0.0,-59.47290658950806,3,0.0,0.0,0.0,3.0,2.0
2023,REG,ot,00-0029701,R.Tannehill,TEN,1,2,1.0535308574908413,0.76734607097427,2.0,59.58167910575867,2,0.0,0.0,0.0,2.0,2.0
2023,REG,ot,00-0033319,N.Mullens,MIN,1,2,1.2862576197367162,0.892273147267985,2.0,53.95994186401367,2,0.0,0.0,0.0,2.0,2.0
2023,REG,ot,00-0037077,S.Howell,WAS,1,2,-1.3461229223757982,1.321271561444985,0.0,-18.713298439979553,2,0.0,0.0,0.0,2.0,1.0
2023,REG,q1,00-0033077,D.Prescott,DAL,17,169,38.147524676801254,488.24550586127623,87.0,-50.971612334251404,145,12.0,2.0,11.0,159.0,96.0
2023,REG,q1,00-0034857,J.Allen,BUF,17,168,-3.2967854135962726,360.61453217964765,79.0,-96.26754224300385,145,4.0,4.0,3.0,158.0,97.0
2023,REG,q1,00-0037077,S.Howell,WAS,17,167,-26.12516009332925,463.21172171410063,73.0,-382.04188495874405,143,13.0,4.0,3.0,160.0,96.0
2023,REG,q1,00-0031280,D.Carr,NO,17,160,0.8728892635901495,486.5131275604148,76.0,30.822759866714478,148,6.0,2.0,7.0,158.0,103.0
2023,REG,q1,00-0036389,J.Hurts,PHI,17,160,26.101798063555343,307.6157276858286,81.0,1015.4642701148987,127,11.0,1.0,3.0,149.0,100.0
2023,REG,q1,00-0034796,L.Jackson,BAL,16,146,35.362501126197536,282.89897824107607,80.0,1102.4021118879318,118,7.0,1.0,4.0,128.0,89.0
2023,REG,q1,00-0034855,B.Mayfield,TB,17,145,-9.166663681774448,335.7878683115729,60.0,-576.1632800102234,125,8.0,3.0,2.0,137.0,79.0
2023,REG,q1,00-0036971,T.Lawrence,JAX,16,139,9.556357650212192,318.0539933864176,63.0,141.57768487930298,121,5.0,1.0,4.0,130.0,82.0
2023,REG,q1,00-0033106,J.Goff,DET,17,135,9.57211448636376,399.45373530721736,65.0,628.2926231622696,117,6.0,2.0,8.0,132.0,87.0
2023,REG,q1,00-0039163,C.Stroud,HOU,15,132,16.115114989710587,343.37987418202783,62.0,-280.74172139167786,112,5.0,1.0,6.0,124.0,73.0
2023,REG,q1,00-0033873,P.Mahomes,KC,16,130,15.07970081485653,281.7399078093349,62.0,706.0919612646103,109,9.0,2.0,5.0,122.0,85.0
2023,REG,q1,00-0037834,B.Purdy,SF,16,130,42.29130193816431,258.4958885826577,71.0,601.1664062738419,115,7.0,1.0,7.0,125.0,83.0
2023,REG,q1,00-0026498,M.Stafford,LA,15,128,20.774143286217598,335.7055119538235,64.0,-436.65595948696136,118,5.0,1.0,4.0,125.0,79.0
2023,REG,q1,00-0036212,T.Tagovailoa,MIA,17,126,45.385220663351326,390.3765884409284,71.0,986.9289487600327,119,3.0,2.0,6.0,123.0,92.0
2023,REG,q1,00-0036264,J.Love,GB,17,120,22.308346105550605,248.3865455946234,61.0,221.24019265174866,106,5.0,0.0,7.0,115.0,74.0
2023,REG,q1,00-0030565,G.Smith,SEA,15,115,27.92285822985458,259.4092785306951,60.0,614.1768544912338,105,6.0,0.0,5.0,114.0,77.0
2023,REG,q1,00-0035289,G.Minshew II,IND,13,113,9.621188351561253,250.83623752109776,56.0,207.50676095485687,92,12.0,0.0,3.0,107.0,68.0
2023,REG,q1,00-0036355,J.Herbert,LAC,13,112,-3.0945279389373095,259.1070937150438,51.0,-92.0387327671051,94,5.0,2.0,4.0,101.0,66.0
2023,REG,q1,00-0036442,J.Burrow,CIN,10,112,26.874834555191853,152.0133497928957,65.0,539.7476509213448,103,4.0,0.0,6.0,109.0,79.0
2023,REG,q1,00-0036945,J.Fields,CHI,13,110,40.45220132263933,275.84000684805477,57.0,1198.1365710496902,79,12.0,0.0,2.0,98.0,64.0
2023,REG,q1,00-0039150,B.Young,CAR,16,104,-27.167076074485454,297.67411724650367,41.0,45.25049924850464,77,10.0,2.0,1.0,99.0,52.0
2023,REG,q1,00-0029263,R.Wilson,DEN,15,97,-4.168955952224788,333.2508971345387,43.0,311.1465632915497,78,6.0,2.0,6.0,88.0,56.0
2023,REG,q1,00-0038579,A.O'Connell,LV,10,96,11.708026696908686,201.49439641532814,44.0,624.3768215179443,87,5.0,1.0,4.0,96.0,69.0
2023,REG,q1,00-0037013,Z.Wilson,NYJ,12,93,-38.104275029867786,292.66874752617036,31.0,-203.2657027244568,76,13.0,0.0,1.0,93.0,51.0
2023,REG,q1,00-0038122,D.Ridder,ATL,13,89,-4.390060945181073,262.7158486640679,37.0,-24.920791387557983,71,11.0,2.0,3.0,84.0,49.0
2023,REG,q1,00-0038102,K.Pickett,PIT,12,83,-32.65053607610684,253.3205472786083,31.0,-244.83329355716705,71,8.0,3.0,1.0,79.0,45.0
2023,REG,q1,00-0036972,M.Jones,NE,11,79,-26.239116200764613,322.2198691430985,33.0,-379.2599141597748,71,3.0,3.0,1.0,78.0,46.0
2023,REG,q1,00-0039152,W.Levis,TEN,9,74,7.187338993726598,166.05164079430932,32.0,192.73836314678192,64,7.0,1.0,1.0,71.0,42.0
2023,REG,q1,00-0035228,K.Murray,ARI,8,67,-9.90641885289837,157.33663704898373,25.0,-778.5350501537323,56,5.0,1.0,1.0,64.0,31.0
2023,REG,q1,00-0033949,J.Dobbs,ARI,8,62,-2.7293929815360345,114.08481166505862,26.0,-299.00981187820435,57,2.0,0.0,0.0,61.0,36.0
2023,REG,q1,00-0033537,D.Watson,CLE,6,60,-27.351090621560722,258.25545135998357,23.0,-407.64905363321304,48,6.0,3.0,0.0,55.0,27.0
2023,REG,q1,00-0029701,R.Tannehill,TEN,8,57,-13.944628226555881,90.03455870138883,20.0,-364.3892526626587,46,6.0,0.0,1.0,54.0,28.0
2023,REG,q1,00-0029604,K.Cousins,MIN,8,56,-31.227055291620506,316.9435919483416,20.0,-3.5901159048080444,50,4.0,2.0,1.0,55.0,36.0
2023,REG,q1,00-0038108,B.Zappe,NE,6,55,-32.452256804623175,193.67599391653363,17.0,-387.92437613010406,44,6.0,2.0,1.0,52.0,27.0
2023,REG,q1,00-0035100,J.Browning,CIN,7,54,11.56329447363776,142.81424235507694,30.0,397.8892147541046,48,2.0,2.0,2.0,52.0,39.0
2023,REG,q1,00-0026158,J.Flacco,CLE,5,52,4.736715297913179,145.18178326782584,22.0,-438.7356787919998,48,2.0,0.0,3.0,52.0,28.0
2023,REG,q1,00-0035710,D.Jones,NYG,6,52,-18.099359772347167,143.89886172954775,21.0,-201.30311250686646,35,10.0,1.0,0.0,46.0,23.0
2023,REG,q1,00-0038476,T.DeVito,NYG,7,51,-10.942603957053882,82.31538657651231,17.0,-177.7234524488449,38,9.0,0.0,1.0,48.0,26.0
2023,REG,q1,00-0031345,J.Garoppolo,LV,6,47,2.000304909092506,198.82963073135136,24.0,-65.16981422901154,41,3.0,3.0,3.0,45.0,28.0
2023,REG,q1,00-0028118,T.Taylor,NYG,5,39,-6.055037278279899,72.47948178865887,16.0,220.81087231636047,27,6.0,0.0,0.0,35.0,20.0
2023,REG,q1,00-0035282,E.Stick,LAC,4,39,-17.03680079980565,225.86727139680158,18.0,-190.5789315700531,31,4.0,0.0,0.0,35.0,20.0
2023,REG,q1,00-0038416,T.Bagent,CHI,4,32,7.342416719591711,79.24262647425073,19.0,19.701114296913147,26,1.0,1.0,1.0,29.0,19.0
2023,REG,q1,00-0031800,T.Heinicke,ATL,4,28,6.072399850411278,40.525080763390996,15.0,35.85057556629181,24,0.0,0.0,1.0,25.0,16.0
2023,REG,q1,00-0038583,D.Thompson-Robinson,CLE,3,27,-15.13750626730069,70.4628264197865,9.0,-109.55663323402405,25,0.0,1.0,0.0,26.0,17.0
2023,REG,q1,00-0039164,A.Richardson,IND,4,27,3.3782081145909615,33.62059122696242,14.0,-18.916696310043335,23,2.0,0.0,0.0,26.0,17.0
2023,REG,q1,00-0032156,T.Siemian,NYJ,3,23,-6.890573142429907,92.13692587902128,10.0,-96.93397879600525,19,1.0,1.0,2.0,21.0,12.0
2023,REG,q1,00-0033319,N.Mullens,MIN,3,22,-1.4694804491009563,46.87818327000474,9.0,40.53491652011871,18,3.0,1.0,0.0,22.0,12.0
2023,REG,q1,00-0033949,J.Dobbs,MIN,4,21,-3.115967052346501,33.30857597896536,11.0,-10.580962896347046,15,2.0,0.0,0.0,17.0,10.0
2023,REG,q1,00-0034771,M.Rudolph,PIT,3,21,7.5975370600936,78.49024526712317,13.0,202.67852246761322,19,0.0,0.0,1.0,21.0,15.0
2023,REG,q1,00-0035264,J.Stidham,DEN,2,20,-2.8161232714774087,22.02617344320037,6.0,-289.92523699998856,18,0.0,0.0,0.0,19.0,9.0
2023,REG,q1,00-0033275,P.Walker,CLE,2,17,-4.495092801493776,119.32800737832798,8.0,24.634039402008057,15,1.0,1.0,1.0,17.0,10.0
2023,REG,q1,00-0035704,D.Lock,SEA,2,16,4.906677893479355,28.039706808448305,7.0,22.864124178886414,15,0.0,0.0,1.0,15.0,11.0
2023,REG,q1,00-0033869,M.Trubisky,PIT,2,14,-0.5107764289962176,23.663979676153716,6.0,-8.161750435829163,10,2.0,0.0,0.0,12.0,7.0
2023,REG,q1,00-0034177,T.Boyle,NYJ,2,13,-5.210378255927935,12.736855943671948,2.0,-125.22546052932739,11,1.0,0.0,0.0,13.0,7.0
2023,REG,q1,00-0038598,J.Hall,MIN,2,13,-6.639051913416779,56.35843432770254,5.0,-91.97733700275421,9,0.0,1.0,0.0,10.0,5.0
2023,REG,q1,00-0028986,C.Keenum,HOU,2,12,-3.2641814965754747,15.49161788109233,5.0,-26.50045156478882,11,0.0,0.0,0.0,12.0,8.0
2023,REG,q1,00-0027973,A.Dalton,CAR,1,10,-0.2629707330505424,25.193262029012622,4.0,37.5100314617157,8,2.0,0.0,0.0,10.0,6.0
2023,REG,q1,00-0026625,B.Hoyer,LV,1,9,-0.692110982580711,11.679604335134103,4.0,-107.76567459106445,9,0.0,0.0,0.0,9.0,5.0
2023,REG,q1,00-0038582,C.Tune,ARI,1,8,-5.877415082184598,10.866560255001959,1.0,-114.55625891685486,6,1.0,0.0,0.0,7.0,4.0
2023,REG,q1,00-0033936,C.Beathard,JAX,1,7,1.9266432181924196,7.899458477798524,4.0,119.05781030654907,6,1.0,0.0,0.0,7.0,5.0
2023,REG,q1,00-0032436,J.Driskel,CLE,1,6,-8.631527612451464,17.645455615318557,0.0,-51.88628435134888,4,2.0,1.0,0.0,6.0,2.0
2023,REG,q1,00-0032950,C.Wentz,LA,1,6,7.479777639498934,23.22904044787891,4.0,78.63635122776031,5,0.0,0.0,1.0,5.0,4.0
2023,REG,q1,00-0034869,S.Darnold,SF,1,6,5.7097277490538545,6.320567288752445,6.0,179.3853223323822,6,0.0,0.0,0.0,6.0,6.0
2023,REG,q1,00-0027948,B.Gabbert,KC,1,5,-4.628468876937404,10.185296198949041,1.0,-110.00968813896179,3,1.0,0.0,0.0,5.0,1.0
2023,REG,q1,00-0035993,T.Huntley,BAL,1,5,-4.1282696686685085,5.503641049739804,1.0,-192.0277178287506,4,0.0,0.0,0.0,4.0,1.0
2023,REG,q1,00-0033357,T.Hill,NO,3,3,0.9636382493190467,2.541723122165984,2.0,-22.86585569381714,3,0.0,0.0,0.0,3.0,2.0
2023,REG,q1,00-0034955,B.Rypien,LA,1,3,-5.439265465596691,44.390058321039604,1.0,-52.18515992164612,2,1.0,0.0,0.0,3.0,1.0
2023,REG,q1,00-0023459,A.Rodgers,NYJ,1,2,-2.0319598843343556,2.57611371782316,0.0,0.0,0,1.0,0.0,0.0,2.0,0.0
2023,REG,q1,00-0030564,D.Hopkins,TEN,2,2,-0.40050435991724953,0.17504322211553938,1.0,-59.53988432884216,1,0.0,0.0,0.0,1.0,0.0
2023,REG,q1,00-0031376,J.McKinnon,KC,1,1,1.1053474548389204,1.2217929959188791,1.0,14.645791053771973,1,0.0,0.0,1.0,1.0,1.0
2023,REG,q1,00-0032764,D.Henry,TEN,1,1,-0.47603245900245383,0.2266069020239229,0.0,-41.05706810951233,1,0.0,0.0,0.0,1.0,0.0
2023,REG,q1,00-0033858,J.Smith,ATL,1,1,-0.8618303572875448,0.742751564742377,0.0,-42.98215210437775,1,0.0,0.0,0.0,1.0,0.0
2023,REG,q1,00-0034613,T.Hudson,CIN,1,1,-2.2643815996237797,5.1274240287147475,0.0,0.0,0,1.0,0.0,0.0,1.0,0.0
2023,REG,q1,00-0034960,J.Meyers,LV,1,1,1.4771853819256648,2.1820766525748723,1.0,0.0,0,0.0,0.0,0.0,0.0,0.0
2023,REG,q1,00-0035719,D.Samuel,SF,1,1,-0.4431877873139456,0.19641541482423108,0.0,0.0,0,0.0,0.0,0.0,1.0,0.0
2023,REG,q1,00-0036626,D.Brown,WAS,1,1,-0.30589396954746917,0.093571120605508,0.0,22.300511598587036,1,0.0,0.0,0.0,1.0,1.0
2023,REG,q1,00-0036898,D.Mills,HOU,1,1,-0.20228883251547813,0.040920771760475164,0.0,10.23491621017456,1,0.0,0.0,0.0,1.0,1.0
2023,REG,q1,00-0036900,J.Chase,CIN,1,1,-2.102857018588111,4.422007640625278,0.0,17.85406470298767,1,0.0,0.0,0.0,1.0,1.0
2023,REG,q1,00-0036928,K.Trask,TB,1,1,-1.8803028730234743,3.535538894300332,0.0,-47.043803334236145,1,0.0,0.0,0.0,1.0,0.0
2023,REG,q1,00-0037238,D.London,ATL,1,1,1.8440146018983796,3.4003898520144396,1.0,33.69406461715698,1,0.0,0.0,0.0,1.0,1.0
2023,REG,q1,00-0039040,D.Achane,MIA,1,1,-1.4337288234382868,2.055578339157734,0.0,0.0,0,1.0,0.0,0.0,1.0,0.0
2023,REG,q2,00-0036212,T.Tagovailoa,MIA,17,217,53.99261528087876,782.5362871314335,116.0,1259.7165763378143,197,9.0,4.0,14.0,213.0,145.0
2023,REG,q2,00-0033873,P.Mahomes,KC,16,209,41.77850818594473,542.152297263499,116.0,1048.061253130436,177,5.0,8.0,12.0,192.0,131.0
2023,REG,q2,00-0037077,S.Howell,WAS,17,207,-21.328178360798702,449.1789187782084,81.0,-117.60957092046738,169,20.0,6.0,6.0,200.0,114.0
2023,REG,q2,00-0033077,D.Prescott,DAL,17,202,65.88299196403207,439.10801103139534,109.0,1486.2275123596191,179,12.0,2.0,13.0,194.0,136.0
2023,REG,q2,00-0033106,J.Goff,DET,17,197,26.107689466902862,445.9125708255352,94.0,-131.16144239902496,178,7.0,3.0,11.0,195.0,123.0
2023,REG,q2,00-0034857,J.Allen,BUF,17,194,25.82140991417735,423.9201128672763,95.0,819.5186108350754,161,8.0,8.0,13.0,182.0,111.0
2023,REG,q2,00-0034796,L.Jackson,BAL,16,191,32.493657241172,473.97653030525237,96.0,372.13089019060135,152,10.0,3.0,10.0,167.0,104.0
2023,REG,q2,00-0035289,G.Minshew II,IND,15,189,14.039744104500869,475.3142387193067,83.0,-1098.6281514167786,158,8.0,2.0,7.0,180.0,98.0
2023,REG,q2,00-0036264,J.Love,GB,17,182,-3.6786927814906374,338.32287813259586,73.0,-581.6186010837555,158,9.0,3.0,6.0,173.0,103.0
2023,REG,q2,00-0034855,B.Mayfield,TB,17,178,11.654371664969224,336.7878165193911,82.0,269.31727826595306,153,10.0,4.0,10.0,170.0,106.0
2023,REG,q2,00-0036971,T.Lawrence,JAX,16,178,-4.738411358472826,512.4742321890861,94.0,586.7629170417786,158,12.0,7.0,5.0,171.0,112.0
2023,REG,q2,00-0026498,M.Stafford,LA,15,174,32.64917633161642,366.1084290083688,89.0,365.557661652565,152,10.0,3.0,10.0,172.0,109.0
2023,REG,q2,00-0036389,J.Hurts,PHI,17,172,0.9511925366910541,379.96033503069356,65.0,-5.693599581718445,130,14.0,5.0,6.0,158.0,86.0
2023,REG,q2,00-0039150,B.Young,CAR,16,170,-41.79107059832727,314.28578232283024,52.0,-1170.136895775795,138,13.0,2.0,3.0,164.0,82.0
2023,REG,q2,00-0031280,D.Carr,NO,17,169,-3.398842849645174,356.8951308373147,71.0,-33.96717607975006,144,14.0,3.0,6.0,166.0,99.0
2023,REG,q2,00-0039163,C.Stroud,HOU,15,165,36.17344221334329,301.39094139915056,82.0,623.8783538341522,146,8.0,1.0,7.0,158.0,103.0
2023,REG,q2,00-0036355,J.Herbert,LAC,13,164,13.64922648094899,347.8894524442296,77.0,-21.821129322052002,141,9.0,1.0,8.0,158.0,95.0
2023,REG,q2,00-0030565,G.Smith,SEA,15,161,11.103872902672157,272.890012957423,74.0,-144.57964301109314,141,8.0,4.0,5.0,156.0,89.0
2023,REG,q2,00-0029263,R.Wilson,DEN,15,154,-8.721449815274356,278.65658248507964,64.0,751.1768907308578,122,12.0,0.0,4.0,143.0,90.0
2023,REG,q2,00-0037834,B.Purdy,SF,16,145,44.30761840713282,338.8105367704561,81.0,502.93591022491455,127,6.0,3.0,7.0,138.0,91.0
2023,REG,q2,00-0038122,D.Ridder,ATL,13,140,-13.976881006505904,394.8371527252408,65.0,138.45185041427612,120,11.0,3.0,5.0,134.0,84.0
2023,REG,q2,00-0037013,Z.Wilson,NYJ,12,130,-29.00631796011993,203.98880928742648,45.0,-996.0768431425095,95,11.0,2.0,3.0,116.0,53.0
2023,REG,q2,00-0036945,J.Fields,CHI,13,127,-8.204032551230775,231.648227416935,50.0,149.94081258773804,98,14.0,3.0,7.0,119.0,65.0
2023,REG,q2,00-0036972,M.Jones,NE,11,117,-22.271396150941186,398.4737547641817,48.0,-347.1448600292206,102,8.0,4.0,4.0,112.0,69.0
2023,REG,q2,00-0038102,K.Pickett,PIT,12,116,-13.263831718711373,172.0687316079249,46.0,-793.1261003017426,98,5.0,0.0,2.0,109.0,58.0
2023,REG,q2,00-0029604,K.Cousins,MIN,8,108,35.464219806690494,310.14113214854535,58.0,930.1972210407257,102,4.0,2.0,7.0,108.0,77.0
2023,REG,q2,00-0036442,J.Burrow,CIN,10,104,-13.11668262261998,147.44611185864164,40.0,-96.54957056045532,91,8.0,0.0,3.0,103.0,62.0
2023,REG,q2,00-0029701,R.Tannehill,TEN,9,84,5.024805876362089,160.0123615697695,34.0,302.3622065782547,69,11.0,1.0,1.0,82.0,46.0
2023,REG,q2,00-0038579,A.O'Connell,LV,10,83,-7.968354737491808,165.22760184539896,35.0,-748.4544366598129,72,8.0,0.0,3.0,83.0,44.0
2023,REG,q2,00-0033949,J.Dobbs,ARI,8,78,-0.03238688417675917,193.77229818220857,34.0,-239.1438901424408,66,3.0,2.0,3.0,72.0,41.0
2023,REG,q2,00-0035100,J.Browning,CIN,8,77,2.569101371808877,195.66989661740692,38.0,-162.5714123249054,66,5.0,2.0,3.0,72.0,45.0
2023,REG,q2,00-0038476,T.DeVito,NYG,8,75,-25.467752844764618,158.2002066383294,22.0,-665.3664886951447,50,10.0,2.0,2.0,65.0,29.0
2023,REG,q2,00-0035228,K.Murray,ARI,8,73,-3.545595538245748,208.21207882563013,29.0,-181.04947060346603,63,4.0,2.0,2.0,69.0,43.0
2023,REG,q2,00-0039152,W.Levis,TEN,9,69,-8.873370524376949,163.62906633211423,28.0,8.579584956169128,57,8.0,0.0,1.0,65.0,35.0
2023,REG,q2,00-0026158,J.Flacco,CLE,5,66,1.6694842682213373,339.8669921313546,31.0,197.4306285381317,64,0.0,5.0,6.0,66.0,42.0
2023,REG,q2,00-0033537,D.Watson,CLE,5,66,-4.915487737735864,61.788500155715866,22.0,-552.6118874549866,53,4.0,0.0,3.0,60.0,27.0
2023,REG,q2,00-0033949,J.Dobbs,MIN,5,64,7.540587409033128,218.61060789178993,29.0,276.98355317115784,50,6.0,2.0,3.0,58.0,37.0
2023,REG,q2,00-0028118,T.Taylor,NYG,6,62,6.528306403516741,141.67846786313126,24.0,273.66325855255127,51,5.0,2.0,3.0,59.0,37.0
2023,REG,q2,00-0035710,D.Jones,NYG,6,58,-10.818388618021242,133.45799749884014,23.0,-229.13528084754944,47,7.0,2.0,0.0,56.0,31.0
2023,REG,q2,00-0031345,J.Garoppolo,LV,6,55,6.464740987831886,79.14277532653719,26.0,96.35684788227081,49,1.0,1.0,2.0,52.0,34.0
2023,REG,q2,00-0038108,B.Zappe,NE,6,55,13.371190938822185,153.7969573431192,23.0,291.8651193380356,48,2.0,1.0,3.0,53.0,34.0
2023,REG,q2,00-0038416,T.Bagent,CHI,4,49,9.909099574961717,69.73794937080176,26.0,18.875497579574585,42,2.0,1.0,1.0,45.0,29.0
2023,REG,q2,00-0035282,E.Stick,LAC,5,45,-10.164349794402405,32.210779705209376,11.0,-430.0743341445923,42,0.0,0.0,0.0,44.0,25.0
2023,REG,q2,00-0031800,T.Heinicke,ATL,4,44,7.95551594447503,88.76542774175726,21.0,-88.74874413013458,35,2.0,1.0,2.0,40.0,24.0
2023,REG,q2,00-0033319,N.Mullens,MIN,3,40,6.018992578280377,113.88486584365549,20.0,408.3595424890518,32,5.0,3.0,1.0,38.0,25.0
2023,REG,q2,00-0032156,T.Siemian,NYJ,4,39,-2.39409367660856,36.823151771816235,15.0,-246.15431129932404,34,2.0,0.0,0.0,39.0,20.0
2023,REG,q2,00-0034771,M.Rudolph,PIT,3,32,-1.2088804340922703,54.22233727620842,14.0,305.57605624198914,25,3.0,0.0,0.0,30.0,20.0
2023,REG,q2,00-0038583,D.Thompson-Robinson,CLE,5,32,1.2408797578707453,23.965801018399887,14.0,-276.06561183929443,29,0.0,0.0,0.0,31.0,17.0
2023,REG,q2,00-0033275,P.Walker,CLE,4,26,-1.5272976951725785,50.09196877818741,11.0,-36.015528440475464,19,1.0,1.0,0.0,24.0,13.0
2023,REG,q2,00-0039164,A.Richardson,IND,4,25,-3.938991516834714,82.75946223322575,8.0,-97.18111157417297,19,2.0,0.0,0.0,22.0,13.0
2023,REG,q2,00-0035264,J.Stidham,DEN,2,24,6.470350109915607,75.73525042828007,10.0,-232.63939023017883,19,4.0,0.0,2.0,24.0,12.0
2023,REG,q2,00-0028986,C.Keenum,HOU,2,20,-15.381930626317626,88.1050753979856,6.0,-65.83164930343628,17,2.0,2.0,0.0,20.0,12.0
2023,REG,q2,00-0035704,D.Lock,SEA,3,20,2.591015766389213,39.000508801193305,5.0,-117.30916798114777,18,0.0,0.0,0.0,19.0,12.0
2023,REG,q2,00-0033869,M.Trubisky,PIT,3,17,-6.3191892462200485,62.33042586483769,6.0,-93.15578937530518,16,0.0,2.0,2.0,16.0,8.0
2023,REG,q2,00-0033936,C.Beathard,JAX,1,17,0.5631616897504981,33.118460271999105,6.0,-3.5743772983551025,14,2.0,0.0,0.0,17.0,9.0
2023,REG,q2,00-0027948,B.Gabbert,KC,1,16,-2.77305021861496,23.78368469745,5.0,-179.29930984973907,16,0.0,1.0,0.0,16.0,9.0
2023,REG,q2,00-0034177,T.Boyle,NYJ,2,15,-10.820628866212576,69.28459159086823,3.0,45.700472593307495,12,1.0,1.0,0.0,15.0,9.0
2023,REG,q2,00-0027973,A.Dalton,CAR,1,14,3.258980864222349,32.39620313526177,6.0,-49.69407021999359,14,0.0,0.0,1.0,14.0,8.0
2023,REG,q2,00-0034869,S.Darnold,SF,2,14,6.191416745909843,26.854560705270124,8.0,-92.28934943675995,14,0.0,0.0,1.0,14.0,8.0
2023,REG,q2,00-0026625,B.Hoyer,LV,1,10,-2.5191965762394712,25.299133026381863,5.0,-202.42434740066528,10,0.0,1.0,0.0,10.0,5.0
2023,REG,q2,00-0034955,B.Rypien,LA,1,9,1.9211595030717405,17.81093292231392,4.0,-181.23610019683838,6,0.0,0.0,0.0,6.0,2.0
2023,REG,q2,00-0035993,T.Huntley,BAL,1,9,3.3488380137714557,22.937647904875476,4.0,-4.847574234008789,6,1.0,0.0,1.0,7.0,4.0
2023,REG,q2,00-0038598,J.Hall,MIN,1,9,-5.422155963330252,28.54979897977995,4.0,82.54215717315674,6,3.0,0.0,0.0,9.0,5.0
2023,REG,q2,00-0032436,J.Driskel,CLE,1,8,-6.48191648296779,26.564778324397054,3.0,-117.87019073963165,6,0.0,1.0,0.0,6.0,2.0
2023,REG,q2,00-0032950,C.Wentz,LA,1,8,-6.9824842974194326,23.517576724182778,2.0,-110.29018759727478,6,0.0,1.0,0.0,7.0,3.0
2023,REG,q2,00-0038582,C.Tune,ARI,1,5,-6.148712768219411,22.32237607979767,0.0,-30.264776945114136,2,1.0,1.0,0.0,3.0,1.0
2023,REG,q2,00-0033357,T.Hill,NO,3,3,-0.4640595776727423,1.7277907319657746,1.0,-76.77945494651794,1,1.0,0.0,0.0,2.0,0.0
2023,REG,q2,00-0032268,M.Mariota,PHI,1,2,-5.279108303569956,27.677845434476477,0.0,-88.01918625831604,1,1.0,1.0,0.0,2.0,0.0
2023,REG,q2,00-0032764,D.Henry,TEN,2,2,4.998443183343625,13.219304254482202,2.0,104.20393943786621,2,0.0,0.0,2.0,2.0,2.0
2023,REG,q2,00-0034775,C.Kirk,JAX,2,2,-1.7565971661824733,1.8043000682941244,0.0,-23.83611798286438,2,0.0,0.0,0.0,2.0,1.0
2023,REG,q2,00-0027114,T.Morstead,NYJ,1,1,2.6709000263363123,7.1337069506833135,1.0,39.819127321243286,1,0.0,0.0,0.0,1.0,1.0
2023,REG,q2,00-0028872,J.Hekker,CAR,1,1,-1.9410884017124772,3.7678241832626993,0.0,16.285216808319092,1,0.0,0.0,0.0,1.0,1.0
2023,REG,q2,00-0029692,B.Anger,DAL,1,1,1.053,1.108809,1.0,0.0,0,0.0,0.0,0.0,1.0,0.0
2023,REG,q2,00-0030279,K.Allen,LAC,1,1,-0.45351547322934493,0.2056762844584367,0.0,-61.57771944999695,1,0.0,0.0,0.0,1.0,0.0
2023,REG,q2,00-0033557,J.Reeves-Maybin,DET,1,1,4.1430035991361365,17.16447882245498,1.0,54.58611249923706,1,0.0,0.0,0.0,1.0,1.0
2023,REG,q2,00-0033921,C.Godwin,TB,1,1,-0.7111730779288337,0.505767146770771,0.0,-55.31641244888306,1,0.0,0.0,0.0,1.0,0.0
2023,REG,q2,00-0033958,N.Peterman,CHI,1,1,-0.09442649222910404,0.008916362434693046,0.0,0.0,0,1.0,0.0,0.0,1.0,0.0
2023,REG,q2,00-0034418,C.Wilson,MIA,1,1,-1.3574523675488308,1.842676930163926,0.0,0.0,0,1.0,0.0,0.0,1.0,0.0
2023,REG,q2,00-0034437,L.Cooke,JAX,1,1,2.5643760072416626,6.5760243065166915,1.0,25.2130389213562,1,0.0,0.0,0.0,1.0,1.0
2023,REG,q2,00-0034960,J.Meyers,LV,1,1,0.6800965177826583,0.4625312735000977,1.0,28.225427865982056,1,0.0,0.0,0.0,1.0,1.0
2023,REG,q2,00-0035639,P.Campbell,NYG,1,1,-1.5267874808050692,2.3310800115430896,0.0,0.0,0,1.0,0.0,0.0,1.0,0.0
2023,REG,q2,00-0035700,J.Jacobs,LV,1,1,-1.076406596112065,1.1586511601535623,0.0,0.0,0,1.0,0.0,0.0,1.0,0.0
2023,REG,q2,00-0035889,T.Townsend,KC,1,1,2.439640676777344,5.951846631786618,1.0,44.65770721435547,1,0.0,0.0,0.0,1.0,1.0
2023,REG,q2,00-0036313,B.Mann,PHI,1,1,4.209326545824297,17.718429969381106,1.0,35.070258378982544,1,0.0,0.0,0.0,1.0,1.0
2023,REG,q2,00-0036322,J.Jefferson,MIN,1,1,-0.39332577056484297,0.15470516179042748,0.0,-29.81584668159485,1,0.0,0.0,0.0,1.0,0.0
2023,REG,q2,00-0036414,C.Akers,MIN,1,1,-1.5187924897181801,2.3067306268243484,0.0,0.0,0,1.0,0.0,0.0,1.0,0.0
2023,REG,q2,00-0036919,K.Gainwell,PHI,1,1,1.2345058486098424,1.524004690251907,1.0,44.021499156951904,1,0.0,0.0,0.0,1.0,1.0
2023,REG,q2,00-0036963,St. Brown,DET,1,1,-1.9745741735678166,3.898943166921026,0.0,0.0,0,1.0,0.0,0.0,1.0,0.0
2023,REG,q3,00-0036971,T.Lawrence,JAX,16,172,3.1918028011364044,582.2854509512673,78.0,432.6152116060257,148,10.0,3.0,7.0,163.0,103.0
2023,REG,q3,00-0033873,P.Mahomes,KC,16,169,19.26603703495583,436.4429339596976,84.0,542.1765387058258,147,8.0,1.0,6.0,160.0,105.0
2023,REG,q3,00-0036212,T.Tagovailoa,MIA,17,150,33.16042059075451,463.41804094472593,77.0,723.1771886348724,133,6.0,5.0,5.0,145.0,93.0
2023,REG,q3,00-0034857,J.Allen,BUF,17,147,46.00792136860755,369.1226552679515,77.0,982.4840977787971,125,7.0,3.0,6.0,137.0,93.0
2023,REG,q3,00-0036264,J.Love,GB,17,141,59.325119703225916,451.399717237642,78.0,1708.595198392868,128,5.0,2.0,12.0,137.0,101.0
2023,REG,q3,00-0036389,J.Hurts,PHI,16,139,18.093690682223823,503.7471618433139,75.0,894.9041485786438,118,5.0,4.0,7.0,128.0,87.0
2023,REG,q3,00-0033077,D.Prescott,DAL,17,138,7.1769851697006875,405.78451293223884,58.0,226.21972411870956,126,7.0,1.0,4.0,135.0,88.0
2023,REG,q3,00-0037077,S.Howell,WAS,17,137,2.0498425630536463,370.8039271494506,66.0,420.8422988653183,108,13.0,3.0,5.0,129.0,77.0
2023,REG,q3,00-0033106,J.Goff,DET,17,135,0.5765226814956392,449.87029232470894,62.0,-692.7291125059128,123,6.0,4.0,4.0,134.0,80.0
2023,REG,q3,00-0031280,D.Carr,NO,17,132,14.232730380987125,337.9382646916254,62.0,709.2503279447556,117,7.0,2.0,4.0,129.0,89.0
2023,REG,q3,00-0039150,B.Young,CAR,16,132,-28.80722671998722,361.52536838362363,52.0,-58.79893600940704,100,14.0,1.0,2.0,121.0,68.0
2023,REG,q3,00-0039163,C.Stroud,HOU,15,124,-1.7169574572565471,281.3641902434392,55.0,-299.7633785009384,103,12.0,0.0,2.0,120.0,68.0
2023,REG,q3,00-0034796,L.Jackson,BAL,16,120,-0.9591546538067686,297.0196391292074,52.0,315.03381729125977,93,10.0,1.0,6.0,108.0,65.0
2023,REG,q3,00-0034855,B.Mayfield,TB,17,120,24.760679255819106,346.2334193750456,52.0,-26.32022649049759,106,8.0,0.0,7.0,115.0,70.0
2023,REG,q3,00-0026498,M.Stafford,LA,15,118,0.12685098564997332,440.4605924455263,51.0,-163.14343214035034,100,5.0,5.0,4.0,112.0,67.0
2023,REG,q3,00-0030565,G.Smith,SEA,15,116,1.6300239804623748,294.22238447082213,59.0,-42.083512246608734,98,5.0,4.0,1.0,107.0,65.0
2023,REG,q3,00-0037834,B.Purdy,SF,16,115,31.926125131125456,527.0361368701558,60.0,546.160289645195,100,10.0,4.0,7.0,112.0,73.0
2023,REG,q3,00-0036355,J.Herbert,LAC,12,113,5.012805132168591,239.3398999732415,53.0,-368.18717420101166,101,4.0,2.0,1.0,105.0,66.0
2023,REG,q3,00-0029263,R.Wilson,DEN,15,108,-34.12824622846626,321.4124013673389,42.0,269.14956271648407,86,12.0,4.0,5.0,101.0,63.0
2023,REG,q3,00-0035289,G.Minshew II,IND,15,107,-4.9639460940625275,296.4351272387902,45.0,-91.73950254917145,96,3.0,4.0,1.0,104.0,65.0
2023,REG,q3,00-0036945,J.Fields,CHI,13,102,-14.411579292643598,219.84076252414943,33.0,-130.82285374403,78,8.0,0.0,4.0,95.0,51.0
2023,REG,q3,00-0038122,D.Ridder,ATL,12,95,-26.762432436068096,264.0659941902564,39.0,-1066.5473282337189,82,4.0,3.0,1.0,91.0,47.0
2023,REG,q3,00-0036442,J.Burrow,CIN,9,87,-2.6379897155718943,276.7338568357832,43.0,252.81674563884735,74,6.0,3.0,3.0,81.0,52.0
2023,REG,q3,00-0037013,Z.Wilson,NYJ,11,87,-8.473872719507622,157.18672029446685,35.0,78.36706042289734,72,9.0,0.0,2.0,83.0,52.0
2023,REG,q3,00-0038102,K.Pickett,PIT,10,84,-6.5957232470463545,154.98904721242317,34.0,-0.6596803665161133,76,4.0,0.0,1.0,83.0,51.0
2023,REG,q3,00-0035100,J.Browning,CIN,8,75,15.089165614539818,249.00167808612122,34.0,275.8830636739731,63,4.0,2.0,4.0,70.0,45.0
2023,REG,q3,00-0029604,K.Cousins,MIN,8,74,11.680525296488163,237.57110008201573,32.0,408.1584006547928,67,5.0,0.0,5.0,73.0,49.0
2023,REG,q3,00-0038579,A.O'Connell,LV,10,72,-8.647561230046643,180.46617671327994,31.0,-373.1373071670532,59,6.0,1.0,1.0,72.0,38.0
2023,REG,q3,00-0036972,M.Jones,NE,10,71,-22.085524891433987,129.06803150631083,28.0,-400.9741872549057,64,4.0,3.0,0.0,68.0,41.0
2023,REG,q3,00-0029701,R.Tannehill,TEN,9,61,-8.102751479964265,147.09202043234578,25.0,-11.396941542625427,52,5.0,3.0,1.0,59.0,34.0
2023,REG,q3,00-0035228,K.Murray,ARI,8,60,-0.23304799443607838,122.79365665149183,29.0,-17.60939359664917,53,4.0,1.0,2.0,57.0,37.0
2023,REG,q3,00-0038108,B.Zappe,NE,8,57,-14.461704476329032,212.63233678831827,24.0,85.24779975414276,46,10.0,2.0,2.0,56.0,32.0
2023,REG,q3,00-0026158,J.Flacco,CLE,5,49,-21.586513667834232,222.51372998227157,19.0,-212.32466399669647,45,3.0,2.0,1.0,49.0,28.0
2023,REG,q3,00-0033949,J.Dobbs,MIN,5,49,-14.999428381896003,108.14217251835493,15.0,-60.3908896446228,36,3.0,1.0,0.0,43.0,25.0
2023,REG,q3,00-0039152,W.Levis,TEN,8,47,0.3557085291017339,123.04363988532828,19.0,76.04238390922546,42,2.0,1.0,2.0,46.0,26.0
2023,REG,q3,00-0033949,J.Dobbs,ARI,8,46,-3.7550320345298314,115.80912434323581,23.0,230.03409206867218,41,4.0,1.0,2.0,45.0,31.0
2023,REG,q3,00-0035710,D.Jones,NYG,5,45,-12.811338608589885,231.39451371115922,17.0,53.60543429851532,31,6.0,1.0,0.0,39.0,22.0
2023,REG,q3,00-0031345,J.Garoppolo,LV,6,42,-20.552157540456392,147.80984091175804,16.0,-392.6582992076874,37,4.0,4.0,0.0,41.0,21.0
2023,REG,q3,00-0033537,D.Watson,CLE,5,42,4.21489765165963,94.31869815024608,20.0,354.691606760025,36,2.0,1.0,1.0,38.0,28.0
2023,REG,q3,00-0031800,T.Heinicke,ATL,5,39,-0.0012909903236018039,165.67462757808207,18.0,-317.0840859413147,34,4.0,2.0,1.0,39.0,20.0
2023,REG,q3,00-0035282,E.Stick,LAC,5,39,2.8099941972940536,194.38240987120628,21.0,254.1844666004181,33,4.0,0.0,1.0,38.0,27.0
2023,REG,q3,00-0038476,T.DeVito,NYG,8,39,-3.576174915127922,99.74141538964436,15.0,298.46185743808746,20,10.0,1.0,2.0,32.0,16.0
2023,REG,q3,00-0038416,T.Bagent,CHI,5,36,-14.19070675390097,174.3062151402573,16.0,37.45446503162384,31,1.0,0.0,1.0,32.0,23.0
2023,REG,q3,00-0038583,D.Thompson-Robinson,CLE,3,36,-7.757187716502696,70.2321783925409,11.0,-529.2265564203262,29,3.0,1.0,1.0,34.0,14.0
2023,REG,q3,00-0033319,N.Mullens,MIN,4,35,8.46860986177363,141.0099508241798,15.0,369.82347667217255,32,2.0,0.0,3.0,35.0,25.0
2023,REG,q3,00-0033869,M.Trubisky,PIT,4,35,2.310597003239768,72.45336560401203,17.0,-22.22418487071991,28,3.0,0.0,1.0,32.0,18.0
2023,REG,q3,00-0028118,T.Taylor,NYG,5,34,6.062969870865345,87.22584786872623,18.0,-1.1630266904830933,21,3.0,0.0,1.0,25.0,15.0
2023,REG,q3,00-0032156,T.Siemian,NYJ,4,26,-20.884489557065535,155.34223272031164,7.0,-256.7119687795639,24,0.0,2.0,0.0,25.0,14.0
2023,REG,q3,00-0033275,P.Walker,CLE,3,26,-2.025162964030279,53.75362694074601,8.0,-289.12197947502136,23,2.0,0.0,0.0,25.0,11.0
2023,REG,q3,00-0039164,A.Richardson,IND,2,19,-4.451039874882437,53.34836806634631,5.0,-229.22787964344025,14,3.0,0.0,2.0,19.0,7.0
2023,REG,q3,00-0026625,B.Hoyer,LV,2,16,2.9206078698448295,30.01879555772521,8.0,8.768540620803833,15,1.0,0.0,0.0,16.0,10.0
2023,REG,q3,00-0035264,J.Stidham,DEN,2,16,-4.444936441024765,35.044705058909535,9.0,30.667856335639954,13,2.0,0.0,0.0,16.0,9.0
2023,REG,q3,00-0035704,D.Lock,SEA,2,16,4.078065379682928,29.135323437890392,7.0,51.308032870292664,12,2.0,0.0,1.0,15.0,9.0
2023,REG,q3,00-0027973,A.Dalton,CAR,1,14,2.983008540906564,28.671162155746448,6.0,-227.58151292800903,14,0.0,0.0,0.0,14.0,7.0
2023,REG,q3,00-0034177,T.Boyle,NYJ,3,14,-6.17764493383071,36.54997608004964,3.0,-70.87945342063904,13,1.0,1.0,0.0,14.0,8.0
2023,REG,q3,00-0034771,M.Rudolph,PIT,3,13,5.22858641424682,52.86157111926608,7.0,167.21133887767792,11,2.0,0.0,1.0,13.0,9.0
2023,REG,q3,00-0028986,C.Keenum,HOU,2,11,-4.6845103530279335,19.035020857128774,4.0,-36.70307695865631,10,1.0,1.0,0.0,11.0,6.0
2023,REG,q3,00-0032268,M.Mariota,PHI,1,11,0.8967975679564817,13.203504983903557,6.0,-113.62435817718506,10,0.0,0.0,0.0,10.0,5.0
2023,REG,q3,00-0034955,B.Rypien,LA,2,10,-2.733337949612178,13.857370432285833,2.0,-139.81861174106598,10,0.0,0.0,0.0,10.0,5.0
2023,REG,q3,00-0027948,B.Gabbert,KC,2,9,-6.79547863220796,59.1717076624195,3.0,-58.43692421913147,7,0.0,1.0,0.0,7.0,4.0
2023,REG,q3,00-0031503,J.Winston,NO,2,9,-2.9157824685098603,13.70508227046979,3.0,-221.50233685970306,9,0.0,0.0,1.0,9.0,4.0
2023,REG,q3,00-0032950,C.Wentz,LA,1,9,7.6310654627741314,34.96552357281689,6.0,166.98660254478455,7,1.0,0.0,1.0,8.0,6.0
2023,REG,q3,00-0035993,T.Huntley,BAL,1,8,-4.016129099298269,14.313379532824126,2.0,-157.11121559143066,5,2.0,0.0,0.0,8.0,2.0
2023,REG,q3,00-0032436,J.Driskel,CLE,1,7,-3.507133345818147,8.474549895253505,2.0,-199.73183870315552,6,0.0,0.0,0.0,7.0,2.0
2023,REG,q3,00-0038582,C.Tune,ARI,1,7,-11.751119978143834,57.49104959746194,2.0,-200.28160214424133,5,1.0,1.0,0.0,6.0,1.0
2023,REG,q3,00-0033357,T.Hill,NO,4,5,-1.749068988545332,2.104432140330634,1.0,-89.3244206905365,3,1.0,0.0,0.0,4.0,1.0
2023,REG,q3,00-0033936,C.Beathard,JAX,1,5,5.064595688600093,8.695112180538398,4.0,79.68113422393799,3,0.0,0.0,0.0,3.0,3.0
2023,REG,q3,00-0033119,J.Brissett,WAS,1,4,5.327262286096811,16.017171431193447,3.0,52.57333517074585,3,0.0,0.0,1.0,3.0,2.0
2023,REG,q3,00-0034869,S.Darnold,SF,1,4,-2.049348615342751,4.49459425347489,1.0,-15.79943299293518,2,1.0,0.0,0.0,3.0,1.0
2023,REG,q3,00-0031288,A.McCarron,CIN,1,2,-1.8614957118406892,1.7963454776466334,0.0,-70.65044045448303,2,0.0,0.0,0.0,2.0,1.0
2023,REG,q3,00-0030279,K.Allen,LAC,1,1,3.968392387731001,15.748138143001354,1.0,49.6832013130188,1,0.0,0.0,1.0,1.0,1.0
2023,REG,q3,00-0033009,T.Boyd,CIN,1,1,-6.527068739582319,42.60262633123272,0.0,-74.19734597206116,1,0.0,1.0,0.0,1.0,0.0
2023,REG,q3,00-0034960,J.Meyers,LV,1,1,1.0136999490205199,1.0275875866442046,1.0,49.24219250679016,1,0.0,0.0,1.0,1.0,1.0
2023,REG,q3,00-0036425,D.Dallas,SEA,1,1,-0.5178517469903454,0.26817043186095274,0.0,0.0,0,1.0,0.0,0.0,1.0,0.0
2023,REG,q3,00-0036849,T.Atwell,LA,1,1,1.053,1.108809,1.0,0.0,0,0.0,0.0,0.0,1.0,0.0
2023,REG,q3,00-0036898,D.Mills,HOU,1,1,-0.95239889761433,0.9070636601769911,0.0,10.413151979446411,1,0.0,0.0,0.0,1.0,1.0
2023,REG,q3,00-0036913,K.Toney,KC,1,1,-0.4460934295784682,0.19899934791307977,0.0,-55.42793869972229,1,0.0,0.0,0.0,1.0,0.0
2023,REG,q3,00-0037816,R.Doubs,GB,1,1,-0.947,0.8968089999999999,0.0,0.0,0,0.0,0.0,0.0,1.0,0.0
2023,REG,q3,00-0038393,D.Wicks,GB,1,1,0.8892822902998887,0.7908229918410156,1.0,33.030641078948975,1,0.0,0.0,0.0,1.0,1.0
2023,REG,q4,00-0039150,B.Young,CAR,16,214,-43.692551683442176,648.3954303604155,85.0,512.6011937856674,161,25.0,5.0,5.0,205.0,113.0
2023,REG,q4,00-0037077,S.Howell,WAS,16,198,-47.59976671559331,678.7212725381146,75.0,-149.4209736585617,156,19.0,8.0,7.0,188.0,100.0
2023,REG,q4,00-0034855,B.Mayfield,TB,17,196,19.285314382923293,481.1878861302022,90.0,464.58909064531326,164,14.0,3.0,9.0,187.0,109.0
2023,REG,q4,00-0036264,J.Love,GB,17,190,5.498690154605153,435.7109620350721,81.0,-713.6714667081833,167,11.0,6.0,7.0,184.0,94.0
2023,REG,q4,00-0033106,J.Goff,DET,17,176,30.984201951459614,455.4704988032945,95.0,925.5657806992531,155,11.0,3.0,7.0,175.0,117.0
2023,REG,q4,00-0029263,R.Wilson,DEN,15,168,23.193056949802486,422.38007297238687,79.0,682.5403988361359,129,15.0,2.0,11.0,159.0,88.0
2023,REG,q4,00-0033873,P.Mahomes,KC,15,164,-11.856902141346765,334.13250808454757,63.0,-752.7790144085884,129,5.0,3.0,4.0,148.0,80.0
2023,REG,q4,00-0036971,T.Lawrence,JAX,15,154,-14.546511260145316,305.0313337464585,65.0,-662.3612150549889,125,8.0,3.0,5.0,138.0,73.0
2023,REG,q4,00-0030565,G.Smith,SEA,15,149,-4.510075031151638,278.4640276408569,67.0,609.2917650938034,121,12.0,1.0,8.0,144.0,86.0
2023,REG,q4,00-0033077,D.Prescott,DAL,16,149,24.989031529238048,378.8247029455445,79.0,624.5816171169281,131,8.0,4.0,8.0,143.0,90.0
2023,REG,q4,00-0036389,J.Hurts,PHI,16,140,14.42528965574203,342.4928418671542,62.0,-16.82780086994171,115,6.0,5.0,7.0,129.0,72.0
2023,REG,q4,00-0026498,M.Stafford,LA,14,138,-4.61265215438825,235.85066007396915,52.0,-1006.05209171772,118,10.0,2.0,5.0,135.0,67.0
2023,REG,q4,00-0039163,C.Stroud,HOU,15,136,9.682719226053607,471.0627041806864,61.0,56.74620568752289,115,13.0,3.0,8.0,132.0,75.0
2023,REG,q4,00-0034857,J.Allen,BUF,17,133,38.72297185612214,303.49245515715353,77.0,1337.2754856944084,106,5.0,3.0,7.0,119.0,82.0
2023,REG,q4,00-0035289,G.Minshew II,IND,16,130,-26.230447951963242,318.78664460430264,42.0,-739.406880736351,111,10.0,3.0,3.0,127.0,68.0
2023,REG,q4,00-0031280,D.Carr,NO,15,129,18.414398422516438,258.4963270204996,61.0,880.026464164257,114,4.0,1.0,8.0,128.0,84.0
2023,REG,q4,00-0036355,J.Herbert,LAC,12,125,13.331654694108938,312.75481489990926,57.0,426.6665145754814,105,11.0,2.0,7.0,119.0,70.0
2023,REG,q4,00-0037013,Z.Wilson,NYJ,10,125,-33.413586810011,362.0492627420655,52.0,153.34099531173706,97,13.0,5.0,2.0,118.0,64.0
2023,REG,q4,00-0036945,J.Fields,CHI,12,120,-36.085101314001534,490.58757676702237,43.0,-948.4976381063461,84,10.0,6.0,3.0,104.0,47.0
2023,REG,q4,00-0038579,A.O'Connell,LV,11,116,-17.22924367974366,263.9136520920218,43.0,-759.728080034256,104,5.0,5.0,4.0,116.0,62.0
2023,REG,q4,00-0038122,D.Ridder,ATL,14,115,15.920101999374157,312.18526263416146,64.0,452.1906331181526,102,5.0,4.0,3.0,111.0,69.0
2023,REG,q4,00-0036972,M.Jones,NE,8,113,5.402814212858841,224.78620373044424,53.0,146.72871828079224,102,7.0,2.0,5.0,110.0,68.0
2023,REG,q4,00-0036212,T.Tagovailoa,MIA,16,112,-27.105798636459962,198.77843725195572,37.0,-526.5263557434082,94,11.0,3.0,4.0,108.0,58.0
2023,REG,q4,00-0033949,J.Dobbs,ARI,8,111,-29.098499771407766,256.3706366021864,40.0,-134.16260182857513,93,8.0,2.0,3.0,107.0,59.0
2023,REG,q4,00-0035228,K.Murray,ARI,8,105,9.173238112664315,256.93283851091263,46.0,380.5964410305023,90,5.0,1.0,5.0,99.0,65.0
2023,REG,q4,00-0036442,J.Burrow,CIN,9,99,-7.665894964099915,242.17818985100052,42.0,-262.96797692775726,83,6.0,3.0,3.0,95.0,51.0
2023,REG,q4,00-0034796,L.Jackson,BAL,15,96,-1.7775656837316163,275.9414554837581,45.0,102.4648666381836,71,10.0,2.0,4.0,84.0,48.0
2023,REG,q4,00-0037834,B.Purdy,SF,16,96,32.863165714569014,325.38278023739315,54.0,648.6544221639633,85,5.0,3.0,10.0,94.0,61.0
2023,REG,q4,00-0029604,K.Cousins,MIN,8,91,6.15765110807917,186.80894818808528,40.0,-39.83244746923447,83,4.0,1.0,5.0,90.0,54.0
2023,REG,q4,00-0039152,W.Levis,TEN,8,90,-1.4648124536435336,169.37086166128782,37.0,-268.85287314653397,78,7.0,2.0,4.0,90.0,44.0
2023,REG,q4,00-0028118,T.Taylor,NYG,8,83,-3.8009842454185927,177.56152013684834,37.0,225.82869827747345,65,3.0,1.0,1.0,73.0,44.0
2023,REG,q4,00-0032156,T.Siemian,NYJ,5,79,-27.224819006796828,107.96090473332528,25.0,-685.8601152896881,67,5.0,1.0,0.0,76.0,40.0
2023,REG,q4,00-0038108,B.Zappe,NE,10,79,-46.75460504782724,166.07074446050416,19.0,-883.5841715335846,64,7.0,4.0,0.0,75.0,34.0
2023,REG,q4,00-0038102,K.Pickett,PIT,9,78,9.687649358543162,191.68897185244998,36.0,381.285884976387,65,6.0,1.0,2.0,76.0,47.0
2023,REG,q4,00-0035282,E.Stick,LAC,5,73,-1.2316582403210714,189.58228425625472,32.0,-446.0312709212303,63,6.0,1.0,2.0,70.0,39.0
2023,REG,q4,00-0038476,T.DeVito,NYG,6,69,-10.23504213666818,136.83430960838356,25.0,116.45461022853851,57,8.0,0.0,3.0,67.0,41.0
2023,REG,q4,00-0035100,J.Browning,CIN,8,68,1.4502823490072543,135.60349556148503,30.0,331.9978132843971,50,11.0,1.0,3.0,64.0,37.0
2023,REG,q4,00-0033319,N.Mullens,MIN,5,65,1.989993329464708,143.38073261232756,26.0,-64.47204053401947,59,2.0,4.0,3.0,62.0,36.0
2023,REG,q4,00-0029701,R.Tannehill,TEN,8,64,-3.527578963545947,145.26678253923075,27.0,245.32266855239868,53,10.0,3.0,1.0,63.0,39.0
2023,REG,q4,00-0033275,P.Walker,CLE,4,56,-27.64849066693403,126.66111137758736,14.0,-1061.3667458295822,48,7.0,3.0,0.0,55.0,20.0
2023,REG,q4,00-0033869,M.Trubisky,PIT,5,56,-13.06009500937932,109.07889363220573,26.0,-108.93528461456299,50,2.0,3.0,1.0,54.0,34.0
2023,REG,q4,00-0035710,D.Jones,NYG,5,56,-10.77666996017797,125.82890013900122,22.0,419.62159126996994,40,7.0,2.0,2.0,50.0,32.0
2023,REG,q4,00-0033949,J.Dobbs,MIN,5,53,-9.606479912483431,132.10348082394472,19.0,-469.9156552553177,40,2.0,2.0,2.0,47.0,23.0
2023,REG,q4,00-0031345,J.Garoppolo,LV,5,47,-4.46918230396799,82.21200140154866,24.0,40.399169921875,38,6.0,1.0,2.0,45.0,27.0
2023,REG,q4,00-0026158,J.Flacco,CLE,5,46,4.47993122074982,198.6433476935923,19.0,-112.86471486091614,40,3.0,1.0,3.0,46.0,25.0
2023,REG,q4,00-0031800,T.Heinicke,ATL,5,44,-3.9395502875345443,76.54184381441232,14.0,-784.0713769197464,34,2.0,1.0,1.0,38.0,14.0
2023,REG,q4,00-0034177,T.Boyle,NYJ,2,44,-13.81831649277592,105.79684758193122,15.0,-264.5872503519058,38,6.0,2.0,1.0,44.0,24.0
2023,REG,q4,00-0038416,T.Bagent,CHI,5,43,-25.338467662470176,138.55029488565208,17.0,-411.7275536060333,39,1.0,4.0,0.0,43.0,23.0
2023,REG,q4,00-0031503,J.Winston,NO,4,40,-6.873237106321355,104.68296372460793,12.0,-139.88465666770935,36,2.0,3.0,1.0,40.0,21.0
2023,REG,q4,00-0036898,D.Mills,HOU,4,40,-2.7700838871242013,75.05622255488404,14.0,-763.2471024990082,36,2.0,0.0,2.0,39.0,16.0
2023,REG,q4,00-0033537,D.Watson,CLE,5,36,8.488616311294006,162.8029899585844,18.0,551.7629534006119,28,5.0,0.0,3.0,34.0,23.0
2023,REG,q4,00-0035704,D.Lock,SEA,4,34,-13.172557193431336,77.58695954712634,9.0,-338.0759060382843,30,4.0,3.0,1.0,34.0,16.0
2023,REG,q4,00-0033936,C.Beathard,JAX,4,30,-4.7199666887882845,39.82439493318687,15.0,208.71609449386597,24,3.0,0.0,1.0,28.0,18.0
2023,REG,q4,00-0034869,S.Darnold,SF,6,30,-9.52274580228896,64.65032073994121,12.0,-134.43054258823395,22,5.0,1.0,1.0,28.0,13.0
2023,REG,q4,00-0039164,A.Richardson,IND,2,29,11.379780821662397,82.27496210483274,16.0,-277.3587256669998,25,0.0,1.0,1.0,26.0,13.0
2023,REG,q4,00-0038583,D.Thompson-Robinson,CLE,3,27,-17.629677088698372,55.62043067105685,9.0,-308.90781581401825,22,3.0,2.0,0.0,26.0,12.0
2023,REG,q4,00-0035993,T.Huntley,BAL,5,26,7.637617529933545,51.08720339590311,13.0,106.24372363090515,20,1.0,0.0,2.0,22.0,14.0
2023,REG,q4,00-0033662,C.Rush,DAL,7,25,-5.2399477475692215,50.37943443871986,12.0,162.61451840400696,24,1.0,1.0,0.0,25.0,18.0
2023,REG,q4,00-0027973,A.Dalton,CAR,1,24,-0.19568082899786532,28.57282434569088,10.0,-74.09603297710419,21,1.0,0.0,1.0,23.0,13.0
2023,REG,q4,00-0033119,J.Brissett,WAS,2,21,12.74017241675756,54.75992537024017,11.0,335.88249385356903,19,0.0,0.0,2.0,20.0,16.0
2023,REG,q4,00-0034955,B.Rypien,LA,2,21,-12.137741157843266,46.394753199549406,4.0,-328.2248079776764,19,1.0,1.0,0.0,21.0,10.0
2023,REG,q4,00-0034771,M.Rudolph,PIT,4,16,1.6332239290789552,84.37670701942844,5.0,180.88683485984802,14,1.0,0.0,1.0,16.0,11.0
2023,REG,q4,00-0035264,J.Stidham,DEN,2,16,4.712108574924059,44.58404693988517,8.0,261.77634596824646,12,1.0,1.0,0.0,14.0,10.0
2023,REG,q4,00-0032268,M.Mariota,PHI,2,15,-0.38247733062598854,36.773307068592366,9.0,192.20520555973053,12,2.0,0.0,1.0,14.0,10.0
2023,REG,q4,00-0038582,C.Tune,ARI,2,13,-10.55566983553581,19.390499842108674,2.0,26.998966932296753,8,4.0,0.0,0.0,12.0,6.0
2023,REG,q4,00-0028986,C.Keenum,HOU,1,12,3.6776347970589995,18.982157889084345,6.0,-69.23330426216125,11,1.0,0.0,1.0,12.0,6.0
2023,REG,q4,00-0038128,M.Willis,TEN,1,12,-0.5204476047654847,24.089677571961854,5.0,71.80194556713104,5,4.0,0.0,0.0,9.0,4.0
2023,REG,q4,00-0032436,J.Driskel,CLE,1,11,8.739674511598423,53.55264145741649,7.0,95.4249918460846,9,1.0,0.0,2.0,10.0,7.0
2023,REG,q4,00-0027948,B.Gabbert,KC,2,10,1.647583450714592,37.91798309348648,5.0,-175.20162761211395,8,0.0,1.0,0.0,8.0,4.0
2023,REG,q4,00-0026625,B.Hoyer,LV,2,8,-8.49007306438905,77.97946679107577,2.0,-167.63166189193726,8,0.0,1.0,0.0,8.0,3.0
2023,REG,q4,00-0032950,C.Wentz,LA,1,8,-0.06767034473875544,20.78174763661379,6.0,17.917734384536743,5,1.0,0.0,0.0,7.0,4.0
2023,REG,q4,00-0034401,M.White,MIA,4,6,-7.240901717566885,131.57756661159638,1.0,52.71657705307007,6,0.0,1.0,1.0,6.0,5.0
2023,REG,q4,00-0034438,L.Woodside,ATL,1,6,-9.753704753384227,101.82012198472275,4.0,-11.572813987731934,4,1.0,1.0,0.0,5.0,3.0
2023,REG,q4,00-0033357,T.Hill,NO,4,5,5.201415488612838,14.028605680016897,4.0,49.448466300964355,4,0.0,0.0,1.0,4.0,3.0
2023,REG,q4,00-0038598,J.Hall,MIN,1,5,-2.580854845873546,17.045239204252077,1.0,18.10246706008911,4,1.0,0.0,0.0,5.0,3.0
2023,REG,q4,00-0031288,A.McCarron,CIN,2,4,-3.3895763327600434,7.245439291084884,2.0,47.45100140571594,3,1.0,0.0,0.0,4.0,3.0
2023,REG,q4,00-0034960,J.Meyers,LV,1,1,-0.8259646277874708,0.6822175663560952,0.0,0.0,0,0.0,0.0,0.0,1.0,0.0
2023,REG,q4,00-0035250,D.Singletary,HOU,1,1,1.8422965880599804,3.394056718377445,1.0,69.23700869083405,1,0.0,0.0,1.0,1.0,1.0
2023,REG,q4,00-0037304,Co.Heyward,PIT,1,1,-0.25261004906496964,0.06381183688860637,0.0,-85.42054295539856,1,0.0,0.0,0.0,1.0,0.0
2023,REG,q4,00-0037740,G.Wilson,NYJ,1,1,-0.43348260154016316,0.18790716583802786,0.0,-62.47800588607788,1,0.0,0.0,0.0,1.0,0.0
2023,REG,q4,00-0038115,D.Bellinger,NYG,1,1,-0.947,0.8968089999999999,0.0,0.0,0,0.0,0.0,0.0,1.0,0.0
2023,REG,q4,00-0038391,S.Clifford,GB,1,1,2.1436268281540833,4.595135978381936,1.0,58.596500754356384,1,0.0,0.0,0.0,1.0,1.0
2023,REG,q4,00-0038911,M.Cunningham,NE,1,1,-1.2853722739964724,1.6521818827588624,0.0,0.0,0,1.0,0.0,0.0,1.0,0.0
2023,REG,q4,00-0038977,N.Dell,HOU,1,1,-0.7774166874005459,0.6043767058488382,0.0,0.0,0,1.0,0.0,0.0,1.0,0.0
2024,POST,all,00-0039910,J.Daniels,WAS,3,134,25.914951207480954,389.68499465007744,66.0,231.8945288658142,107,4.0,1.0,5.0,120.0,75.0
2024,POST,all,00-0036389,J.Hurts,PHI,4,114,30.89163403485252,247.6860480734113,60.0,727.1765798330307,84,13.0,1.0,5.0,104.0,65.0
2024,POST,all,00-0033873,P.Mahomes,KC,3,111,8.660015154710916,302.8701648501055,52.0,39.34904336929321,81,11.0,2.0,5.0,98.0,55.0
2024,POST,all,00-0034857,J.Allen,BUF,3,94,23.44131761842547,207.9206108199381,45.0,689.4551187753677,77,5.0,0.0,4.0,89.0,58.0
2024,POST,all,00-0039163,C.Stroud,HOU,2,80,1.3201315909203313,195.3964464444818,37.0,165.2682527899742,60,11.0,1.0,1.0,72.0,41.0
2024,POST,all,00-0026498,M.Stafford,LA,2,79,8.925853554032559,159.49622320618258,35.0,-143.03403198719025,70,7.0,0.0,4.0,78.0,45.0
2024,POST,all,00-0034796,L.Jackson,BAL,2,58,14.21281030531022,217.15536559301532,28.0,464.92509841918945,44,3.0,1.0,4.0,50.0,34.0
2024,POST,all,00-0034869,S.Darnold,MIN,1,51,-27.132727703932837,216.87290914475005,19.0,-199.42908436059952,40,9.0,1.0,1.0,50.0,25.0
2024,POST,all,00-0033106,J.Goff,DET,1,40,-1.6242209147312678,145.27296969901656,23.0,-193.0621236562729,36,2.0,3.0,1.0,39.0,23.0
2024,POST,all,00-0036264,J.Love,GB,1,36,-4.942026013918815,77.16610540414334,17.0,-178.8860559463501,33,2.0,3.0,0.0,35.0,20.0
2024,POST,all,00-0036355,J.Herbert,LAC,1,36,-23.056620933084403,289.1769248093435,12.0,-661.8346273899078,32,4.0,4.0,1.0,36.0,14.0
2024,POST,all,00-0029263,R.Wilson,PIT,1,35,6.827009127708152,87.51754667486982,15.0,321.06437385082245,25,4.0,0.0,2.0,33.0,20.0
2024,POST,all,00-0039732,B.Nix,DEN,1,27,-5.27693621728644,61.954766541415374,11.0,-99.15210008621216,22,2.0,0.0,1.0,24.0,13.0
2024,POST,all,00-0034855,B.Mayfield,TB,1,23,12.113694587481543,38.120523805092986,15.0,342.8732931613922,17,1.0,0.0,2.0,19.0,15.0
2024,POST,all,00-0030140,T.Way,WAS,1,1,3.9842156034428626,15.873973974717574,1.0,36.960768699645996,1,0.0,0.0,0.0,1.0,1.0
2024,POST,all,00-0031237,T.Bridgewater,DET,1,1,-0.13195179169997573,0.017411275332833785,0.0,18.561673164367676,1,0.0,0.0,0.0,1.0,1.0
2024,POST,all,00-0032943,R.Dixon,DEN,1,1,3.4906835660804063,12.184871758503823,1.0,48.15410375595093,1,0.0,0.0,0.0,1.0,1.0
2024,POST,all,00-0035685,D.Montgomery,DET,1,1,1.1859101130394265,1.4063827962091853,1.0,15.214359760284424,1,0.0,0.0,0.0,1.0,1.0
2024,POST,all,00-0036945,J.Fields,PIT,1,1,-0.4703446136554703,0.22122405559471364,0.0,-52.32738256454468,1,0.0,0.0,0.0,1.0,0.0
2024,POST,all,00-0037240,Ja.Williams,DET,1,1,-4.441427099518478,19.72627468033712,0.0,-55.52472472190857,1,0.0,1.0,0.0,1.0,0.0
2024,POST,all,00-0038102,K.Pickett,PHI,1,1,-2.7201750835520215,7.399352485177247,0.0,-67.6051378250122,1,0.0,0.0,0.0,1.0,0.0
2024,POST,close,00-0039910,J.Daniels,WAS,3,91,30.785313743661387,276.215248589891,46.0,366.5428340435028,73,1.0,0.0,5.0,80.0,54.0
2024,POST,close,00-0036389,J.Hurts,PHI,4,80,20.307399921163938,177.6792027682739,41.0,651.6987174749374,62,8.0,1.0,3.0,74.0,49.0
2024,POST,close,00-0034857,J.Allen,BUF,3,77,10.579371871216686,134.24465084520864,35.0,436.2129673361778,64,5.0,0.0,2.0,73.0,48.0
2024,POST,close,00-0033873,P.Mahomes,KC,3,75,17.947123241211234,132.87079153799468,35.0,-18.623149394989014,58,5.0,0.0,2.0,66.0,39.0
2024,POST,close,00-0039163,C.Stroud,HOU,2,62,1.938080144035132,166.00388450817437,29.0,-126.36763900518417,50,5.0,1.0,1.0,56.0,32.0
2024,POST,close,00-0026498,M.Stafford,LA,2,58,-1.7122170407568333,114.57367076095683,23.0,-212.7020925283432,51,5.0,0.0,2.0,57.0,32.0
2024,POST,close,00-0034796,L.Jackson,BAL,2,40,8.956240230137054,180.7827345245702,20.0,517.3523902893066,27,2.0,1.0,3.0,32.0,22.0
2024,POST,close,00-0036355,J.Herbert,LAC,1,26,-18.863042822542255,124.88268536434303,8.0,-571.1617231369019,24,2.0,2.0,0.0,26.0,10.0
2024,POST,close,00-0034855,B.Mayfield,TB,1,23,12.113694587481543,38.120523805092986,15.0,342.8732931613922,17,1.0,0.0,2.0,19.0,15.0
2024,POST,close,00-0039732,B.Nix,DEN,1,15,0.6679826973534169,37.470692072034446,6.0,-1.7421960830688477,13,1.0,0.0,1.0,14.0,8.0
2024,POST,close,00-0033106,J.Goff,DET,1,12,-5.209617740707472,94.73657563647157,8.0,96.97223007678986,11,1.0,1.0,1.0,12.0,8.0
2024,POST,close,00-0034869,S.Darnold,MIN,1,10,-18.238467681687325,120.65846776606148,2.0,-15.923747420310974,7,3.0,1.0,0.0,10.0,5.0
2024,POST,close,00-0029263,R.Wilson,PIT,1,8,-4.234528270084411,7.237014188948983,2.0,-44.51441466808319,6,1.0,0.0,0.0,7.0,4.0
2024,POST,close,00-0036264,J.Love,GB,1,5,-2.7557196184061468,11.220128659096037,2.0,-42.169973254203796,4,1.0,0.0,0.0,5.0,2.0
2024,POST,close,00-0032943,R.Dixon,DEN,1,1,3.4906835660804063,12.184871758503823,1.0,48.15410375595093,1,0.0,0.0,0.0,1.0,1.0
2024,POST,clutch,00-0026498,M.Stafford,LA,1,11,-1.3717924764496274,17.18897028615234,5.0,-5.609598755836487,10,1.0,0.0,0.0,11.0,6.0
2024,POST,clutch,00-0034796,L.Jackson,BAL,1,9,5.642293256867677,18.26970423842077,5.0,171.89349830150604,7,0.0,0.0,1.0,8.0,6.0
2024,POST,clutch,00-0033873,P.Mahomes,KC,1,6,2.870667270350935,11.719128274826161,3.0,21.57890796661377,4,1.0,0.0,0.0,6.0,3.0
2024,POST,clutch,00-0034857,J.Allen,BUF,1,5,-3.0391886886791326,9.104972785965181,1.0,-161.2021565437317,4,0.0,0.0,0.0,4.0,1.0
2024,POST,clutch,00-0039910,J.Daniels,WAS,1,3,3.4473030429217033,6.535860050219422,2.0,81.46042823791504,3,0.0,0.0,0.0,3.0,3.0
2024,POST,clutch,00-0036389,J.Hurts,PHI,1,1,-1.5145490933209658,2.2938589560793594,0.0,0.0,0,1.0,0.0,0.0,1.0,0.0
2024,POST,late,00-0026498,M.Stafford,LA,1,20,5.161949568573618,32.84321565958705,11.0,19.460248947143555,19,1.0,0.0,1.0,20.0,12.0
2024,POST,late,00-0033873,P.Mahomes,KC,2,14,13.561400291098014,41.38623133425401,11.0,209.80167090892792,8,1.0,0.0,2.0,12.0,7.0
2024,POST,late,00-0033106,J.Goff,DET,1,10,-1.0899010192952119,18.887046982919802,5.0,-47.99836575984955,8,1.0,1.0,0.0,9.0,5.0
2024,POST,late,00-0034869,S.Darnold,MIN,1,10,-9.448265312297735,19.478559112315644,3.0,-96.42761200666428,8,2.0,0.0,0.0,10.0,4.0
2024,POST,late,00-0039163,C.Stroud,HOU,1,10,1.304329503605019,16.55313028069845,5.0,274.2481827735901,6,4.0,0.0,0.0,10.0,6.0
2024,POST,late,00-0034796,L.Jackson,BAL,1,9,5.642293256867677,18.26970423842077,5.0,171.89349830150604,7,0.0,0.0,1.0,8.0,6.0
2024,POST,late,00-0034857,J.Allen,BUF,1,5,-3.0391886886791326,9.104972785965181,1.0,-161.2021565437317,4,0.0,0.0,0.0,4.0,1.0
2024,POST,late,00-0036264,J.Love,GB,1,5,-1.253722172230482,13.155174187192612,2.0,66.90680980682373,4,1.0,1.0,0.0,5.0,3.0
2024,POST,late,00-0039910,J.Daniels,WAS,3,5,2.2767681610421278,22.575081938863608,3.0,99.45712387561798,5,0.0,1.0,0.0,5.0,4.0
2024,POST,late,00-0036355,J.Herbert,LAC,1,4,-3.5901708606397733,10.269878922720178,1.0,-151.91827714443207,4,0.0,1.0,0.0,4.0,1.0
2024,POST,late,00-0039732,B.Nix,DEN,1,4,-4.668466112285387,8.472218911312828,0.0,-94.40163373947144,3,1.0,0.0,0.0,4.0,1.0
2024,POST,late,00-0036389,J.Hurts,PHI,1,1,-1.5145490933209658,2.2938589560793594,0.0,0.0,0,1.0,0.0,0.0,1.0,0.0
2024,POST,late,00-0038102,K.Pickett,PHI,1,1,-2.7201750835520215,7.399352485177247,0.0,-67.6051378250122,1,0.0,0.0,0.0,1.0,0.0
2024,POST,q1,00-0039910,J.Daniels,WAS,3,40,2.4250348127172305,109.22612612556017,18.0,-37.366992235183716,33,2.0,0.0,0.0,37.0,23.0
2024,POST,q1,00-0036389,J.Hurts,PHI,4,27,7.263747975325542,45.08064552755974,14.0,244.08706426620483,23,1.0,0.0,1.0,26.0,19.0
2024,POST,q1,00-0026498,M.Stafford,LA,2,25,9.12607129295926,49.4706156810636,13.0,226.882466673851,23,1.0,0.0,2.0,24.0,18.0
2024,POST,q1,00-0033873,P.Mahomes,KC,3,22,-0.005823014015432282,23.52398667717359,8.0,-218.36349964141846,19,1.0,0.0,0.0,20.0,10.0
2024,POST,q1,00-0034857,J.Allen,BUF,3,22,1.8399351982978325,29.216163648213502,11.0,96.86348289251328,18,1.0,0.0,0.0,21.0,12.0
2024,POST,q1,00-0039163,C.Stroud,HOU,2,16,-7.518939780059823,57.173725836431956,6.0,-94.38599944114685,13,2.0,0.0,0.0,15.0,8.0
2024,POST,q1,00-0034796,L.Jackson,BAL,2,15,9.857402190333232,54.565616412353826,9.0,231.05647265911102,11,0.0,1.0,2.0,12.0,9.0
2024,POST,q1,00-0036355,J.Herbert,LAC,1,10,-1.9294283294273815,8.333814457617542,4.0,-98.97070527076721,9,1.0,0.0,0.0,10.0,5.0
2024,POST,q1,00-0034869,S.Darnold,MIN,1,8,0.16375633259303868,9.177497265411368,5.0,163.0249708890915,6,2.0,0.0,0.0,8.0,6.0
2024,POST,q1,00-0029263,R.Wilson,PIT,1,7,-3.122734562959522,6.00092894174648,2.0,-66.31188094615936,5,1.0,0.0,0.0,6.0,3.0
2024,POST,q1,00-0034855,B.Mayfield,TB,1,7,-0.5090306865248269,16.022576787351586,3.0,20.533978939056396,5,0.0,0.0,0.0,5.0,3.0
2024,POST,q1,00-0033106,J.Goff,DET,1,6,-3.5131095070391893,37.68156627020458,4.0,30.58478832244873,5,1.0,0.0,0.0,6.0,4.0
2024,POST,q1,00-0036264,J.Love,GB,1,5,-2.7557196184061468,11.220128659096037,2.0,-42.169973254203796,4,1.0,0.0,0.0,5.0,2.0
2024,POST,q1,00-0039732,B.Nix,DEN,1,4,5.147737374296412,26.81822890981871,2.0,137.86574602127075,3,1.0,0.0,1.0,4.0,3.0
2024,POST,q1,00-0030140,T.Way,WAS,1,1,3.9842156034428626,15.873973974717574,1.0,36.960768699645996,1,0.0,0.0,0.0,1.0,1.0
2024,POST,q2,00-0036389,J.Hurts,PHI,4,44,4.482617223060847,104.02137658784063,19.0,-115.16343057155609,30,6.0,1.0,2.0,39.0,19.0
2024,POST,q2,00-0039910,J.Daniels,WAS,3,34,23.414540512966344,103.01595374193266,21.0,233.8977038860321,23,0.0,0.0,4.0,27.0,17.0
2024,POST,q2,00-0033873,P.Mahomes,KC,3,28,-2.861571860325057,128.6764113445889,13.0,-143.11974346637726,21,4.0,2.0,1.0,25.0,13.0
2024,POST,q2,00-0039163,C.Stroud,HOU,2,26,7.09327386562018,67.47939892006873,11.0,5.5792465806007385,19,3.0,1.0,1.0,23.0,12.0
2024,POST,q2,00-0034857,J.Allen,BUF,3,22,8.004086362896487,52.31448415749357,12.0,218.58685463666916,18,2.0,0.0,1.0,21.0,15.0
2024,POST,q2,00-0034796,L.Jackson,BAL,2,18,4.5898712510085105,109.59402345785374,10.0,182.19581842422485,12,2.0,0.0,1.0,14.0,10.0
2024,POST,q2,00-0034869,S.Darnold,MIN,1,14,-21.268285262073086,139.25411906493488,3.0,-31.714722514152527,10,4.0,1.0,0.0,14.0,7.0
2024,POST,q2,00-0026498,M.Stafford,LA,2,12,1.4027210409985855,13.910747179628322,5.0,-200.64224004745483,11,0.0,0.0,1.0,12.0,6.0
2024,POST,q2,00-0033106,J.Goff,DET,1,12,-4.071102849440649,70.69615170753815,7.0,-51.29396319389343,12,0.0,2.0,1.0,12.0,7.0
2024,POST,q2,00-0036264,J.Love,GB,1,12,-3.3837986880346747,23.245645856431373,6.0,-56.505560874938965,11,0.0,2.0,0.0,11.0,7.0
2024,POST,q2,00-0036355,J.Herbert,LAC,1,11,-5.023307875497267,30.088977304954668,3.0,-375.8378863334656,11,0.0,1.0,0.0,11.0,3.0
2024,POST,q2,00-0039732,B.Nix,DEN,1,10,-3.075435848807266,8.680351791159232,4.0,-67.30069518089294,9,0.0,0.0,0.0,9.0,5.0
2024,POST,q2,00-0034855,B.Mayfield,TB,1,9,4.1273393469746225,6.955770084398248,6.0,165.61360955238342,6,0.0,0.0,1.0,7.0,6.0
2024,POST,q2,00-0029263,R.Wilson,PIT,1,4,-0.8892913634190336,1.5863911104334656,2.0,84.17044281959534,4,0.0,0.0,0.0,4.0,4.0
2024,POST,q2,00-0031237,T.Bridgewater,DET,1,1,-0.13195179169997573,0.017411275332833785,0.0,18.561673164367676,1,0.0,0.0,0.0,1.0,1.0
2024,POST,q2,00-0032943,R.Dixon,DEN,1,1,3.4906835660804063,12.184871758503823,1.0,48.15410375595093,1,0.0,0.0,0.0,1.0,1.0
2024,POST,q2,00-0036945,J.Fields,PIT,1,1,-0.4703446136554703,0.22122405559471364,0.0,-52.32738256454468,1,0.0,0.0,0.0,1.0,0.0
2024,POST,q3,00-0036389,J.Hurts,PHI,4,29,13.906450678070541,72.63114841650959,18.0,383.18610191345215,20,4.0,0.0,2.0,26.0,17.0
2024,POST,q3,00-0039910,J.Daniels,WAS,3,29,1.7004639943716855,83.4332613307962,15.0,112.9881352186203,23,1.0,0.0,0.0,26.0,18.0
2024,POST,q3,00-0033873,P.Mahomes,KC,3,25,-1.618412066440098,51.1666932691194,9.0,42.617425322532654,16,3.0,0.0,1.0,21.0,11.0
2024,POST,q3,00-0034857,J.Allen,BUF,3,20,3.8074403918630413,35.24659203219827,9.0,257.99742341041565,15,1.0,0.0,1.0,19.0,13.0
2024,POST,q3,00-0026498,M.Stafford,LA,2,17,-1.7876281133839513,35.724974037756404,5.0,-51.88171863555908,14,3.0,0.0,0.0,17.0,8.0
2024,POST,q3,00-0029263,R.Wilson,PIT,1,17,13.333062124205753,69.33869731040063,9.0,215.07688164710999,12,2.0,0.0,2.0,17.0,10.0
2024,POST,q3,00-0039163,C.Stroud,HOU,2,16,9.96935021142663,28.943632806537707,13.0,275.2740144729614,13,0.0,0.0,0.0,13.0,12.0
2024,POST,q3,00-0034796,L.Jackson,BAL,2,11,-1.3331425036445688,16.899124010049782,3.0,-143.27321648597717,9,1.0,0.0,0.0,11.0,5.0
2024,POST,q3,00-0034869,S.Darnold,MIN,1,11,1.8778697289964184,22.77167868147429,5.0,-187.95433044433594,10,0.0,0.0,1.0,11.0,5.0
2024,POST,q3,00-0036264,J.Love,GB,1,11,4.887102097760439,20.830017662816562,6.0,-121.46086394786835,11,0.0,0.0,0.0,11.0,6.0
2024,POST,q3,00-0036355,J.Herbert,LAC,1,5,-11.910306617617607,86.45989360177082,1.0,-96.35313153266907,4,1.0,1.0,0.0,5.0,2.0
2024,POST,q3,00-0033106,J.Goff,DET,1,4,2.6564122275449336,8.934881227831786,2.0,-109.74704623222351,4,0.0,0.0,0.0,4.0,2.0
2024,POST,q3,00-0034855,B.Mayfield,TB,1,4,3.720614130317699,7.485952353442928,3.0,60.87249517440796,3,1.0,0.0,1.0,4.0,3.0
2024,POST,q3,00-0039732,B.Nix,DEN,1,2,-2.461777683813125,3.0903306025070547,0.0,-134.299898147583,2,0.0,0.0,0.0,2.0,0.0
2024,POST,q3,00-0035685,D.Montgomery,DET,1,1,1.1859101130394265,1.4063827962091853,1.0,15.214359760284424,1,0.0,0.0,0.0,1.0,1.0
2024,POST,q4,00-0033873,P.Mahomes,KC,3,36,13.145822095491503,99.50307355922351,22.0,358.2148611545563,25,3.0,0.0,3.0,32.0,21.0
2024,POST,q4,00-0039910,J.Daniels,WAS,3,31,-1.6250881125743035,94.00965345178845,12.0,-77.62431800365448,28,1.0,1.0,1.0,30.0,17.0
2024,POST,q4,00-0034857,J.Allen,BUF,3,30,9.789855665368108,91.14337098203276,13.0,116.00735783576965,26,1.0,0.0,2.0,28.0,18.0
2024,POST,q4,00-0026498,M.Stafford,LA,1,25,0.1846893334586639,60.38988630773427,12.0,-117.39253997802734,22,3.0,0.0,1.0,25.0,13.0
2024,POST,q4,00-0039163,C.Stroud,HOU,2,22,-8.223552706066656,41.79968888144341,7.0,-21.1990088224411,15,6.0,0.0,0.0,21.0,9.0
2024,POST,q4,00-0033106,J.Goff,DET,1,18,3.303579214203637,27.960370493442063,10.0,-62.605902552604675,15,1.0,1.0,0.0,17.0,10.0
2024,POST,q4,00-0034869,S.Darnold,MIN,1,18,-7.906068503449205,45.66961413292958,6.0,-142.78500229120255,14,3.0,0.0,0.0,17.0,7.0
2024,POST,q4,00-0034796,L.Jackson,BAL,2,14,1.0986793676130473,36.096601712757995,6.0,194.94602382183075,12,0.0,0.0,1.0,13.0,10.0
2024,POST,q4,00-0036389,J.Hurts,PHI,4,14,5.238818158395588,25.95287754150138,9.0,215.0668442249298,11,2.0,0.0,0.0,13.0,10.0
2024,POST,q4,00-0039732,B.Nix,DEN,1,11,-4.887460058962461,23.365855237930383,5.0,-35.41725277900696,8,1.0,0.0,0.0,9.0,5.0
2024,POST,q4,00-0036355,J.Herbert,LAC,1,10,-4.193578110542148,164.29423944500047,4.0,-90.67290425300598,8,2.0,2.0,1.0,10.0,4.0
2024,POST,q4,00-0036264,J.Love,GB,1,8,-3.689609805238433,21.87031322579937,3.0,41.25034213066101,7,1.0,1.0,0.0,8.0,5.0
2024,POST,q4,00-0029263,R.Wilson,PIT,1,7,-2.4940270701190457,10.591529312289229,2.0,88.12893033027649,4,1.0,0.0,0.0,6.0,3.0
2024,POST,q4,00-0034855,B.Mayfield,TB,1,3,4.774771796714049,7.656224579900229,3.0,95.85320949554443,3,0.0,0.0,0.0,3.0,3.0
2024,POST,q4,00-0037240,Ja.Williams,DET,1,1,-4.441427099518478,19.72627468033712,0.0,-55.52472472190857,1,0.0,1.0,0.0,1.0,0.0
2024,POST,q4,00-0038102,K.Pickett,PHI,1,1,-2.7201750835520215,7.399352485177247,0.0,-67.6051378250122,1,0.0,0.0,0.0,1.0,0.0
2024,REG,all,00-0036442,J.Burrow,CIN,17,723,119.3925044348199,1938.8407254563335,374.0,4262.103174626827,628,48.0,9.0,43.0,701.0,460.0
2024,REG,all,00-0039918,C.Williams,CHI,17,686,-33.918361304895534,1409.0156685859388,277.0,-53.33016216754913,522,68.0,6.0,20.0,636.0,351.0
2024,REG,all,00-0033873,P.Mahomes,KC,16,654,101.59235474333673,1300.8972840214603,331.0,1417.5663843750954,553,36.0,11.0,26.0,617.0,392.0
2024,REG,all,00-0034855,B.Mayfield,TB,17,654,127.06108926871232,1583.755774502582,341.0,2025.461620092392,562,40.0,16.0,41.0,612.0,407.0
2024,REG,all,00-0030565,G.Smith,SEA,17,653,21.056968278163193,1672.6196393523278,308.0,3124.301652610302,554,50.0,15.0,21.0,629.0,407.0
2024,REG,all,00-0023459,A.Rodgers,NYJ,17,643,4.444519625795595,1665.4244806008116,279.0,-1452.9610738158226,568,40.0,11.0,28.0,627.0,368.0
2024,REG,all,00-0039732,B.Nix,DEN,17,641,38.01007177327177,1414.572455150876,280.0,306.2652811408043,546,24.0,12.0,29.0,591.0,376.0
2024,REG,all,00-0034869,S.Darnold,MIN,17,621,52.04591552288842,1735.6024359210599,307.0,1981.289291381836,514,48.0,12.0,35.0,593.0,361.0
2024,REG,all,00-0039163,C.Stroud,HOU,17,620,-4.369104051435761,1401.2463622266996,262.0,-858.6406946182251,509,52.0,12.0,20.0,583.0,336.0
2024,REG,all,00-0035228,K.Murray,ARI,17,611,67.89961298659588,1198.1223395335555,305.0,1103.4073933959007,521,30.0,11.0,21.0,570.0,372.0
2024,REG,all,00-0039910,J.Daniels,WAS,17,600,106.51491726046685,1403.5772064361463,292.0,1635.0621774792671,461,47.0,9.0,25.0,528.0,331.0
2024,REG,all,00-0033106,J.Goff,DET,17,582,161.92997695539069,1621.0861771633774,316.0,2909.9086090922356,510,31.0,12.0,37.0,568.0,390.0
2024,REG,all,00-0036355,J.Herbert,LAC,17,576,77.61334490888153,1220.0805664833847,263.0,943.6135604977608,485,41.0,3.0,23.0,545.0,332.0
2024,REG,all,00-0026498,M.Stafford,LA,16,549,36.862686665390456,1115.7289923729597,267.0,-333.19677114486694,500,28.0,8.0,20.0,546.0,340.0
2024,REG,all,00-0034796,L.Jackson,BAL,17,540,189.69330195233042,1422.6309818872764,287.0,2066.5818586945534,454,23.0,4.0,41.0,494.0,316.0
2024,REG,all,00-0034857,J.Allen,BUF,16,540,164.94417417164763,1349.5537705238694,270.0,387.1954157948494,459,14.0,6.0,28.0,497.0,307.0
2024,REG,all,00-0037834,B.Purdy,SF,15,526,96.80780343629614,1278.1252321259503,266.0,907.536780834198,440,31.0,12.0,20.0,482.0,300.0
2024,REG,all,00-0029604,K.Cousins,ATL,14,481,16.186125602520036,1443.5608222338678,231.0,418.96610856056213,437,28.0,16.0,18.0,478.0,303.0
2024,REG,all,00-0036264,J.Love,GB,15,454,62.20981998018041,1263.1419449798846,217.0,254.78308498859406,411,14.0,11.0,25.0,442.0,268.0
2024,REG,all,00-0039150,B.Young,CAR,14,451,-12.303573473976055,1098.9433449955968,183.0,238.88389468193054,359,29.0,9.0,15.0,414.0,234.0
2024,REG,all,00-0036389,J.Hurts,PHI,15,438,74.26301991794212,1139.608188977853,211.0,2512.1668443083763,334,38.0,5.0,18.0,399.0,248.0
2024,REG,all,00-0036212,T.Tagovailoa,MIA,11,428,94.58506781184946,1036.312934478916,229.0,1466.9961705803871,388,21.0,7.0,19.0,421.0,291.0
2024,REG,all,00-0039851,D.Maye,NE,13,419,2.386952461355923,1109.9037328454444,202.0,913.150842487812,322,34.0,10.0,15.0,374.0,225.0
2024,REG,all,00-0029263,R.Wilson,PIT,11,388,2.187042931289186,973.7818321541224,164.0,1368.3650463819504,306,33.0,5.0,16.0,368.0,214.0
2024,REG,all,00-0035710,D.Jones,NYG,10,386,-32.67702689072729,785.9537397675872,164.0,461.90859377384186,317,29.0,7.0,8.0,371.0,216.0
2024,REG,all,00-0039152,W.Levis,TEN,12,364,-59.52811546787098,1170.0198200961863,134.0,-126.23066306114197,292,41.0,12.0,13.0,344.0,190.0
2024,REG,all,00-0035289,G.Minshew II,LV,10,344,-41.33502869492164,994.4368509116323,155.0,145.99306285381317,281,29.0,10.0,9.0,333.0,203.0
2024,REG,all,00-0031503,J.Winston,CLE,9,334,-22.588387294548337,1150.260503586078,142.0,-511.18611097335815,288,24.0,12.0,13.0,326.0,181.0
2024,REG,all,00-0033662,C.Rush,DAL,11,325,-33.84790198894915,792.4438834325653,132.0,-2443.4904232621193,303,13.0,5.0,12.0,321.0,187.0
2024,REG,all,00-0036971,T.Lawrence,JAX,10,318,3.0431977563876096,746.7758799398241,139.0,-263.41035068035126,272,18.0,7.0,11.0,305.0,172.0
2024,REG,all,00-0033077,D.Prescott,DAL,8,313,-17.092715209329075,765.7289324793019,131.0,-235.81167310476303,277,21.0,8.0,11.0,307.0,185.0
2024,REG,all,00-0031280,D.Carr,NO,10,298,40.96955309713359,732.8557059953217,130.0,858.4100738167763,262,8.0,5.0,15.0,290.0,189.0
2024,REG,all,00-0039164,A.Richardson,IND,11,298,-34.95492717725879,901.0996939510305,109.0,-2704.0382727980614,249,14.0,12.0,8.0,277.0,126.0
2024,REG,all,00-0036972,M.Jones,JAX,10,293,-2.045768958323846,541.8293903507479,123.0,-122.92266488075256,250,14.0,8.0,8.0,279.0,171.0
2024,REG,all,00-0033537,D.Watson,CLE,7,271,-55.96837346822772,487.91153877509953,94.0,-460.6175497174263,210,33.0,3.0,5.0,250.0,137.0
2024,REG,all,00-0026158,J.Flacco,IND,7,270,3.1032678986618136,745.1053884094575,124.0,258.7272346019745,242,18.0,7.0,12.0,267.0,162.0
2024,REG,all,00-0039376,S.Rattler,NO,7,264,-73.88419525641928,740.1536796839474,100.0,-1930.235093832016,213,22.0,5.0,4.0,250.0,130.0
2024,REG,all,00-0038579,A.O'Connell,LV,9,257,5.063532488460273,502.3401995632629,115.0,-830.5093139410019,232,10.0,4.0,8.0,254.0,154.0
2024,REG,all,00-0034771,M.Rudolph,TEN,8,250,4.022248774090041,647.653740746013,121.0,50.962743163108826,214,11.0,9.0,9.0,237.0,146.0
2024,REG,all,00-0035704,D.Lock,NYG,7,203,-24.122172898342594,687.9100933645731,88.0,-1054.6667873859406,173,12.0,5.0,6.0,193.0,107.0
2024,REG,all,00-0036945,J.Fields,PIT,7,196,12.619171416652385,454.52808846259006,85.0,363.0313903093338,152,16.0,1.0,5.0,177.0,106.0
2024,REG,all,00-0033119,J.Brissett,NE,7,188,-31.38279831926582,344.41228597008774,77.0,-439.2103046178818,150,18.0,1.0,2.0,179.0,95.0
2024,REG,all,00-0027973,A.Dalton,CAR,6,174,-25.986808882843917,497.69721922598484,72.0,-178.1519204378128,156,7.0,6.0,7.0,168.0,106.0
2024,REG,all,00-0035993,T.Huntley,MIA,5,164,-16.37467119132035,319.9437948198824,64.0,385.0159019231796,124,15.0,3.0,3.0,149.0,86.0
2024,REG,all,00-0038583,D.Thompson-Robinson,CLE,6,132,-68.4755225352128,280.4422041734457,39.0,-1236.8351966142654,106,8.0,6.0,0.0,126.0,61.0
2024,REG,all,00-0039917,M.Penix,ATL,5,113,15.410137770087328,285.6454959465278,54.0,-452.7207225561142,102,4.0,3.0,3.0,109.0,61.0
2024,REG,all,00-0038122,D.Ridder,LV,5,100,-20.709902239864256,210.716594860582,39.0,-248.12302887439728,78,10.0,2.0,2.0,94.0,52.0
2024,REG,all,00-0038128,M.Willis,GB,6,71,20.47352297676531,249.15935393730615,29.0,365.6339764595032,53,8.0,0.0,3.0,63.0,40.0
2024,REG,all,00-0038476,T.DeVito,NYG,2,54,-6.1055295318656135,74.31616160577477,21.0,193.7034249305725,41,6.0,0.0,0.0,50.0,31.0
2024,REG,all,00-0032268,M.Mariota,WAS,3,51,20.566828297803983,96.71454091011529,28.0,696.7341750860214,42,3.0,0.0,4.0,47.0,34.0
2024,REG,all,00-0033949,J.Dobbs,SF,2,51,7.2923370339421805,121.58812850245144,26.0,75.29286444187164,46,2.0,2.0,2.0,48.0,32.0
2024,REG,all,00-0038998,J.Haener,NO,6,50,-16.50477038436612,102.0403577630086,14.0,-640.7816886901855,37,6.0,1.0,1.0,45.0,18.0
2024,REG,all,00-0038102,K.Pickett,PHI,4,49,3.0723713827437322,123.67336442992404,19.0,18.543735146522522,39,4.0,1.0,2.0,46.0,25.0
2024,REG,all,00-0037012,T.Lance,DAL,3,47,-13.448770277925579,142.91306741144095,17.0,-274.33403730392456,40,4.0,1.0,0.0,45.0,25.0
2024,REG,all,00-0038400,T.McKee,PHI,2,47,14.677713276299727,92.86707962880814,25.0,-1.937142014503479,45,2.0,0.0,4.0,47.0,30.0
2024,REG,all,00-0031345,J.Garoppolo,LA,1,46,2.0553472968526227,101.7630492181044,22.0,-122.8592574596405,40,3.0,1.0,2.0,45.0,27.0
2024,REG,all,00-0037327,S.Thompson,MIA,2,40,-17.972042848211736,76.46446931221794,12.0,71.23678624629974,32,6.0,0.0,0.0,39.0,21.0
2024,REG,all,00-0036898,D.Mills,HOU,4,39,-9.323158805782441,97.30223920236816,14.0,-422.074955701828,36,2.0,0.0,0.0,38.0,20.0
2024,REG,all,00-0032434,B.Allen,SF,2,33,-18.46293450144508,132.38674602764547,11.0,-133.97584557533264,27,2.0,2.0,1.0,32.0,17.0
2024,REG,all,00-0038108,B.Zappe,CLE,1,33,-17.13865660532574,129.60168339031887,10.0,-406.62211179733276,30,1.0,2.0,1.0,32.0,16.0
2024,REG,all,00-0039398,J.Milton,NE,1,31,13.345608347172167,51.16948707130275,16.0,462.37348318099976,27,0.0,0.0,1.0,29.0,22.0
2024,REG,all,00-0034177,T.Boyle,MIA,2,28,-6.238893466128502,48.698004860819985,13.0,-181.22800588607788,24,1.0,0.0,0.0,26.0,15.0
2024,REG,all,00-0028118,T.Taylor,NYJ,2,27,12.018934812120628,37.01178359733719,16.0,279.9421787261963,21,0.0,0.0,3.0,25.0,17.0
2024,REG,all,00-0033869,M.Trubisky,BUF,5,27,9.908107053776796,88.54615482549575,11.0,144.31876242160797,25,0.0,0.0,2.0,26.0,19.0
2024,REG,all,00-0034177,T.Boyle,NYG,1,25,-7.389704616158269,72.58433915010393,7.0,-208.797749876976,22,1.0,1.0,1.0,25.0,12.0
2024,REG,all,00-0032950,C.Wentz,KC,2,24,-7.00526359975478,44.6474907636848,6.0,-22.70146906375885,19,4.0,0.0,0.0,23.0,12.0
2024,REG,all,00-0037077,S.Howell,SEA,1,19,-16.28041466396543,37.532025314528205,2.0,-464.7897630929947,14,4.0,1.0,0.0,18.0,5.0
2024,REG,all,00-0034401,M.White,BUF,1,11,-7.152866298856679,16.819553169215187,2.0,-405.90888261795044,11,0.0,0.0,0.0,11.0,3.0
2024,REG,all,00-0038550,H.Hooker,DET,3,11,-2.4966237844988752,30.015948131907617,4.0,-74.49514269828796,9,1.0,0.0,0.0,10.0,6.0
2024,REG,all,00-0031800,T.Heinicke,LAC,4,10,-9.025122956372797,30.303398627943306,2.0,-59.33318734169006,5,3.0,0.0,0.0,8.0,3.0
2024,REG,all,00-0026300,J.Johnson,BAL,3,4,-1.8097355109639466,10.09910755013566,1.0,82.50610828399658,3,1.0,0.0,0.0,4.0,2.0
2024,REG,all,00-0033357,T.Hill,NO,3,4,-3.2176933154271543,13.558154140551853,1.0,-19.77929174900055,4,0.0,1.0,0.0,4.0,2.0
2024,REG,all,00-0028872,J.Hekker,CAR,2,2,-5.712034730240703,16.373227622243693,0.0,-115.91141819953918,2,0.0,0.0,0.0,2.0,0.0
2024,REG,all,00-0029692,B.Anger,DAL,2,2,-5.6870228089392185,16.206921812052403,0.0,-47.87011742591858,2,0.0,0.0,0.0,2.0,1.0
2024,REG,all,00-0031588,S.Diggs,HOU,2,2,4.61484260490397,11.063342686280327,2.0,10.583913326263428,1,0.0,0.0,0.0,1.0,1.0
2024,REG,all,00-0033319,N.Mullens,MIN,2,2,4.8687256226548925,11.902717401895112,2.0,84.4581812620163,2,0.0,0.0,0.0,2.0,2.0
2024,REG,all,00-0034348,C.Sutton,DEN,2,2,7.49073817639146,28.091773343282654,2.0,95.39912343025208,2,0.0,0.0,1.0,2.0,2.0
2024,REG,all,00-0034418,C.Wilson,NO,2,2,1.1512166903703474,4.921793516629314,1.0,64.70449268817902,1,1.0,0.0,1.0,2.0,1.0
2024,REG,all,00-0036322,J.Jefferson,MIN,2,2,2.832186913350597,9.355870025533566,1.0,10.456204414367676,1,0.0,0.0,0.0,1.0,1.0
2024,REG,all,00-0037324,C.Oladokun,KC,1,2,-1.9449417039286345,2.239780872438491,0.0,0.0,0,1.0,0.0,0.0,1.0,0.0
2024,REG,all,00-0038416,T.Bagent,CHI,2,2,0.31886750092962757,0.1581291886985035,1.0,34.80667471885681,2,0.0,0.0,0.0,2.0,2.0
2024,REG,all,00-0038582,C.Tune,ARI,1,2,-1.1280186781659722,2.7958476403654537,1.0,37.30354309082031,2,0.0,0.0,0.0,2.0,2.0
2024,REG,all,00-0030279,K.Allen,CHI,1,1,-5.911163269076496,34.941851193679135,0.0,-58.88523459434509,1,0.0,1.0,0.0,1.0,0.0
2024,REG,all,00-0032065,B.Pinion,ATL,1,1,-0.947,0.8968089999999999,0.0,0.0,0,0.0,0.0,0.0,1.0,0.0
2024,REG,all,00-0032399,M.Killebrew,PIT,1,1,-2.6777201897348277,7.170185414513522,0.0,-54.02674078941345,1,0.0,0.0,0.0,1.0,0.0
2024,REG,all,00-0032943,R.Dixon,DEN,1,1,-1.8986855424009264,3.6050067889223,0.0,26.422113180160522,1,0.0,0.0,0.0,1.0,1.0
2024,REG,all,00-0033009,T.Boyd,TEN,1,1,-0.43441603682003915,0.18871729304642962,0.0,-39.166224002838135,1,0.0,0.0,0.0,1.0,0.0
2024,REG,all,00-0033307,K.Bourne,NE,1,1,-1.3199654843192548,1.7423088797941648,0.0,-75.72767734527588,1,0.0,0.0,0.0,1.0,0.0
2024,REG,all,00-0033897,J.Mixon,HOU,1,1,-0.7261459626606666,0.5272879590883861,0.0,-36.244744062423706,1,0.0,0.0,0.0,1.0,0.0
2024,REG,all,00-0034162,J.Scott,LAC,1,1,-2.7066063629463315,7.325718003941569,0.0,14.481014013290405,1,0.0,0.0,0.0,1.0,1.0
2024,REG,all,00-0034521,A.Lazard,NYJ,1,1,-1.0107955927378498,1.0217077302982611,0.0,0.0,0,0.0,0.0,0.0,1.0,0.0
2024,REG,all,00-0034577,K.Allen,PIT,1,1,1.4325529362540692,2.0522079151701553,1.0,27.48546004295349,1,0.0,0.0,0.0,1.0,1.0
2024,REG,all,00-0034827,D.Moore,CHI,1,1,-0.44727218337357044,0.20005240601976082,0.0,-29.839304089546204,1,0.0,0.0,0.0,1.0,0.0
2024,REG,all,00-0034844,S.Barkley,PHI,1,1,-1.659953220529728,2.755444694347016,0.0,0.0,0,1.0,0.0,0.0,1.0,0.0
2024,REG,all,00-0034960,J.Meyers,LV,1,1,-1.5676263889763504,2.457452495415032,0.0,0.0,0,1.0,0.0,0.0,1.0,0.0
2024,REG,all,00-0035156,J.Fox,DET,1,1,3.637429093476385,13.230890410068435,1.0,36.9878351688385,1,0.0,0.0,0.0,1.0,1.0
2024,REG,all,00-0035190,A.Cole,LV,1,1,4.333918029908091,18.782845489962426,1.0,30.53959012031555,1,0.0,0.0,0.0,1.0,1.0
2024,REG,all,00-0035685,D.Montgomery,DET,1,1,1.5191485377727076,2.3078122798169556,1.0,49.24219250679016,1,0.0,0.0,1.0,1.0,1.0
2024,REG,all,00-0035719,D.Samuel,SF,1,1,-2.089831991296666,4.367397751846988,0.0,0.0,0,1.0,0.0,0.0,1.0,0.0
2024,REG,all,00-0036309,D.Mooney,ATL,1,1,-0.42381819686852396,0.17962186399688693,0.0,0.0,0,0.0,0.0,0.0,1.0,0.0
2024,REG,all,00-0036626,D.Brown,WAS,1,1,-0.42986037069931626,0.1847799382977536,0.0,-30.97151517868042,1,0.0,0.0,0.0,1.0,0.0
2024,REG,all,00-0036849,T.Atwell,LA,1,1,-0.5111013762652874,0.26122461682027087,0.0,-34.2591792345047,1,0.0,0.0,0.0,1.0,0.0
2024,REG,all,00-0036880,P.Sewell,DET,1,1,-0.9758530937833712,0.9522892606465769,0.0,0.0,0,1.0,0.0,0.0,1.0,0.0
2024,REG,all,00-0036928,K.Trask,TB,1,1,0.29781093914061785,0.0886913554718168,1.0,12.927263975143433,1,0.0,0.0,0.0,1.0,1.0
2024,REG,all,00-0036963,St. Brown,DET,1,1,1.72411598067265,2.9725759148108137,1.0,33.92575979232788,1,0.0,0.0,1.0,1.0,1.0
2024,REG,all,00-0037276,T.Chandler,MIN,1,1,-0.5984916715533473,0.3581922809187197,0.0,0.0,0,1.0,0.0,0.0,1.0,0.0
2024,REG,all,00-0038543,J.Smith-Njigba,SEA,1,1,2.243609394179657,5.033783113651208,1.0,69.83024775981903,1,0.0,0.0,0.0,1.0,1.0
2024,REG,all,00-0039337,M.Nabers,NYG,1,1,-0.9637323682836723,0.9287800776776557,0.0,-69.16041374206543,1,0.0,0.0,0.0,1.0,0.0
2024,REG,all,00-0039491,J.Coker,CAR,1,1,1.3107093420112506,1.7179589792355654,1.0,41.24500751495361,1,0.0,0.0,0.0,1.0,1.0
2024,REG,all,00-0039890,A.Mitchell,IND,1,1,2.4456588270841166,5.981247098494457,1.0,13.43458890914917,1,0.0,0.0,0.0,1.0,1.0
2024,REG,all,00-0039916,R.Pearsall,SF,1,1,-0.5309751115273684,0.28193456906150133,0.0,0.0,0,0.0,0.0,0.0,1.0,0.0
2024,REG,close,00-0036442,J.Burrow,CIN,17,581,126.78411003824158,1353.4714610810693,308.0,3932.1973606944084,502,39.0,4.0,34.0,563.0,375.0
2024,REG,close,00-0033873,P.Mahomes,KC,16,564,98.97256813416337,1079.5484439318632,286.0,1625.3604531288147,476,31.0,9.0,22.0,528.0,341.0
2024,REG,close,00-0023459,A.Rodgers,NYJ,17,480,26.849268907031743,1129.2971748679888,211.0,-1289.672501385212,423,29.0,6.0,22.0,467.0,270.0
2024,REG,close,00-0039163,C.Stroud,HOU,17,467,19.025159740483318,1026.3391976947037,204.0,17.608369886875153,383,38.0,7.0,16.0,438.0,261.0
2024,REG,close,00-0030565,G.Smith,SEA,17,431,-1.1614020248625736,1232.8530168007483,197.0,2541.9066801667213,361,38.0,9.0,16.0,415.0,268.0
2024,REG,close,00-0034869,S.Darnold,MIN,17,429,73.370341901032,1249.8764286104179,222.0,2451.326835155487,352,33.0,6.0,27.0,405.0,254.0
2024,REG,close,00-0036355,J.Herbert,LAC,17,407,69.39103537360876,895.5058084044841,190.0,969.0680459141731,345,28.0,2.0,20.0,386.0,242.0
2024,REG,close,00-0029604,K.Cousins,ATL,14,397,29.908750397602947,1127.2674358463864,188.0,245.85849344730377,360,22.0,12.0,17.0,394.0,252.0
2024,REG,close,00-0039910,J.Daniels,WAS,17,396,46.60358824853884,941.1361638445269,185.0,417.063869535923,314,28.0,7.0,13.0,351.0,215.0
2024,REG,close,00-0039732,B.Nix,DEN,17,394,3.8315704815362297,922.2663139636938,162.0,41.055965423583984,338,15.0,10.0,19.0,368.0,233.0
2024,REG,close,00-0034855,B.Mayfield,TB,17,393,74.5665948827272,1065.2609073263882,203.0,1475.3949254751205,340,22.0,13.0,27.0,368.0,249.0
2024,REG,close,00-0026498,M.Stafford,LA,16,390,19.27800887176414,765.3487922655498,185.0,-922.7073758840561,360,16.0,7.0,14.0,387.0,236.0
2024,REG,close,00-0034796,L.Jackson,BAL,17,385,114.36579691345248,994.2900386161634,203.0,1518.3115005493164,323,22.0,3.0,25.0,355.0,227.0
2024,REG,close,00-0039918,C.Williams,CHI,17,380,-45.592765140871364,781.8663438086323,148.0,-403.8898006081581,287,38.0,5.0,5.0,353.0,193.0
2024,REG,close,00-0033106,J.Goff,DET,17,370,85.96302115662924,1001.3401879383568,199.0,2046.2037220597267,330,21.0,8.0,19.0,364.0,255.0
2024,REG,close,00-0035228,K.Murray,ARI,17,369,29.536526749271452,750.9749039634896,175.0,94.95034068822861,312,19.0,9.0,13.0,343.0,216.0
2024,REG,close,00-0036389,J.Hurts,PHI,15,358,67.93300128187104,965.9577879236327,172.0,2255.8183386921883,274,29.0,5.0,16.0,326.0,205.0
2024,REG,close,00-0034857,J.Allen,BUF,16,356,73.36475232320318,838.3024353322801,173.0,93.7574714422226,307,10.0,6.0,15.0,332.0,204.0
2024,REG,close,00-0037834,B.Purdy,SF,15,353,59.46340904261749,816.5213248367688,175.0,182.70411491394043,294,19.0,9.0,15.0,319.0,197.0
2024,REG,close,00-0036212,T.Tagovailoa,MIA,11,299,74.27014694907884,678.9699209027771,163.0,816.1122336983681,280,10.0,5.0,13.0,296.0,207.0
2024,REG,close,00-0029263,R.Wilson,PIT,11,289,-16.102629090872355,758.4093584750244,117.0,874.9473452568054,231,25.0,4.0,12.0,277.0,159.0
2024,REG,close,00-0035710,D.Jones,NYG,10,267,-17.906245373562395,527.3796219928554,115.0,558.9947253465652,222,16.0,4.0,7.0,255.0,153.0
2024,REG,close,00-0039150,B.Young,CAR,12,266,17.21063184116238,639.6506456317871,117.0,730.6137964129448,218,10.0,4.0,10.0,240.0,148.0
2024,REG,close,00-0031280,D.Carr,NO,10,246,32.73895799265613,625.7429667150991,103.0,462.92784065008163,217,5.0,4.0,11.0,240.0,155.0
2024,REG,close,00-0036264,J.Love,GB,15,242,18.245839881014085,727.483511722887,112.0,31.521810591220856,216,8.0,7.0,14.0,235.0,144.0
2024,REG,close,00-0035289,G.Minshew II,LV,10,231,-57.55427674445809,744.2470763002511,93.0,-98.7491101026535,182,24.0,6.0,5.0,221.0,130.0
2024,REG,close,00-0036972,M.Jones,JAX,8,226,10.962618161570719,378.39529999799754,100.0,108.20347964763641,190,11.0,7.0,6.0,214.0,135.0
2024,REG,close,00-0039152,W.Levis,TEN,12,219,-55.03842384521363,720.0683365374209,78.0,-200.87606608867645,180,22.0,9.0,6.0,206.0,119.0
2024,REG,close,00-0039851,D.Maye,NE,12,213,9.738039737766485,489.47170069250603,105.0,744.769349694252,162,19.0,6.0,6.0,189.0,118.0
2024,REG,close,00-0039164,A.Richardson,IND,11,209,-29.191548761411216,625.6960730635042,75.0,-2325.9135514497757,175,9.0,9.0,5.0,193.0,85.0
2024,REG,close,00-0031503,J.Winston,CLE,7,208,-7.534892264021075,701.2980323386819,87.0,-510.1882725954056,179,16.0,5.0,8.0,204.0,111.0
2024,REG,close,00-0026158,J.Flacco,IND,7,195,-8.413994725197695,555.7544013237978,86.0,-323.1562227010727,177,11.0,5.0,9.0,194.0,115.0
2024,REG,close,00-0033662,C.Rush,DAL,9,194,-6.259185492546138,421.50850162897734,82.0,-1244.4708287715912,179,7.0,3.0,9.0,190.0,112.0
2024,REG,close,00-0036971,T.Lawrence,JAX,10,183,2.768667634188348,410.97512970120056,81.0,-11.443957686424255,160,9.0,4.0,7.0,176.0,102.0
2024,REG,close,00-0038579,A.O'Connell,LV,7,163,-6.895404604768813,260.12639996156724,71.0,-822.8967249393463,146,6.0,2.0,3.0,161.0,97.0
2024,REG,close,00-0033077,D.Prescott,DAL,8,162,8.097385434020344,363.5952938293626,77.0,646.9164371490479,147,9.0,5.0,5.0,161.0,108.0
2024,REG,close,00-0033537,D.Watson,CLE,7,161,-23.14144049657081,245.29282398214332,61.0,124.7703105211258,129,17.0,1.0,2.0,148.0,90.0
2024,REG,close,00-0036945,J.Fields,PIT,7,147,10.157189621866072,297.9828877111137,63.0,431.1660051345825,115,11.0,1.0,4.0,133.0,82.0
2024,REG,close,00-0033119,J.Brissett,NE,7,133,-9.305445318455552,239.35557489127942,60.0,-276.05665028095245,109,8.0,1.0,1.0,126.0,69.0
2024,REG,close,00-0039376,S.Rattler,NO,7,133,-25.474053599305126,328.5727536047445,54.0,-487.2200205922127,109,10.0,1.0,4.0,129.0,70.0
2024,REG,close,00-0034771,M.Rudolph,TEN,6,126,6.245434800637312,331.7393457691961,61.0,187.95464038848877,108,5.0,5.0,5.0,120.0,74.0
2024,REG,close,00-0035704,D.Lock,NYG,5,121,-20.454521954867133,452.279465431296,52.0,-982.7055037021637,103,5.0,4.0,5.0,115.0,59.0
2024,REG,close,00-0035993,T.Huntley,MIA,5,108,-18.72161304733303,175.79730080824265,39.0,-93.1039810180664,86,9.0,2.0,1.0,99.0,57.0
2024,REG,close,00-0039917,M.Penix,ATL,3,93,7.7879047729681625,245.38320189003704,41.0,-541.3187950849533,84,3.0,2.0,3.0,89.0,47.0
2024,REG,close,00-0027973,A.Dalton,CAR,5,91,-8.533046339517233,312.26070894535894,34.0,8.705520629882812,84,4.0,3.0,5.0,89.0,58.0
2024,REG,close,00-0031345,J.Garoppolo,LA,1,41,-2.3708411848279605,92.02728785598977,18.0,-144.2821741104126,35,3.0,1.0,1.0,40.0,23.0
2024,REG,close,00-0038583,D.Thompson-Robinson,CLE,4,41,-25.80516494991025,74.23639383739548,7.0,-915.3669089078903,36,3.0,2.0,0.0,41.0,16.0
2024,REG,close,00-0037012,T.Lance,DAL,1,37,-1.193670400792545,73.4161771479772,16.0,-286.9172662496567,33,2.0,0.0,0.0,36.0,20.0
2024,REG,close,00-0038400,T.McKee,PHI,1,36,11.150550175696225,54.716617014543246,19.0,62.80655860900879,34,2.0,0.0,2.0,36.0,24.0
2024,REG,close,00-0038128,M.Willis,GB,5,33,9.394254646030161,134.31072821425943,15.0,271.5569078922272,23,5.0,0.0,2.0,29.0,18.0
2024,REG,close,00-0038102,K.Pickett,PHI,2,32,5.0055261674327705,68.07754414069205,12.0,-98.35499823093414,28,1.0,0.0,2.0,31.0,18.0
2024,REG,close,00-0039398,J.Milton,NE,1,31,13.345608347172167,51.16948707130275,16.0,462.37348318099976,27,0.0,0.0,1.0,29.0,22.0
2024,REG,close,00-0033949,J.Dobbs,SF,1,27,3.1015683167943044,57.16164531962479,14.0,92.45729446411133,25,2.0,1.0,1.0,27.0,18.0
2024,REG,close,00-0038122,D.Ridder,LV,3,27,-6.1650119583110605,35.51033862436277,12.0,50.041741132736206,19,3.0,1.0,0.0,24.0,14.0
2024,REG,close,00-0032268,M.Mariota,WAS,1,22,9.644194786073175,44.7198297072554,13.0,399.79185461997986,17,2.0,0.0,2.0,20.0,15.0
2024,REG,close,00-0033869,M.Trubisky,BUF,1,22,4.731939191676932,36.809769158792875,10.0,121.65752947330475,20,0.0,0.0,1.0,21.0,15.0
2024,REG,close,00-0034177,T.Boyle,MIA,1,13,0.9442385492147878,13.913295495115936,8.0,-46.37155532836914,11,0.0,0.0,0.0,12.0,8.0
2024,REG,close,00-0034401,M.White,BUF,1,11,-7.152866298856679,16.819553169215187,2.0,-405.90888261795044,11,0.0,0.0,0.0,11.0,3.0
2024,REG,close,00-0038476,T.DeVito,NYG,2,11,-6.505059482646175,14.519605017002005,1.0,-98.26971888542175,9,1.0,0.0,0.0,11.0,6.0
2024,REG,close,00-0038998,J.Haener,NO,2,7,-8.190783362544607,29.968279724135456,1.0,-93.32427382469177,3,3.0,1.0,0.0,6.0,1.0
2024,REG,close,00-0036898,D.Mills,HOU,1,5,0.7699937494471669,4.8381724841806335,2.0,27.939945459365845,5,0.0,0.0,0.0,5.0,4.0
2024,REG,close,00-0031800,T.Heinicke,LAC,2,3,-0.5085278111509979,8.438987828856149,1.0,47.26789593696594,1,1.0,0.0,0.0,2.0,1.0
2024,REG,close,00-0033357,T.Hill,NO,2,3,-3.0427124233258516,13.527535827951285,1.0,-31.847724318504333,3,0.0,1.0,0.0,3.0,1.0
2024,REG,close,00-0038108,B.Zappe,CLE,1,3,-8.88930217269808,63.536472389806946,1.0,-113.80307078361511,3,0.0,1.0,0.0,3.0,1.0
2024,REG,close,00-0029692,B.Anger,DAL,2,2,-5.6870228089392185,16.206921812052403,0.0,-47.87011742591858,2,0.0,0.0,0.0,2.0,1.0
2024,REG,close,00-0032434,B.Allen,SF,1,2,-0.8465255866758525,3.1827084983437137,1.0,19.096827507019043,1,1.0,0.0,0.0,2.0,1.0
2024,REG,close,00-0033319,N.Mullens,MIN,2,2,4.8687256226548925,11.902717401895112,2.0,84.4581812620163,2,0.0,0.0,0.0,2.0,2.0
2024,REG,close,00-0036322,J.Jefferson,MIN,2,2,2.832186913350597,9.355870025533566,1.0,10.456204414367676,1,0.0,0.0,0.0,1.0,1.0
2024,REG,close,00-0037327,S.Thompson,MIA,1,2,0.809709973167628,2.340061699633076,1.0,-25.02121925354004,2,0.0,0.0,0.0,2.0,1.0
2024,REG,close,00-0030279,K.Allen,CHI,1,1,-5.911163269076496,34.941851193679135,0.0,-58.88523459434509,1,0.0,1.0,0.0,1.0,0.0
2024,REG,close,00-0031588,S.Diggs,HOU,1,1,1.8519234691630118,3.4296205356367646,1.0,0.0,0,0.0,0.0,0.0,0.0,0.0
2024,REG,close,00-0032399,M.Killebrew,PIT,1,1,-2.6777201897348277,7.170185414513522,0.0,-54.02674078941345,1,0.0,0.0,0.0,1.0,0.0
2024,REG,close,00-0032950,C.Wentz,KC,1,1,-1.575664914213121,2.4827199218822416,0.0,-62.53907084465027,1,0.0,0.0,0.0,1.0,0.0
2024,REG,close,00-0033009,T.Boyd,TEN,1,1,-0.43441603682003915,0.18871729304642962,0.0,-39.166224002838135,1,0.0,0.0,0.0,1.0,0.0
2024,REG,close,00-0033897,J.Mixon,HOU,1,1,-0.7261459626606666,0.5272879590883861,0.0,-36.244744062423706,1,0.0,0.0,0.0,1.0,0.0
2024,REG,close,00-0034162,J.Scott,LAC,1,1,-2.7066063629463315,7.325718003941569,0.0,14.481014013290405,1,0.0,0.0,0.0,1.0,1.0
2024,REG,close,00-0034577,K.Allen,PIT,1,1,1.4325529362540692,2.0522079151701553,1.0,27.48546004295349,1,0.0,0.0,0.0,1.0,1.0
2024,REG,close,00-0034827,D.Moore,CHI,1,1,-0.44727218337357044,0.20005240601976082,0.0,-29.839304089546204,1,0.0,0.0,0.0,1.0,0.0
2024,REG,close,00-0034844,S.Barkley,PHI,1,1,-1.659953220529728,2.755444694347016,0.0,0.0,0,1.0,0.0,0.0,1.0,0.0
2024,REG,close,00-0034960,J.Meyers,LV,1,1,-1.5676263889763504,2.457452495415032,0.0,0.0,0,1.0,0.0,0.0,1.0,0.0
2024,REG,close,00-0035156,J.Fox,DET,1,1,3.637429093476385,13.230890410068435,1.0,36.9878351688385,1,0.0,0.0,0.0,1.0,1.0
2024,REG,close,00-0035190,A.Cole,LV,1,1,4.333918029908091,18.782845489962426,1.0,30.53959012031555,1,0.0,0.0,0.0,1.0,1.0
2024,REG,close,00-0035719,D.Samuel,SF,1,1,-2.089831991296666,4.367397751846988,0.0,0.0,0,1.0,0.0,0.0,1.0,0.0
2024,REG,close,00-0036309,D.Mooney,ATL,1,1,-0.42381819686852396,0.17962186399688693,0.0,0.0,0,0.0,0.0,0.0,1.0,0.0
2024,REG,close,00-0036626,D.Brown,WAS,1,1,-0.42986037069931626,0.1847799382977536,0.0,-30.97151517868042,1,0.0,0.0,0.0,1.0,0.0
2024,REG,close,00-0036880,P.Sewell,DET,1,1,-0.9758530937833712,0.9522892606465769,0.0,0.0,0,1.0,0.0,0.0,1.0,0.0
2024,REG,close,00-0036928,K.Trask,TB,1,1,0.29781093914061785,0.0886913554718168,1.0,12.927263975143433,1,0.0,0.0,0.0,1.0,1.0
2024,REG,close,00-0036963,St. Brown,DET,1,1,1.72411598067265,2.9725759148108137,1.0,33.92575979232788,1,0.0,0.0,1.0,1.0,1.0
2024,REG,close,00-0037276,T.Chandler,MIN,1,1,-0.5984916715533473,0.3581922809187197,0.0,0.0,0,1.0,0.0,0.0,1.0,0.0
2024,REG,close,00-0038543,J.Smith-Njigba,SEA,1,1,2.243609394179657,5.033783113651208,1.0,69.83024775981903,1,0.0,0.0,0.0,1.0,1.0
2024,REG,close,00-0039337,M.Nabers,NYG,1,1,-0.9637323682836723,0.9287800776776557,0.0,-69.16041374206543,1,0.0,0.0,0.0,1.0,0.0
2024,REG,close,00-0039491,J.Coker,CAR,1,1,1.3107093420112506,1.7179589792355654,1.0,41.24500751495361,1,0.0,0.0,0.0,1.0,1.0
2024,REG,close,00-0039890,A.Mitchell,IND,1,1,2.4456588270841166,5.981247098494457,1.0,13.43458890914917,1,0.0,0.0,0.0,1.0,1.0
2024,REG,close,00-0039916,R.Pearsall,SF,1,1,-0.5309751115273684,0.28193456906150133,0.0,0.0,0,0.0,0.0,0.0,1.0,0.0
2024,REG,clutch,00-0023459,A.Rodgers,NYJ,10,73,22.387232511790994,164.3480911407117,33.0,-151.2266993522644,62,6.0,2.0,3.0,72.0,40.0
2024,REG,clutch,00-0036442,J.Burrow,CIN,9,50,10.274580015645649,95.07464450957347,19.0,-178.62846851348877,43,4.0,1.0,3.0,49.0,25.0
2024,REG,clutch,00-0034796,L.Jackson,BAL,7,49,14.849518115226518,68.01697450561788,29.0,281.0345560312271,41,2.0,0.0,2.0,46.0,28.0
2024,REG,clutch,00-0029604,K.Cousins,ATL,9,48,-15.63355295946407,119.85865880332751,22.0,-109.93947684764862,43,4.0,4.0,1.0,47.0,28.0
2024,REG,clutch,00-0039918,C.Williams,CHI,8,46,-2.2841809916133062,72.78898793566378,19.0,138.03302347660065,29,7.0,1.0,0.0,41.0,19.0
2024,REG,clutch,00-0030565,G.Smith,SEA,7,42,16.16184541448178,74.3532035810097,22.0,346.17139399051666,33,4.0,1.0,3.0,38.0,24.0
2024,REG,clutch,00-0039150,B.Young,CAR,7,42,7.967254910196178,66.09067687967206,16.0,-85.82203388214111,34,0.0,0.0,1.0,39.0,19.0
2024,REG,clutch,00-0035228,K.Murray,ARI,7,41,-5.254348032867108,74.69849820636354,17.0,-116.18073731660843,34,2.0,4.0,0.0,38.0,21.0
2024,REG,clutch,00-0039163,C.Stroud,HOU,9,41,1.6019345436520251,82.31795694643893,19.0,-6.583341956138611,31,5.0,0.0,2.0,38.0,21.0
2024,REG,clutch,00-0034855,B.Mayfield,TB,9,40,14.67732994511746,89.29547086857808,22.0,217.78548061847687,33,1.0,0.0,2.0,36.0,24.0
2024,REG,clutch,00-0026498,M.Stafford,LA,11,38,4.2455786348728,64.90428419213639,16.0,-94.45591568946838,35,2.0,1.0,2.0,38.0,22.0
2024,REG,clutch,00-0035710,D.Jones,NYG,7,37,-14.550190756018084,64.99952391157065,14.0,-74.80138540267944,31,1.0,2.0,0.0,35.0,18.0
2024,REG,clutch,00-0034869,S.Darnold,MIN,10,35,13.640839477570772,86.90468436824403,19.0,273.03443253040314,29,4.0,0.0,3.0,34.0,21.0
2024,REG,clutch,00-0039910,J.Daniels,WAS,9,35,23.597694655196104,181.33287432123103,19.0,244.5034071803093,29,1.0,2.0,5.0,33.0,20.0
2024,REG,clutch,00-0036972,M.Jones,JAX,5,34,-6.056982174509477,49.25298410523101,15.0,175.3673017024994,27,1.0,3.0,0.0,32.0,20.0
2024,REG,clutch,00-0033106,J.Goff,DET,7,33,2.760117429122878,39.64885642405749,16.0,147.91040122509003,32,0.0,0.0,0.0,32.0,24.0
2024,REG,clutch,00-0036971,T.Lawrence,JAX,6,32,-3.5948535097413696,57.88828593839385,14.0,-212.57678270339966,27,3.0,1.0,1.0,31.0,14.0
2024,REG,clutch,00-0033873,P.Mahomes,KC,9,30,5.040871370723085,31.6108226618936,14.0,-118.11274588108063,23,2.0,0.0,1.0,27.0,15.0
2024,REG,clutch,00-0039164,A.Richardson,IND,6,29,8.737053941906197,46.469431771761535,12.0,-63.741734623909,24,2.0,1.0,1.0,27.0,13.0
2024,REG,clutch,00-0037834,B.Purdy,SF,7,28,-9.62154051533715,31.71344808302954,9.0,0.3720104694366455,21,3.0,2.0,0.0,24.0,14.0
2024,REG,clutch,00-0039152,W.Levis,TEN,5,28,-14.810591496818233,37.80242511065579,7.0,-407.44846761226654,25,1.0,2.0,0.0,26.0,10.0
2024,REG,clutch,00-0039732,B.Nix,DEN,6,28,-0.14019449582866095,42.773966543091866,10.0,49.603572487831116,23,0.0,2.0,1.0,25.0,16.0
2024,REG,clutch,00-0033119,J.Brissett,NE,4,27,-2.9369364512819067,35.077374186720675,9.0,-39.89099860191345,22,1.0,0.0,0.0,26.0,13.0
2024,REG,clutch,00-0031280,D.Carr,NO,6,24,-3.071998068291461,51.94924399827467,10.0,-152.04218924045563,21,1.0,1.0,1.0,23.0,11.0
2024,REG,clutch,00-0039851,D.Maye,NE,3,24,0.6642120802642879,35.977232003498884,11.0,-200.90710520744324,19,1.0,2.0,1.0,21.0,9.0
2024,REG,clutch,00-0029263,R.Wilson,PIT,5,23,-4.359609181733249,51.4346362304284,8.0,138.9486163854599,15,3.0,0.0,1.0,21.0,11.0
2024,REG,clutch,00-0031503,J.Winston,CLE,3,23,-4.690302543196362,127.27708768207498,8.0,-188.6929452419281,19,1.0,2.0,1.0,22.0,10.0
2024,REG,clutch,00-0036212,T.Tagovailoa,MIA,7,23,11.283157405842763,58.36119319903831,12.0,-17.73499846458435,22,1.0,1.0,2.0,23.0,14.0
2024,REG,clutch,00-0035704,D.Lock,NYG,3,22,5.403697067845264,41.44337061990962,10.0,-373.9354431629181,18,0.0,2.0,0.0,19.0,7.0
2024,REG,clutch,00-0036389,J.Hurts,PHI,5,19,14.385514699449784,57.73231224206167,11.0,87.60272264480591,16,1.0,1.0,0.0,17.0,11.0
2024,REG,clutch,00-0033537,D.Watson,CLE,4,17,-11.640876964695053,26.377873683650147,2.0,-363.8386517763138,14,2.0,0.0,0.0,16.0,6.0
2024,REG,clutch,00-0034857,J.Allen,BUF,4,17,1.2283520276123023,31.99818720326781,4.0,-382.43566006422043,14,2.0,0.0,0.0,16.0,4.0
2024,REG,clutch,00-0039917,M.Penix,ATL,2,17,10.018750907853246,44.955182120412886,8.0,31.827500462532043,16,0.0,0.0,1.0,16.0,9.0
2024,REG,clutch,00-0036355,J.Herbert,LAC,5,15,7.285565535368633,45.71381018360182,7.0,-277.89837419986725,11,1.0,0.0,2.0,13.0,4.0
2024,REG,clutch,00-0035289,G.Minshew II,LV,4,14,-7.920299519231776,15.900718587801892,3.0,-204.3463408946991,11,2.0,1.0,1.0,14.0,5.0
2024,REG,clutch,00-0036264,J.Love,GB,5,14,4.700622860102536,24.7027854117539,7.0,-30.507129430770874,11,0.0,0.0,0.0,12.0,6.0
2024,REG,clutch,00-0039376,S.Rattler,NO,2,14,0.6662057363865896,23.214399979673097,7.0,15.960463881492615,12,0.0,0.0,1.0,14.0,8.0
2024,REG,clutch,00-0026158,J.Flacco,IND,4,13,0.9769401568337344,36.5025478598909,4.0,-76.17931067943573,10,3.0,0.0,1.0,13.0,5.0
2024,REG,clutch,00-0033077,D.Prescott,DAL,2,12,2.9794190124084707,35.38182262976156,6.0,-75.46663284301758,10,0.0,0.0,1.0,11.0,5.0
2024,REG,clutch,00-0031345,J.Garoppolo,LA,1,11,-1.2644543600035831,22.861469008649212,4.0,-89.59915041923523,11,0.0,0.0,0.0,11.0,7.0
2024,REG,clutch,00-0033662,C.Rush,DAL,5,11,-5.187848043875303,8.867942966242605,2.0,105.07034361362457,7,2.0,0.0,0.0,10.0,6.0
2024,REG,clutch,00-0036945,J.Fields,PIT,4,11,-3.6622027613047976,13.059172986342343,2.0,-16.66625440120697,8,1.0,0.0,1.0,10.0,4.0
2024,REG,clutch,00-0038122,D.Ridder,LV,2,11,-4.47748924914049,23.39620078570635,5.0,81.31988644599915,7,1.0,1.0,0.0,10.0,6.0
2024,REG,clutch,00-0038579,A.O'Connell,LV,2,11,0.27314383303357137,6.604376204526843,5.0,38.75218629837036,11,0.0,0.0,0.0,11.0,9.0
2024,REG,clutch,00-0034771,M.Rudolph,TEN,3,10,1.817765789659461,15.366229247931106,5.0,-172.05463647842407,10,0.0,1.0,1.0,10.0,4.0
2024,REG,clutch,00-0034177,T.Boyle,MIA,1,8,-1.2545244876528159,5.907412162247487,5.0,-34.44414734840393,7,0.0,0.0,0.0,7.0,5.0
2024,REG,clutch,00-0032268,M.Mariota,WAS,1,7,3.459072239755187,17.143952397332626,3.0,137.33817040920258,6,0.0,0.0,1.0,6.0,5.0
2024,REG,clutch,00-0038128,M.Willis,GB,3,7,5.807125967971049,32.41929664200164,3.0,74.14774298667908,4,2.0,0.0,0.0,7.0,3.0
2024,REG,clutch,00-0034401,M.White,BUF,1,6,-4.439561239501927,5.8617597347186186,0.0,-323.14603328704834,6,0.0,0.0,0.0,6.0,0.0
2024,REG,clutch,00-0038102,K.Pickett,PHI,1,4,-1.733467775644155,2.95990560196363,2.0,-41.551053524017334,2,1.0,0.0,0.0,3.0,1.0
2024,REG,clutch,00-0038400,T.McKee,PHI,1,4,1.0621979734278284,7.320640392455585,1.0,-15.832769870758057,4,0.0,0.0,0.0,4.0,3.0
2024,REG,clutch,00-0027973,A.Dalton,CAR,1,3,-1.8359944643452764,1.199307841610649,0.0,-183.9168220758438,3,0.0,0.0,0.0,3.0,0.0
2024,REG,clutch,00-0035993,T.Huntley,MIA,1,1,-0.947,0.8968089999999999,0.0,0.0,0,0.0,0.0,0.0,1.0,0.0
2024,REG,clutch,00-0037276,T.Chandler,MIN,1,1,-0.5984916715533473,0.3581922809187197,0.0,0.0,0,1.0,0.0,0.0,1.0,0.0
2024,REG,clutch,00-0038998,J.Haener,NO,1,1,-1.3392184140975587,1.7935059606579802,0.0,0.0,0,1.0,0.0,0.0,1.0,0.0
2024,REG,clutch,00-0039398,J.Milton,NE,1,1,-1.1566104844678193,1.3377478127808837,0.0,-28.0962735414505,1,0.0,0.0,0.0,1.0,0.0
2024,REG,late,00-0039918,C.Williams,CHI,14,93,-14.995952292988326,154.92015125350352,35.0,-13.391706347465515,65,13.0,1.0,2.0,86.0,39.0
2024,REG,late,00-0030565,G.Smith,SEA,9,92,20.622442047188944,167.74052891254027,46.0,232.4378252029419,75,7.0,2.0,5.0,85.0,50.0
2024,REG,late,00-0023459,A.Rodgers,NYJ,13,84,18.67970887067268,180.39723778266324,36.0,-287.4963581562042,73,6.0,2.0,3.0,83.0,46.0
2024,REG,late,00-0039910,J.Daniels,WAS,13,75,38.149395446628354,242.76557254891958,43.0,822.2116127610207,59,3.0,3.0,7.0,67.0,47.0
2024,REG,late,00-0034855,B.Mayfield,TB,14,74,22.14152961029814,151.91383479928962,44.0,610.1475656032562,62,3.0,0.0,5.0,68.0,48.0
2024,REG,late,00-0039150,B.Young,CAR,13,72,0.8035282634519971,133.70823674663689,26.0,-337.44746148586273,59,1.0,1.0,2.0,68.0,33.0
2024,REG,late,00-0039851,D.Maye,NE,10,72,-1.857112705045556,150.47260465934335,31.0,-121.34880125522614,55,5.0,2.0,2.0,64.0,34.0
2024,REG,late,00-0036442,J.Burrow,CIN,15,68,13.28002262326964,203.36403405633334,30.0,101.62431299686432,60,5.0,1.0,5.0,67.0,38.0
2024,REG,late,00-0031503,J.Winston,CLE,8,63,-3.883778433242348,287.39149455779346,24.0,-357.77750611305237,53,3.0,4.0,3.0,60.0,29.0
2024,REG,late,00-0039732,B.Nix,DEN,11,62,2.3165020554760893,94.76810214604437,29.0,259.4722658395767,52,1.0,2.0,1.0,55.0,38.0
2024,REG,late,00-0026498,M.Stafford,LA,13,61,12.65624133251872,98.25425602507772,30.0,-87.50793933868408,56,2.0,1.0,4.0,61.0,37.0
2024,REG,late,00-0035228,K.Murray,ARI,10,58,-6.380728644684671,92.94077001031408,26.0,-174.5467707514763,50,3.0,4.0,0.0,55.0,31.0
2024,REG,late,00-0037834,B.Purdy,SF,11,58,-1.5475276740123278,64.70878656433923,29.0,354.9943536520004,45,5.0,2.0,0.0,52.0,35.0
2024,REG,late,00-0039152,W.Levis,TEN,10,58,-11.91607660018769,102.67991207162405,19.0,-384.7196340560913,51,2.0,4.0,2.0,54.0,26.0
2024,REG,late,00-0034796,L.Jackson,BAL,8,56,21.200428981277497,90.22675043672103,33.0,272.0901817083359,47,2.0,0.0,3.0,52.0,32.0
2024,REG,late,00-0039163,C.Stroud,HOU,11,56,3.510148139549189,108.12461444602094,23.0,-221.88653200864792,43,6.0,0.0,2.0,51.0,25.0
2024,REG,late,00-0029604,K.Cousins,ATL,10,54,-16.572104241042908,132.71591267567345,26.0,-106.99593722820282,49,4.0,4.0,1.0,53.0,32.0
2024,REG,late,00-0039164,A.Richardson,IND,9,54,15.260765659302706,130.11175346348523,23.0,-106.16557747125626,44,3.0,1.0,2.0,49.0,24.0
2024,REG,late,00-0033106,J.Goff,DET,12,51,10.214236187097235,81.85206239864875,25.0,116.67416095733643,47,1.0,0.0,1.0,50.0,34.0
2024,REG,late,00-0035289,G.Minshew II,LV,7,51,-5.244790851446137,95.60209950115888,24.0,-269.18073296546936,46,3.0,3.0,3.0,51.0,30.0
2024,REG,late,00-0036972,M.Jones,JAX,7,51,-5.493465386848703,70.76282725832837,22.0,258.8336557149887,43,2.0,3.0,1.0,49.0,32.0
2024,REG,late,00-0038579,A.O'Connell,LV,6,51,8.197534422022587,100.04819123436936,24.0,0.8891850709915161,47,2.0,0.0,3.0,51.0,33.0
2024,REG,late,00-0035710,D.Jones,NYG,8,50,-11.654307150435445,94.69917428466576,20.0,-57.1967750787735,42,3.0,2.0,1.0,48.0,25.0
2024,REG,late,00-0034869,S.Darnold,MIN,16,49,11.070638565217566,116.78957281434535,25.0,-33.84424149990082,41,4.0,0.0,3.0,47.0,26.0
2024,REG,late,00-0039376,S.Rattler,NO,6,48,-21.940168982851784,208.5245923175255,18.0,-576.8848776817322,40,4.0,2.0,1.0,46.0,23.0
2024,REG,late,00-0038122,D.Ridder,LV,4,46,0.3732379338053975,102.69951302085968,20.0,-11.228394508361816,36,3.0,1.0,2.0,43.0,25.0
2024,REG,late,00-0035704,D.Lock,NYG,7,45,15.04872066976072,75.41278254117465,23.0,-268.5756951570511,40,0.0,2.0,0.0,41.0,22.0
2024,REG,late,00-0038583,D.Thompson-Robinson,CLE,5,42,-22.564016156014986,97.52222499479853,15.0,-101.76962316036224,31,3.0,2.0,0.0,40.0,19.0
2024,REG,late,00-0036212,T.Tagovailoa,MIA,9,41,16.763099303883262,79.43626689686133,22.0,85.1534903049469,37,3.0,1.0,3.0,41.0,26.0
2024,REG,late,00-0033873,P.Mahomes,KC,12,38,7.771785529527893,41.83250683262266,18.0,-59.56872254610062,30,3.0,1.0,1.0,35.0,20.0
2024,REG,late,00-0036264,J.Love,GB,11,36,14.422815896287414,78.54499034132252,22.0,260.91009974479675,31,1.0,0.0,3.0,34.0,20.0
2024,REG,late,00-0036971,T.Lawrence,JAX,7,36,-2.083089138090145,66.528493973307,16.0,-289.44701850414276,30,3.0,1.0,1.0,34.0,15.0
2024,REG,late,00-0029263,R.Wilson,PIT,9,34,-7.781090079198038,60.827815417459085,13.0,266.80729389190674,19,5.0,0.0,1.0,30.0,15.0
2024,REG,late,00-0033662,C.Rush,DAL,7,33,-1.9667887587128208,57.22370870354829,12.0,101.43115222454071,29,2.0,0.0,1.0,32.0,21.0
2024,REG,late,00-0026158,J.Flacco,IND,7,32,-0.693148746562656,129.03484155542077,14.0,241.9638693332672,24,8.0,1.0,2.0,32.0,17.0
2024,REG,late,00-0033119,J.Brissett,NE,6,32,-4.999290581603089,67.85140591259346,10.0,4.1511595249176025,25,2.0,0.0,0.0,30.0,16.0
2024,REG,late,00-0036355,J.Herbert,LAC,8,30,12.418047150485918,78.7804998783545,13.0,-402.1937072277069,24,2.0,0.0,3.0,27.0,11.0
2024,REG,late,00-0034857,J.Allen,BUF,8,27,7.4926208127162255,55.92323254652896,9.0,-483.73218327760696,23,2.0,0.0,0.0,25.0,8.0
2024,REG,late,00-0038998,J.Haener,NO,5,26,-3.2181544116465375,53.740733919612325,9.0,-179.72062528133392,18,3.0,0.0,1.0,22.0,9.0
2024,REG,late,00-0031280,D.Carr,NO,6,24,-3.071998068291461,51.94924399827467,10.0,-152.04218924045563,21,1.0,1.0,1.0,23.0,11.0
2024,REG,late,00-0033077,D.Prescott,DAL,3,24,13.51052703228197,69.78919597311861,12.0,-64.24010396003723,21,0.0,0.0,3.0,23.0,12.0
2024,REG,late,00-0033537,D.Watson,CLE,5,24,-8.369406672136392,44.45368365551856,5.0,-436.7013305425644,18,3.0,0.0,0.0,21.0,8.0
2024,REG,late,00-0034771,M.Rudolph,TEN,5,24,7.164250500689493,68.58260116873413,13.0,-11.28208339214325,20,1.0,2.0,2.0,23.0,12.0
2024,REG,late,00-0036389,J.Hurts,PHI,7,24,12.56097187102169,70.25095947173546,13.0,92.8945004940033,20,2.0,1.0,0.0,22.0,14.0
2024,REG,late,00-0036945,J.Fields,PIT,6,18,-1.023635326807947,33.620956854905145,5.0,20.61164379119873,14,2.0,0.0,2.0,17.0,8.0
2024,REG,late,00-0039917,M.Penix,ATL,3,18,11.395567566039972,46.85080623067335,9.0,55.47470152378082,17,0.0,0.0,1.0,17.0,10.0
2024,REG,late,00-0028118,T.Taylor,NYJ,2,17,5.047745901247486,19.268202853189923,9.0,119.06559765338898,14,0.0,0.0,2.0,16.0,11.0
2024,REG,late,00-0027973,A.Dalton,CAR,3,15,-12.166607695806306,52.32777339439767,3.0,-299.3916720151901,14,0.0,1.0,0.0,14.0,7.0
2024,REG,late,00-0035993,T.Huntley,MIA,4,15,-1.257019018288469,23.295753682050535,6.0,139.81494307518005,9,1.0,0.0,1.0,14.0,8.0
2024,REG,late,00-0036898,D.Mills,HOU,3,15,-1.4496615545358509,36.36903376598148,5.0,-134.09258723258972,14,1.0,0.0,0.0,15.0,8.0
2024,REG,late,00-0034177,T.Boyle,MIA,2,14,-2.656646881136112,16.326136204612034,7.0,-19.6162611246109,12,1.0,0.0,0.0,13.0,8.0
2024,REG,late,00-0031345,J.Garoppolo,LA,1,11,-1.2644543600035831,22.861469008649212,4.0,-89.59915041923523,11,0.0,0.0,0.0,11.0,7.0
2024,REG,late,00-0038128,M.Willis,GB,6,11,7.278853136378002,57.13256557829058,4.0,-12.688839435577393,7,2.0,0.0,0.0,10.0,4.0
2024,REG,late,00-0033949,J.Dobbs,SF,2,9,0.04267655994044617,18.63831519075821,4.0,-75.80662369728088,8,0.0,0.0,0.0,8.0,4.0
2024,REG,late,00-0032268,M.Mariota,WAS,2,8,2.0676000376115553,19.08014728667107,3.0,152.38439738750458,7,0.0,0.0,1.0,7.0,6.0
2024,REG,late,00-0038476,T.DeVito,NYG,1,8,-2.401842239429243,7.535461790618501,4.0,36.441224813461304,7,1.0,0.0,0.0,8.0,5.0
2024,REG,late,00-0034401,M.White,BUF,1,6,-4.439561239501927,5.8617597347186186,0.0,-323.14603328704834,6,0.0,0.0,0.0,6.0,0.0
2024,REG,late,00-0032434,B.Allen,SF,2,5,-5.9820056986645795,9.967232946412658,0.0,-120.75449228286743,5,0.0,1.0,0.0,5.0,2.0
2024,REG,late,00-0037327,S.Thompson,MIA,1,5,-2.3391967894276604,12.628906547157344,2.0,-49.3851900100708,5,0.0,0.0,0.0,5.0,2.0
2024,REG,late,00-0038102,K.Pickett,PHI,2,5,-2.3104403865434024,3.2928029956915243,2.0,-41.551053524017334,2,2.0,0.0,0.0,4.0,1.0
2024,REG,late,00-0034177,T.Boyle,NYG,1,4,-5.009188929456286,18.601664652887877,1.0,-95.68215608596802,3,1.0,1.0,0.0,4.0,1.0
2024,REG,late,00-0038108,B.Zappe,CLE,1,4,-5.540739045769442,33.05708862146831,1.0,-114.48462009429932,4,0.0,1.0,0.0,4.0,2.0
2024,REG,late,00-0038400,T.McKee,PHI,1,4,1.0621979734278284,7.320640392455585,1.0,-15.832769870758057,4,0.0,0.0,0.0,4.0,3.0
2024,REG,late,00-0026300,J.Johnson,BAL,3,3,-3.9906696735415608,5.342633728637539,0.0,36.44767999649048,2,1.0,0.0,0.0,3.0,1.0
2024,REG,late,00-0038550,H.Hooker,DET,2,3,-1.0917462914949283,19.185788260241953,2.0,57.048243284225464,2,1.0,0.0,0.0,3.0,2.0
2024,REG,late,00-0031800,T.Heinicke,LAC,2,2,-4.316661444725469,14.754081630273788,0.0,-70.17873525619507,2,0.0,0.0,0.0,2.0,1.0
2024,REG,late,00-0032950,C.Wentz,KC,1,2,2.0291093739215285,2.7334919075971076,2.0,69.07760798931122,2,0.0,0.0,0.0,2.0,2.0
2024,REG,late,00-0037012,T.Lance,DAL,1,2,-0.8503534164046869,0.36445817792539503,0.0,17.587465047836304,1,0.0,0.0,0.0,1.0,1.0
2024,REG,late,00-0037077,S.Howell,SEA,1,2,-1.5946646789088845,1.3590299272592163,0.0,-74.90294575691223,1,1.0,0.0,0.0,2.0,0.0
2024,REG,late,00-0038416,T.Bagent,CHI,2,2,0.31886750092962757,0.1581291886985035,1.0,34.80667471885681,2,0.0,0.0,0.0,2.0,2.0
2024,REG,late,00-0034348,C.Sutton,DEN,1,1,3.6108437566435896,13.03819263489199,1.0,49.184924364089966,1,0.0,0.0,0.0,1.0,1.0
2024,REG,late,00-0034418,C.Wilson,NO,1,1,-0.8836968974792399,0.7809202066144342,0.0,0.0,0,1.0,0.0,0.0,1.0,0.0
2024,REG,late,00-0037276,T.Chandler,MIN,1,1,-0.5984916715533473,0.3581922809187197,0.0,0.0,0,1.0,0.0,0.0,1.0,0.0
2024,REG,late,00-0039398,J.Milton,NE,1,1,-1.1566104844678193,1.3377478127808837,0.0,-28.0962735414505,1,0.0,0.0,0.0,1.0,0.0
2024,REG,ot,00-0036442,J.Burrow,CIN,1,11,6.399877057701815,23.66780713200994,8.0,195.94841301441193,8,2.0,0.0,1.0,10.0,7.0
2024,REG,ot,00-0039150,B.Young,CAR,3,10,4.35192204255145,14.377173085808733,7.0,216.56895875930786,7,1.0,0.0,0.0,9.0,7.0
2024,REG,ot,00-0039910,J.Daniels,WAS,1,8,6.100806420203298,9.29364105425765,6.0,125.97264647483826,5,0.0,0.0,1.0,5.0,5.0
2024,REG,ot,00-0030565,G.Smith,SEA,2,7,4.257562031969428,7.428066988126904,5.0,129.43821251392365,7,0.0,0.0,0.0,7.0,6.0
2024,REG,ot,00-0034869,S.Darnold,MIN,1,7,5.735976274532732,15.082064636184615,6.0,224.3381381034851,6,1.0,0.0,0.0,7.0,6.0
2024,REG,ot,00-0036212,T.Tagovailoa,MIA,1,7,5.948567672923673,11.689877059467786,5.0,163.31584453582764,6,0.0,0.0,1.0,7.0,6.0
2024,REG,ot,00-0033873,P.Mahomes,KC,1,6,3.8334234493377153,4.31900860528389,5.0,132.5467586517334,5,0.0,0.0,0.0,5.0,5.0
2024,REG,ot,00-0035228,K.Murray,ARI,1,5,-2.828354896977544,3.0396771806636274,1.0,-207.2195053100586,3,1.0,0.0,0.0,4.0,0.0
2024,REG,ot,00-0026158,J.Flacco,IND,1,4,-0.25524335462515557,7.922522176530512,1.0,-103.84983718395233,4,0.0,0.0,0.0,4.0,1.0
2024,REG,ot,00-0034855,B.Mayfield,TB,1,4,0.9184039662552899,9.24919378526684,2.0,105.57722449302673,3,1.0,0.0,0.0,4.0,3.0
2024,REG,ot,00-0039732,B.Nix,DEN,1,4,-2.336773321032524,1.5727218404735073,0.0,-61.223578453063965,4,0.0,0.0,0.0,4.0,2.0
2024,REG,ot,00-0026498,M.Stafford,LA,1,3,6.534815060324036,19.59529218451898,3.0,157.22467601299286,3,0.0,0.0,1.0,3.0,3.0
2024,REG,ot,00-0029604,K.Cousins,ATL,1,3,5.9118411764502525,18.803611797852298,3.0,69.4260835647583,3,0.0,0.0,1.0,3.0,3.0
2024,REG,ot,00-0034771,M.Rudolph,TEN,1,3,1.919474079622887,4.200341652948763,2.0,26.877892017364502,3,0.0,0.0,0.0,3.0,2.0
2024,REG,ot,00-0034796,L.Jackson,BAL,1,3,1.3243905192939565,3.5194312879205345,1.0,-44.009894132614136,2,0.0,0.0,0.0,2.0,1.0
2024,REG,ot,00-0036972,M.Jones,JAX,1,3,-0.8332796411123127,4.310332429563777,1.0,67.80818700790405,2,1.0,0.0,0.0,3.0,2.0
2024,REG,ot,00-0039851,D.Maye,NE,1,3,-1.7558879620628431,6.074649521084332,1.0,-69.30191218852997,2,0.0,1.0,0.0,2.0,0.0
2024,REG,ot,00-0039918,C.Williams,CHI,1,3,-2.0130885106045753,3.1723743995663214,1.0,15.440350770950317,1,1.0,0.0,0.0,2.0,1.0
2024,REG,ot,00-0033106,J.Goff,DET,1,1,0.4991120798513293,0.24911286825351975,1.0,10.136908292770386,1,0.0,0.0,0.0,1.0,1.0
2024,REG,ot,00-0033119,J.Brissett,NE,1,1,0.6070520610082895,0.368512204774412,1.0,25.107556581497192,1,0.0,0.0,0.0,1.0,1.0
2024,REG,q1,00-0036442,J.Burrow,CIN,17,161,42.979951186782664,323.04924483254376,89.0,1257.3770105838776,145,5.0,1.0,7.0,156.0,113.0
2024,REG,q1,00-0039163,C.Stroud,HOU,17,156,6.120606460402892,377.58421823599923,71.0,217.58263558149338,131,14.0,3.0,5.0,148.0,93.0
2024,REG,q1,00-0034855,B.Mayfield,TB,17,153,36.12593703567811,289.22838455728646,85.0,794.1974967718124,140,7.0,1.0,11.0,148.0,106.0
2024,REG,q1,00-0033873,P.Mahomes,KC,16,148,5.4541572421235305,422.2721163837617,78.0,293.2588741183281,125,11.0,5.0,4.0,138.0,88.0
2024,REG,q1,00-0039732,B.Nix,DEN,17,144,-7.618670283773666,352.8803522114145,63.0,144.41966265439987,121,4.0,3.0,3.0,130.0,86.0
2024,REG,q1,00-0036355,J.Herbert,LAC,17,138,31.47791983282191,362.2132042398142,69.0,1118.6623215675354,117,10.0,1.0,8.0,129.0,93.0
2024,REG,q1,00-0034869,S.Darnold,MIN,17,131,21.791670701657125,367.1093796548783,73.0,865.0721907615662,114,6.0,2.0,10.0,123.0,84.0
2024,REG,q1,00-0035228,K.Murray,ARI,17,129,21.06434742240735,297.50781342696587,63.0,325.911745429039,108,6.0,3.0,6.0,118.0,79.0
2024,REG,q1,00-0023459,A.Rodgers,NYJ,17,128,-22.87990694703818,328.62692565565715,54.0,-687.4664485454559,115,5.0,3.0,7.0,124.0,72.0
2024,REG,q1,00-0037834,B.Purdy,SF,15,127,30.881458356258527,283.18626077195773,65.0,60.91322302818298,108,7.0,1.0,6.0,116.0,71.0
2024,REG,q1,00-0030565,G.Smith,SEA,17,122,-14.37427303338936,360.20362788882204,56.0,72.0968708395958,109,10.0,4.0,4.0,120.0,74.0
2024,REG,q1,00-0039910,J.Daniels,WAS,17,122,-4.353582588441034,272.5436349283739,54.0,91.36943817138672,95,10.0,1.0,5.0,107.0,67.0
2024,REG,q1,00-0036264,J.Love,GB,15,121,7.321006413643296,250.35318868916522,58.0,-123.25502038002014,111,3.0,2.0,6.0,118.0,75.0
2024,REG,q1,00-0034857,J.Allen,BUF,16,118,23.043800941980738,253.47183948010044,62.0,227.0565316081047,104,3.0,0.0,3.0,113.0,73.0
2024,REG,q1,00-0033106,J.Goff,DET,17,116,16.06010168913767,271.53523841888494,59.0,949.1688802838326,98,11.0,2.0,0.0,116.0,81.0
2024,REG,q1,00-0039918,C.Williams,CHI,17,114,-39.89312289253951,259.4837492322424,39.0,-545.3417181968689,89,14.0,0.0,1.0,109.0,58.0
2024,REG,q1,00-0026498,M.Stafford,LA,16,106,-27.189974479551893,194.3144117975817,43.0,-1201.75401866436,99,5.0,1.0,1.0,105.0,58.0
2024,REG,q1,00-0036389,J.Hurts,PHI,15,103,-16.31512847918187,186.90408705726784,42.0,99.68754947185516,79,11.0,1.0,2.0,95.0,55.0
2024,REG,q1,00-0029604,K.Cousins,ATL,14,102,11.305134845963286,280.5509121841889,47.0,33.28358232975006,97,2.0,2.0,5.0,102.0,69.0
2024,REG,q1,00-0034796,L.Jackson,BAL,17,100,10.868255994852271,288.95033039684535,45.0,303.9675146341324,80,10.0,1.0,3.0,92.0,58.0
2024,REG,q1,00-0036212,T.Tagovailoa,MIA,11,92,14.595314846173913,209.1183390548244,51.0,315.0998964905739,87,5.0,2.0,2.0,92.0,66.0
2024,REG,q1,00-0039851,D.Maye,NE,12,90,18.637967061533505,206.7299041557384,46.0,466.1192327737808,68,9.0,2.0,3.0,79.0,51.0
2024,REG,q1,00-0029263,R.Wilson,PIT,11,88,-34.58543588204674,254.94916544060624,32.0,26.40528976917267,69,10.0,2.0,2.0,87.0,47.0
2024,REG,q1,00-0031280,D.Carr,NO,10,83,16.784013311034162,198.369830901318,37.0,177.37707942724228,78,1.0,1.0,3.0,82.0,57.0
2024,REG,q1,00-0039150,B.Young,CAR,12,82,-1.4286734874769684,191.1245596013736,35.0,358.3882734179497,68,4.0,1.0,3.0,74.0,47.0
2024,REG,q1,00-0033077,D.Prescott,DAL,8,80,6.778773961004971,187.46410069084868,38.0,748.3944147825241,72,5.0,2.0,2.0,80.0,58.0
2024,REG,q1,00-0039152,W.Levis,TEN,12,71,1.9395964155422671,242.93061842982726,34.0,259.97988283634186,60,5.0,2.0,4.0,65.0,45.0
2024,REG,q1,00-0039164,A.Richardson,IND,11,71,-3.9868337716145374,259.8829019363835,28.0,-854.9477115273476,60,2.0,3.0,3.0,64.0,29.0
2024,REG,q1,00-0035710,D.Jones,NYG,10,69,-7.430439203372853,233.74426797271846,30.0,376.39777064323425,57,5.0,1.0,0.0,66.0,45.0
2024,REG,q1,00-0036971,T.Lawrence,JAX,10,68,-13.573060088551827,99.35637335206297,27.0,-270.7434803247452,60,3.0,0.0,1.0,64.0,37.0
2024,REG,q1,00-0033537,D.Watson,CLE,7,63,-5.942768805851961,90.24132278706792,26.0,157.74328112602234,50,8.0,0.0,2.0,58.0,35.0
2024,REG,q1,00-0033662,C.Rush,DAL,8,61,-1.5688093600793565,205.913075685856,30.0,-44.25775110721588,59,1.0,2.0,3.0,61.0,40.0
2024,REG,q1,00-0035289,G.Minshew II,LV,10,61,20.240194798253174,148.547032523662,29.0,408.7076246738434,50,3.0,0.0,3.0,58.0,40.0
2024,REG,q1,00-0026158,J.Flacco,IND,7,57,-6.735679447084479,251.36689200922336,28.0,76.64597928524017,53,3.0,4.0,4.0,57.0,36.0
2024,REG,q1,00-0036972,M.Jones,JAX,7,56,3.401515208138725,90.35371686140489,27.0,-127.75740325450897,48,1.0,2.0,1.0,52.0,34.0
2024,REG,q1,00-0038579,A.O'Connell,LV,7,54,-5.441140359916197,62.87672972616862,23.0,-108.6785078048706,46,4.0,0.0,0.0,53.0,33.0
2024,REG,q1,00-0031503,J.Winston,CLE,7,53,7.411907380881457,183.66208249177214,21.0,-182.08135664463043,46,4.0,1.0,3.0,52.0,28.0
2024,REG,q1,00-0036945,J.Fields,PIT,6,46,0.975302551413542,66.20305754402875,20.0,121.5198278427124,34,3.0,0.0,1.0,38.0,25.0
2024,REG,q1,00-0034771,M.Rudolph,TEN,6,45,21.99113563194618,148.79330565736953,29.0,639.8086160421371,40,1.0,1.0,2.0,42.0,34.0
2024,REG,q1,00-0027973,A.Dalton,CAR,5,43,-15.241884337796364,214.0129832354831,17.0,-176.75280272960663,41,1.0,3.0,2.0,42.0,26.0
2024,REG,q1,00-0035993,T.Huntley,MIA,5,39,-11.81825957640193,72.44334465693467,15.0,45.73409557342529,31,5.0,1.0,1.0,37.0,22.0
2024,REG,q1,00-0033119,J.Brissett,NE,6,37,1.5324058271362446,64.26731143435772,20.0,156.3455045223236,30,4.0,0.0,1.0,35.0,22.0
2024,REG,q1,00-0039376,S.Rattler,NO,6,31,-5.5386027937141264,170.50752090765022,17.0,148.9561766386032,24,2.0,0.0,0.0,28.0,18.0
2024,REG,q1,00-0039917,M.Penix,ATL,3,31,-15.12228468332432,64.99167047388099,9.0,-680.188637971878,29,0.0,1.0,0.0,30.0,12.0
2024,REG,q1,00-0035704,D.Lock,NYG,5,30,-3.8030799270200077,79.48736429951285,13.0,-538.3870780467987,26,0.0,0.0,1.0,28.0,14.0
2024,REG,q1,00-0033949,J.Dobbs,SF,1,13,-0.023392529618855296,31.637527073591528,7.0,-5.029842257499695,12,1.0,1.0,0.0,13.0,8.0
2024,REG,q1,00-0038583,D.Thompson-Robinson,CLE,3,12,-2.1909357893746346,16.397183102046455,3.0,-85.57604849338531,10,2.0,0.0,0.0,12.0,6.0
2024,REG,q1,00-0038128,M.Willis,GB,2,10,7.875687675514069,38.66825436793056,6.0,52.29244828224182,8,0.0,0.0,1.0,8.0,6.0
2024,REG,q1,00-0038476,T.DeVito,NYG,2,10,-6.234560020733625,14.446435058107026,1.0,-124.69800114631653,8,1.0,0.0,0.0,10.0,5.0
2024,REG,q1,00-0031345,J.Garoppolo,LA,1,9,-4.083509435128227,13.598268811876414,3.0,-188.81064653396606,8,1.0,0.0,0.0,9.0,4.0
2024,REG,q1,00-0038400,T.McKee,PHI,1,9,8.031627714051865,16.79601884182621,6.0,114.45996165275574,9,0.0,0.0,1.0,9.0,7.0
2024,REG,q1,00-0037012,T.Lance,DAL,1,7,3.1935014306815828,21.025009279781997,4.0,-12.597203254699707,7,0.0,0.0,0.0,7.0,5.0
2024,REG,q1,00-0037327,S.Thompson,MIA,1,7,-1.8815118258074142,15.73224131504151,2.0,69.00940537452698,5,1.0,0.0,0.0,7.0,4.0
2024,REG,q1,00-0038102,K.Pickett,PHI,2,7,-2.2988526755943894,26.94130152114872,2.0,-0.4608333110809326,6,0.0,1.0,1.0,7.0,4.0
2024,REG,q1,00-0038122,D.Ridder,LV,1,6,-0.26428874861449003,5.224367861725786,3.0,38.25942873954773,5,0.0,0.0,0.0,5.0,4.0
2024,REG,q1,00-0039398,J.Milton,NE,1,6,4.817263549397467,7.837022699638046,4.0,174.71057176589966,6,0.0,0.0,0.0,6.0,6.0
2024,REG,q1,00-0036898,D.Mills,HOU,1,5,0.7699937494471669,4.8381724841806335,2.0,27.939945459365845,5,0.0,0.0,0.0,5.0,4.0
2024,REG,q1,00-0038998,J.Haener,NO,1,4,-2.3503878333140165,14.32945111570043,1.0,16.50785207748413,1,2.0,0.0,0.0,3.0,1.0
2024,REG,q1,00-0032950,C.Wentz,KC,1,3,-2.2948244682047516,2.7753338845950073,0.0,-71.37537896633148,3,0.0,0.0,0.0,3.0,1.0
2024,REG,q1,00-0033869,M.Trubisky,BUF,1,3,3.539077962981537,6.193168641401271,3.0,72.37358093261719,3,0.0,0.0,0.0,3.0,3.0
2024,REG,q1,00-0038108,B.Zappe,CLE,1,3,-8.88930217269808,63.536472389806946,1.0,-113.80307078361511,3,0.0,1.0,0.0,3.0,1.0
2024,REG,q1,00-0032268,M.Mariota,WAS,1,2,-2.44374589365907,2.999062987039449,0.0,-23.9927738904953,1,1.0,0.0,0.0,2.0,0.0
2024,REG,q1,00-0032434,B.Allen,SF,1,2,-0.8465255866758525,3.1827084983437137,1.0,19.096827507019043,1,1.0,0.0,0.0,2.0,1.0
2024,REG,q1,00-0033357,T.Hill,NO,1,2,-1.900422933511436,12.222710549410806,1.0,1.4483869075775146,2,0.0,1.0,0.0,2.0,1.0
2024,REG,q1,00-0029692,B.Anger,DAL,1,1,-2.709706327295862,7.34250838018723,0.0,22.004425525665283,1,0.0,0.0,0.0,1.0,1.0
2024,REG,q1,00-0031588,S.Diggs,HOU,1,1,1.8519234691630118,3.4296205356367646,1.0,0.0,0,0.0,0.0,0.0,0.0,0.0
2024,REG,q1,00-0032399,M.Killebrew,PIT,1,1,-2.6777201897348277,7.170185414513522,0.0,-54.02674078941345,1,0.0,0.0,0.0,1.0,0.0
2024,REG,q1,00-0033319,N.Mullens,MIN,1,1,2.5932225097203627,6.724802984920377,1.0,63.925036787986755,1,0.0,0.0,0.0,1.0,1.0
2024,REG,q1,00-0034960,J.Meyers,LV,1,1,-1.5676263889763504,2.457452495415032,0.0,0.0,0,1.0,0.0,0.0,1.0,0.0
2024,REG,q1,00-0036309,D.Mooney,ATL,1,1,-0.42381819686852396,0.17962186399688693,0.0,0.0,0,0.0,0.0,0.0,1.0,0.0
2024,REG,q1,00-0036880,P.Sewell,DET,1,1,-0.9758530937833712,0.9522892606465769,0.0,0.0,0,1.0,0.0,0.0,1.0,0.0
2024,REG,q1,00-0039491,J.Coker,CAR,1,1,1.3107093420112506,1.7179589792355654,1.0,41.24500751495361,1,0.0,0.0,0.0,1.0,1.0
2024,REG,q2,00-0033873,P.Mahomes,KC,16,221,62.5722073565603,336.21454297304933,115.0,1571.0938826203346,186,15.0,1.0,12.0,213.0,143.0
2024,REG,q2,00-0036442,J.Burrow,CIN,17,219,12.449030266526826,474.1539477283173,105.0,885.0232094526291,189,20.0,1.0,13.0,215.0,133.0
2024,REG,q2,00-0039732,B.Nix,DEN,17,206,21.748189716318375,291.9167442195854,97.0,237.98861056566238,170,11.0,2.0,9.0,190.0,121.0
2024,REG,q2,00-0034855,B.Mayfield,TB,17,195,16.923245056711647,521.1007731364477,95.0,-51.26439929008484,176,8.0,10.0,10.0,186.0,120.0
2024,REG,q2,00-0034796,L.Jackson,BAL,17,190,79.96859268127318,455.04778466599544,106.0,444.42913830280304,170,4.0,0.0,17.0,177.0,115.0
2024,REG,q2,00-0036355,J.Herbert,LAC,17,188,30.08571101763464,253.2061923765133,90.0,827.2644981741905,160,10.0,1.0,6.0,179.0,114.0
2024,REG,q2,00-0039918,C.Williams,CHI,17,188,19.67288899572719,360.4400151430601,81.0,114.11286890506744,147,12.0,2.0,5.0,172.0,100.0
2024,REG,q2,00-0030565,G.Smith,SEA,17,184,37.73437041922322,367.78147940951493,87.0,1748.7842381000519,156,13.0,2.0,8.0,180.0,125.0
2024,REG,q2,00-0035228,K.Murray,ARI,17,182,31.425571490524035,273.2547544811393,94.0,595.1187342405319,154,9.0,1.0,8.0,171.0,112.0
2024,REG,q2,00-0039163,C.Stroud,HOU,16,181,27.044464610325143,364.55367519636627,86.0,122.79767692089081,148,11.0,3.0,8.0,172.0,101.0
2024,REG,q2,00-0034869,S.Darnold,MIN,17,180,4.541837911291682,532.5889624349925,85.0,146.21076583862305,145,16.0,4.0,8.0,170.0,99.0
2024,REG,q2,00-0034857,J.Allen,BUF,16,179,39.149704409729914,436.9520503528214,82.0,2.504320442676544,155,5.0,5.0,8.0,166.0,101.0
2024,REG,q2,00-0039910,J.Daniels,WAS,16,179,37.162911519219,389.49132607397286,92.0,429.23020124435425,134,16.0,4.0,6.0,154.0,96.0
2024,REG,q2,00-0033106,J.Goff,DET,17,177,57.09157291635046,502.7587980668243,96.0,471.1090862751007,152,9.0,3.0,16.0,171.0,112.0
2024,REG,q2,00-0036389,J.Hurts,PHI,14,164,33.93398700669672,437.5414811806595,83.0,1073.4614327549934,123,14.0,2.0,10.0,146.0,93.0
2024,REG,q2,00-0023459,A.Rodgers,NYJ,17,162,18.926282866858298,475.114650236841,71.0,-15.212003886699677,139,11.0,3.0,8.0,157.0,93.0
2024,REG,q2,00-0026498,M.Stafford,LA,16,162,-5.310959208252131,276.1261924962109,73.0,-428.21843326091766,142,12.0,3.0,4.0,160.0,94.0
2024,REG,q2,00-0037834,B.Purdy,SF,15,155,38.14396560573876,348.412154343238,75.0,477.4554908275604,127,9.0,1.0,6.0,143.0,88.0
2024,REG,q2,00-0029604,K.Cousins,ATL,14,140,24.72085717735778,373.4254990748271,73.0,367.46973991394043,125,10.0,3.0,6.0,138.0,88.0
2024,REG,q2,00-0036212,T.Tagovailoa,MIA,11,135,7.251914729569547,297.9369602878046,68.0,172.38844633102417,119,7.0,2.0,5.0,131.0,86.0
2024,REG,q2,00-0036264,J.Love,GB,15,124,-1.4424900910747827,506.0078234087193,56.0,90.94663709402084,115,3.0,7.0,7.0,121.0,71.0
2024,REG,q2,00-0029263,R.Wilson,PIT,11,122,4.993143446686585,186.57065331502233,55.0,223.25533628463745,94,10.0,0.0,5.0,112.0,66.0
2024,REG,q2,00-0039150,B.Young,CAR,12,121,15.153119765093335,293.77346623955646,51.0,141.745525598526,98,5.0,3.0,6.0,110.0,64.0
2024,REG,q2,00-0033662,C.Rush,DAL,8,107,1.868941932647341,194.69896480935665,42.0,-1415.3081685304642,101,2.0,2.0,2.0,105.0,58.0
2024,REG,q2,00-0035710,D.Jones,NYG,10,105,8.198031483424659,136.90769861646814,48.0,188.57536911964417,85,8.0,1.0,5.0,99.0,57.0
2024,REG,q2,00-0039851,D.Maye,NE,11,102,-0.31585511525655985,176.9963843537126,46.0,290.46914279460907,81,8.0,1.0,4.0,94.0,60.0
2024,REG,q2,00-0035289,G.Minshew II,LV,10,100,-36.285212296408005,416.0930806260847,41.0,-162.2574895620346,79,11.0,3.0,1.0,97.0,57.0
2024,REG,q2,00-0039152,W.Levis,TEN,11,93,-13.704739941665405,227.05771229163398,32.0,-65.43012261390686,71,16.0,3.0,2.0,89.0,46.0
2024,REG,q2,00-0031503,J.Winston,CLE,7,89,-21.66669527136947,262.3953768729985,34.0,-379.457151889801,76,8.0,2.0,1.0,87.0,45.0
2024,REG,q2,00-0033077,D.Prescott,DAL,8,87,-4.888681253284648,219.25168467721494,39.0,-3.612831234931946,76,7.0,2.0,3.0,85.0,52.0
2024,REG,q2,00-0036971,T.Lawrence,JAX,10,81,7.934416882907758,231.33012983244728,35.0,3.069502115249634,68,1.0,4.0,3.0,77.0,46.0
2024,REG,q2,00-0036972,M.Jones,JAX,8,80,2.5608788926644657,68.48275114325911,36.0,124.15963113307953,67,5.0,1.0,1.0,75.0,48.0
2024,REG,q2,00-0039376,S.Rattler,NO,6,79,10.639595700030323,115.64848350027474,36.0,514.9722188711166,62,4.0,0.0,3.0,74.0,49.0
2024,REG,q2,00-0031280,D.Carr,NO,10,78,13.752897405072298,283.5075163654007,34.0,110.56703329086304,70,2.0,1.0,6.0,76.0,50.0
2024,REG,q2,00-0034771,M.Rudolph,TEN,7,75,-28.26188427962906,215.9015404068727,25.0,-923.6566543579102,63,3.0,4.0,2.0,71.0,33.0
2024,REG,q2,00-0026158,J.Flacco,IND,7,68,-0.7372455900372488,77.64935409721626,29.0,-240.2937889099121,63,2.0,0.0,1.0,68.0,40.0
2024,REG,q2,00-0039164,A.Richardson,IND,10,67,-18.286344606802658,198.22491796280622,19.0,-1046.9122499227524,57,4.0,4.0,1.0,65.0,24.0
2024,REG,q2,00-0033537,D.Watson,CLE,7,62,-17.980753749504064,87.52624632677417,17.0,-242.05084145069122,53,6.0,1.0,0.0,60.0,33.0
2024,REG,q2,00-0027973,A.Dalton,CAR,5,57,10.333298370421296,123.78209586024454,27.0,487.3840093612671,50,4.0,0.0,4.0,55.0,40.0
2024,REG,q2,00-0036945,J.Fields,PIT,6,55,1.659917214056681,95.45395194063902,26.0,428.03765535354614,43,6.0,0.0,0.0,52.0,34.0
2024,REG,q2,00-0035704,D.Lock,NYG,5,52,-25.58702894464605,289.12311819962525,20.0,-141.315358877182,44,5.0,2.0,3.0,51.0,26.0
2024,REG,q2,00-0038579,A.O'Connell,LV,6,51,5.845722448552296,98.34196424545691,23.0,-44.84832286834717,45,2.0,1.0,2.0,51.0,29.0
2024,REG,q2,00-0035993,T.Huntley,MIA,5,49,-11.957822005194757,79.8206792845084,15.0,-216.40130877494812,42,2.0,2.0,0.0,45.0,26.0
2024,REG,q2,00-0033119,J.Brissett,NE,6,48,-16.901268011775983,97.09078170525162,17.0,-363.9348715543747,35,7.0,1.0,0.0,46.0,20.0
2024,REG,q2,00-0039917,M.Penix,ATL,3,31,17.30976601391571,75.56082729083668,19.0,206.05693757534027,28,0.0,1.0,1.0,29.0,19.0
2024,REG,q2,00-0038128,M.Willis,GB,3,19,7.494101929048597,51.64758208972306,7.0,109.84969437122345,13,3.0,0.0,0.0,16.0,10.0
2024,REG,q2,00-0038102,K.Pickett,PHI,2,18,9.248567460968038,53.54590919120123,8.0,231.7184954881668,17,0.0,0.0,1.0,18.0,13.0
2024,REG,q2,00-0038400,T.McKee,PHI,1,17,2.3777425718778593,14.99235323833058,9.0,-76.9114077091217,17,0.0,0.0,0.0,17.0,10.0
2024,REG,q2,00-0038583,D.Thompson-Robinson,CLE,4,17,-12.36798946390627,20.513151261722008,1.0,-468.80677938461304,15,1.0,1.0,0.0,16.0,6.0
2024,REG,q2,00-0037012,T.Lance,DAL,1,14,-8.955710807582363,19.016342634529373,3.0,-232.58926272392273,13,1.0,0.0,0.0,14.0,6.0
2024,REG,q2,00-0038476,T.DeVito,NYG,2,14,-2.470961562532466,18.73797773931116,5.0,233.46377611160278,8,4.0,0.0,0.0,13.0,8.0
2024,REG,q2,00-0033869,M.Trubisky,BUF,1,13,-0.16357628863465568,19.506903776926617,4.0,54.56754267215729,12,0.0,0.0,1.0,12.0,9.0
2024,REG,q2,00-0033949,J.Dobbs,SF,1,13,5.663048872869695,19.082227415991234,7.0,97.48713672161102,13,0.0,0.0,1.0,13.0,10.0
2024,REG,q2,00-0037327,S.Thompson,MIA,1,13,-7.1249168163049035,9.39389294887346,2.0,-26.2077659368515,10,3.0,0.0,0.0,13.0,6.0
2024,REG,q2,00-0032434,B.Allen,SF,1,12,7.1068245750211645,18.384222548452595,7.0,167.5373613834381,10,0.0,0.0,1.0,12.0,9.0
2024,REG,q2,00-0031345,J.Garoppolo,LA,1,10,1.4309705074952515,24.70413387719469,6.0,-117.27017760276794,9,0.0,1.0,1.0,10.0,5.0
2024,REG,q2,00-0038998,J.Haener,NO,1,10,-8.098304611979984,20.621435361499405,1.0,-257.7552855014801,8,1.0,1.0,0.0,10.0,3.0
2024,REG,q2,00-0036898,D.Mills,HOU,1,9,-3.820068484521471,22.88437934564724,4.0,81.2954992055893,8,1.0,0.0,0.0,9.0,6.0
2024,REG,q2,00-0038108,B.Zappe,CLE,1,9,-2.92291248752699,4.863778357928864,1.0,-95.21858394145966,7,0.0,0.0,0.0,8.0,4.0
2024,REG,q2,00-0032268,M.Mariota,WAS,1,8,4.7243500340565845,15.274331513743437,5.0,26.47509276866913,8,0.0,0.0,1.0,8.0,5.0
2024,REG,q2,00-0032950,C.Wentz,KC,1,8,1.0527525502708703,16.0374981589511,2.0,129.68821823596954,6,2.0,0.0,0.0,8.0,5.0
2024,REG,q2,00-0038122,D.Ridder,LV,1,8,-0.22298649818285332,5.323078464183693,3.0,-93.84121298789978,6,1.0,0.0,0.0,7.0,3.0
2024,REG,q2,00-0039398,J.Milton,NE,1,7,5.9843979955185205,26.194040765890094,4.0,215.49052894115448,6,0.0,0.0,1.0,7.0,6.0
2024,REG,q2,00-0031588,S.Diggs,HOU,1,1,2.762919135740958,7.633722150643563,1.0,10.583913326263428,1,0.0,0.0,0.0,1.0,1.0
2024,REG,q2,00-0031800,T.Heinicke,LAC,1,1,-0.16525774961337447,0.027310123807276772,0.0,0.0,0,0.0,0.0,0.0,0.0,0.0
2024,REG,q2,00-0034348,C.Sutton,DEN,1,1,3.8798944197478704,15.053580708390664,1.0,46.21419906616211,1,0.0,0.0,1.0,1.0,1.0
2024,REG,q2,00-0035156,J.Fox,DET,1,1,3.637429093476385,13.230890410068435,1.0,36.9878351688385,1,0.0,0.0,0.0,1.0,1.0
2024,REG,q2,00-0035190,A.Cole,LV,1,1,4.333918029908091,18.782845489962426,1.0,30.53959012031555,1,0.0,0.0,0.0,1.0,1.0
2024,REG,q2,00-0035685,D.Montgomery,DET,1,1,1.5191485377727076,2.3078122798169556,1.0,49.24219250679016,1,0.0,0.0,1.0,1.0,1.0
2024,REG,q2,00-0035719,D.Samuel,SF,1,1,-2.089831991296666,4.367397751846988,0.0,0.0,0,1.0,0.0,0.0,1.0,0.0
2024,REG,q2,00-0036322,J.Jefferson,MIN,1,1,3.050906698219478,9.308031681240477,1.0,10.456204414367676,1,0.0,0.0,0.0,1.0,1.0
2024,REG,q2,00-0036626,D.Brown,WAS,1,1,-0.42986037069931626,0.1847799382977536,0.0,-30.97151517868042,1,0.0,0.0,0.0,1.0,0.0
2024,REG,q2,00-0038543,J.Smith-Njigba,SEA,1,1,2.243609394179657,5.033783113651208,1.0,69.83024775981903,1,0.0,0.0,0.0,1.0,1.0
2024,REG,q2,00-0039337,M.Nabers,NYG,1,1,-0.9637323682836723,0.9287800776776557,0.0,-69.16041374206543,1,0.0,0.0,0.0,1.0,0.0
2024,REG,q2,00-0039890,A.Mitchell,IND,1,1,2.4456588270841166,5.981247098494457,1.0,13.43458890914917,1,0.0,0.0,0.0,1.0,1.0
2024,REG,q3,00-0023459,A.Rodgers,NYJ,17,166,-8.954666247201487,459.6514985242484,72.0,-548.8582193851471,148,12.0,3.0,6.0,163.0,93.0
2024,REG,q3,00-0034869,S.Darnold,MIN,17,166,21.37606466835979,473.7393984614047,85.0,818.5876250267029,145,11.0,4.0,11.0,164.0,105.0
2024,REG,q3,00-0039918,C.Williams,CHI,17,154,-12.135840045471125,332.8287351618736,58.0,-293.2764142751694,117,16.0,2.0,4.0,142.0,76.0
2024,REG,q3,00-0036442,J.Burrow,CIN,17,152,54.628781839244716,426.95613064160455,88.0,1327.8922066092491,129,9.0,2.0,10.0,143.0,99.0
2024,REG,q3,00-0033106,J.Goff,DET,17,147,72.34313883229915,567.0926273377148,86.0,1434.522458910942,133,6.0,5.0,14.0,142.0,107.0
2024,REG,q3,00-0030565,G.Smith,SEA,17,146,-0.6177051542221221,397.012503025707,65.0,351.3172447681427,124,10.0,3.0,3.0,140.0,87.0
2024,REG,q3,00-0033873,P.Mahomes,KC,16,145,-8.758701129481295,317.93128153704737,67.0,-870.8851873874664,127,4.0,4.0,4.0,137.0,78.0
2024,REG,q3,00-0039163,C.Stroud,HOU,16,142,-28.52346927898324,361.62957905901806,51.0,-682.5739085674286,120,12.0,4.0,4.0,135.0,75.0
2024,REG,q3,00-0039732,B.Nix,DEN,17,136,-0.8872430792747457,413.66898279147676,51.0,-476.9529238343239,119,6.0,3.0,8.0,128.0,74.0
2024,REG,q3,00-0034857,J.Allen,BUF,16,135,59.63138120356269,465.7172926996357,69.0,516.6901290416718,109,3.0,1.0,12.0,122.0,78.0
2024,REG,q3,00-0039910,J.Daniels,WAS,15,134,15.99790112440765,325.28709164401477,63.0,-218.1034505367279,100,13.0,1.0,2.0,118.0,67.0
2024,REG,q3,00-0035228,K.Murray,ARI,17,133,11.197348044290154,365.9256417023082,68.0,323.92341792583466,116,7.0,2.0,5.0,125.0,84.0
2024,REG,q3,00-0034855,B.Mayfield,TB,17,132,15.155669974576496,378.10095171169655,62.0,193.44907104969025,105,14.0,3.0,8.0,120.0,75.0
2024,REG,q3,00-0036355,J.Herbert,LAC,17,131,14.591799080566176,311.38464660166136,58.0,-118.28854382038116,110,11.0,1.0,4.0,127.0,70.0
2024,REG,q3,00-0026498,M.Stafford,LA,16,126,40.275172378705705,385.35511980230115,69.0,705.9062540531158,118,4.0,3.0,6.0,126.0,87.0
2024,REG,q3,00-0034796,L.Jackson,BAL,17,115,41.28434516839226,293.70709553835565,62.0,618.6550959944725,91,6.0,1.0,10.0,102.0,65.0
2024,REG,q3,00-0037834,B.Purdy,SF,15,113,15.892959135958348,334.71380759244556,56.0,-250.52953958511353,91,7.0,4.0,4.0,99.0,59.0
2024,REG,q3,00-0029604,K.Cousins,ATL,14,110,10.047612861001728,365.94926258695756,50.0,302.72664725780487,99,7.0,3.0,4.0,110.0,70.0
2024,REG,q3,00-0039150,B.Young,CAR,12,93,-9.737340522255769,271.327017897384,36.0,-220.38466483354568,68,11.0,2.0,3.0,85.0,41.0
2024,REG,q3,00-0036212,T.Tagovailoa,MIA,11,90,35.575130553431165,273.3694797044703,51.0,660.8825236558914,81,3.0,1.0,7.0,88.0,64.0
2024,REG,q3,00-0036264,J.Love,GB,14,90,22.55295174683768,205.15378740651508,45.0,-177.71639227867126,86,1.0,1.0,6.0,89.0,57.0
2024,REG,q3,00-0039851,D.Maye,NE,10,87,-20.917518382542767,314.2613536745642,43.0,42.582473158836365,65,7.0,3.0,1.0,74.0,44.0
2024,REG,q3,00-0036389,J.Hurts,PHI,14,84,19.96732610590026,302.9675956316315,39.0,559.8205208778381,62,7.0,0.0,3.0,77.0,46.0
2024,REG,q3,00-0035710,D.Jones,NYG,10,83,-19.147621257385566,191.8131081668204,36.0,154.79156076908112,66,12.0,1.0,1.0,82.0,46.0
2024,REG,q3,00-0039152,W.Levis,TEN,10,82,-6.9884096582739605,381.4903243004187,35.0,470.3524053096771,66,9.0,2.0,3.0,79.0,50.0
2024,REG,q3,00-0029263,R.Wilson,PIT,11,74,39.47426761069176,234.63625645157444,34.0,978.0350208282471,63,5.0,1.0,4.0,71.0,47.0
2024,REG,q3,00-0035289,G.Minshew II,LV,10,74,-23.267832630470778,197.05662163778385,27.0,-176.56573057174683,58,7.0,3.0,1.0,69.0,37.0
2024,REG,q3,00-0036971,T.Lawrence,JAX,9,74,22.68360678292248,172.14556587236018,40.0,283.8403433561325,63,4.0,1.0,4.0,71.0,43.0
2024,REG,q3,00-0033537,D.Watson,CLE,6,73,-27.156273392364376,160.9107201251479,24.0,-333.06406289339066,50,14.0,1.0,1.0,68.0,30.0
2024,REG,q3,00-0031503,J.Winston,CLE,7,72,-5.941009812677992,240.8229830560899,34.0,173.70068728923798,65,4.0,3.0,4.0,72.0,44.0
2024,REG,q3,00-0031280,D.Carr,NO,10,67,10.965683648028536,107.0338304433491,30.0,496.838641166687,54,4.0,1.0,1.0,65.0,44.0
2024,REG,q3,00-0033077,D.Prescott,DAL,8,66,-16.148971283984352,131.75545783960897,21.0,-417.7578538656235,56,7.0,1.0,0.0,63.0,34.0
2024,REG,q3,00-0026158,J.Flacco,IND,7,63,0.949882118571582,134.76580361643562,29.0,159.4005674123764,56,4.0,0.0,0.0,62.0,42.0
2024,REG,q3,00-0039376,S.Rattler,NO,7,58,-28.658720511952072,140.25142025428278,16.0,-1211.5280985832214,47,7.0,1.0,0.0,55.0,21.0
2024,REG,q3,00-0039164,A.Richardson,IND,10,56,-26.189419037742656,162.22398963968755,17.0,-483.673757314682,45,4.0,1.0,0.0,50.0,26.0
2024,REG,q3,00-0033662,C.Rush,DAL,8,55,3.4907280819956523,121.73011427677434,27.0,157.4444591999054,50,3.0,0.0,5.0,54.0,37.0
2024,REG,q3,00-0034771,M.Rudolph,TEN,8,55,-0.3521652377985651,102.11996745602106,25.0,-12.000763416290283,46,5.0,1.0,1.0,52.0,32.0
2024,REG,q3,00-0036972,M.Jones,JAX,8,55,-12.92058510453807,149.68803980175866,15.0,-699.1320848464966,50,2.0,2.0,1.0,54.0,27.0
2024,REG,q3,00-0038579,A.O'Connell,LV,7,55,-5.656493953279773,119.13908835590297,23.0,-742.4696415662766,51,1.0,1.0,1.0,53.0,30.0
2024,REG,q3,00-0036945,J.Fields,PIT,6,48,-1.9631940196448348,187.13710273755157,19.0,-62.85312473773956,37,5.0,1.0,1.0,45.0,24.0
2024,REG,q3,00-0033119,J.Brissett,NE,6,43,-9.545233515512358,64.31887820311209,17.0,-17.4688458442688,35,3.0,0.0,1.0,41.0,23.0
2024,REG,q3,00-0027973,A.Dalton,CAR,5,39,3.2643252575489723,38.3268412659214,19.0,-106.10843300819397,34,1.0,1.0,1.0,37.0,23.0
2024,REG,q3,00-0038583,D.Thompson-Robinson,CLE,3,38,-14.685459378932137,90.27619582807311,13.0,-475.0943571329117,31,1.0,1.0,0.0,35.0,18.0
2024,REG,q3,00-0035993,T.Huntley,MIA,5,32,-7.291399518811269,78.7119242188579,14.0,133.19691121578217,23,5.0,0.0,0.0,29.0,16.0
2024,REG,q3,00-0035704,D.Lock,NYG,5,31,-14.480431379927616,125.32277183072375,14.0,-23.269277811050415,27,2.0,1.0,0.0,30.0,21.0
2024,REG,q3,00-0032268,M.Mariota,WAS,2,16,14.606958464998272,34.72782676861504,12.0,445.79100608825684,15,0.0,0.0,2.0,15.0,15.0
2024,REG,q3,00-0038128,M.Willis,GB,4,14,-0.4732377444161102,69.65547583226645,6.0,212.7663552761078,11,1.0,0.0,1.0,12.0,11.0
2024,REG,q3,00-0039917,M.Penix,ATL,3,14,-2.639880353466146,63.58150462111611,7.0,-12.245827913284302,12,2.0,1.0,0.0,14.0,9.0
2024,REG,q3,00-0034177,T.Boyle,NYG,1,12,-0.5812241847161204,20.937879420025496,3.0,-76.16380155086517,11,0.0,0.0,0.0,12.0,6.0
2024,REG,q3,00-0032434,B.Allen,SF,1,11,-8.57032538386334,56.791723064671054,3.0,-211.87989711761475,10,0.0,1.0,0.0,10.0,4.0
2024,REG,q3,00-0037012,T.Lance,DAL,1,11,5.247199409574335,25.579893237100528,7.0,60.14698147773743,8,1.0,0.0,0.0,10.0,7.0
2024,REG,q3,00-0038476,T.DeVito,NYG,1,11,4.528755412495229,12.295612427936199,6.0,128.7939488887787,11,0.0,0.0,0.0,11.0,9.0
2024,REG,q3,00-0032950,C.Wentz,KC,1,10,-7.5427856696769595,23.03890888465818,2.0,-150.09191632270813,8,2.0,0.0,0.0,10.0,4.0
2024,REG,q3,00-0038122,D.Ridder,LV,2,10,-7.785347116645426,8.894750527418479,1.0,-190.48673808574677,7,1.0,0.0,0.0,9.0,3.0
2024,REG,q3,00-0038400,T.McKee,PHI,2,10,0.5786542941932566,33.43527181906855,5.0,40.576937794685364,9,1.0,0.0,1.0,10.0,6.0
2024,REG,q3,00-0039398,J.Milton,NE,1,10,2.838624956665932,8.422505714403206,4.0,65.98148047924042,8,0.0,0.0,0.0,8.0,6.0
2024,REG,q3,00-0031345,J.Garoppolo,LA,1,9,2.5828284963405217,19.560823599246266,6.0,178.16137075424194,7,1.0,0.0,0.0,8.0,7.0
2024,REG,q3,00-0036898,D.Mills,HOU,1,8,-2.837446149380412,31.02602223385258,3.0,-272.0953404903412,7,0.0,0.0,0.0,7.0,2.0
2024,REG,q3,00-0038102,K.Pickett,PHI,2,8,0.7789737240305774,12.316852367615706,4.0,88.63180577754974,4,2.0,0.0,0.0,6.0,3.0
2024,REG,q3,00-0038108,B.Zappe,CLE,1,8,-3.3949439604766667,10.278921916581297,3.0,-146.76850140094757,7,1.0,0.0,0.0,8.0,3.0
2024,REG,q3,00-0033869,M.Trubisky,BUF,1,6,1.3564375173300505,11.109696740464987,3.0,-5.283594131469727,5,0.0,0.0,0.0,6.0,3.0
2024,REG,q3,00-0034177,T.Boyle,MIA,2,6,-3.321941374335438,13.021926399224915,1.0,-92.65925884246826,5,0.0,0.0,0.0,6.0,3.0
2024,REG,q3,00-0037327,S.Thompson,MIA,2,6,-5.489389913273044,21.923510592907157,3.0,51.31314694881439,4,2.0,0.0,0.0,6.0,3.0
2024,REG,q3,00-0033949,J.Dobbs,SF,1,5,1.5905022763181478,20.321197378520345,3.0,107.81470239162445,3,1.0,0.0,1.0,4.0,3.0
2024,REG,q3,00-0037077,S.Howell,SEA,1,5,-5.758512728510041,6.95378319704983,0.0,-41.46607518196106,2,2.0,0.0,0.0,4.0,1.0
2024,REG,q3,00-0028872,J.Hekker,CAR,2,2,-5.712034730240703,16.373227622243693,0.0,-115.91141819953918,2,0.0,0.0,0.0,2.0,0.0
2024,REG,q3,00-0033357,T.Hill,NO,2,2,-1.3172703819157183,1.3354435911410456,0.0,-21.227678656578064,2,0.0,0.0,0.0,2.0,1.0
2024,REG,q3,00-0038582,C.Tune,ARI,1,2,-1.1280186781659722,2.7958476403654537,1.0,37.30354309082031,2,0.0,0.0,0.0,2.0,2.0
2024,REG,q3,00-0038998,J.Haener,NO,1,2,-1.2659999679301945,2.0746769458172674,1.0,-50.184476375579834,2,0.0,0.0,0.0,2.0,1.0
2024,REG,q3,00-0029692,B.Anger,DAL,1,1,-2.9773164816433564,8.864413431865174,0.0,-69.87454295158386,1,0.0,0.0,0.0,1.0,0.0
2024,REG,q3,00-0030279,K.Allen,CHI,1,1,-5.911163269076496,34.941851193679135,0.0,-58.88523459434509,1,0.0,1.0,0.0,1.0,0.0
2024,REG,q3,00-0033009,T.Boyd,TEN,1,1,-0.43441603682003915,0.18871729304642962,0.0,-39.166224002838135,1,0.0,0.0,0.0,1.0,0.0
2024,REG,q3,00-0033307,K.Bourne,NE,1,1,-1.3199654843192548,1.7423088797941648,0.0,-75.72767734527588,1,0.0,0.0,0.0,1.0,0.0
2024,REG,q3,00-0034418,C.Wilson,NO,1,1,2.034913587849587,4.14087331001488,1.0,64.70449268817902,1,0.0,0.0,1.0,1.0,1.0
2024,REG,q3,00-0034521,A.Lazard,NYJ,1,1,-1.0107955927378498,1.0217077302982611,0.0,0.0,0,0.0,0.0,0.0,1.0,0.0
2024,REG,q3,00-0034577,K.Allen,PIT,1,1,1.4325529362540692,2.0522079151701553,1.0,27.48546004295349,1,0.0,0.0,0.0,1.0,1.0
2024,REG,q3,00-0034827,D.Moore,CHI,1,1,-0.44727218337357044,0.20005240601976082,0.0,-29.839304089546204,1,0.0,0.0,0.0,1.0,0.0
2024,REG,q3,00-0034844,S.Barkley,PHI,1,1,-1.659953220529728,2.755444694347016,0.0,0.0,0,1.0,0.0,0.0,1.0,0.0
2024,REG,q3,00-0036928,K.Trask,TB,1,1,0.29781093914061785,0.0886913554718168,1.0,12.927263975143433,1,0.0,0.0,0.0,1.0,1.0
2024,REG,q3,00-0036963,St. Brown,DET,1,1,1.72411598067265,2.9725759148108137,1.0,33.92575979232788,1,0.0,0.0,1.0,1.0,1.0
2024,REG,q4,00-0039918,C.Williams,CHI,17,227,0.4508011479924856,453.09079464919637,98.0,655.7347506284714,168,25.0,2.0,10.0,211.0,116.0
2024,REG,q4,00-0030565,G.Smith,SEA,16,194,-5.9429859854179705,540.1939620401567,95.0,822.665086388588,158,17.0,6.0,6.0,182.0,115.0
2024,REG,q4,00-0023459,A.Rodgers,NYJ,17,187,17.352809953176966,402.03140618406496,82.0,-201.4244019985199,166,12.0,2.0,7.0,183.0,110.0
2024,REG,q4,00-0036442,J.Burrow,CIN,17,180,2.9348640845638823,691.0135951218576,84.0,595.8623349666595,157,12.0,5.0,12.0,177.0,108.0
2024,REG,q4,00-0034855,B.Mayfield,TB,16,170,57.93783323549077,386.0764713118843,97.0,983.5022270679474,138,10.0,2.0,12.0,154.0,103.0
2024,REG,q4,00-0035228,K.Murray,ARI,17,162,7.040700926351881,258.3944527424785,79.0,65.67300111055374,140,7.0,5.0,2.0,152.0,97.0
2024,REG,q4,00-0039910,J.Daniels,WAS,14,157,51.60688078507793,406.9615127355271,77.0,1206.5933421254158,127,8.0,3.0,11.0,144.0,96.0
2024,REG,q4,00-0026498,M.Stafford,LA,16,152,22.553632914164744,240.33797609234705,79.0,433.64475071430206,138,7.0,1.0,8.0,152.0,98.0
2024,REG,q4,00-0039732,B.Nix,DEN,17,151,27.104568741034328,354.5336540879259,69.0,462.0335102081299,132,3.0,4.0,9.0,139.0,93.0
2024,REG,q4,00-0039150,B.Young,CAR,14,145,-20.642601271888104,328.3411281714741,54.0,-257.4341982603073,118,8.0,3.0,3.0,136.0,75.0
2024,REG,q4,00-0033106,J.Goff,DET,16,141,15.936051437752079,279.45040047170005,74.0,44.971275329589844,126,5.0,2.0,7.0,138.0,89.0
2024,REG,q4,00-0039163,C.Stroud,HOU,16,141,-9.010705843180556,297.4788897353161,54.0,-516.4470985531807,110,15.0,2.0,3.0,128.0,67.0
2024,REG,q4,00-0034869,S.Darnold,MIN,17,137,-1.39963403295291,347.08263073359973,58.0,-72.91942834854126,104,14.0,2.0,6.0,129.0,67.0
2024,REG,q4,00-0039851,D.Maye,NE,11,137,6.7382468596845895,405.8414411403449,66.0,183.28190594911575,106,10.0,3.0,7.0,125.0,70.0
2024,REG,q4,00-0033873,P.Mahomes,KC,16,134,38.49126782479647,220.16033452231787,66.0,291.5520563721657,110,6.0,1.0,6.0,124.0,78.0
2024,REG,q4,00-0034796,L.Jackson,BAL,17,132,56.24771758851876,381.40633999815975,73.0,743.5400038957596,111,3.0,2.0,11.0,121.0,77.0
2024,REG,q4,00-0037834,B.Purdy,SF,15,131,11.88942033834051,311.81300941830915,70.0,619.6976065635681,114,8.0,6.0,4.0,124.0,82.0
2024,REG,q4,00-0035710,D.Jones,NYG,9,129,-14.296997913393527,223.4886650115803,50.0,-257.8561067581177,109,4.0,4.0,2.0,124.0,68.0
2024,REG,q4,00-0029604,K.Cousins,ATL,14,126,-35.799320458253014,404.83153659004194,58.0,-353.9399445056915,113,9.0,8.0,2.0,125.0,73.0
2024,REG,q4,00-0031503,J.Winston,CLE,9,120,-2.3925895913823325,463.3800611652172,53.0,-123.34828972816467,101,8.0,6.0,5.0,115.0,64.0
2024,REG,q4,00-0036264,J.Love,GB,13,119,33.77835191077422,301.627145475485,58.0,464.8078605532646,99,7.0,1.0,6.0,114.0,65.0
2024,REG,q4,00-0036355,J.Herbert,LAC,16,119,1.4579149778588034,293.276523265396,46.0,-884.024715423584,98,10.0,0.0,5.0,110.0,55.0
2024,REG,q4,00-0039152,W.Levis,TEN,10,118,-40.774562283473884,318.54116507430643,33.0,-791.1328285932541,95,11.0,5.0,4.0,111.0,49.0
2024,REG,q4,00-0035289,G.Minshew II,LV,8,109,-2.0221785662960294,232.7401161241017,58.0,76.10865831375122,94,8.0,4.0,4.0,109.0,69.0
2024,REG,q4,00-0034857,J.Allen,BUF,14,108,43.11928761637429,193.41258799131174,57.0,-359.0555652976036,91,3.0,0.0,5.0,96.0,55.0
2024,REG,q4,00-0029263,R.Wilson,PIT,11,104,-7.694932244042425,297.6257569469195,43.0,140.6693994998932,80,8.0,2.0,5.0,98.0,54.0
2024,REG,q4,00-0036212,T.Tagovailoa,MIA,10,104,31.21414000975115,244.19827837234897,54.0,155.30945956707,95,6.0,2.0,4.0,103.0,69.0
2024,REG,q4,00-0039164,A.Richardson,IND,10,104,13.507670238901063,280.76788441215336,45.0,-318.5045540332794,87,4.0,4.0,4.0,98.0,47.0
2024,REG,q4,00-0033662,C.Rush,DAL,10,102,-37.638762643512784,270.1017286605784,33.0,-1141.3689628243446,93,7.0,1.0,2.0,101.0,52.0
2024,REG,q4,00-0036972,M.Jones,JAX,10,99,5.745701686523346,228.99455011476135,44.0,511.9990050792694,83,5.0,3.0,5.0,95.0,60.0
2024,REG,q4,00-0038579,A.O'Connell,LV,7,97,10.315444353103947,221.9824172357344,46.0,65.48715829849243,90,3.0,2.0,5.0,97.0,62.0
2024,REG,q4,00-0039376,S.Rattler,NO,6,96,-50.32646765078341,313.74625502173967,31.0,-1382.6353907585144,80,9.0,4.0,1.0,93.0,42.0
2024,REG,q4,00-0036971,T.Lawrence,JAX,9,95,-14.001765820890803,243.9438108829537,37.0,-279.5767158269882,81,10.0,2.0,3.0,93.0,46.0
2024,REG,q4,00-0035704,D.Lock,NYG,7,90,19.748367353251084,193.97683903471125,41.0,-351.6950726509094,76,5.0,2.0,2.0,84.0,46.0
2024,REG,q4,00-0036389,J.Hurts,PHI,14,87,36.67683528452701,212.19502510829392,47.0,779.1973412036896,70,6.0,2.0,3.0,81.0,54.0
2024,REG,q4,00-0033077,D.Prescott,DAL,7,80,-2.8338366330650455,227.25768927162926,33.0,-562.8354027867317,73,2.0,3.0,6.0,79.0,41.0
2024,REG,q4,00-0026158,J.Flacco,IND,7,78,9.881554171837115,273.4008165100518,37.0,366.82431399822235,66,9.0,3.0,7.0,76.0,43.0
2024,REG,q4,00-0038122,D.Ridder,LV,5,76,-12.437279876421487,191.27439800725404,32.0,-2.054506540298462,60,8.0,2.0,2.0,73.0,42.0
2024,REG,q4,00-0033537,D.Watson,CLE,6,73,-4.888577520507315,149.2332495361096,27.0,-43.24592649936676,57,5.0,1.0,2.0,64.0,39.0
2024,REG,q4,00-0034771,M.Rudolph,TEN,7,72,8.725688579948603,176.63858557280093,40.0,319.9336528778076,62,2.0,3.0,4.0,69.0,45.0
2024,REG,q4,00-0031280,D.Carr,NO,10,70,-0.5330412670014049,143.94452828525402,29.0,73.62731993198395,60,1.0,2.0,5.0,67.0,38.0
2024,REG,q4,00-0038583,D.Thompson-Robinson,CLE,5,65,-39.23113790299976,153.2556739816041,22.0,-207.3580116033554,50,4.0,4.0,0.0,63.0,31.0
2024,REG,q4,00-0033119,J.Brissett,NE,7,59,-7.075754680122014,118.36680242259183,22.0,-239.25964832305908,49,4.0,0.0,0.0,56.0,29.0
2024,REG,q4,00-0036945,J.Fields,PIT,7,47,11.947145670826995,105.73397624037078,20.0,-123.67296814918518,38,2.0,0.0,3.0,42.0,23.0
2024,REG,q4,00-0035993,T.Huntley,MIA,4,44,14.692809909087606,88.96784665958144,20.0,422.4862039089203,28,3.0,0.0,2.0,38.0,22.0
2024,REG,q4,00-0039917,M.Penix,ATL,5,37,15.862536792962086,81.51149356069403,19.0,33.656805753707886,33,2.0,0.0,2.0,36.0,21.0
2024,REG,q4,00-0027973,A.Dalton,CAR,6,35,-24.34254817301782,121.57529886433582,9.0,-382.6746940612793,31,1.0,2.0,0.0,34.0,17.0
2024,REG,q4,00-0038998,J.Haener,NO,5,34,-4.790077971141927,65.01479433999151,11.0,-349.34977889060974,26,3.0,0.0,1.0,30.0,13.0
2024,REG,q4,00-0038128,M.Willis,GB,6,28,5.576971116618753,89.18804164738616,10.0,-9.274521470069885,21,4.0,0.0,1.0,27.0,13.0
2024,REG,q4,00-0028118,T.Taylor,NYJ,2,27,12.018934812120628,37.01178359733719,16.0,279.9421787261963,21,0.0,0.0,3.0,25.0,17.0
2024,REG,q4,00-0032268,M.Mariota,WAS,3,25,3.6792656924081966,43.71331964071739,11.0,248.46085011959076,18,2.0,0.0,1.0,22.0,14.0
2024,REG,q4,00-0034177,T.Boyle,MIA,2,22,-2.916952091793064,35.676078461595054,12.0,-88.56874704360962,19,1.0,0.0,0.0,20.0,12.0
2024,REG,q4,00-0033949,J.Dobbs,SF,2,20,0.062178414373192936,50.54717663434833,9.0,-124.97913241386414,18,0.0,1.0,0.0,18.0,11.0
2024,REG,q4,00-0038476,T.DeVito,NYG,1,19,-1.9287633610947523,28.83613638042037,9.0,-43.85629892349243,14,1.0,0.0,0.0,16.0,9.0
2024,REG,q4,00-0031345,J.Garoppolo,LA,1,18,2.1250577281450767,43.899822929787035,7.0,5.0601959228515625,16,1.0,0.0,1.0,18.0,11.0
2024,REG,q4,00-0036898,D.Mills,HOU,4,17,-3.435637921327725,38.553665138687705,5.0,-259.21505987644196,16,1.0,0.0,0.0,17.0,8.0
2024,REG,q4,00-0038102,K.Pickett,PHI,3,16,-4.656317126660494,30.8693013499584,5.0,-301.3457328081131,12,2.0,0.0,0.0,15.0,5.0
2024,REG,q4,00-0037012,T.Lance,DAL,3,15,-12.933760310599133,77.29182226002904,3.0,-89.29455280303955,12,2.0,1.0,0.0,14.0,7.0
2024,REG,q4,00-0037077,S.Howell,SEA,1,14,-10.52190193545539,30.578242117478368,2.0,-423.32368791103363,12,2.0,1.0,0.0,14.0,4.0
2024,REG,q4,00-0037327,S.Thompson,MIA,1,14,-3.476224292826373,29.414824455395813,5.0,-22.878000140190125,13,0.0,0.0,0.0,13.0,8.0
2024,REG,q4,00-0034177,T.Boyle,NYG,1,13,-6.808480431442149,51.64645973007843,4.0,-132.63394832611084,11,1.0,1.0,1.0,13.0,6.0
2024,REG,q4,00-0038108,B.Zappe,CLE,1,13,-1.9314979846240021,50.92251072600173,5.0,-50.831955671310425,13,0.0,1.0,1.0,13.0,8.0
2024,REG,q4,00-0034401,M.White,BUF,1,11,-7.152866298856679,16.819553169215187,2.0,-405.90888261795044,11,0.0,0.0,0.0,11.0,3.0
2024,REG,q4,00-0038400,T.McKee,PHI,2,11,3.689688696176745,27.64343572958282,5.0,-80.06263375282288,10,1.0,0.0,2.0,11.0,7.0
2024,REG,q4,00-0038550,H.Hooker,DET,3,11,-2.4966237844988752,30.015948131907617,4.0,-74.49514269828796,9,1.0,0.0,0.0,10.0,6.0
2024,REG,q4,00-0031800,T.Heinicke,LAC,3,9,-8.859865206759423,30.276088504136027,2.0,-59.33318734169006,5,3.0,0.0,0.0,8.0,3.0
2024,REG,q4,00-0032434,B.Allen,SF,2,8,-16.152908105927054,54.0280919161781,0.0,-108.73013734817505,6,1.0,1.0,0.0,8.0,3.0
2024,REG,q4,00-0039398,J.Milton,NE,1,8,-0.2946781544097532,8.715917891371408,4.0,6.1909019947052,7,0.0,0.0,0.0,8.0,4.0
2024,REG,q4,00-0033869,M.Trubisky,BUF,4,5,5.176167862099865,51.7363856667029,1.0,22.661232948303223,5,0.0,0.0,1.0,5.0,4.0
2024,REG,q4,00-0026300,J.Johnson,BAL,3,4,-1.8097355109639466,10.09910755013566,1.0,82.50610828399658,3,1.0,0.0,0.0,4.0,2.0
2024,REG,q4,00-0032950,C.Wentz,KC,1,3,1.7795939878560603,2.7957498354805073,2.0,69.07760798931122,2,0.0,0.0,0.0,2.0,2.0
2024,REG,q4,00-0037324,C.Oladokun,KC,1,2,-1.9449417039286345,2.239780872438491,0.0,0.0,0,1.0,0.0,0.0,1.0,0.0
2024,REG,q4,00-0038416,T.Bagent,CHI,2,2,0.31886750092962757,0.1581291886985035,1.0,34.80667471885681,2,0.0,0.0,0.0,2.0,2.0
2024,REG,q4,00-0032065,B.Pinion,ATL,1,1,-0.947,0.8968089999999999,0.0,0.0,0,0.0,0.0,0.0,1.0,0.0
2024,REG,q4,00-0032943,R.Dixon,DEN,1,1,-1.8986855424009264,3.6050067889223,0.0,26.422113180160522,1,0.0,0.0,0.0,1.0,1.0
2024,REG,q4,00-0033319,N.Mullens,MIN,1,1,2.27550311293453,5.177914416974735,1.0,20.53314447402954,1,0.0,0.0,0.0,1.0,1.0
2024,REG,q4,00-0033897,J.Mixon,HOU,1,1,-0.7261459626606666,0.5272879590883861,0.0,-36.244744062423706,1,0.0,0.0,0.0,1.0,0.0
2024,REG,q4,00-0034162,J.Scott,LAC,1,1,-2.7066063629463315,7.325718003941569,0.0,14.481014013290405,1,0.0,0.0,0.0,1.0,1.0
2024,REG,q4,00-0034348,C.Sutton,DEN,1,1,3.6108437566435896,13.03819263489199,1.0,49.184924364089966,1,0.0,0.0,0.0,1.0,1.0
2024,REG,q4,00-0034418,C.Wilson,NO,1,1,-0.8836968974792399,0.7809202066144342,0.0,0.0,0,1.0,0.0,0.0,1.0,0.0
2024,REG,q4,00-0036322,J.Jefferson,MIN,1,1,-0.2187197848688811,0.047838344293089634,0.0,0.0,0,0.0,0.0,0.0,0.0,0.0
2024,REG,q4,00-0036849,T.Atwell,LA,1,1,-0.5111013762652874,0.26122461682027087,0.0,-34.2591792345047,1,0.0,0.0,0.0,1.0,0.0
2024,REG,q4,00-0037276,T.Chandler,MIN,1,1,-0.5984916715533473,0.3581922809187197,0.0,0.0,0,1.0,0.0,0.0,1.0,0.0
2024,REG,q4,00-0039916,R.Pearsall,SF,1,1,-0.5309751115273684,0.28193456906150133,0.0,0.0,0,0.0,0.0,0.0,1.0,0.0
2025,POST,all,00-0039851,D.Maye,NE,4,155,-26.225217017955014,502.9171586112179,63.0,-406.4221650362015,113,21.0,4.0,6.0,142.0,70.0
2025,POST,all,00-0026498,M.Stafford,LA,3,126,24.295894857823612,242.2635395879007,57.0,-412.15478777885437,116,6.0,1.0,6.0,124.0,66.0
2025,POST,all,00-0034869,S.Darnold,SEA,3,99,25.466529202621913,160.13938840442339,50.0,180.71061670780182,86,6.0,0.0,5.0,97.0,56.0
2025,POST,all,00-0039918,C.Williams,CHI,2,98,16.552374745522073,250.47531505681127,46.0,-613.4467259049416,88,1.0,5.0,4.0,92.0,47.0
2025,POST,all,00-0039163,C.Stroud,HOU,2,87,-21.917153071533335,330.94342301631207,33.0,-925.925612449646,77,6.0,5.0,2.0,85.0,41.0
2025,POST,all,00-0034857,J.Allen,BUF,2,85,14.185222464195876,173.52549397538715,41.0,485.7211023569107,74,4.0,2.0,4.0,78.0,53.0
2025,POST,all,00-0037834,B.Purdy,SF,2,68,-12.943626498499949,227.59641478170388,30.0,-151.74514055252075,52,3.0,3.0,2.0,61.0,33.0
2025,POST,all,00-0039732,B.Nix,DEN,1,49,4.756973093269725,109.17702556600318,21.0,-196.4914619922638,42,0.0,1.0,3.0,46.0,26.0
2025,POST,all,00-0036264,J.Love,GB,1,48,18.448551317418197,104.99549469079645,22.0,94.80391144752502,38,1.0,0.0,4.0,47.0,24.0
2025,POST,all,00-0036355,J.Herbert,LAC,1,44,-11.146322408632841,89.04685202123483,22.0,-78.98380160331726,30,6.0,0.0,0.0,37.0,19.0
2025,POST,all,00-0039150,B.Young,CAR,1,44,-3.240152850871821,141.06595710188998,19.0,-219.72505152225494,37,2.0,1.0,1.0,42.0,21.0
2025,POST,all,00-0023459,A.Rodgers,PIT,1,37,-26.607500045045388,148.51546068859372,7.0,-223.26711416244507,30,4.0,1.0,0.0,37.0,17.0
2025,POST,all,00-0035264,J.Stidham,DEN,1,37,-16.04256438691226,90.65077493663678,8.0,-157.22997784614563,27,3.0,1.0,1.0,34.0,17.0
2025,POST,all,00-0036389,J.Hurts,PHI,1,37,-2.3519609705935527,61.13477448257232,14.0,-269.8303908109665,34,1.0,0.0,1.0,36.0,20.0
2025,POST,all,00-0036971,T.Lawrence,JAX,1,33,0.6485519031521814,70.51979756494617,16.0,-151.61004662513733,30,1.0,2.0,3.0,31.0,18.0
2025,POST,all,00-0036972,M.Jones,SF,1,5,-1.298065850045532,3.863792480540874,1.0,-73.07047545909882,4,0.0,0.0,0.0,4.0,2.0
2025,POST,all,00-0034771,M.Rudolph,PIT,1,1,1.2573037131223828,1.580812627031331,1.0,30.629032850265503,1,0.0,0.0,0.0,1.0,1.0
2025,POST,all,00-0036259,J.Jennings,SF,1,1,3.2096103037474677,10.301598301921912,1.0,68.21950972080231,1,0.0,0.0,1.0,1.0,1.0
2025,POST,all,00-0036290,C.Kmet,CHI,1,1,-0.29593331541400403,0.08757652717192439,0.0,0.0,0,0.0,0.0,0.0,0.0,0.0
2025,POST,all,00-0040563,E.Chism,NE,1,1,-1.643550648004748,2.701258732556827,0.0,-55.13244867324829,1,0.0,0.0,0.0,1.0,0.0
2025,POST,close,00-0026498,M.Stafford,LA,3,116,13.456383518620157,193.3915677785617,51.0,-570.688059926033,106,6.0,1.0,4.0,114.0,60.0
2025,POST,close,00-0039851,D.Maye,NE,4,106,-8.246968923382795,290.67584930958947,43.0,-270.9399417042732,74,16.0,1.0,4.0,96.0,47.0
2025,POST,close,00-0034857,J.Allen,BUF,2,78,14.511552170025142,136.06246593954637,36.0,428.4970372915268,68,3.0,2.0,3.0,71.0,48.0
2025,POST,close,00-0034869,S.Darnold,SEA,3,66,17.710643009543922,107.87485987181915,35.0,-43.23059022426605,59,3.0,0.0,3.0,65.0,37.0
2025,POST,close,00-0039163,C.Stroud,HOU,2,62,-17.227619128670455,278.53579745959803,25.0,-467.3942655324936,55,5.0,4.0,2.0,61.0,31.0
2025,POST,close,00-0039918,C.Williams,CHI,2,62,15.65556202550194,158.42691114944856,32.0,-256.29496425390244,57,0.0,4.0,3.0,59.0,33.0
2025,POST,close,00-0039732,B.Nix,DEN,1,48,4.631461420165241,109.1612723859177,20.0,-210.04074215888977,41,0.0,1.0,3.0,45.0,25.0
2025,POST,close,00-0037834,B.Purdy,SF,2,38,4.88275166915264,109.80202612622362,19.0,-85.43621897697449,32,1.0,2.0,2.0,35.0,20.0
2025,POST,close,00-0035264,J.Stidham,DEN,1,37,-16.04256438691226,90.65077493663678,8.0,-157.22997784614563,27,3.0,1.0,1.0,34.0,17.0
2025,POST,close,00-0036389,J.Hurts,PHI,1,37,-2.3519609705935527,61.13477448257232,14.0,-269.8303908109665,34,1.0,0.0,1.0,36.0,20.0
2025,POST,close,00-0039150,B.Young,CAR,1,35,-10.029425977970389,112.0827965122133,14.0,-175.23586750030518,29,2.0,1.0,1.0,34.0,17.0
2025,POST,close,00-0036971,T.Lawrence,JAX,1,33,0.6485519031521814,70.51979756494617,16.0,-151.61004662513733,30,1.0,2.0,3.0,31.0,18.0
2025,POST,close,00-0036264,J.Love,GB,1,31,19.730936720517008,70.4463782000497,16.0,224.2647498846054,28,1.0,0.0,3.0,31.0,19.0
2025,POST,close,00-0023459,A.Rodgers,PIT,1,27,-16.45154694730613,97.15735139696943,6.0,49.15355443954468,21,3.0,0.0,0.0,27.0,14.0
2025,POST,close,00-0036355,J.Herbert,LAC,1,26,-5.906796637922525,33.90797138766908,12.0,-101.79195702075958,18,3.0,0.0,0.0,22.0,11.0
2025,POST,close,00-0036259,J.Jennings,SF,1,1,3.2096103037474677,10.301598301921912,1.0,68.21950972080231,1,0.0,0.0,1.0,1.0,1.0
2025,POST,close,00-0036290,C.Kmet,CHI,1,1,-0.29593331541400403,0.08757652717192439,0.0,0.0,0,0.0,0.0,0.0,0.0,0.0
2025,POST,close,00-0040563,E.Chism,NE,1,1,-1.643550648004748,2.701258732556827,0.0,-55.13244867324829,1,0.0,0.0,0.0,1.0,0.0
2025,POST,clutch,00-0036264,J.Love,GB,1,16,2.0946355029163026,16.717817254831726,6.0,-60.84944307804108,15,0.0,0.0,0.0,16.0,8.0
2025,POST,clutch,00-0026498,M.Stafford,LA,3,15,2.393297815914566,24.391895873936544,8.0,98.17878603935242,15,0.0,0.0,1.0,15.0,10.0
2025,POST,clutch,00-0034857,J.Allen,BUF,2,13,1.5497236323179253,10.719373729949728,5.0,-83.17572772502899,13,0.0,0.0,0.0,13.0,7.0
2025,POST,clutch,00-0039918,C.Williams,CHI,2,13,7.391910016638692,50.92390857484182,7.0,-70.38265466690063,12,0.0,0.0,2.0,13.0,6.0
2025,POST,clutch,00-0036389,J.Hurts,PHI,1,10,-1.5633087937021628,17.90245462678043,3.0,-40.78875184059143,8,1.0,0.0,0.0,10.0,5.0
2025,POST,clutch,00-0039150,B.Young,CAR,1,7,0.47066708872443996,12.629195848966562,2.0,-145.74423134326935,6,0.0,0.0,1.0,7.0,2.0
2025,POST,clutch,00-0039732,B.Nix,DEN,1,7,5.440431752358563,19.683923097949272,4.0,216.5609508752823,6,0.0,0.0,1.0,7.0,6.0
2025,POST,clutch,00-0034869,S.Darnold,SEA,1,4,2.480562003562227,3.8050946077053256,3.0,56.60346448421478,4,0.0,0.0,0.0,4.0,3.0
2025,POST,clutch,00-0037834,B.Purdy,SF,1,3,2.1906246947473846,8.458116640832277,2.0,33.15632939338684,3,0.0,0.0,1.0,3.0,2.0
2025,POST,clutch,00-0035264,J.Stidham,DEN,1,2,-2.67033511842601,5.29053179868045,0.0,-9.818652272224426,2,0.0,1.0,0.0,2.0,1.0
2025,POST,clutch,00-0036971,T.Lawrence,JAX,1,2,0.044339571555610746,8.984496595914491,1.0,-48.98485541343689,2,0.0,1.0,1.0,2.0,1.0
2025,POST,late,00-0039851,D.Maye,NE,2,18,-3.1076823452166282,115.99520658185969,10.0,208.23598951101303,17,0.0,1.0,1.0,18.0,13.0
2025,POST,late,00-0036264,J.Love,GB,1,16,2.0946355029163026,16.717817254831726,6.0,-60.84944307804108,15,0.0,0.0,0.0,16.0,8.0
2025,POST,late,00-0039918,C.Williams,CHI,2,16,11.64158414500719,63.03838440532556,9.0,-69.28667426109314,15,0.0,0.0,3.0,16.0,8.0
2025,POST,late,00-0026498,M.Stafford,LA,3,15,2.393297815914566,24.391895873936544,8.0,98.17878603935242,15,0.0,0.0,1.0,15.0,10.0
2025,POST,late,00-0034857,J.Allen,BUF,2,13,1.5497236323179253,10.719373729949728,5.0,-83.17572772502899,13,0.0,0.0,0.0,13.0,7.0
2025,POST,late,00-0036355,J.Herbert,LAC,1,12,-2.695852846314665,22.917158969267888,6.0,15.008464455604553,9,2.0,0.0,0.0,11.0,6.0
2025,POST,late,00-0036389,J.Hurts,PHI,1,10,-1.5633087937021628,17.90245462678043,3.0,-40.78875184059143,8,1.0,0.0,0.0,10.0,5.0
2025,POST,late,00-0039150,B.Young,CAR,1,7,0.47066708872443996,12.629195848966562,2.0,-145.74423134326935,6,0.0,0.0,1.0,7.0,2.0
2025,POST,late,00-0039163,C.Stroud,HOU,1,7,-4.326473931840155,6.624418702487107,1.0,-197.7067619562149,6,1.0,0.0,0.0,7.0,2.0
2025,POST,late,00-0039732,B.Nix,DEN,1,7,5.440431752358563,19.683923097949272,4.0,216.5609508752823,6,0.0,0.0,1.0,7.0,6.0
2025,POST,late,00-0023459,A.Rodgers,PIT,1,4,-8.158509582164697,42.589599752585855,0.0,-204.49367463588715,4,0.0,1.0,0.0,4.0,1.0
2025,POST,late,00-0034869,S.Darnold,SEA,1,4,2.480562003562227,3.8050946077053256,3.0,56.60346448421478,4,0.0,0.0,0.0,4.0,3.0
2025,POST,late,00-0037834,B.Purdy,SF,1,3,2.1906246947473846,8.458116640832277,2.0,33.15632939338684,3,0.0,0.0,1.0,3.0,2.0
2025,POST,late,00-0035264,J.Stidham,DEN,1,2,-2.67033511842601,5.29053179868045,0.0,-9.818652272224426,2,0.0,1.0,0.0,2.0,1.0
2025,POST,late,00-0036971,T.Lawrence,JAX,1,2,0.044339571555610746,8.984496595914491,1.0,-48.98485541343689,2,0.0,1.0,1.0,2.0,1.0
2025,POST,late,00-0034771,M.Rudolph,PIT,1,1,1.2573037131223828,1.580812627031331,1.0,30.629032850265503,1,0.0,0.0,0.0,1.0,1.0
2025,POST,late,00-0036972,M.Jones,SF,1,1,-1.1117869621375576,1.236070249179059,0.0,-38.87694776058197,1,0.0,0.0,0.0,1.0,0.0
2025,POST,ot,00-0039732,B.Nix,DEN,1,7,-1.619041503407061,7.28827620024658,2.0,-107.46514201164246,7,0.0,0.0,0.0,7.0,4.0
2025,POST,ot,00-0026498,M.Stafford,LA,1,6,1.9392862676040479,7.552424677627291,3.0,-48.78317713737488,6,0.0,0.0,0.0,6.0,3.0
2025,POST,ot,00-0034857,J.Allen,BUF,1,6,0.7532448949059471,9.20930639403376,2.0,33.014172315597534,5,0.0,1.0,0.0,5.0,3.0
2025,POST,ot,00-0039918,C.Williams,CHI,1,6,-0.7715456295991316,9.84947470632006,4.0,75.39888620376587,5,0.0,1.0,0.0,5.0,4.0
2025,POST,q1,00-0039851,D.Maye,NE,4,33,-10.436283722461667,100.87795815944189,13.0,-158.38071405887604,24,6.0,1.0,1.0,31.0,16.0
2025,POST,q1,00-0034869,S.Darnold,SEA,3,27,9.257894002619974,50.498653501983455,15.0,109.85471904277802,24,1.0,0.0,1.0,27.0,16.0
2025,POST,q1,00-0026498,M.Stafford,LA,3,21,10.855183986990971,38.75238775912167,11.0,43.22983920574188,20,0.0,0.0,1.0,21.0,13.0
2025,POST,q1,00-0039163,C.Stroud,HOU,2,21,-3.923136253983243,100.93106317724728,8.0,-180.21370768547058,20,1.0,1.0,0.0,21.0,11.0
2025,POST,q1,00-0039918,C.Williams,CHI,2,15,3.6031400390705612,33.122834730715695,8.0,15.628096461296082,14,0.0,1.0,0.0,15.0,9.0
2025,POST,q1,00-0039150,B.Young,CAR,1,14,-9.98766505648382,62.86413413855969,6.0,-19.330507516860962,11,2.0,1.0,0.0,14.0,7.0
2025,POST,q1,00-0034857,J.Allen,BUF,2,13,3.0668907209765166,12.660527267052382,8.0,176.06674432754517,11,0.0,0.0,1.0,11.0,10.0
2025,POST,q1,00-0037834,B.Purdy,SF,2,13,0.4243698475183919,57.83130473376556,5.0,66.36404991149902,12,0.0,0.0,1.0,12.0,9.0
2025,POST,q1,00-0023459,A.Rodgers,PIT,1,8,-3.076133172256771,10.053545824761166,2.0,-90.08670151233673,8,0.0,0.0,0.0,8.0,4.0
2025,POST,q1,00-0035264,J.Stidham,DEN,1,8,2.5581332151195966,29.535985068864633,3.0,16.924437880516052,7,0.0,0.0,1.0,8.0,4.0
2025,POST,q1,00-0036355,J.Herbert,LAC,1,8,-4.191359663615003,15.371509680157082,3.0,-78.60904932022095,5,0.0,0.0,0.0,5.0,3.0
2025,POST,q1,00-0036389,J.Hurts,PHI,1,8,-0.8487433068221435,13.801022321447919,4.0,70.22329568862915,8,0.0,0.0,0.0,8.0,6.0
2025,POST,q1,00-0039732,B.Nix,DEN,1,8,-0.43847164050782395,4.414285589635895,4.0,1.4996498823165894,8,0.0,0.0,0.0,8.0,5.0
2025,POST,q1,00-0036971,T.Lawrence,JAX,1,7,-5.594089092919603,34.34216794359078,3.0,-126.17983818054199,7,0.0,1.0,0.0,7.0,4.0
2025,POST,q1,00-0036264,J.Love,GB,1,5,4.925111707416363,12.910532182169327,3.0,57.719892263412476,5,0.0,0.0,1.0,5.0,4.0
2025,POST,q1,00-0036290,C.Kmet,CHI,1,1,-0.29593331541400403,0.08757652717192439,0.0,0.0,0,0.0,0.0,0.0,0.0,0.0
2025,POST,q1,00-0040563,E.Chism,NE,1,1,-1.643550648004748,2.701258732556827,0.0,-55.13244867324829,1,0.0,0.0,0.0,1.0,0.0
2025,POST,q2,00-0039851,D.Maye,NE,4,44,-6.584393132809915,56.992931238772975,14.0,-529.7321692109108,29,5.0,1.0,1.0,39.0,13.0
2025,POST,q2,00-0026498,M.Stafford,LA,3,40,-0.760656257981863,61.77059294663593,15.0,-303.5884916782379,34,4.0,0.0,1.0,39.0,17.0
2025,POST,q2,00-0039163,C.Stroud,HOU,2,28,-14.54104855924379,144.14789091221797,11.0,-495.094433426857,25,1.0,3.0,2.0,27.0,12.0
2025,POST,q2,00-0034869,S.Darnold,SEA,3,27,2.8208035127690145,38.89113732818336,12.0,-396.44643664360046,26,1.0,0.0,1.0,27.0,12.0
2025,POST,q2,00-0037834,B.Purdy,SF,2,24,5.4067910874853204,23.97127191760099,11.0,-1.2224674224853516,19,1.0,0.0,0.0,23.0,13.0
2025,POST,q2,00-0039918,C.Williams,CHI,2,23,0.8820674041637979,48.481704545401094,9.0,-189.02827352285385,21,0.0,1.0,1.0,21.0,12.0
2025,POST,q2,00-0034857,J.Allen,BUF,2,20,5.101512051504934,30.415181413110304,11.0,203.26683223247528,16,2.0,0.0,0.0,18.0,12.0
2025,POST,q2,00-0035264,J.Stidham,DEN,1,18,-9.379147324781568,50.00078969148014,5.0,-22.986584901809692,11,3.0,0.0,0.0,16.0,8.0
2025,POST,q2,00-0039732,B.Nix,DEN,1,18,8.910579306306317,42.887163452501966,9.0,-20.878344774246216,13,0.0,0.0,2.0,15.0,8.0
2025,POST,q2,00-0036264,J.Love,GB,1,12,13.486456441186096,48.4624438633259,7.0,143.65164935588837,7,1.0,0.0,2.0,11.0,5.0
2025,POST,q2,00-0036971,T.Lawrence,JAX,1,11,-0.7147753543395083,5.669354443999393,5.0,25.637704133987427,8,1.0,0.0,1.0,9.0,5.0
2025,POST,q2,00-0036355,J.Herbert,LAC,1,10,3.132930706720799,7.223159819119956,7.0,189.4926905632019,7,2.0,0.0,0.0,10.0,7.0
2025,POST,q2,00-0039150,B.Young,CAR,1,9,6.789273127098568,28.983160589676693,5.0,-44.48918402194977,8,0.0,0.0,0.0,8.0,4.0
2025,POST,q2,00-0023459,A.Rodgers,PIT,1,8,-2.9151462715363374,10.386016498831403,2.0,97.55397439002991,5,1.0,0.0,0.0,8.0,5.0
2025,POST,q2,00-0036389,J.Hurts,PHI,1,8,4.385499135998543,20.727147514370063,4.0,-0.31321942806243896,8,0.0,0.0,1.0,8.0,5.0
2025,POST,q3,00-0039851,D.Maye,NE,4,36,-11.428007681826566,135.67538915165414,14.0,-216.10725224018097,26,7.0,0.0,0.0,33.0,15.0
2025,POST,q3,00-0034869,S.Darnold,SEA,3,30,12.2757408866977,48.74023654882245,16.0,339.1896426677704,24,3.0,0.0,2.0,29.0,20.0
2025,POST,q3,00-0026498,M.Stafford,LA,3,24,-0.5814773478064637,73.29512206094631,7.0,-296.0530400276184,22,2.0,1.0,2.0,24.0,9.0
2025,POST,q3,00-0039163,C.Stroud,HOU,2,21,-0.9661175188681421,64.31235308839591,8.0,31.224873661994934,17,3.0,1.0,0.0,20.0,11.0
2025,POST,q3,00-0034857,J.Allen,BUF,2,18,-5.995550125209046,72.90804673745119,8.0,64.77130949497223,15,2.0,1.0,1.0,17.0,11.0
2025,POST,q3,00-0039918,C.Williams,CHI,2,18,-3.9341222374845928,47.610486228981586,8.0,-239.70366418361664,17,0.0,2.0,0.0,17.0,8.0
2025,POST,q3,00-0037834,B.Purdy,SF,2,17,-15.954221259220503,97.55792211372517,6.0,-327.9407501220703,12,1.0,2.0,0.0,15.0,4.0
2025,POST,q3,00-0039150,B.Young,CAR,1,10,0.7207574354459911,33.76968978268835,5.0,-41.61611199378967,8,0.0,0.0,0.0,9.0,5.0
2025,POST,q3,00-0023459,A.Rodgers,PIT,1,9,-2.2430679062381387,16.344909367353903,2.0,69.04206871986389,7,1.0,0.0,0.0,9.0,5.0
2025,POST,q3,00-0036264,J.Love,GB,1,8,-5.430899833096191,8.048744912326077,2.0,-32.797083258628845,5,0.0,0.0,0.0,8.0,3.0
2025,POST,q3,00-0039732,B.Nix,DEN,1,7,-5.695072094851639,32.887757980099046,2.0,-243.51600408554077,6,0.0,1.0,0.0,7.0,2.0
2025,POST,q3,00-0036355,J.Herbert,LAC,1,6,-2.448651644634083,8.206684668875056,2.0,-72.0348984003067,4,1.0,0.0,0.0,5.0,1.0
2025,POST,q3,00-0036389,J.Hurts,PHI,1,6,-2.124874936416745,5.336894448082408,2.0,-164.40214812755585,6,0.0,0.0,0.0,6.0,3.0
2025,POST,q3,00-0036971,T.Lawrence,JAX,1,6,2.520934459968046,9.477518216696685,3.0,22.65876829624176,6,0.0,0.0,0.0,6.0,4.0
2025,POST,q3,00-0035264,J.Stidham,DEN,1,2,-1.513708338374272,1.1464178807798202,0.0,-46.24190330505371,2,0.0,0.0,0.0,2.0,1.0
2025,POST,q4,00-0039851,D.Maye,NE,4,42,2.2234675191431306,209.37088006134894,22.0,497.7979704737663,34,3.0,2.0,4.0,39.0,26.0
2025,POST,q4,00-0039918,C.Williams,CHI,2,36,16.772835169371437,111.41081484539285,17.0,-275.741770863533,31,1.0,0.0,3.0,34.0,14.0
2025,POST,q4,00-0026498,M.Stafford,LA,3,35,12.84355820901692,60.89301214356949,21.0,193.04008185863495,34,0.0,0.0,2.0,34.0,24.0
2025,POST,q4,00-0034857,J.Allen,BUF,2,28,11.259124922017524,48.332432163739504,12.0,8.602043986320496,27,0.0,0.0,2.0,27.0,17.0
2025,POST,q4,00-0036264,J.Love,GB,1,23,5.467883001911927,35.57377373297514,10.0,-73.77054691314697,21,0.0,0.0,1.0,23.0,12.0
2025,POST,q4,00-0036355,J.Herbert,LAC,1,20,-7.639241807104554,58.245497853082725,10.0,-117.83254444599152,14,3.0,0.0,0.0,17.0,8.0
2025,POST,q4,00-0039163,C.Stroud,HOU,2,17,-2.486850739438158,21.552115838450913,6.0,-281.84234499931335,15,1.0,0.0,0.0,17.0,7.0
2025,POST,q4,00-0034869,S.Darnold,SEA,2,15,1.1120908005352237,22.00936102543413,7.0,128.11269164085388,12,1.0,0.0,1.0,14.0,8.0
2025,POST,q4,00-0036389,J.Hurts,PHI,1,15,-3.7638418633532074,21.26971019867192,4.0,-175.33831894397736,12,1.0,0.0,0.0,14.0,6.0
2025,POST,q4,00-0037834,B.Purdy,SF,2,14,-2.820566174283158,48.23591601661215,8.0,111.05402708053589,9,1.0,1.0,1.0,11.0,7.0
2025,POST,q4,00-0023459,A.Rodgers,PIT,1,12,-18.37315269501414,111.73098899764724,1.0,-299.77645576000214,10,2.0,1.0,0.0,12.0,3.0
2025,POST,q4,00-0039150,B.Young,CAR,1,11,-0.76251835693256,15.448972590965251,3.0,-114.28924798965454,10,0.0,0.0,1.0,11.0,5.0
2025,POST,q4,00-0035264,J.Stidham,DEN,1,9,-7.707841938876017,9.967582295512173,0.0,-104.92592751979828,7,0.0,1.0,0.0,8.0,4.0
2025,POST,q4,00-0036971,T.Lawrence,JAX,1,9,4.436481890443247,21.03075696065932,5.0,-73.72668087482452,9,0.0,1.0,2.0,9.0,5.0
2025,POST,q4,00-0039732,B.Nix,DEN,1,9,3.598979025729932,21.69954234351969,4.0,173.86837899684906,8,0.0,0.0,1.0,9.0,7.0
2025,POST,q4,00-0036972,M.Jones,SF,1,5,-1.298065850045532,3.863792480540874,1.0,-73.07047545909882,4,0.0,0.0,0.0,4.0,2.0
2025,POST,q4,00-0034771,M.Rudolph,PIT,1,1,1.2573037131223828,1.580812627031331,1.0,30.629032850265503,1,0.0,0.0,0.0,1.0,1.0
2025,POST,q4,00-0036259,J.Jennings,SF,1,1,3.2096103037474677,10.301598301921912,1.0,68.21950972080231,1,0.0,0.0,1.0,1.0,1.0
2025,REG,all,00-0039732,B.Nix,DEN,17,674,79.36020346887986,1279.8647840485578,304.0,-697.0576107501984,583,22.0,11.0,25.0,638.0,388.0
2025,REG,all,00-0033077,D.Prescott,DAL,17,657,113.91032310238684,1633.4979420937539,320.0,1285.7707768678665,584,31.0,10.0,30.0,631.0,404.0
2025,REG,all,00-0036971,T.Lawrence,JAX,17,643,51.27549418214086,1515.2166533545467,302.0,-1023.6794993281364,544,41.0,12.0,29.0,600.0,341.0
2025,REG,all,00-0039918,C.Williams,CHI,17,637,68.77354048219743,1374.2569563348584,285.0,-1843.8569158315659,526,24.0,7.0,27.0,594.0,330.0
2025,REG,all,00-0034855,B.Mayfield,TB,17,626,37.204319939682655,1473.2836810049196,281.0,-1115.209236741066,527,36.0,11.0,26.0,584.0,343.0
2025,REG,all,00-0026498,M.Stafford,LA,17,624,139.23713701684244,1663.3517239889266,329.0,892.6052063703537,581,23.0,8.0,46.0,617.0,388.0
2025,REG,all,00-0033106,J.Goff,DET,17,619,109.3703506834146,1528.5007335222422,301.0,970.0211852788925,546,38.0,8.0,34.0,614.0,393.0
2025,REG,all,00-0036355,J.Herbert,LAC,16,615,33.479670393680934,1585.8754944634957,287.0,778.0147194862366,494,54.0,13.0,26.0,566.0,340.0
2025,REG,all,00-0040676,C.Ward,TEN,17,615,-102.79959729487082,1488.9427799092853,233.0,-1461.9080051779747,499,55.0,7.0,15.0,592.0,323.0
2025,REG,all,00-0039851,D.Maye,NE,17,602,191.25965555794244,1513.1907285753985,333.0,5088.761676847935,472,47.0,8.0,31.0,540.0,354.0
2025,REG,all,00-0033873,P.Mahomes,KC,14,589,99.19911201882212,1381.8630434901256,294.0,159.12421643733978,473,34.0,11.0,22.0,537.0,315.0
2025,REG,all,00-0034857,J.Allen,BUF,16,554,89.26519151296364,1452.236357107165,268.0,1564.1120731830597,445,40.0,10.0,25.0,506.0,319.0
2025,REG,all,00-0033119,J.Brissett,ARI,13,552,-0.6169242460192801,1319.7785261846059,250.0,747.3412364721298,457,43.0,8.0,23.0,530.0,315.0
2025,REG,all,00-0039150,B.Young,CAR,16,539,-6.432317618576004,1392.1240687820487,236.0,443.52069199085236,444,27.0,11.0,23.0,506.0,304.0
2025,REG,all,00-0023459,A.Rodgers,PIT,16,538,18.649293920324048,1269.3134394917286,232.0,19.676217436790466,472,29.0,7.0,24.0,526.0,327.0
2025,REG,all,00-0036389,J.Hurts,PHI,16,526,43.487511672333056,1247.8714194847348,233.0,1359.282374382019,427,32.0,6.0,25.0,486.0,294.0
2025,REG,all,00-0030565,G.Smith,LV,15,521,-67.55435842402933,1523.574634419807,221.0,302.64975130558014,428,55.0,17.0,19.0,503.0,302.0
2025,REG,all,00-0034869,S.Darnold,SEA,17,516,69.19523651525515,1562.3673106248573,271.0,2324.9628603458405,451,27.0,14.0,25.0,502.0,323.0
2025,REG,all,00-0036264,J.Love,GB,15,485,127.19311844334717,1141.7617438315087,245.0,2274.045470356941,411,21.0,6.0,23.0,461.0,291.0
2025,REG,all,00-0039163,C.Stroud,HOU,14,471,52.52644336172862,1045.868416003595,217.0,143.4270143508911,401,23.0,8.0,19.0,446.0,273.0
2025,REG,all,00-0035710,D.Jones,IND,13,431,65.09443711503373,956.2574222386003,217.0,856.8339407444,373,22.0,8.0,19.0,409.0,261.0
2025,REG,all,00-0036212,T.Tagovailoa,MIA,14,426,6.834573918918267,1063.9813747260473,189.0,745.4798877239227,369,30.0,15.0,20.0,415.0,260.0
2025,REG,all,00-0040691,J.Dart,NYG,13,413,20.575719441998896,888.1544325586166,184.0,-63.53062391281128,329,35.0,5.0,15.0,375.0,216.0
2025,REG,all,00-0040743,T.Shough,NO,11,376,-1.8274647775708486,883.0629990335367,168.0,506.57491087913513,315,31.0,6.0,10.0,356.0,221.0
2025,REG,all,00-0034796,L.Jackson,BAL,13,368,22.372072399064486,1110.924600593904,171.0,510.0179746747017,290,36.0,7.0,21.0,338.0,192.0
2025,REG,all,00-0037834,B.Purdy,SF,9,316,63.768928214928685,854.7115864073315,168.0,1966.1522328853607,272,11.0,10.0,20.0,298.0,197.0
2025,REG,all,00-0036972,M.Jones,SF,8,312,40.68955767409059,682.1815153214466,163.0,1022.6416051387787,278,16.0,6.0,13.0,304.0,201.0
2025,REG,all,00-0039917,M.Penix,ATL,9,303,10.464865906110543,740.6868550298586,140.0,-955.5922448635101,264,13.0,3.0,9.0,290.0,166.0
2025,REG,all,00-0039923,J.McCarthy,MIN,10,290,-43.81474360231803,933.8477316332658,121.0,-1362.28117197752,238,27.0,12.0,11.0,273.0,140.0
2025,REG,all,00-0039376,S.Rattler,NO,9,288,-28.022399114129005,667.4528432670443,133.0,577.410364151001,245,18.0,5.0,8.0,272.0,174.0
2025,REG,all,00-0036442,J.Burrow,CIN,8,286,24.26998726625015,1039.2724416010553,138.0,1154.2659565806389,248,17.0,5.0,17.0,278.0,173.0
2025,REG,all,00-0029604,K.Cousins,ATL,10,283,-6.5194084770527585,668.912496683192,125.0,-713.8271853327751,255,13.0,5.0,10.0,281.0,166.0
2025,REG,all,00-0026158,J.Flacco,CIN,8,266,12.46380585377632,756.863931146891,123.0,-458.3034709095955,240,9.0,4.0,13.0,264.0,158.0
2025,REG,all,00-0032268,M.Mariota,WAS,10,262,7.081053412120532,892.5144209770574,126.0,671.3922947645187,210,16.0,7.0,10.0,244.0,139.0
2025,REG,all,00-0036945,J.Fields,NYJ,9,261,-12.090402154598754,513.3929380152922,112.0,-362.55468130111694,194,27.0,1.0,7.0,233.0,128.0
2025,REG,all,00-0040668,S.Sanders,CLE,8,253,-60.42563131721639,844.3171782338709,93.0,-974.9316066503525,195,23.0,10.0,7.0,235.0,120.0
2025,REG,all,00-0039910,J.Daniels,WAS,7,243,5.711640498833238,581.9375643569332,113.0,-474.86115992069244,174,18.0,3.0,8.0,205.0,114.0
2025,REG,all,00-0040704,D.Gabriel,CLE,10,215,-40.980709151403325,360.31472300095834,70.0,-1358.7772846221924,181,19.0,2.0,7.0,204.0,110.0
2025,REG,all,00-0032950,C.Wentz,MIN,5,197,8.415452234339156,445.40512537592565,95.0,178.90987992286682,161,19.0,5.0,6.0,188.0,110.0
2025,REG,all,00-0035228,K.Murray,ARI,5,193,15.236067261391852,344.02831141127854,86.0,-83.01856219768524,157,16.0,3.0,6.0,177.0,110.0
2025,REG,all,00-0040398,B.Cook,NYJ,5,180,-69.77943579265421,389.2027481039376,57.0,-1484.3068450689316,148,19.0,7.0,2.0,173.0,88.0
2025,REG,all,00-0036898,D.Mills,HOU,6,176,-13.13383066858217,292.90122783042824,71.0,-1005.2401036024094,152,8.0,1.0,5.0,169.0,91.0
2025,REG,all,00-0026158,J.Flacco,CLE,4,170,-56.64266517817687,444.5738357537574,57.0,-631.5697148442268,146,9.0,6.0,2.0,168.0,93.0
2025,REG,all,00-0028118,T.Taylor,NYJ,6,169,-8.12748063110286,399.32409871338444,75.0,-111.45556569099426,127,14.0,5.0,5.0,147.0,80.0
2025,REG,all,00-0029263,R.Wilson,NYG,6,141,-17.27690726649073,339.35015179570746,53.0,-161.31668388843536,109,10.0,3.0,3.0,129.0,69.0
2025,REG,all,00-0035100,J.Browning,CIN,5,138,-49.44162349758261,581.7015266077483,54.0,45.08460462093353,120,9.0,8.0,6.0,134.0,81.0
2025,REG,all,00-0022942,P.Rivers,IND,3,97,-11.195535567243311,304.66165470356884,41.0,-332.33919739723206,90,5.0,3.0,4.0,97.0,58.0
2025,REG,all,00-0040234,Q.Ewers,MIA,4,94,-3.910855055053342,266.2466238318205,39.0,81.36827349662781,82,8.0,3.0,3.0,91.0,55.0
2025,REG,all,00-0040494,M.Brosmer,MIN,6,87,-56.73834870177089,319.6423823538563,24.0,-239.9329036474228,68,14.0,4.0,0.0,85.0,47.0
2025,REG,all,00-0035993,T.Huntley,BAL,4,81,12.069078771757399,153.1756661822508,41.0,840.5083686113358,65,8.0,0.0,2.0,74.0,52.0
2025,REG,all,00-0040206,R.Leonard,IND,5,73,-9.868044461218483,294.1567416821512,25.0,-247.73481786251068,64,2.0,3.0,2.0,70.0,39.0
2025,REG,all,00-0031503,J.Winston,NYG,3,70,18.66954024351901,247.12842572893283,31.0,-195.1149582862854,63,3.0,2.0,2.0,69.0,37.0
2025,REG,all,00-0037012,T.Lance,LAC,4,66,-32.68817756871823,175.20858873014419,21.0,-489.07661736011505,50,6.0,1.0,0.0,59.0,27.0
2025,REG,all,00-0037324,C.Oladokun,KC,3,66,-30.72680859854567,130.8672205703389,17.0,-202.8678297996521,52,8.0,0.0,1.0,62.0,35.0
2025,REG,all,00-0026300,J.Johnson,WAS,3,62,9.233864400774188,139.36200773044845,32.0,97.31273651123047,48,2.0,2.0,1.0,54.0,34.0
2025,REG,all,00-0034771,M.Rudolph,PIT,4,55,2.554198399620166,133.695351032838,28.0,288.11698853969574,50,2.0,2.0,2.0,54.0,38.0
2025,REG,all,00-0038102,K.Pickett,LV,6,55,-25.786100492395107,129.39704271943367,17.0,-287.4257564544678,44,8.0,2.0,1.0,52.0,28.0
2025,REG,all,00-0033662,C.Rush,BAL,3,53,-25.05178101762415,216.2362343813722,22.0,-98.93314242362976,51,1.0,4.0,0.0,53.0,34.0
2025,REG,all,00-0038400,T.McKee,PHI,2,49,-1.5731020410671346,77.2376906599466,23.0,50.29715299606323,37,3.0,1.0,1.0,46.0,24.0
2025,REG,all,00-0038128,M.Willis,GB,4,47,33.24808601803542,110.5055642664347,32.0,769.4716513156891,35,3.0,0.0,3.0,38.0,30.0
2025,REG,all,00-0027973,A.Dalton,CAR,3,46,-9.955220051605377,210.9477179156943,20.0,237.45312094688416,36,8.0,1.0,1.0,45.0,25.0
2025,REG,all,00-0033869,M.Trubisky,BUF,4,39,25.717737506085776,100.71410154338969,24.0,265.3476893901825,34,0.0,0.0,4.0,37.0,25.0
2025,REG,all,00-0032434,B.Allen,TEN,1,31,-24.02839085522935,103.27367025295182,5.0,-392.46718883514404,30,1.0,1.0,0.0,31.0,17.0
2025,REG,all,00-0039398,J.Milton,DAL,4,27,-4.585856225480933,106.55255469967494,12.0,36.90839409828186,23,0.0,2.0,1.0,24.0,15.0
2025,REG,all,00-0038579,A.O'Connell,LV,1,24,-5.706921673483371,30.682817940381423,9.0,-518.5795545578003,22,1.0,0.0,0.0,23.0,10.0
2025,REG,all,00-0038582,C.Tune,GB,2,22,-18.834403774759267,53.820621312287486,4.0,-306.44189715385437,14,5.0,1.0,0.0,20.0,7.0
2025,REG,all,00-0036679,S.Buechele,KC,1,20,-7.660178778335405,23.07223653195599,4.0,-218.03467869758606,13,5.0,0.0,0.0,19.0,7.0
2025,REG,all,00-0031237,T.Bridgewater,TB,1,18,-12.51733303326182,66.86464476421625,2.0,-228.11889350414276,14,2.0,0.0,0.0,17.0,8.0
2025,REG,all,00-0035289,G.Minshew II,KC,2,14,-6.914474138233345,11.349502361401623,3.0,-225.8350044488907,11,0.0,1.0,0.0,13.0,6.0
2025,REG,all,00-0037013,Z.Wilson,MIA,3,12,-6.859845929488074,28.17231803914102,3.0,-73.663729429245,10,0.0,0.0,0.0,11.0,6.0
2025,REG,all,00-0033949,J.Dobbs,NE,4,11,-1.0756269610003608,16.334177197515842,3.0,59.46495234966278,10,0.0,0.0,0.0,10.0,7.0
2025,REG,all,00-0033357,T.Hill,NO,5,6,-0.9995986306660125,70.86580661022353,2.0,-131.17354810237885,5,0.0,0.0,1.0,6.0,2.0
2025,REG,all,00-0038416,T.Bagent,CHI,2,5,2.618899015884381,7.639646036632836,3.0,38.274431228637695,4,0.0,0.0,0.0,4.0,3.0
2025,REG,all,00-0033319,N.Mullens,JAX,2,3,2.8997661510420993,6.256652746847575,2.0,86.87268197536469,3,0.0,0.0,0.0,3.0,3.0
2025,REG,all,00-0035685,D.Montgomery,DET,3,3,-1.7448692192556337,9.369861345286363,1.0,6.891584396362305,2,1.0,0.0,1.0,3.0,1.0
2025,REG,all,00-0035704,D.Lock,SEA,1,3,-0.8927228087559342,1.6941273817397735,1.0,-42.8693413734436,3,0.0,0.0,0.0,3.0,2.0
2025,REG,all,00-0034577,K.Allen,DET,1,2,-1.3552653677443862,1.118969272807682,0.0,-127.49871611595154,2,0.0,0.0,0.0,2.0,0.0
2025,REG,all,00-0035645,G.Olszewski,NYG,2,2,2.4279792429879308,11.022637258042742,1.0,-4.720050096511841,2,0.0,0.0,1.0,2.0,1.0
2025,REG,all,00-0039164,A.Richardson,IND,1,2,-1.2116199531592429,2.995442145758959,1.0,-16.180086135864258,2,0.0,0.0,0.0,2.0,1.0
2025,REG,all,00-0039577,K.Slovis,ARI,2,2,-2.1466314259450883,2.7145842722063653,0.0,-63.62362504005432,2,0.0,0.0,0.0,2.0,1.0
2025,REG,all,00-0032764,D.Henry,BAL,1,1,-0.4591185906319879,0.21078988026390288,0.0,-33.69303643703461,1,0.0,0.0,0.0,1.0,0.0
2025,REG,all,00-0033269,R.Sanchez,IND,1,1,3.5125947825144976,12.338322106148071,1.0,38.523948192596436,1,0.0,0.0,0.0,1.0,1.0
2025,REG,all,00-0033280,C.McCaffrey,SF,1,1,-0.770897071401123,0.5942822946948281,0.0,0.0,0,0.0,0.0,0.0,1.0,0.0
2025,REG,all,00-0033400,M.Haack,ARI,1,1,4.4010514167603105,19.369253572967935,1.0,37.17321157455444,1,0.0,0.0,0.0,1.0,1.0
2025,REG,all,00-0033908,C.Kupp,SEA,1,1,-5.370166467153467,28.838687884939553,0.0,-65.11815786361694,1,0.0,1.0,0.0,1.0,0.0
2025,REG,all,00-0034348,C.Sutton,DEN,1,1,-4.031719361392031,16.254761009023365,0.0,0.0,0,1.0,0.0,0.0,1.0,0.0
2025,REG,all,00-0034721,C.Bojorquez,CLE,1,1,-1.804541337362025,3.2563694382483255,0.0,0.0,0,0.0,0.0,0.0,1.0,0.0
2025,REG,all,00-0034827,D.Moore,CHI,1,1,3.8681936897919513,14.96292242174627,1.0,46.21419906616211,1,0.0,0.0,1.0,1.0,1.0
2025,REG,all,00-0034955,B.Rypien,CIN,1,1,-1.2378779940772802,1.5323419282207908,0.0,0.0,0,1.0,0.0,0.0,1.0,0.0
2025,REG,all,00-0035250,D.Singletary,NYG,1,1,1.053,1.108809,1.0,0.0,0,0.0,0.0,0.0,1.0,0.0
2025,REG,all,00-0036290,C.Kmet,CHI,1,1,-0.4927360210567713,0.24278878644685895,0.0,-63.29410672187805,1,0.0,0.0,0.0,1.0,0.0
2025,REG,all,00-0036414,C.Akers,MIN,1,1,3.2600105608580634,10.627668856906105,1.0,44.74018216133118,1,0.0,0.0,1.0,1.0,1.0
2025,REG,all,00-0036613,J.Waddle,MIA,1,1,-0.5923647911444314,0.3508960457875859,0.0,11.613237857818604,1,0.0,0.0,0.0,1.0,1.0
2025,REG,all,00-0037239,C.Olave,NO,1,1,-3.5951321736210957,12.924975345805544,0.0,-55.088990926742554,1,0.0,1.0,0.0,1.0,0.0
2025,REG,all,00-0037742,T.Burks,WAS,1,1,-0.49842422152869403,0.24842670460648467,0.0,0.0,0,1.0,0.0,0.0,1.0,0.0
2025,REG,all,00-0038120,B.Hall,NYJ,1,1,1.194561611104291,1.4269774427240791,1.0,56.87534511089325,1,0.0,0.0,1.0,1.0,1.0
2025,REG,all,00-0039054,M.Mapu,NE,1,1,-2.4826914377044886,6.163756774851181,0.0,0.0,0,1.0,0.0,0.0,1.0,0.0
2025,REG,all,00-0039451,I.Williams,NYJ,1,1,-0.8187713430379517,0.6703865121801712,0.0,-61.947101354599,1,0.0,0.0,0.0,1.0,0.0
2025,REG,all,00-0039634,A.McNamara,NYJ,1,1,2.8565037888474762,8.159613895699987,1.0,25.87047815322876,1,0.0,0.0,0.0,1.0,1.0
2025,REG,all,00-0040128,T.Warren,IND,1,1,-0.46532738901441917,0.21652957896697658,0.0,0.0,0,0.0,0.0,0.0,1.0,0.0
2025,REG,all,00-0040730,R.Harvey,DEN,1,1,-0.4586076693958603,0.2103209944287027,0.0,-77.06168293952942,1,0.0,0.0,0.0,1.0,0.0
2025,REG,all,00-0040784,Q.Judkins,CLE,1,1,-0.947,0.8968089999999999,0.0,0.0,0,0.0,0.0,0.0,1.0,0.0
2025,REG,close,00-0039732,B.Nix,DEN,17,503,55.63964219876228,954.1773397075135,225.0,-402.84726321697235,437,14.0,9.0,16.0,476.0,293.0
2025,REG,close,00-0026498,M.Stafford,LA,17,465,101.31154211418088,1298.383835862403,245.0,873.3172178268433,434,16.0,7.0,29.0,460.0,294.0
2025,REG,close,00-0039851,D.Maye,NE,17,461,129.62314239600948,1139.722896117803,253.0,3154.995281994343,364,34.0,7.0,18.0,415.0,266.0
2025,REG,close,00-0034855,B.Mayfield,TB,17,456,47.73156240941936,1010.8501279219372,210.0,-208.45859348773956,376,27.0,7.0,19.0,420.0,253.0
2025,REG,close,00-0039918,C.Williams,CHI,17,454,56.472147697865694,1018.4432641649055,203.0,-1297.8790998458862,374,13.0,6.0,20.0,425.0,239.0
2025,REG,close,00-0033873,P.Mahomes,KC,14,440,48.10246232685837,1069.924081966459,220.0,-21.03593349456787,355,21.0,10.0,16.0,402.0,235.0
2025,REG,close,00-0036264,J.Love,GB,15,415,125.63894034258526,1020.6291660945345,215.0,1956.9846287369728,353,19.0,5.0,22.0,394.0,250.0
2025,REG,close,00-0036355,J.Herbert,LAC,16,414,18.529911908330526,968.5301542390388,194.0,311.00627183914185,328,37.0,7.0,18.0,378.0,223.0
2025,REG,close,00-0036971,T.Lawrence,JAX,17,409,23.29673322567906,1054.0442134060636,194.0,-361.12985014915466,351,24.0,10.0,20.0,382.0,225.0
2025,REG,close,00-0033077,D.Prescott,DAL,17,406,87.26669520584865,936.8197088978886,194.0,641.7724132537842,367,18.0,2.0,18.0,397.0,254.0
2025,REG,close,00-0023459,A.Rodgers,PIT,16,404,0.0326612691852084,961.3838231216832,172.0,-53.02117466926575,352,22.0,5.0,16.0,394.0,241.0
2025,REG,close,00-0036389,J.Hurts,PHI,16,394,29.483277852724832,874.2431167441041,172.0,849.1695046424866,319,24.0,5.0,16.0,363.0,218.0
2025,REG,close,00-0039150,B.Young,CAR,16,370,-21.764943483566846,1000.7301835932404,153.0,-118.3394581079483,298,20.0,8.0,14.0,344.0,200.0
2025,REG,close,00-0033106,J.Goff,DET,17,362,42.61943837414285,944.4291315804032,166.0,501.96146965026855,317,22.0,5.0,17.0,359.0,226.0
2025,REG,close,00-0034869,S.Darnold,SEA,17,352,44.43420076748122,1088.1322637189578,181.0,1995.7274794578552,302,21.0,9.0,18.0,341.0,220.0
2025,REG,close,00-0034857,J.Allen,BUF,16,349,43.40176603326034,1010.4064957524595,166.0,751.0184615850449,280,28.0,7.0,15.0,320.0,198.0
2025,REG,close,00-0040676,C.Ward,TEN,17,324,-40.33194736318032,784.4654388049044,116.0,-1025.1895293593407,257,30.0,2.0,9.0,309.0,161.0
2025,REG,close,00-0039163,C.Stroud,HOU,14,320,42.22755533811705,751.4717175228307,148.0,417.7275985479355,269,18.0,5.0,12.0,299.0,186.0
2025,REG,close,00-0035710,D.Jones,IND,13,298,40.5196560594207,654.5870974655842,149.0,519.3385869264603,259,15.0,6.0,13.0,279.0,180.0
2025,REG,close,00-0030565,G.Smith,LV,15,288,-41.13739704348058,879.5170290421904,124.0,60.68281829357147,237,34.0,10.0,13.0,278.0,165.0
2025,REG,close,00-0034796,L.Jackson,BAL,13,285,16.602098490042565,849.7716161523916,135.0,481.2561348080635,227,27.0,6.0,15.0,263.0,152.0
2025,REG,close,00-0033119,J.Brissett,ARI,11,280,-0.9457631107779743,652.7431125127422,129.0,631.53857588768,223,25.0,4.0,9.0,268.0,158.0
2025,REG,close,00-0036212,T.Tagovailoa,MIA,14,257,36.54253273839082,611.0324746326058,119.0,1526.0462701320648,225,17.0,8.0,13.0,250.0,166.0
2025,REG,close,00-0039917,M.Penix,ATL,9,242,32.55810601370945,547.4676646236546,115.0,-554.2763769626617,212,13.0,0.0,7.0,234.0,137.0
2025,REG,close,00-0040691,J.Dart,NYG,12,239,10.038491181368258,511.95437470229854,107.0,143.00277829170227,190,24.0,1.0,10.0,217.0,126.0
2025,REG,close,00-0036442,J.Burrow,CIN,8,226,3.271830316139579,745.7802966105328,109.0,440.90051651000977,197,14.0,4.0,13.0,219.0,133.0
2025,REG,close,00-0037834,B.Purdy,SF,9,224,53.72050563077583,647.5095292995969,120.0,1798.401427268982,195,7.0,8.0,15.0,210.0,144.0
2025,REG,close,00-0040743,T.Shough,NO,9,223,5.483114145452721,575.3056199651589,96.0,791.4436370134354,187,20.0,2.0,6.0,216.0,138.0
2025,REG,close,00-0039923,J.McCarthy,MIN,10,221,-9.14601774381218,680.1402332222406,97.0,-484.1403126716614,181,18.0,9.0,7.0,207.0,112.0
2025,REG,close,00-0029604,K.Cousins,ATL,9,218,13.175128812117347,434.8326231735041,99.0,-357.3980048298836,192,11.0,2.0,9.0,216.0,125.0
2025,REG,close,00-0036972,M.Jones,SF,8,215,32.17508036737675,439.0765241329751,115.0,473.91031980514526,194,10.0,4.0,8.0,209.0,140.0
2025,REG,close,00-0026158,J.Flacco,CIN,6,179,7.487272403829543,523.1820922202926,81.0,-756.6863194108009,160,7.0,3.0,8.0,178.0,101.0
2025,REG,close,00-0032268,M.Mariota,WAS,8,173,15.68011497483117,459.0564511920078,86.0,406.2796324491501,143,8.0,3.0,5.0,161.0,94.0
2025,REG,close,00-0040668,S.Sanders,CLE,8,164,-30.34236137968277,489.4164499336403,66.0,-448.737408220768,127,16.0,5.0,5.0,150.0,80.0
2025,REG,close,00-0039376,S.Rattler,NO,9,148,-46.61655739457997,453.8877199321083,65.0,-141.31376147270203,122,11.0,2.0,1.0,139.0,84.0
2025,REG,close,00-0036898,D.Mills,HOU,5,132,-18.07761908814695,228.61148373173646,49.0,-1121.3382810354233,114,6.0,1.0,3.0,127.0,66.0
2025,REG,close,00-0036945,J.Fields,NYJ,9,125,-33.61421837176732,246.64477118423468,46.0,-204.83835637569427,86,18.0,1.0,2.0,111.0,56.0
2025,REG,close,00-0035228,K.Murray,ARI,5,118,14.135887227023524,211.18944424685859,54.0,-199.10914599895477,99,8.0,2.0,4.0,108.0,67.0
2025,REG,close,00-0040704,D.Gabriel,CLE,7,115,-15.037051793291077,175.2406657247591,37.0,-888.4566009044647,96,11.0,0.0,5.0,108.0,57.0
2025,REG,close,00-0039910,J.Daniels,WAS,7,110,11.410688672982374,248.11414762119824,49.0,121.84321880340576,80,7.0,2.0,4.0,93.0,56.0
2025,REG,close,00-0032950,C.Wentz,MIN,5,96,-5.7629519948248245,217.68198886561197,44.0,298.02318811416626,76,11.0,2.0,2.0,92.0,56.0
2025,REG,close,00-0026158,J.Flacco,CLE,4,95,-20.83350963131405,197.0798137617227,38.0,-33.91040414571762,83,5.0,5.0,1.0,94.0,57.0
2025,REG,close,00-0029263,R.Wilson,NYG,5,90,-1.0875689722657258,243.61435240063312,36.0,128.76591384410858,73,6.0,3.0,3.0,85.0,50.0
2025,REG,close,00-0028118,T.Taylor,NYJ,5,87,-18.742758842741456,197.67452225217784,35.0,-262.5863164663315,65,7.0,2.0,2.0,75.0,39.0
2025,REG,close,00-0022942,P.Rivers,IND,3,78,-2.2603295585946874,169.42703171524911,31.0,-252.55839228630066,72,4.0,2.0,4.0,78.0,47.0
2025,REG,close,00-0031503,J.Winston,NYG,2,69,20.197252435672567,244.7945211868782,31.0,-163.8625532388687,62,3.0,2.0,2.0,68.0,37.0
2025,REG,close,00-0035100,J.Browning,CIN,4,57,-23.17053711935302,265.0239904682203,24.0,-189.1960710287094,54,1.0,5.0,2.0,57.0,34.0
2025,REG,close,00-0035993,T.Huntley,BAL,3,57,15.539070322087582,103.08968604029353,32.0,645.517498254776,48,4.0,0.0,2.0,52.0,39.0
2025,REG,close,00-0037324,C.Oladokun,KC,3,53,-25.152285747191662,103.78984108800243,15.0,-123.62792491912842,44,4.0,0.0,1.0,50.0,30.0
2025,REG,close,00-0040494,M.Brosmer,MIN,3,49,-36.35731983318472,182.3430796451502,11.0,-202.4319589138031,35,9.0,1.0,0.0,47.0,23.0
2025,REG,close,00-0034771,M.Rudolph,PIT,3,45,-1.3377338107991612,121.25443971164131,23.0,162.40085363388062,40,2.0,2.0,1.0,44.0,30.0
2025,REG,close,00-0038400,T.McKee,PHI,1,45,-7.1182142355023394,68.85848372611774,19.0,-47.29666709899902,34,3.0,1.0,1.0,43.0,21.0
2025,REG,close,00-0040234,Q.Ewers,MIA,3,43,6.344537272211075,168.9420419342036,22.0,366.24129116535187,40,1.0,1.0,2.0,41.0,30.0
2025,REG,close,00-0026300,J.Johnson,WAS,3,35,9.059751714048843,106.49411457837586,20.0,73.00753891468048,25,1.0,2.0,1.0,29.0,18.0
2025,REG,close,00-0040206,R.Leonard,IND,2,32,-6.394664857371062,201.56490705924483,11.0,65.35024046897888,26,1.0,2.0,1.0,30.0,18.0
2025,REG,close,00-0040398,B.Cook,NYJ,4,28,-12.881064099920103,26.463930484586268,6.0,-267.99147725105286,23,4.0,0.0,0.0,27.0,15.0
2025,REG,close,00-0038579,A.O'Connell,LV,1,24,-5.706921673483371,30.682817940381423,9.0,-518.5795545578003,22,1.0,0.0,0.0,23.0,10.0
2025,REG,close,00-0038128,M.Willis,GB,3,22,18.96304182660418,57.67772357592057,16.0,448.1411784887314,16,2.0,0.0,3.0,18.0,14.0
2025,REG,close,00-0033662,C.Rush,BAL,2,20,-10.65328614422454,78.77098171890336,8.0,-91.91000759601593,19,1.0,1.0,0.0,20.0,12.0
2025,REG,close,00-0036679,S.Buechele,KC,1,20,-7.660178778335405,23.07223653195599,4.0,-218.03467869758606,13,5.0,0.0,0.0,19.0,7.0
2025,REG,close,00-0038102,K.Pickett,LV,3,19,-12.372070630313829,59.19300515254385,5.0,-289.541032910347,13,4.0,1.0,0.0,17.0,7.0
2025,REG,close,00-0033869,M.Trubisky,BUF,1,15,8.400616050173994,39.0283390560731,8.0,119.25264000892639,14,0.0,0.0,1.0,15.0,11.0
2025,REG,close,00-0035289,G.Minshew II,KC,2,14,-6.914474138233345,11.349502361401623,3.0,-225.8350044488907,11,0.0,1.0,0.0,13.0,6.0
2025,REG,close,00-0027973,A.Dalton,CAR,2,12,-5.881959988069315,36.96719099674687,5.0,56.76437020301819,9,1.0,0.0,0.0,11.0,6.0
2025,REG,close,00-0032434,B.Allen,TEN,1,9,-8.969759351806715,72.42922436041175,3.0,-136.54299080371857,9,0.0,1.0,0.0,9.0,5.0
2025,REG,close,00-0037012,T.Lance,LAC,2,8,-10.546040216460824,58.819398143312156,2.0,-244.09723579883575,7,0.0,1.0,0.0,7.0,2.0
2025,REG,close,00-0038582,C.Tune,GB,1,6,-6.067674536607228,9.385703418313817,0.0,-95.97035050392151,4,1.0,0.0,0.0,6.0,2.0
2025,REG,close,00-0033357,T.Hill,NO,2,2,1.2556659913389012,3.6796948363522555,1.0,50.24069845676422,1,0.0,0.0,0.0,2.0,1.0
2025,REG,close,00-0035645,G.Olszewski,NYG,2,2,2.4279792429879308,11.022637258042742,1.0,-4.720050096511841,2,0.0,0.0,1.0,2.0,1.0
2025,REG,close,00-0035685,D.Montgomery,DET,2,2,-1.3313009297125973,9.198822615170812,1.0,49.4532585144043,1,1.0,0.0,1.0,2.0,1.0
2025,REG,close,00-0032764,D.Henry,BAL,1,1,-0.4591185906319879,0.21078988026390288,0.0,-33.69303643703461,1,0.0,0.0,0.0,1.0,0.0
2025,REG,close,00-0033269,R.Sanchez,IND,1,1,3.5125947825144976,12.338322106148071,1.0,38.523948192596436,1,0.0,0.0,0.0,1.0,1.0
2025,REG,close,00-0033280,C.McCaffrey,SF,1,1,-0.770897071401123,0.5942822946948281,0.0,0.0,0,0.0,0.0,0.0,1.0,0.0
2025,REG,close,00-0033949,J.Dobbs,NE,1,1,1.7749354206607677,3.1503957475162165,1.0,45.85464596748352,1,0.0,0.0,0.0,1.0,1.0
2025,REG,close,00-0034348,C.Sutton,DEN,1,1,-4.031719361392031,16.254761009023365,0.0,0.0,0,1.0,0.0,0.0,1.0,0.0
2025,REG,close,00-0034827,D.Moore,CHI,1,1,3.8681936897919513,14.96292242174627,1.0,46.21419906616211,1,0.0,0.0,1.0,1.0,1.0
2025,REG,close,00-0036290,C.Kmet,CHI,1,1,-0.4927360210567713,0.24278878644685895,0.0,-63.29410672187805,1,0.0,0.0,0.0,1.0,0.0
2025,REG,close,00-0036414,C.Akers,MIN,1,1,3.2600105608580634,10.627668856906105,1.0,44.74018216133118,1,0.0,0.0,1.0,1.0,1.0
2025,REG,close,00-0036613,J.Waddle,MIA,1,1,-0.5923647911444314,0.3508960457875859,0.0,11.613237857818604,1,0.0,0.0,0.0,1.0,1.0
2025,REG,close,00-0037239,C.Olave,NO,1,1,-3.5951321736210957,12.924975345805544,0.0,-55.088990926742554,1,0.0,1.0,0.0,1.0,0.0
2025,REG,close,00-0038120,B.Hall,NYJ,1,1,1.194561611104291,1.4269774427240791,1.0,56.87534511089325,1,0.0,0.0,1.0,1.0,1.0
2025,REG,close,00-0038416,T.Bagent,CHI,1,1,1.4088159858365543,1.9847624819486225,1.0,39.92723226547241,1,0.0,0.0,0.0,1.0,1.0
2025,REG,close,00-0039054,M.Mapu,NE,1,1,-2.4826914377044886,6.163756774851181,0.0,0.0,0,1.0,0.0,0.0,1.0,0.0
2025,REG,close,00-0039398,J.Milton,DAL,1,1,-0.023715991294011474,0.000562448243057628,0.0,0.0,0,0.0,0.0,0.0,0.0,0.0
2025,REG,close,00-0039451,I.Williams,NYJ,1,1,-0.8187713430379517,0.6703865121801712,0.0,-61.947101354599,1,0.0,0.0,0.0,1.0,0.0
2025,REG,close,00-0039577,K.Slovis,ARI,1,1,-1.5264001602772623,2.329897449294452,0.0,10.512936115264893,1,0.0,0.0,0.0,1.0,1.0
2025,REG,close,00-0040128,T.Warren,IND,1,1,-0.46532738901441917,0.21652957896697658,0.0,0.0,0,0.0,0.0,0.0,1.0,0.0
2025,REG,close,00-0040730,R.Harvey,DEN,1,1,-0.4586076693958603,0.2103209944287027,0.0,-77.06168293952942,1,0.0,0.0,0.0,1.0,0.0
2025,REG,close,00-0040784,Q.Judkins,CLE,1,1,-0.947,0.8968089999999999,0.0,0.0,0,0.0,0.0,0.0,1.0,0.0
2025,REG,clutch,00-0034855,B.Mayfield,TB,12,63,11.347048055709607,87.60672985771232,31.0,332.32221007347107,52,3.0,1.0,2.0,57.0,39.0
2025,REG,clutch,00-0036264,J.Love,GB,9,53,11.892182825937233,122.37422295481353,25.0,191.78974330425262,41,4.0,1.0,2.0,52.0,27.0
2025,REG,clutch,00-0039732,B.Nix,DEN,12,48,8.97859540784846,59.9569109128391,21.0,107.33387172222137,39,3.0,0.0,1.0,44.0,28.0
2025,REG,clutch,00-0039918,C.Williams,CHI,11,48,16.350769963028377,149.69269511664396,22.0,-96.50309085845947,37,1.0,1.0,3.0,43.0,22.0
2025,REG,clutch,00-0034857,J.Allen,BUF,9,47,11.283400072671153,121.59652040888724,22.0,63.97845894098282,38,3.0,1.0,1.0,44.0,26.0
2025,REG,clutch,00-0026498,M.Stafford,LA,9,46,9.595778901723916,147.55004893447065,20.0,-349.60035383701324,44,1.0,0.0,4.0,46.0,24.0
2025,REG,clutch,00-0039150,B.Young,CAR,9,46,4.075253758033684,85.7627940951663,18.0,-226.88614130020142,37,3.0,0.0,2.0,44.0,22.0
2025,REG,clutch,00-0034869,S.Darnold,SEA,8,41,5.359151678121034,114.4243416184577,20.0,100.92996060848236,34,4.0,1.0,2.0,41.0,23.0
2025,REG,clutch,00-0036389,J.Hurts,PHI,8,39,3.2464164971506486,110.2680060429022,16.0,-36.62846088409424,32,2.0,1.0,1.0,37.0,19.0
2025,REG,clutch,00-0040676,C.Ward,TEN,4,39,0.4792199091752991,50.778232250983244,15.0,-144.19852644205093,31,3.0,0.0,1.0,37.0,18.0
2025,REG,clutch,00-0033077,D.Prescott,DAL,6,36,4.563850434457234,75.59052186520512,17.0,20.1861709356308,31,1.0,0.0,2.0,34.0,20.0
2025,REG,clutch,00-0033119,J.Brissett,ARI,5,36,-13.726557106675422,68.13606521347285,13.0,-307.34957456588745,29,3.0,1.0,0.0,33.0,16.0
2025,REG,clutch,00-0023459,A.Rodgers,PIT,7,34,6.112896317389028,100.33887754426082,15.0,-63.3802592754364,30,0.0,0.0,3.0,33.0,18.0
2025,REG,clutch,00-0036971,T.Lawrence,JAX,9,34,-4.899213644512352,101.90020947084372,15.0,-61.7472767829895,23,5.0,0.0,1.0,28.0,14.0
2025,REG,clutch,00-0033873,P.Mahomes,KC,6,33,3.2723590052774556,55.561444972728,15.0,-180.38793206214905,26,3.0,2.0,0.0,32.0,14.0
2025,REG,clutch,00-0036212,T.Tagovailoa,MIA,6,33,-3.2053664730046876,88.47967837724497,13.0,4.931208491325378,27,5.0,3.0,2.0,32.0,18.0
2025,REG,clutch,00-0039851,D.Maye,NE,8,33,-1.0782561107554458,44.55306527891787,17.0,-45.90000510215759,28,3.0,0.0,0.0,31.0,18.0
2025,REG,clutch,00-0040743,T.Shough,NO,5,33,5.933994029226713,105.18513240661227,19.0,135.71303486824036,29,0.0,1.0,2.0,32.0,20.0
2025,REG,clutch,00-0040668,S.Sanders,CLE,5,32,1.1462204364943318,34.639965669617226,15.0,-305.81343472003937,24,3.0,0.0,1.0,29.0,12.0
2025,REG,clutch,00-0026158,J.Flacco,CIN,5,30,6.3320287661047185,35.50539778793034,14.0,-147.23407328128815,25,1.0,1.0,1.0,30.0,13.0
2025,REG,clutch,00-0033106,J.Goff,DET,7,30,5.600778212665855,56.414396955192416,12.0,-136.87585294246674,26,0.0,1.0,0.0,30.0,17.0
2025,REG,clutch,00-0036355,J.Herbert,LAC,6,30,6.07310860350737,43.36125057971143,14.0,-181.18301630020142,22,3.0,0.0,1.0,27.0,13.0
2025,REG,clutch,00-0032268,M.Mariota,WAS,3,29,8.331151279382688,59.59174794793033,14.0,89.34282064437866,22,1.0,0.0,1.0,28.0,13.0
2025,REG,clutch,00-0039917,M.Penix,ATL,5,27,14.280788703836404,68.23134166109553,14.0,-46.125683188438416,20,0.0,0.0,1.0,24.0,11.0
2025,REG,clutch,00-0034796,L.Jackson,BAL,6,25,6.902106910143746,87.47855725091472,12.0,86.33200973272324,21,1.0,0.0,1.0,24.0,14.0
2025,REG,clutch,00-0029604,K.Cousins,ATL,5,24,3.554528919913398,24.505677183952425,10.0,-190.77987670898438,21,1.0,0.0,1.0,24.0,11.0
2025,REG,clutch,00-0039376,S.Rattler,NO,4,24,-9.302308982755177,30.1736993555161,11.0,-163.04945647716522,20,2.0,0.0,0.0,23.0,12.0
2025,REG,clutch,00-0039163,C.Stroud,HOU,6,21,-4.389578877322376,63.9241284582638,10.0,86.1670970916748,19,0.0,1.0,0.0,20.0,13.0
2025,REG,clutch,00-0039923,J.McCarthy,MIN,5,21,1.6496191238898597,29.94628261397054,9.0,26.8456369638443,17,1.0,0.0,1.0,19.0,11.0
2025,REG,clutch,00-0036972,M.Jones,SF,4,19,-0.6640456088803761,19.535566231697175,9.0,-327.3501366376877,17,0.0,0.0,0.0,18.0,9.0
2025,REG,clutch,00-0028118,T.Taylor,NYJ,2,18,-1.1135257656993085,16.455076048266946,8.0,-14.962953329086304,10,3.0,1.0,0.0,15.0,6.0
2025,REG,clutch,00-0030565,G.Smith,LV,3,18,7.709918964572674,24.965156374162092,11.0,196.19810581207275,13,2.0,0.0,2.0,17.0,12.0
2025,REG,clutch,00-0035710,D.Jones,IND,4,18,-5.330496930031976,38.59743773742846,7.0,-131.15315735340118,14,3.0,1.0,0.0,17.0,7.0
2025,REG,clutch,00-0036898,D.Mills,HOU,5,18,3.905767769436352,26.100042035806442,8.0,-23.515892028808594,15,1.0,0.0,0.0,17.0,10.0
2025,REG,clutch,00-0029263,R.Wilson,NYG,2,17,3.067358063184656,76.53845111862583,6.0,-10.11354923248291,11,2.0,1.0,2.0,15.0,6.0
2025,REG,clutch,00-0032950,C.Wentz,MIN,2,16,2.3014184931817,17.571947162868163,9.0,202.6024580001831,14,1.0,0.0,1.0,16.0,12.0
2025,REG,clutch,00-0035228,K.Murray,ARI,4,16,1.2739407893968746,31.413801224529383,7.0,-129.874986410141,13,2.0,0.0,1.0,15.0,8.0
2025,REG,clutch,00-0040691,J.Dart,NYG,4,16,-6.596041059936397,19.381572307026424,3.0,-309.4546616077423,13,2.0,0.0,0.0,15.0,3.0
2025,REG,clutch,00-0036945,J.Fields,NYJ,4,13,-6.820732224005042,15.106229340260624,3.0,-137.01841831207275,10,3.0,0.0,0.0,13.0,5.0
2025,REG,clutch,00-0037834,B.Purdy,SF,3,13,8.470782074087765,61.57730355978301,7.0,322.6845145225525,12,1.0,0.0,2.0,13.0,11.0
2025,REG,clutch,00-0031503,J.Winston,NYG,2,12,-9.84872796444688,34.45993690955185,2.0,-263.5235667228699,10,2.0,1.0,0.0,12.0,3.0
2025,REG,clutch,00-0034771,M.Rudolph,PIT,2,12,0.8461438517551869,7.094306585492406,6.0,-24.61959719657898,12,0.0,0.0,1.0,12.0,8.0
2025,REG,clutch,00-0035100,J.Browning,CIN,1,12,1.8220334738434758,9.822863582228255,6.0,81.7944586277008,12,0.0,0.0,0.0,12.0,9.0
2025,REG,clutch,00-0036442,J.Burrow,CIN,3,12,2.1033930784035473,13.658590753837515,6.0,138.89811635017395,9,0.0,0.0,1.0,12.0,7.0
2025,REG,clutch,00-0038400,T.McKee,PHI,1,12,-3.875535424449481,8.9651543213077,3.0,-81.8857192993164,8,1.0,0.0,0.0,12.0,4.0
2025,REG,clutch,00-0026158,J.Flacco,CLE,2,10,-5.16562160994572,18.396642292671153,4.0,15.215247869491577,9,1.0,1.0,0.0,10.0,6.0
2025,REG,clutch,00-0022942,P.Rivers,IND,2,9,-3.5773617095546797,14.052327018155424,3.0,-19.292044639587402,7,1.0,1.0,0.0,9.0,4.0
2025,REG,clutch,00-0036679,S.Buechele,KC,1,8,-1.5606766023115588,13.698651780702729,1.0,-151.65119767189026,5,3.0,0.0,0.0,8.0,2.0
2025,REG,clutch,00-0037324,C.Oladokun,KC,1,6,-0.9383390790899284,3.324531533451977,2.0,12.981760501861572,5,0.0,0.0,0.0,5.0,3.0
2025,REG,clutch,00-0038579,A.O'Connell,LV,1,6,-1.3933647779221476,3.1085780671608574,2.0,-143.34412813186646,5,1.0,0.0,0.0,6.0,2.0
2025,REG,clutch,00-0035289,G.Minshew II,KC,1,5,-1.0742123512900434,3.96154954750308,2.0,28.19506824016571,4,0.0,1.0,0.0,5.0,3.0
2025,REG,clutch,00-0035993,T.Huntley,BAL,2,4,-2.5205854678642936,16.249303814419314,2.0,94.3515956401825,4,0.0,0.0,0.0,4.0,4.0
2025,REG,clutch,00-0027973,A.Dalton,CAR,1,3,-0.13544824067503214,7.916733551107021,1.0,-21.31061553955078,3,0.0,0.0,0.0,3.0,1.0
2025,REG,clutch,00-0040206,R.Leonard,IND,2,3,-8.644696021457579,50.94513084525744,0.0,31.41399621963501,2,0.0,1.0,0.0,3.0,2.0
2025,REG,clutch,00-0040704,D.Gabriel,CLE,1,3,-0.8837795646395534,0.8782606679516164,1.0,40.116703510284424,3,0.0,0.0,0.0,3.0,2.0
2025,REG,clutch,00-0026300,J.Johnson,WAS,1,2,3.336023477022536,5.782850931253478,2.0,0.0,0,0.0,0.0,0.0,0.0,0.0
2025,REG,clutch,00-0039910,J.Daniels,WAS,1,2,3.111866919323802,6.236362871339142,2.0,18.423932790756226,1,0.0,0.0,0.0,1.0,1.0
2025,REG,clutch,00-0038120,B.Hall,NYJ,1,1,1.194561611104291,1.4269774427240791,1.0,56.87534511089325,1,0.0,0.0,1.0,1.0,1.0
2025,REG,clutch,00-0038128,M.Willis,GB,1,1,-0.16276552178896964,0.02649261508323555,0.0,0.0,0,1.0,0.0,0.0,1.0,0.0
2025,REG,clutch,00-0040494,M.Brosmer,MIN,1,1,-1.3170842970704033,1.7347110455894383,0.0,15.38630723953247,1,0.0,0.0,0.0,1.0,1.0
2025,REG,clutch,00-0040784,Q.Judkins,CLE,1,1,-0.947,0.8968089999999999,0.0,0.0,0,0.0,0.0,0.0,1.0,0.0
2025,REG,late,00-0040676,C.Ward,TEN,14,97,-5.9129835070358485,186.93222325183083,40.0,-163.36494237184525,82,5.0,2.0,3.0,93.0,54.0
2025,REG,late,00-0034855,B.Mayfield,TB,15,91,6.231175525588484,194.56604764439084,43.0,308.2684487104416,76,6.0,1.0,4.0,85.0,53.0
2025,REG,late,00-0033106,J.Goff,DET,15,84,13.048012811209071,166.07707929458547,35.0,-647.6083129644394,75,4.0,1.0,4.0,84.0,46.0
2025,REG,late,00-0039150,B.Young,CAR,13,80,10.129355292035893,185.69406242384207,32.0,207.51731395721436,63,7.0,1.0,5.0,78.0,43.0
2025,REG,late,00-0039918,C.Williams,CHI,15,76,23.407348346583372,211.04654665090942,35.0,-229.60577607154846,59,1.0,1.0,5.0,66.0,34.0
2025,REG,late,00-0040743,T.Shough,NO,8,75,-1.6219335961649195,161.49081794003905,38.0,-48.212453722953796,65,2.0,2.0,3.0,70.0,41.0
2025,REG,late,00-0033119,J.Brissett,ARI,10,73,-14.596686019498804,135.95804621219273,28.0,-242.15025305747986,59,6.0,1.0,2.0,68.0,36.0
2025,REG,late,00-0039732,B.Nix,DEN,15,71,4.374535614350785,82.83797165579986,29.0,138.70609253644943,59,6.0,0.0,2.0,67.0,41.0
2025,REG,late,00-0023459,A.Rodgers,PIT,14,65,7.81227923783304,168.1860466004964,28.0,177.00720727443695,56,3.0,1.0,5.0,64.0,38.0
2025,REG,late,00-0034857,J.Allen,BUF,13,65,21.812517385857742,196.94342572333883,32.0,162.56636828184128,54,4.0,2.0,3.0,61.0,36.0
2025,REG,late,00-0026158,J.Flacco,CIN,6,62,5.210320748518613,198.0190920858877,29.0,-104.375159740448,56,1.0,2.0,4.0,62.0,34.0
2025,REG,late,00-0033077,D.Prescott,DAL,12,62,-10.50417987576752,168.75385440048998,26.0,-366.17817878723145,53,4.0,3.0,3.0,60.0,29.0
2025,REG,late,00-0033873,P.Mahomes,KC,12,61,15.854945667048305,147.92857300670354,25.0,-262.38099336624146,50,6.0,2.0,2.0,59.0,28.0
2025,REG,late,00-0036264,J.Love,GB,11,55,10.131336695106235,123.97777206759855,25.0,191.78974330425262,41,5.0,1.0,2.0,54.0,27.0
2025,REG,late,00-0030565,G.Smith,LV,11,53,-2.9549357091396073,156.96324236026192,25.0,414.475217461586,39,8.0,0.0,3.0,52.0,33.0
2025,REG,late,00-0040668,S.Sanders,CLE,7,52,-2.611800320999464,59.01917703505748,23.0,-113.81843686103821,37,6.0,0.0,1.0,47.0,23.0
2025,REG,late,00-0036389,J.Hurts,PHI,10,51,7.83492263735852,127.10620587354605,22.0,141.53690338134766,42,2.0,1.0,2.0,49.0,27.0
2025,REG,late,00-0034869,S.Darnold,SEA,10,50,8.49695330932931,125.34352688458507,26.0,155.6153506040573,41,5.0,1.0,2.0,49.0,28.0
2025,REG,late,00-0036212,T.Tagovailoa,MIA,8,49,1.6878773661302402,104.70500651933436,22.0,92.49182343482971,41,6.0,3.0,3.0,48.0,29.0
2025,REG,late,00-0026498,M.Stafford,LA,10,47,10.715934132761559,148.80479667609166,21.0,-313.8433665037155,45,1.0,0.0,5.0,47.0,25.0
2025,REG,late,00-0039851,D.Maye,NE,10,46,-0.43371200531744947,58.667878035636456,23.0,20.048993825912476,37,5.0,0.0,0.0,43.0,24.0
2025,REG,late,00-0040398,B.Cook,NYJ,4,46,-17.960166312928777,124.03472059000272,14.0,-545.4228758811951,39,5.0,2.0,0.0,45.0,20.0
2025,REG,late,00-0036971,T.Lawrence,JAX,11,45,-9.654591688257065,127.2986532540969,17.0,-110.67892760038376,33,6.0,0.0,1.0,39.0,18.0
2025,REG,late,00-0040691,J.Dart,NYG,10,45,0.15726918587461114,102.2180273159781,18.0,-203.10798436403275,38,3.0,1.0,2.0,42.0,20.0
2025,REG,late,00-0036355,J.Herbert,LAC,11,43,7.687705372953877,72.36263402846645,20.0,-211.05069816112518,34,4.0,0.0,1.0,40.0,20.0
2025,REG,late,00-0036972,M.Jones,SF,7,42,-0.6660631446006294,60.553370926832045,19.0,-106.99473917484283,36,2.0,1.0,1.0,41.0,24.0
2025,REG,late,00-0039376,S.Rattler,NO,7,40,-14.131819733673593,62.40068572723088,16.0,-123.60050976276398,31,4.0,1.0,0.0,38.0,20.0
2025,REG,late,00-0032268,M.Mariota,WAS,6,39,10.811123150861171,107.28746035037666,17.0,29.237231612205505,30,2.0,1.0,2.0,37.0,18.0
2025,REG,late,00-0036945,J.Fields,NYJ,6,39,3.2999057814159896,62.98923114682833,19.0,-143.80351901054382,32,4.0,0.0,2.0,37.0,19.0
2025,REG,late,00-0028118,T.Taylor,NYJ,5,37,2.5544968299377038,75.85810512497135,17.0,18.999698758125305,25,5.0,2.0,2.0,32.0,15.0
2025,REG,late,00-0034796,L.Jackson,BAL,9,37,13.178650677800878,149.02048783281876,17.0,318.22763830423355,31,2.0,0.0,3.0,35.0,22.0
2025,REG,late,00-0039923,J.McCarthy,MIN,8,37,1.9182882332739233,92.3186252531748,14.0,-98.47943931818008,32,1.0,2.0,2.0,34.0,18.0
2025,REG,late,00-0029263,R.Wilson,NYG,4,36,-5.971541698731016,137.08130224813542,11.0,-128.72506082057953,24,2.0,1.0,2.0,32.0,12.0
2025,REG,late,00-0039917,M.Penix,ATL,6,34,10.444791554953806,78.27154508801794,15.0,-292.4595832824707,27,0.0,0.0,1.0,31.0,12.0
2025,REG,late,00-0035710,D.Jones,IND,7,32,-0.27443580758192976,63.0678171877578,17.0,-19.596180319786072,27,3.0,2.0,1.0,31.0,17.0
2025,REG,late,00-0032950,C.Wentz,MIN,3,31,9.269069837126123,82.62068780167715,16.0,32.60076940059662,27,2.0,0.0,2.0,30.0,18.0
2025,REG,late,00-0039163,C.Stroud,HOU,8,30,5.191161791692255,94.15552291466012,15.0,237.7152055501938,27,0.0,1.0,2.0,28.0,19.0
2025,REG,late,00-0040704,D.Gabriel,CLE,7,30,-13.670752934540406,49.11657322930913,7.0,-322.1044212579727,25,3.0,0.0,1.0,29.0,13.0
2025,REG,late,00-0037834,B.Purdy,SF,9,27,2.3693932018430672,91.12397482013549,12.0,266.76992177963257,24,1.0,1.0,2.0,27.0,18.0
2025,REG,late,00-0029604,K.Cousins,ATL,5,24,3.554528919913398,24.505677183952425,10.0,-190.77987670898438,21,1.0,0.0,1.0,24.0,11.0
2025,REG,late,00-0035100,J.Browning,CIN,3,22,3.1596194092126098,30.197636371527956,10.0,184.43302810192108,20,1.0,0.0,1.0,21.0,15.0
2025,REG,late,00-0036898,D.Mills,HOU,6,20,5.036565688904375,27.222520420902594,10.0,10.493248701095581,16,1.0,0.0,0.0,18.0,11.0
2025,REG,late,00-0036442,J.Burrow,CIN,4,19,10.007142769376747,47.540395782897036,9.0,266.2187874317169,16,0.0,0.0,2.0,19.0,12.0
2025,REG,late,00-0037012,T.Lance,LAC,2,19,-0.6481602981803007,23.57070474326986,8.0,-69.32079792022705,14,1.0,0.0,0.0,17.0,8.0
2025,REG,late,00-0040206,R.Leonard,IND,5,18,-8.068064663287627,77.68261404472528,7.0,-114.78553414344788,15,0.0,1.0,0.0,17.0,9.0
2025,REG,late,00-0035228,K.Murray,ARI,5,17,0.13782529800664634,32.70455963430625,7.0,-165.54359197616577,14,2.0,0.0,1.0,16.0,8.0
2025,REG,late,00-0034771,M.Rudolph,PIT,4,15,0.4624052764265798,7.186512150442888,7.0,-56.88297152519226,15,0.0,0.0,1.0,15.0,10.0
2025,REG,late,00-0038102,K.Pickett,LV,3,15,4.435093237853961,24.437069230545493,8.0,250.76067447662354,12,2.0,0.0,1.0,14.0,11.0
2025,REG,late,00-0039910,J.Daniels,WAS,3,15,12.71362647648505,48.30917770915985,11.0,15.409597754478455,10,1.0,0.0,2.0,12.0,7.0
2025,REG,late,00-0040234,Q.Ewers,MIA,3,14,-0.15774994005914778,20.20318308236083,6.0,-139.92379903793335,11,2.0,0.0,0.0,13.0,6.0
2025,REG,late,00-0026158,J.Flacco,CLE,2,13,-6.4456141548947326,19.249356395512923,4.0,8.462613821029663,12,1.0,1.0,0.0,13.0,8.0
2025,REG,late,00-0035993,T.Huntley,BAL,3,13,-8.272598535462748,27.946918128233833,4.0,129.69927340745926,10,2.0,0.0,0.0,13.0,8.0
2025,REG,late,00-0022942,P.Rivers,IND,3,12,-11.765753435669467,129.99640797811435,5.0,-43.94714832305908,10,1.0,2.0,0.0,12.0,6.0
2025,REG,late,00-0031503,J.Winston,NYG,2,12,-9.84872796444688,34.45993690955185,2.0,-263.5235667228699,10,2.0,1.0,0.0,12.0,3.0
2025,REG,late,00-0038400,T.McKee,PHI,1,12,-3.875535424449481,8.9651543213077,3.0,-81.8857192993164,8,1.0,0.0,0.0,12.0,4.0
2025,REG,late,00-0040494,M.Brosmer,MIN,6,12,-7.097620198538534,15.37768352480312,2.0,-7.617080211639404,10,2.0,0.0,0.0,12.0,8.0
2025,REG,late,00-0039398,J.Milton,DAL,4,11,-2.7633942287648097,64.0986868764849,6.0,10.292741656303406,10,0.0,1.0,1.0,10.0,6.0
2025,REG,late,00-0026300,J.Johnson,WAS,3,10,4.278384655946866,8.8351356522908,8.0,176.4190375804901,7,1.0,0.0,0.0,8.0,7.0
2025,REG,late,00-0037013,Z.Wilson,MIA,2,10,-5.397444953850936,27.06541328940243,3.0,-24.427053332328796,9,0.0,0.0,0.0,9.0,6.0
2025,REG,late,00-0037324,C.Oladokun,KC,2,9,-3.2596466839895584,6.0166824506520555,2.0,25.912994146347046,6,2.0,0.0,0.0,8.0,4.0
2025,REG,late,00-0027973,A.Dalton,CAR,3,8,5.3733503317344,28.1399618511874,4.0,105.79543113708496,7,1.0,0.0,1.0,8.0,5.0
2025,REG,late,00-0036679,S.Buechele,KC,1,8,-1.5606766023115588,13.698651780702729,1.0,-151.65119767189026,5,3.0,0.0,0.0,8.0,2.0
2025,REG,late,00-0032434,B.Allen,TEN,1,7,-2.1190909570083907,13.377976901448847,1.0,65.38111567497253,6,1.0,0.0,0.0,7.0,5.0
2025,REG,late,00-0038582,C.Tune,GB,2,7,-1.8280179177527316,3.762535479159501,2.0,-95.51718831062317,6,1.0,0.0,0.0,7.0,3.0
2025,REG,late,00-0038579,A.O'Connell,LV,1,6,-1.3933647779221476,3.1085780671608574,2.0,-143.34412813186646,5,1.0,0.0,0.0,6.0,2.0
2025,REG,late,00-0035289,G.Minshew II,KC,1,5,-1.0742123512900434,3.96154954750308,2.0,28.19506824016571,4,0.0,1.0,0.0,5.0,3.0
2025,REG,late,00-0033869,M.Trubisky,BUF,3,3,0.20118302293121815,5.063689720189075,1.0,-69.48536038398743,2,0.0,0.0,0.0,2.0,1.0
2025,REG,late,00-0033949,J.Dobbs,NE,2,3,1.011814703582786,5.887793480368433,1.0,9.410059452056885,3,0.0,0.0,0.0,3.0,2.0
2025,REG,late,00-0038416,T.Bagent,CHI,1,3,1.9268631109734997,5.141109870272399,2.0,-19.852209091186523,2,0.0,0.0,0.0,2.0,1.0
2025,REG,late,00-0038128,M.Willis,GB,2,2,0.2072766504716128,0.16342382433456612,1.0,18.286961317062378,1,1.0,0.0,0.0,2.0,1.0
2025,REG,late,00-0033357,T.Hill,NO,1,1,6.07262811815599,36.876812261418756,1.0,59.01811718940735,1,0.0,0.0,1.0,1.0,1.0
2025,REG,late,00-0033662,C.Rush,BAL,1,1,1.014703540946357,1.029623276009075,1.0,36.4250123500824,1,0.0,0.0,0.0,1.0,1.0
2025,REG,late,00-0034577,K.Allen,DET,1,1,-0.9943321978472062,0.9886965196756555,0.0,-55.15938997268677,1,0.0,0.0,0.0,1.0,0.0
2025,REG,late,00-0034955,B.Rypien,CIN,1,1,-1.2378779940772802,1.5323419282207908,0.0,0.0,0,1.0,0.0,0.0,1.0,0.0
2025,REG,late,00-0035685,D.Montgomery,DET,1,1,-0.41356828954303637,0.17103873011555276,0.0,-42.56167411804199,1,0.0,0.0,0.0,1.0,0.0
2025,REG,late,00-0038120,B.Hall,NYJ,1,1,1.194561611104291,1.4269774427240791,1.0,56.87534511089325,1,0.0,0.0,1.0,1.0,1.0
2025,REG,late,00-0039577,K.Slovis,ARI,1,1,-0.6202312656678259,0.38468682291191325,0.0,-74.13656115531921,1,0.0,0.0,0.0,1.0,0.0
2025,REG,late,00-0040784,Q.Judkins,CLE,1,1,-0.947,0.8968089999999999,0.0,0.0,0,0.0,0.0,0.0,1.0,0.0
2025,REG,ot,00-0033077,D.Prescott,DAL,2,13,0.7979479837706807,21.514269422600215,6.0,218.3363437652588,9,2.0,0.0,0.0,12.0,8.0
2025,REG,ot,00-0026498,M.Stafford,LA,2,11,7.832101881445851,28.96901222589588,6.0,125.01750588417053,11,0.0,0.0,1.0,11.0,8.0
2025,REG,ot,00-0032268,M.Mariota,WAS,2,10,-0.6988838153628166,71.94579232931723,3.0,-69.19926404953003,8,0.0,1.0,1.0,9.0,3.0
2025,REG,ot,00-0036264,J.Love,GB,1,9,0.7155602276776292,8.882421827516255,4.0,49.922165274620056,8,0.0,0.0,0.0,9.0,6.0
2025,REG,ot,00-0030565,G.Smith,LV,1,8,2.951359161627013,12.031565117073617,3.0,22.386831045150757,5,1.0,0.0,1.0,7.0,4.0
2025,REG,ot,00-0031503,J.Winston,NYG,1,8,0.3573325327015482,19.28228955082067,3.0,-99.43236112594604,6,1.0,0.0,0.0,7.0,3.0
2025,REG,ot,00-0033119,J.Brissett,ARI,1,8,-1.4460897848475724,6.9073544980756605,3.0,-18.366533517837524,6,1.0,0.0,0.0,7.0,4.0
2025,REG,ot,00-0034869,S.Darnold,SEA,1,7,5.059669051334029,9.123978536873864,5.0,194.0674901008606,5,0.0,0.0,1.0,7.0,5.0
2025,REG,ot,00-0036389,J.Hurts,PHI,1,7,-2.105341765214689,40.14396017583097,3.0,-15.517997741699219,7,0.0,1.0,0.0,7.0,4.0
2025,REG,ot,00-0036972,M.Jones,SF,1,7,0.02343915415403286,6.179577756633412,5.0,33.9119017124176,6,1.0,0.0,0.0,7.0,5.0
2025,REG,ot,00-0029263,R.Wilson,NYG,1,6,-4.901567241176963,12.592304762461087,2.0,9.945058822631836,5,1.0,1.0,0.0,6.0,3.0
2025,REG,ot,00-0039732,B.Nix,DEN,1,4,4.398663578904234,7.623156204319473,4.0,87.28834986686707,4,0.0,0.0,0.0,4.0,4.0
2025,REG,ot,00-0033873,P.Mahomes,KC,1,3,4.319256113609299,12.55564277841594,2.0,59.30933356285095,3,0.0,0.0,0.0,3.0,2.0
2025,REG,ot,00-0036971,T.Lawrence,JAX,2,3,1.7879605118538824,7.4185246969328995,2.0,48.01309406757355,3,0.0,0.0,0.0,3.0,2.0
2025,REG,ot,00-0038128,M.Willis,GB,1,3,1.843566985335201,7.635748163599599,2.0,83.55959355831146,2,1.0,0.0,0.0,3.0,2.0
2025,REG,ot,00-0039917,M.Penix,ATL,1,3,-3.178159265546128,3.8723091725673524,0.0,-127.83365249633789,2,1.0,0.0,0.0,3.0,0.0
2025,REG,ot,00-0029604,K.Cousins,ATL,1,2,-1.7532043915707618,1.5432303956865852,0.0,-141.58493280410767,2,0.0,0.0,0.0,2.0,0.0
2025,REG,ot,00-0035710,D.Jones,IND,2,2,1.7675970355048776,3.4859795620038985,1.0,69.7017252445221,2,0.0,0.0,0.0,2.0,2.0
2025,REG,ot,00-0036355,J.Herbert,LAC,1,2,-1.7856994169368376,1.7212801563912243,0.0,16.316884756088257,1,0.0,0.0,0.0,1.0,1.0
2025,REG,ot,00-0039918,C.Williams,CHI,1,2,4.048244797624648,20.65203585324583,1.0,73.31218719482422,1,0.0,0.0,1.0,2.0,1.0
2025,REG,ot,00-0039150,B.Young,CAR,1,1,3.9250028895330615,15.405647682842883,1.0,20.359212160110474,1,0.0,0.0,0.0,1.0,1.0
2025,REG,q1,00-0026498,M.Stafford,LA,17,156,18.99399685070505,552.5768975555959,83.0,-23.81599247455597,147,4.0,4.0,8.0,154.0,98.0
2025,REG,q1,00-0036971,T.Lawrence,JAX,17,151,23.059165776223136,446.03300931099625,74.0,629.7610253095627,127,9.0,2.0,9.0,141.0,89.0
2025,REG,q1,00-0033106,J.Goff,DET,17,137,23.93526867838033,408.30551375961153,71.0,1112.7102434635162,117,12.0,1.0,6.0,136.0,93.0
2025,REG,q1,00-0039918,C.Williams,CHI,17,136,17.664615263275675,285.797877062863,64.0,-493.0762439966202,122,1.0,2.0,6.0,129.0,78.0
2025,REG,q1,00-0033077,D.Prescott,DAL,17,133,13.496840779344849,334.54441304742113,65.0,54.666996002197266,123,5.0,1.0,4.0,129.0,83.0
2025,REG,q1,00-0034855,B.Mayfield,TB,17,133,3.4355380025841247,295.61123537733795,62.0,-135.54690778255463,113,10.0,1.0,6.0,126.0,76.0
2025,REG,q1,00-0036355,J.Herbert,LAC,16,133,0.36036686794667006,402.9708525585929,64.0,-109.38038527965546,106,11.0,2.0,8.0,120.0,72.0
2025,REG,q1,00-0039732,B.Nix,DEN,17,133,-6.13553531106911,245.95581375699697,53.0,-386.1937642097473,115,5.0,3.0,3.0,125.0,74.0
2025,REG,q1,00-0036264,J.Love,GB,15,131,26.43593859708202,319.33129736178535,70.0,393.72987896203995,116,5.0,2.0,4.0,123.0,82.0
2025,REG,q1,00-0035710,D.Jones,IND,13,129,21.979633670334277,231.45275015008323,65.0,266.39928221702576,113,5.0,2.0,3.0,120.0,79.0
2025,REG,q1,00-0039851,D.Maye,NE,17,124,41.14114070820527,317.655576959236,66.0,985.1505637168884,95,10.0,1.0,9.0,109.0,69.0
2025,REG,q1,00-0036389,J.Hurts,PHI,16,122,17.30827972948657,223.27701022412037,55.0,564.1804814338684,99,8.0,0.0,7.0,112.0,72.0
2025,REG,q1,00-0030565,G.Smith,LV,15,120,-28.423913628726453,414.5185249783733,48.0,166.97659194469452,101,12.0,5.0,3.0,116.0,72.0
2025,REG,q1,00-0023459,A.Rodgers,PIT,16,117,5.5016399651704155,266.13014315787035,51.0,188.16371858119965,106,7.0,0.0,3.0,116.0,77.0
2025,REG,q1,00-0039150,B.Young,CAR,16,117,-8.511645526527943,413.7629967692909,54.0,73.99763762950897,95,5.0,3.0,3.0,105.0,67.0
2025,REG,q1,00-0039163,C.Stroud,HOU,14,116,34.28264472973263,290.75557143943865,57.0,-23.60421121120453,100,7.0,0.0,5.0,110.0,69.0
2025,REG,q1,00-0040676,C.Ward,TEN,17,112,-9.225830296337927,362.29601633225593,46.0,357.1329563856125,91,7.0,2.0,2.0,106.0,65.0
2025,REG,q1,00-0033873,P.Mahomes,KC,14,110,12.926442931034416,249.93184092557993,57.0,-308.2105904817581,93,3.0,2.0,5.0,98.0,61.0
2025,REG,q1,00-0034857,J.Allen,BUF,16,104,0.15117600026026956,366.215139777415,44.0,-156.31932616233826,91,4.0,2.0,5.0,96.0,61.0
2025,REG,q1,00-0033119,J.Brissett,ARI,12,102,1.2583886433648335,289.79175411492275,49.0,280.8652549982071,83,7.0,1.0,2.0,96.0,61.0
2025,REG,q1,00-0034869,S.Darnold,SEA,17,102,22.46555319519568,281.0710948224437,55.0,637.9732459783554,89,4.0,2.0,6.0,101.0,66.0
2025,REG,q1,00-0036212,T.Tagovailoa,MIA,14,90,5.389358712644121,208.7084429754665,43.0,433.42205584049225,84,5.0,4.0,3.0,90.0,62.0
2025,REG,q1,00-0040691,J.Dart,NYG,12,90,6.535048075676813,192.76415611663364,38.0,6.7305296659469604,72,9.0,0.0,5.0,82.0,49.0
2025,REG,q1,00-0034796,L.Jackson,BAL,13,87,4.214540189224877,254.08518321207225,45.0,144.0841108560562,72,9.0,1.0,3.0,81.0,49.0
2025,REG,q1,00-0039917,M.Penix,ATL,9,78,8.614358558871588,204.06819265426995,38.0,146.58208191394806,73,3.0,0.0,4.0,77.0,51.0
2025,REG,q1,00-0036442,J.Burrow,CIN,8,73,6.565155701523711,285.2220430452261,40.0,316.51989221572876,66,4.0,1.0,4.0,72.0,48.0
2025,REG,q1,00-0037834,B.Purdy,SF,9,70,24.08173158237976,230.76317488322107,38.0,559.1646909713745,62,1.0,2.0,7.0,64.0,45.0
2025,REG,q1,00-0040743,T.Shough,NO,9,67,-18.09041013750635,135.48842465413878,18.0,45.930758118629456,56,7.0,0.0,0.0,65.0,40.0
2025,REG,q1,00-0039376,S.Rattler,NO,8,64,-6.051856115891173,160.20060596690297,29.0,-34.09278988838196,55,3.0,0.0,0.0,59.0,38.0
2025,REG,q1,00-0032268,M.Mariota,WAS,8,62,-7.065686535608005,143.77673099903555,30.0,14.209985733032227,51,5.0,1.0,0.0,58.0,35.0
2025,REG,q1,00-0039923,J.McCarthy,MIN,10,62,10.39302747354289,185.4043125181412,34.0,329.8750162124634,53,4.0,2.0,4.0,58.0,38.0
2025,REG,q1,00-0036972,M.Jones,SF,8,58,-4.859225298606795,154.018240555393,25.0,20.64157724380493,48,6.0,1.0,3.0,55.0,33.0
2025,REG,q1,00-0029604,K.Cousins,ATL,8,56,-5.483707223810232,164.07302213088076,25.0,-166.38301610946655,47,6.0,2.0,2.0,56.0,29.0
2025,REG,q1,00-0039910,J.Daniels,WAS,7,50,-8.062749215401709,128.20699806699278,17.0,-151.84646248817444,38,2.0,1.0,2.0,42.0,25.0
2025,REG,q1,00-0035228,K.Murray,ARI,5,45,4.074975588531141,57.20543507090437,21.0,-101.54888927936554,34,4.0,1.0,0.0,38.0,23.0
2025,REG,q1,00-0040668,S.Sanders,CLE,7,45,7.101193010896706,163.6884786988441,20.0,346.9784438610077,37,4.0,1.0,2.0,44.0,29.0
2025,REG,q1,00-0036945,J.Fields,NYJ,9,44,-11.683484944004057,89.28787585110764,20.0,-1.9108980894088745,31,2.0,0.0,1.0,35.0,21.0
2025,REG,q1,00-0040704,D.Gabriel,CLE,6,42,-0.5061181251151301,60.986567298566285,17.0,-339.9524837732315,39,1.0,0.0,3.0,40.0,24.0
2025,REG,q1,00-0026158,J.Flacco,CIN,6,39,-2.229142252605821,77.89702277314072,16.0,-286.3734543323517,37,2.0,0.0,1.0,39.0,23.0
2025,REG,q1,00-0032950,C.Wentz,MIN,5,36,9.441400692403578,64.5208550055528,20.0,141.73279702663422,30,4.0,0.0,1.0,35.0,22.0
2025,REG,q1,00-0022942,P.Rivers,IND,3,32,11.817684335611691,53.089457923227336,16.0,-273.9260584115982,32,0.0,0.0,1.0,32.0,19.0
2025,REG,q1,00-0029263,R.Wilson,NYG,3,32,4.306161291957455,59.421743705045685,14.0,133.7004154920578,30,1.0,0.0,0.0,31.0,23.0
2025,REG,q1,00-0036898,D.Mills,HOU,3,29,-13.57052903166159,87.53864727713604,11.0,-289.5920902490616,26,1.0,1.0,0.0,28.0,14.0
2025,REG,q1,00-0026158,J.Flacco,CLE,4,27,-1.862411267007701,38.14701190404549,13.0,118.48997175693512,27,0.0,1.0,0.0,27.0,20.0
2025,REG,q1,00-0028118,T.Taylor,NYJ,4,26,-3.314677528166799,48.546046464180435,12.0,-8.05279016494751,21,0.0,1.0,0.0,22.0,14.0
2025,REG,q1,00-0035100,J.Browning,CIN,3,23,-18.85910459020364,144.6420588867316,7.0,-296.80208563804626,22,1.0,1.0,0.0,23.0,12.0
2025,REG,q1,00-0038102,K.Pickett,LV,2,18,-11.386975758476183,58.22259324602301,5.0,-215.75914323329926,12,4.0,1.0,0.0,16.0,7.0
2025,REG,q1,00-0040398,B.Cook,NYJ,5,18,-4.742443103280589,29.768258812678503,5.0,-44.529831409454346,18,0.0,1.0,1.0,18.0,12.0
2025,REG,q1,00-0040234,Q.Ewers,MIA,3,16,7.469441523891874,76.18719788729153,9.0,278.89748215675354,15,0.0,0.0,1.0,15.0,12.0
2025,REG,q1,00-0040494,M.Brosmer,MIN,2,16,-11.284811223624274,27.53282091530604,5.0,-105.9937596321106,11,3.0,0.0,0.0,15.0,7.0
2025,REG,q1,00-0026300,J.Johnson,WAS,2,13,8.016753686293896,34.24342554457754,8.0,155.62259554862976,9,1.0,0.0,0.0,11.0,8.0
2025,REG,q1,00-0031503,J.Winston,NYG,2,13,11.483487686012511,51.72183780176153,7.0,163.2563292980194,12,0.0,0.0,1.0,13.0,9.0
2025,REG,q1,00-0037324,C.Oladokun,KC,2,13,-6.533869063939074,18.606526149519468,3.0,-198.72176945209503,11,1.0,0.0,0.0,12.0,5.0
2025,REG,q1,00-0035993,T.Huntley,BAL,2,11,4.432624225039035,8.308662096109977,8.0,189.88171219825745,8,1.0,0.0,0.0,9.0,8.0
2025,REG,q1,00-0033662,C.Rush,BAL,2,10,0.062226544163577646,27.73011512483199,5.0,9.820538759231567,10,0.0,1.0,0.0,10.0,7.0
2025,REG,q1,00-0033869,M.Trubisky,BUF,2,10,8.920772121753544,24.23053551005541,7.0,235.42357087135315,10,0.0,0.0,1.0,10.0,9.0
2025,REG,q1,00-0037012,T.Lance,LAC,2,8,-11.645890332525596,59.60071292443514,1.0,-214.4544631242752,7,0.0,1.0,0.0,8.0,2.0
2025,REG,q1,00-0040206,R.Leonard,IND,1,8,4.990142023496116,51.79113402964562,2.0,117.53551959991455,6,0.0,0.0,1.0,7.0,5.0
2025,REG,q1,00-0034771,M.Rudolph,PIT,1,7,0.46248351567192003,23.682259687849346,5.0,92.15783178806305,7,0.0,1.0,0.0,7.0,6.0
2025,REG,q1,00-0035289,G.Minshew II,KC,1,7,-3.8084135146345943,5.176371897494292,1.0,-90.11374711990356,5,0.0,0.0,0.0,6.0,3.0
2025,REG,q1,00-0038400,T.McKee,PHI,1,7,-0.2936282086884603,8.552320864487761,3.0,66.87820851802826,4,1.0,0.0,0.0,5.0,3.0
2025,REG,q1,00-0027973,A.Dalton,CAR,1,4,-6.705262570991181,24.673370014652335,1.0,23.14457893371582,1,1.0,0.0,0.0,3.0,1.0
2025,REG,q1,00-0032434,B.Allen,TEN,1,4,-2.2936155856586993,5.695774283269551,1.0,-89.78332877159119,4,0.0,0.0,0.0,4.0,2.0
2025,REG,q1,00-0038128,M.Willis,GB,2,3,7.030266733607277,21.10051494354066,3.0,147.77433276176453,3,0.0,0.0,1.0,3.0,3.0
2025,REG,q1,00-0038582,C.Tune,GB,1,3,-4.072726207552478,8.048644182542395,0.0,-69.1046416759491,2,1.0,0.0,0.0,3.0,1.0
2025,REG,q1,00-0033269,R.Sanchez,IND,1,1,3.5125947825144976,12.338322106148071,1.0,38.523948192596436,1,0.0,0.0,0.0,1.0,1.0
2025,REG,q1,00-0033280,C.McCaffrey,SF,1,1,-0.770897071401123,0.5942822946948281,0.0,0.0,0,0.0,0.0,0.0,1.0,0.0
2025,REG,q1,00-0034827,D.Moore,CHI,1,1,3.8681936897919513,14.96292242174627,1.0,46.21419906616211,1,0.0,0.0,1.0,1.0,1.0
2025,REG,q1,00-0036290,C.Kmet,CHI,1,1,-0.4927360210567713,0.24278878644685895,0.0,-63.29410672187805,1,0.0,0.0,0.0,1.0,0.0
2025,REG,q1,00-0036414,C.Akers,MIN,1,1,3.2600105608580634,10.627668856906105,1.0,44.74018216133118,1,0.0,0.0,1.0,1.0,1.0
2025,REG,q1,00-0039451,I.Williams,NYJ,1,1,-0.8187713430379517,0.6703865121801712,0.0,-61.947101354599,1,0.0,0.0,0.0,1.0,0.0
2025,REG,q1,00-0040730,R.Harvey,DEN,1,1,-0.4586076693958603,0.2103209944287027,0.0,-77.06168293952942,1,0.0,0.0,0.0,1.0,0.0
2025,REG,q2,00-0039732,B.Nix,DEN,17,206,35.71729199297458,429.8792650187772,92.0,-334.38073098659515,185,5.0,3.0,12.0,197.0,121.0
2025,REG,q2,00-0039851,D.Maye,NE,17,199,83.94261343233003,508.30919594445226,120.0,2423.2278019189835,160,12.0,3.0,12.0,180.0,128.0
2025,REG,q2,00-0033077,D.Prescott,DAL,17,195,69.65869500459543,461.6833441235412,100.0,927.8601378202438,172,8.0,2.0,14.0,188.0,126.0
2025,REG,q2,00-0036971,T.Lawrence,JAX,17,193,16.146193505666496,323.07402185126404,92.0,-291.9362336397171,162,14.0,4.0,11.0,180.0,103.0
2025,REG,q2,00-0036355,J.Herbert,LAC,16,189,5.946760103701539,496.1921010891147,82.0,677.7074456214905,156,14.0,7.0,7.0,179.0,110.0
2025,REG,q2,00-0033873,P.Mahomes,KC,14,187,20.82706271934726,271.7635410557452,89.0,458.78652036190033,139,17.0,2.0,4.0,170.0,98.0
2025,REG,q2,00-0033106,J.Goff,DET,17,182,49.575070083852744,362.03399559331393,94.0,519.4870173931122,160,6.0,2.0,13.0,180.0,118.0
2025,REG,q2,00-0039918,C.Williams,CHI,17,179,-4.250242407330759,292.7334241463359,73.0,-799.6316313743591,143,8.0,1.0,5.0,167.0,86.0
2025,REG,q2,00-0034855,B.Mayfield,TB,17,176,6.341784953962347,331.84814513890035,74.0,-627.7240484952927,145,10.0,4.0,6.0,162.0,96.0
2025,REG,q2,00-0023459,A.Rodgers,PIT,16,174,9.021353302212663,280.2587287828548,77.0,-746.4888155460358,148,10.0,3.0,7.0,167.0,95.0
2025,REG,q2,00-0026498,M.Stafford,LA,17,172,47.906954801140664,337.9098718647523,92.0,430.8133453130722,163,5.0,3.0,12.0,172.0,108.0
2025,REG,q2,00-0040676,C.Ward,TEN,16,167,-27.746206079402477,387.7811619374079,60.0,-933.5787147283554,129,17.0,1.0,6.0,160.0,78.0
2025,REG,q2,00-0039163,C.Stroud,HOU,14,164,8.003175795298635,280.55663201291577,68.0,-44.96032893657684,138,7.0,4.0,5.0,154.0,95.0
2025,REG,q2,00-0036389,J.Hurts,PHI,16,160,23.131147297726297,278.1642596571975,75.0,328.6407947540283,128,8.0,2.0,4.0,142.0,89.0
2025,REG,q2,00-0034869,S.Darnold,SEA,17,149,27.509245839789823,435.3720783387435,75.0,895.5918401479721,125,11.0,2.0,7.0,142.0,92.0
2025,REG,q2,00-0033119,J.Brissett,ARI,12,148,-2.919401478770613,288.63021553853423,64.0,110.92638373374939,120,14.0,3.0,4.0,143.0,82.0
2025,REG,q2,00-0030565,G.Smith,LV,15,146,-31.23715751696345,291.90330280808803,55.0,-840.5092120170593,119,19.0,5.0,5.0,142.0,74.0
2025,REG,q2,00-0034857,J.Allen,BUF,16,139,7.019077935974598,300.74111128651555,61.0,-125.99047273397446,112,14.0,4.0,5.0,129.0,74.0
2025,REG,q2,00-0039150,B.Young,CAR,16,137,-15.553976685449712,282.2354028519256,54.0,-737.2446030378342,118,5.0,4.0,5.0,130.0,72.0
2025,REG,q2,00-0036264,J.Love,GB,15,136,38.303271032151464,290.38019771726283,69.0,717.9619252681732,115,8.0,0.0,7.0,130.0,81.0
2025,REG,q2,00-0035710,D.Jones,IND,12,123,27.32743237519986,304.22376532775394,61.0,70.31562030315399,109,6.0,3.0,9.0,119.0,76.0
2025,REG,q2,00-0036212,T.Tagovailoa,MIA,14,122,11.139551106450556,274.2582697155755,53.0,293.4039115905762,103,9.0,1.0,8.0,119.0,73.0
2025,REG,q2,00-0040691,J.Dart,NYG,12,121,9.383828626251873,229.15257834549,52.0,-193.20417642593384,100,9.0,2.0,4.0,112.0,63.0
2025,REG,q2,00-0034796,L.Jackson,BAL,13,108,-12.15527003380574,300.21856962960703,46.0,-93.28831732273102,82,10.0,3.0,5.0,96.0,53.0
2025,REG,q2,00-0037834,B.Purdy,SF,9,104,-1.769997855093638,201.82001296582848,47.0,5.8858513832092285,87,5.0,3.0,2.0,97.0,58.0
2025,REG,q2,00-0039923,J.McCarthy,MIN,10,104,-14.2140459028467,294.34952436699234,38.0,-466.1043971776962,83,13.0,5.0,0.0,99.0,50.0
2025,REG,q2,00-0036442,J.Burrow,CIN,8,97,1.2283482422762084,222.1462730506318,41.0,-68.49502623081207,83,7.0,1.0,5.0,93.0,52.0
2025,REG,q2,00-0040743,T.Shough,NO,9,97,3.6578721628094644,232.71179114361655,45.0,-44.53476071357727,82,7.0,2.0,2.0,91.0,57.0
2025,REG,q2,00-0036972,M.Jones,SF,8,94,28.087380799335705,176.44927831400364,51.0,489.67066407203674,88,3.0,1.0,5.0,93.0,65.0
2025,REG,q2,00-0039376,S.Rattler,NO,8,91,-5.689524744119021,259.20007549537866,41.0,524.5686054229736,75,6.0,2.0,3.0,86.0,57.0
2025,REG,q2,00-0039917,M.Penix,ATL,9,84,-0.7564769106659899,139.52074078224473,35.0,74.72350597381592,71,5.0,0.0,2.0,79.0,48.0
2025,REG,q2,00-0039910,J.Daniels,WAS,7,81,6.364638960274059,123.29460183681152,39.0,-102.13654339313507,56,6.0,1.0,1.0,68.0,36.0
2025,REG,q2,00-0029604,K.Cousins,ATL,8,79,-2.089971959143281,169.99568120090268,35.0,126.47567838430405,70,3.0,1.0,5.0,77.0,49.0
2025,REG,q2,00-0036945,J.Fields,NYJ,9,79,-10.389402494772463,131.53177495470874,31.0,-404.90647852420807,57,13.0,1.0,1.0,71.0,35.0
2025,REG,q2,00-0035228,K.Murray,ARI,5,66,6.436949396341071,119.70657621051913,28.0,-77.05036103725433,57,5.0,1.0,3.0,63.0,39.0
2025,REG,q2,00-0026158,J.Flacco,CIN,6,65,10.187493258141354,203.66588345351713,32.0,190.67748934030533,60,1.0,1.0,5.0,65.0,42.0
2025,REG,q2,00-0040704,D.Gabriel,CLE,7,64,-3.7537538685865393,67.96348255828957,20.0,-222.1193104982376,50,9.0,0.0,1.0,60.0,32.0
2025,REG,q2,00-0040668,S.Sanders,CLE,7,61,-10.7896290657809,203.46908961081317,21.0,-181.76102340221405,44,5.0,2.0,3.0,54.0,27.0
2025,REG,q2,00-0032950,C.Wentz,MIN,5,57,-9.138818857756528,136.99860275128904,20.0,-147.09559082984924,47,4.0,3.0,0.0,54.0,30.0
2025,REG,q2,00-0032268,M.Mariota,WAS,8,56,20.040517904933754,138.515492938409,34.0,655.9823513031006,45,3.0,1.0,2.0,52.0,36.0
2025,REG,q2,00-0036898,D.Mills,HOU,4,53,6.6414537658128765,64.81048511034756,24.0,122.45123982429504,47,5.0,0.0,2.0,52.0,33.0
2025,REG,q2,00-0026158,J.Flacco,CLE,4,45,-13.489573850673116,100.40354847045937,11.0,-251.40431374311447,36,3.0,2.0,0.0,45.0,23.0
2025,REG,q2,00-0035100,J.Browning,CIN,4,44,-25.940651832059803,174.79143247953553,15.0,66.23694598674774,36,2.0,3.0,0.0,42.0,25.0
2025,REG,q2,00-0040398,B.Cook,NYJ,5,43,-17.212547720482707,57.1662695050325,11.0,-795.1270699501038,34,5.0,2.0,0.0,40.0,16.0
2025,REG,q2,00-0028118,T.Taylor,NYJ,4,28,-17.19162638352457,112.8444817099137,9.0,-238.3691817522049,20,4.0,1.0,1.0,24.0,11.0
2025,REG,q2,00-0037324,C.Oladokun,KC,3,26,-11.668503047048198,68.20408217378136,8.0,62.94768154621124,21,2.0,0.0,1.0,25.0,17.0
2025,REG,q2,00-0040234,Q.Ewers,MIA,3,26,9.647087649750029,36.834106848237035,15.0,152.59419083595276,23,2.0,0.0,2.0,25.0,17.0
2025,REG,q2,00-0022942,P.Rivers,IND,3,24,2.4888619199717437,42.39529234235815,10.0,-3.620600700378418,22,2.0,0.0,2.0,24.0,15.0
2025,REG,q2,00-0035993,T.Huntley,BAL,3,22,4.825051118336955,27.010549467514736,12.0,187.6627191901207,20,2.0,0.0,0.0,22.0,16.0
2025,REG,q2,00-0029263,R.Wilson,NYG,3,20,-9.272016164158238,49.63821416940969,4.0,-55.93155324459076,16,2.0,2.0,1.0,20.0,9.0
2025,REG,q2,00-0040206,R.Leonard,IND,2,18,-2.50902769501322,78.29262307840769,6.0,-112.67781257629395,17,1.0,0.0,1.0,18.0,9.0
2025,REG,q2,00-0026300,J.Johnson,WAS,2,16,-1.8757368586957455,37.648256518342826,7.0,-42.22597777843475,15,0.0,1.0,0.0,15.0,10.0
2025,REG,q2,00-0037012,T.Lance,LAC,2,15,-0.3832776549937216,10.80621982241155,7.0,150.98980367183685,12,1.0,0.0,0.0,13.0,10.0
2025,REG,q2,00-0027973,A.Dalton,CAR,1,14,-6.166402367439243,72.17126307201762,6.0,-45.00676691532135,12,2.0,1.0,0.0,14.0,7.0
2025,REG,q2,00-0040494,M.Brosmer,MIN,2,14,-17.60046281601535,122.96053090872442,1.0,54.91539537906647,10,3.0,1.0,0.0,14.0,8.0
2025,REG,q2,00-0033662,C.Rush,BAL,2,13,-5.702000030927593,19.759855148145764,5.0,-129.42236959934235,12,1.0,0.0,0.0,13.0,7.0
2025,REG,q2,00-0031503,J.Winston,NYG,2,12,7.2218661451660005,31.513664790479186,7.0,64.71950709819794,12,0.0,0.0,1.0,12.0,8.0
2025,REG,q2,00-0038400,T.McKee,PHI,1,12,-2.566113112028688,39.81505465603001,6.0,65.08897840976715,11,0.0,1.0,1.0,12.0,7.0
2025,REG,q2,00-0032434,B.Allen,TEN,1,11,-10.78019290210566,70.12200417397999,2.0,-253.83536219596863,11,0.0,1.0,0.0,11.0,5.0
2025,REG,q2,00-0038128,M.Willis,GB,3,11,5.066001229299735,10.463067585533828,8.0,120.07275521755219,10,0.0,0.0,1.0,10.0,8.0
2025,REG,q2,00-0033869,M.Trubisky,BUF,1,10,7.446136190614197,32.050976584743616,6.0,85.78726053237915,9,0.0,0.0,1.0,10.0,7.0
2025,REG,q2,00-0038102,K.Pickett,LV,1,10,-4.044264332624152,7.841525070622439,3.0,-171.04456424713135,9,1.0,0.0,0.0,10.0,4.0
2025,REG,q2,00-0038579,A.O'Connell,LV,1,7,-4.6668345933506306,7.804693275422876,1.0,-325.12757182121277,7,0.0,0.0,0.0,7.0,2.0
2025,REG,q2,00-0034771,M.Rudolph,PIT,1,4,0.17553937819320709,0.904996272648576,1.0,97.81105518341064,4,0.0,0.0,0.0,4.0,4.0
2025,REG,q2,00-0038582,C.Tune,GB,1,3,-1.9949483290547505,1.337059235771422,0.0,-26.865708827972412,2,0.0,0.0,0.0,3.0,1.0
2025,REG,q2,00-0035289,G.Minshew II,KC,1,2,-2.0318482723087072,2.2115809164042504,0.0,-163.91632556915283,2,0.0,0.0,0.0,2.0,0.0
2025,REG,q2,00-0033357,T.Hill,NO,1,1,-0.7399639681680128,0.5475466741869519,0.0,-87.2332215309143,1,0.0,0.0,0.0,1.0,0.0
2025,REG,q2,00-0033908,C.Kupp,SEA,1,1,-5.370166467153467,28.838687884939553,0.0,-65.11815786361694,1,0.0,1.0,0.0,1.0,0.0
2025,REG,q2,00-0034721,C.Bojorquez,CLE,1,1,-1.804541337362025,3.2563694382483255,0.0,0.0,0,0.0,0.0,0.0,1.0,0.0
2025,REG,q2,00-0035685,D.Montgomery,DET,1,1,1.373055194679182,1.8852805676354865,1.0,49.4532585144043,1,0.0,0.0,1.0,1.0,1.0
2025,REG,q2,00-0036613,J.Waddle,MIA,1,1,-0.5923647911444314,0.3508960457875859,0.0,11.613237857818604,1,0.0,0.0,0.0,1.0,1.0
2025,REG,q2,00-0037239,C.Olave,NO,1,1,-3.5951321736210957,12.924975345805544,0.0,-55.088990926742554,1,0.0,1.0,0.0,1.0,0.0
2025,REG,q2,00-0040128,T.Warren,IND,1,1,-0.46532738901441917,0.21652957896697658,0.0,0.0,0,0.0,0.0,0.0,1.0,0.0
2025,REG,q3,00-0036971,T.Lawrence,JAX,17,156,25.78524423903331,393.92681235017835,80.0,-278.3131331205368,135,7.0,3.0,4.0,147.0,86.0
2025,REG,q3,00-0026498,M.Stafford,LA,17,151,29.11633721670068,402.1290240426483,77.0,253.62021327018738,136,8.0,0.0,12.0,148.0,93.0
2025,REG,q3,00-0036355,J.Herbert,LAC,16,150,16.998363449649688,380.4600432992589,74.0,367.73551404476166,119,17.0,2.0,7.0,137.0,84.0
2025,REG,q3,00-0039851,D.Maye,NE,17,145,54.42757889157725,385.6172884356142,81.0,1090.4584914445877,114,10.0,3.0,7.0,128.0,85.0
2025,REG,q3,00-0033873,P.Mahomes,KC,14,143,32.75499741181794,435.9547747072448,81.0,291.3830667734146,125,2.0,2.0,5.0,130.0,89.0
2025,REG,q3,00-0039918,C.Williams,CHI,17,143,19.14779180242119,357.8758137710279,68.0,-338.2004678249359,124,5.0,2.0,6.0,134.0,81.0
2025,REG,q3,00-0034857,J.Allen,BUF,16,140,34.71342074936921,322.58766368675947,78.0,1177.5452226400375,108,8.0,2.0,7.0,125.0,88.0
2025,REG,q3,00-0033077,D.Prescott,DAL,16,134,23.702445156203602,313.59273646872805,64.0,128.41451466083527,121,6.0,2.0,6.0,128.0,83.0
2025,REG,q3,00-0034869,S.Darnold,SEA,17,133,5.169356738502049,482.1879007291675,71.0,192.40229427814484,127,4.0,6.0,6.0,133.0,86.0
2025,REG,q3,00-0039732,B.Nix,DEN,17,132,24.81353335481112,255.57319278334836,67.0,162.3403787612915,113,2.0,1.0,2.0,122.0,81.0
2025,REG,q3,00-0034855,B.Mayfield,TB,16,128,53.26030086963058,417.96715467361383,67.0,28.028345108032227,109,5.0,2.0,8.0,118.0,71.0
2025,REG,q3,00-0033106,J.Goff,DET,17,124,22.774196085388265,342.52132199877934,63.0,631.0770094394684,111,8.0,4.0,6.0,122.0,84.0
2025,REG,q3,00-0039150,B.Young,CAR,16,124,7.193655783911929,325.9289843681097,62.0,702.0646184682846,102,7.0,1.0,7.0,117.0,75.0
2025,REG,q3,00-0033119,J.Brissett,ARI,13,118,9.013230753826523,398.9036061519946,60.0,202.71285474300385,103,8.0,3.0,9.0,117.0,70.0
2025,REG,q3,00-0030565,G.Smith,LV,15,114,-23.95240343575894,455.8420864598046,45.0,42.734575271606445,93,11.0,4.0,3.0,110.0,66.0
2025,REG,q3,00-0036389,J.Hurts,PHI,16,112,0.891727275336681,292.43406676022585,46.0,224.6219366788864,88,11.0,1.0,7.0,106.0,58.0
2025,REG,q3,00-0040691,J.Dart,NYG,13,105,3.5625147100729055,231.77361216248656,51.0,253.36086452007294,76,11.0,0.0,3.0,91.0,55.0
2025,REG,q3,00-0023459,A.Rodgers,PIT,15,104,9.08361713481832,390.97652958443734,46.0,200.8409857749939,92,4.0,2.0,5.0,102.0,65.0
2025,REG,q3,00-0040676,C.Ward,TEN,16,101,-26.704718180744816,224.80482293269017,33.0,-340.5455231666565,85,10.0,0.0,1.0,99.0,54.0
2025,REG,q3,00-0035710,D.Jones,IND,12,91,18.263593275008823,245.58808362655012,49.0,567.4235612154007,74,5.0,1.0,3.0,85.0,56.0
2025,REG,q3,00-0036264,J.Love,GB,14,90,34.94864277959775,259.1404902283658,47.0,968.2932585477829,75,3.0,2.0,6.0,85.0,59.0
2025,REG,q3,00-0036212,T.Tagovailoa,MIA,14,89,-26.7889479152578,298.772374403042,31.0,-454.42838072776794,77,7.0,3.0,2.0,85.0,50.0
2025,REG,q3,00-0034796,L.Jackson,BAL,12,85,14.456653217280893,258.77165698324296,43.0,135.9932839870453,67,9.0,2.0,7.0,79.0,45.0
2025,REG,q3,00-0039163,C.Stroud,HOU,12,84,3.41103741883931,178.18481201332187,44.0,234.79613065719604,68,7.0,2.0,2.0,81.0,49.0
2025,REG,q3,00-0036972,M.Jones,SF,8,70,13.835203268503507,146.21337902264693,44.0,366.44139885902405,62,2.0,0.0,1.0,68.0,46.0
2025,REG,q3,00-0037834,B.Purdy,SF,9,68,28.41091715646795,175.40356489976227,45.0,865.956312417984,60,2.0,2.0,6.0,66.0,49.0
2025,REG,q3,00-0039917,M.Penix,ATL,9,67,-11.956517325040561,239.81806974167455,31.0,-521.4910596609116,57,3.0,3.0,2.0,64.0,33.0
2025,REG,q3,00-0040743,T.Shough,NO,10,66,19.307055367976815,157.84980502711096,36.0,664.1916632652283,52,8.0,1.0,3.0,62.0,43.0
2025,REG,q3,00-0039910,J.Daniels,WAS,7,62,-17.067037696260876,211.91673431782237,27.0,-419.8569595813751,44,7.0,1.0,1.0,54.0,26.0
2025,REG,q3,00-0032268,M.Mariota,WAS,10,60,-9.344492383007168,270.2021551194147,26.0,-7.48310387134552,50,3.0,3.0,3.0,57.0,30.0
2025,REG,q3,00-0039376,S.Rattler,NO,8,56,7.116598103804055,119.15143159091112,31.0,273.0591505765915,49,3.0,1.0,3.0,52.0,36.0
2025,REG,q3,00-0036442,J.Burrow,CIN,7,55,20.212404796419936,153.76596832695935,26.0,419.82436925172806,46,1.0,0.0,4.0,52.0,34.0
2025,REG,q3,00-0036945,J.Fields,NYJ,8,54,-2.2724298622307004,140.33386111667102,22.0,132.8760415315628,42,5.0,0.0,1.0,51.0,30.0
2025,REG,q3,00-0040668,S.Sanders,CLE,8,53,-33.70574330527978,220.94583936543637,16.0,-764.19677734375,43,5.0,5.0,0.0,51.0,20.0
2025,REG,q3,00-0029604,K.Cousins,ATL,7,51,1.8109954807795647,141.7483140975658,25.0,39.70247507095337,49,0.0,1.0,0.0,51.0,35.0
2025,REG,q3,00-0026158,J.Flacco,CIN,6,50,1.0629501172575075,177.82383364337198,22.0,27.211403846740723,44,1.0,1.0,2.0,49.0,31.0
2025,REG,q3,00-0039923,J.McCarthy,MIN,9,50,-31.376817127374736,216.82500730425954,18.0,-925.4111617803574,42,4.0,2.0,1.0,47.0,18.0
2025,REG,q3,00-0026158,J.Flacco,CLE,4,42,-7.108437704509658,141.1236622804898,16.0,-175.17640590667725,34,3.0,2.0,2.0,41.0,20.0
2025,REG,q3,00-0032950,C.Wentz,MIN,5,42,-2.5979411984794574,75.30021059410569,21.0,180.58940470218658,31,7.0,1.0,2.0,39.0,23.0
2025,REG,q3,00-0040398,B.Cook,NYJ,5,40,-23.07009607134703,58.256226694986154,8.0,-214.48684334754944,30,6.0,0.0,0.0,38.0,20.0
2025,REG,q3,00-0035228,K.Murray,ARI,5,38,0.6412213809212766,56.20473523745581,15.0,102.07639038562775,32,3.0,0.0,0.0,37.0,25.0
2025,REG,q3,00-0028118,T.Taylor,NYJ,4,36,-0.5348206935814046,90.0146928934988,15.0,37.4821275472641,31,1.0,1.0,1.0,33.0,20.0
2025,REG,q3,00-0040704,D.Gabriel,CLE,5,34,-9.90714282936234,84.49621013899937,11.0,-338.9334797859192,32,1.0,2.0,1.0,33.0,19.0
2025,REG,q3,00-0036898,D.Mills,HOU,5,32,-6.424588428582517,51.672526221093996,11.0,-421.6918468475342,28,0.0,0.0,1.0,30.0,14.0
2025,REG,q3,00-0029263,R.Wilson,NYG,5,28,-7.025674937834692,55.18741823441227,11.0,-281.5654695034027,21,3.0,0.0,0.0,25.0,11.0
2025,REG,q3,00-0035100,J.Browning,CIN,4,28,-7.3812314766692,133.74454958811873,12.0,82.78005123138428,24,2.0,3.0,2.0,27.0,17.0
2025,REG,q3,00-0040494,M.Brosmer,MIN,4,23,-9.827532208116727,54.70548403557457,8.0,77.93142199516296,18,3.0,1.0,0.0,22.0,13.0
2025,REG,q3,00-0040234,Q.Ewers,MIA,3,21,-21.952944866672624,107.15668126817697,3.0,-379.65370416641235,17,3.0,3.0,0.0,21.0,7.0
2025,REG,q3,00-0038128,M.Willis,GB,2,20,16.943404209826134,67.10112824332772,13.0,303.8907289505005,15,1.0,0.0,1.0,16.0,12.0
2025,REG,q3,00-0040206,R.Leonard,IND,2,20,5.4502920253913025,46.18852369887394,7.0,87.94563710689545,19,0.0,0.0,0.0,20.0,13.0
2025,REG,q3,00-0022942,P.Rivers,IND,3,17,-5.966878269556198,30.55715391296431,5.0,-54.91820573806763,15,1.0,0.0,1.0,17.0,10.0
2025,REG,q3,00-0026300,J.Johnson,WAS,3,17,-4.57101309263286,47.73406432791147,5.0,-217.78489649295807,12,0.0,1.0,0.0,15.0,5.0
2025,REG,q3,00-0034771,M.Rudolph,PIT,3,16,-8.098161393924581,76.12653513369048,7.0,-55.429282784461975,11,2.0,1.0,0.0,15.0,7.0
2025,REG,q3,00-0035993,T.Huntley,BAL,3,16,3.0546527477005556,29.14434239172124,7.0,160.9389215707779,14,1.0,0.0,0.0,15.0,10.0
2025,REG,q3,00-0033662,C.Rush,BAL,3,15,-6.1567234270623885,98.34495363187558,6.0,130.54438531398773,15,0.0,1.0,0.0,15.0,12.0
2025,REG,q3,00-0031503,J.Winston,NYG,2,14,1.7582851408515126,42.5789200992657,6.0,-70.41714787483215,12,1.0,0.0,0.0,14.0,8.0
2025,REG,q3,00-0037324,C.Oladokun,KC,2,12,-5.310485323759831,32.48717984851868,3.0,-45.88398337364197,10,2.0,0.0,0.0,12.0,7.0
2025,REG,q3,00-0038400,T.McKee,PHI,1,11,1.646538039109625,9.2398473837377,6.0,-58.051979541778564,9,1.0,0.0,0.0,11.0,6.0
2025,REG,q3,00-0033869,M.Trubisky,BUF,1,10,7.826271838697838,30.163265128621646,7.0,33.175128698349,8,0.0,0.0,1.0,9.0,5.0
2025,REG,q3,00-0039398,J.Milton,DAL,1,10,0.5622392772700151,14.86013880644386,3.0,80.35485446453094,8,0.0,0.0,0.0,8.0,6.0
2025,REG,q3,00-0031237,T.Bridgewater,TB,1,8,-5.435687958495691,35.03018403678258,1.0,-124.04278814792633,6,1.0,0.0,0.0,7.0,3.0
2025,REG,q3,00-0036679,S.Buechele,KC,1,7,-1.2834080538952857,3.932013636227398,3.0,77.00735926628113,4,2.0,0.0,0.0,6.0,4.0
2025,REG,q3,00-0037012,T.Lance,LAC,1,7,-4.744346395833418,10.03805636916642,1.0,-166.64741933345795,5,1.0,0.0,0.0,6.0,1.0
2025,REG,q3,00-0038102,K.Pickett,LV,1,6,-6.491095362696797,24.452127284842298,1.0,-54.16464805603027,5,1.0,1.0,0.0,6.0,3.0
2025,REG,q3,00-0027973,A.Dalton,CAR,1,5,-6.316851623822004,46.4250553952986,2.0,-20.342260599136353,3,2.0,0.0,0.0,5.0,2.0
2025,REG,q3,00-0032434,B.Allen,TEN,1,5,-3.7560261904727668,4.008963101616651,0.0,60.29149889945984,5,0.0,0.0,0.0,5.0,4.0
2025,REG,q3,00-0038582,C.Tune,GB,1,5,-3.030868570320308,14.913494546343003,2.0,27.463090419769287,1,2.0,0.0,0.0,3.0,1.0
2025,REG,q3,00-0038579,A.O'Connell,LV,1,4,6.0426088478416204,12.119645710929479,4.0,114.54519629478455,3,0.0,0.0,0.0,3.0,3.0
2025,REG,q3,00-0033949,J.Dobbs,NE,2,3,2.519074433554798,5.86772426684298,2.0,90.28111100196838,3,0.0,0.0,0.0,3.0,3.0
2025,REG,q3,00-0033357,T.Hill,NO,2,2,-2.661416415241547,23.524180314740565,1.0,-37.11705505847931,2,0.0,0.0,0.0,2.0,1.0
2025,REG,q3,00-0032764,D.Henry,BAL,1,1,-0.4591185906319879,0.21078988026390288,0.0,-33.69303643703461,1,0.0,0.0,0.0,1.0,0.0
2025,REG,q3,00-0033400,M.Haack,ARI,1,1,4.4010514167603105,19.369253572967935,1.0,37.17321157455444,1,0.0,0.0,0.0,1.0,1.0
2025,REG,q3,00-0034348,C.Sutton,DEN,1,1,-4.031719361392031,16.254761009023365,0.0,0.0,0,1.0,0.0,0.0,1.0,0.0
2025,REG,q3,00-0035250,D.Singletary,NYG,1,1,1.053,1.108809,1.0,0.0,0,0.0,0.0,0.0,1.0,0.0
2025,REG,q3,00-0037742,T.Burks,WAS,1,1,-0.49842422152869403,0.24842670460648467,0.0,0.0,0,1.0,0.0,0.0,1.0,0.0
2025,REG,q3,00-0039054,M.Mapu,NE,1,1,-2.4826914377044886,6.163756774851181,0.0,0.0,0,1.0,0.0,0.0,1.0,0.0
2025,REG,q3,00-0039577,K.Slovis,ARI,1,1,-1.5264001602772623,2.329897449294452,0.0,10.512936115264893,1,0.0,0.0,0.0,1.0,1.0
2025,REG,q3,00-0039634,A.McNamara,NYJ,1,1,2.8565037888474762,8.159613895699987,1.0,25.87047815322876,1,0.0,0.0,0.0,1.0,1.0
2025,REG,q4,00-0040676,C.Ward,TEN,16,235,-39.1228427383856,514.0607787069314,94.0,-544.9167236685753,194,21.0,4.0,6.0,227.0,126.0
2025,REG,q4,00-0039732,B.Nix,DEN,17,199,20.56624985325904,340.83335628511554,88.0,-226.11184418201447,166,10.0,4.0,8.0,190.0,108.0
2025,REG,q4,00-0034855,B.Mayfield,TB,16,189,-25.833303886494402,427.8571458150676,78.0,-379.9666255712509,160,11.0,4.0,6.0,178.0,100.0
2025,REG,q4,00-0033077,D.Prescott,DAL,16,182,6.254394178472283,502.16317903146336,85.0,-43.50721538066864,159,10.0,5.0,6.0,174.0,104.0
2025,REG,q4,00-0039918,C.Williams,CHI,17,177,32.163131026206685,417.1978055013858,79.0,-286.26075983047485,136,10.0,2.0,9.0,162.0,84.0
2025,REG,q4,00-0033106,J.Goff,DET,17,176,13.085815835793268,415.6399021705375,73.0,-1293.2530850172043,158,12.0,1.0,9.0,176.0,98.0
2025,REG,q4,00-0033119,J.Brissett,ARI,12,176,-6.523052379592449,335.54559588107867,74.0,171.20327651500702,145,13.0,1.0,8.0,167.0,98.0
2025,REG,q4,00-0034857,J.Allen,BUF,15,171,47.381516827359555,462.692442356475,85.0,668.8766494393349,134,14.0,2.0,8.0,156.0,96.0
2025,REG,q4,00-0039150,B.Young,CAR,15,160,6.51464591995666,354.79103710987965,65.0,384.34382677078247,128,10.0,3.0,8.0,153.0,89.0
2025,REG,q4,00-0033873,P.Mahomes,KC,13,146,28.371352843013213,411.6572440231399,65.0,-342.144113779068,113,12.0,5.0,8.0,136.0,65.0
2025,REG,q4,00-0040743,T.Shough,NO,11,146,-6.70198217085078,357.01297820867035,69.0,-159.01274979114532,125,9.0,3.0,5.0,138.0,81.0
2025,REG,q4,00-0023459,A.Rodgers,PIT,15,143,-4.95731648187735,331.9480379665663,58.0,377.1603286266327,126,8.0,2.0,9.0,141.0,90.0
2025,REG,q4,00-0036355,J.Herbert,LAC,16,141,11.959879389319873,304.5312173601378,67.0,-174.36473965644836,112,12.0,2.0,4.0,129.0,73.0
2025,REG,q4,00-0036971,T.Lawrence,JAX,17,140,-15.503069850635965,344.7642851451751,54.0,-1131.2042519450188,117,11.0,3.0,5.0,129.0,61.0
2025,REG,q4,00-0026498,M.Stafford,LA,16,134,35.38774626685021,341.7669183000339,71.0,106.97013437747955,124,6.0,1.0,13.0,132.0,81.0
2025,REG,q4,00-0039851,D.Maye,NE,16,134,11.748322525829881,301.60866723609627,66.0,589.9248197674751,103,15.0,1.0,3.0,123.0,72.0
2025,REG,q4,00-0030565,G.Smith,LV,14,133,13.107756995792492,349.27915505646695,70.0,911.0609650611877,110,12.0,3.0,7.0,128.0,86.0
2025,REG,q4,00-0034869,S.Darnold,SEA,15,125,8.991411690433566,354.61225819762853,65.0,404.9279898405075,105,8.0,4.0,5.0,119.0,74.0
2025,REG,q4,00-0036212,T.Tagovailoa,MIA,14,125,17.09461201508139,282.24228763196345,62.0,473.08230102062225,105,9.0,7.0,7.0,121.0,75.0
2025,REG,q4,00-0036389,J.Hurts,PHI,16,125,4.2616991349981985,413.85212266736016,54.0,257.3571592569351,105,5.0,2.0,7.0,119.0,71.0
2025,REG,q4,00-0036264,J.Love,GB,14,119,26.789705806838313,264.02733669657846,55.0,144.1382423043251,97,5.0,2.0,6.0,114.0,63.0
2025,REG,q4,00-0026158,J.Flacco,CIN,8,112,3.4425047309832806,297.47719127686116,53.0,-389.81890976428986,99,5.0,2.0,5.0,111.0,62.0
2025,REG,q4,00-0039163,C.Stroud,HOU,12,107,6.829585417858034,296.37140053791876,48.0,-22.80457615852356,95,2.0,2.0,7.0,101.0,60.0
2025,REG,q4,00-0040691,J.Dart,NYG,11,97,1.0943280299973068,234.46408593400622,43.0,-130.41784167289734,81,6.0,3.0,3.0,90.0,49.0
2025,REG,q4,00-0029604,K.Cousins,ATL,10,95,0.9964796166919516,191.5522488581561,40.0,-572.0373898744583,87,4.0,1.0,3.0,95.0,53.0
2025,REG,q4,00-0040668,S.Sanders,CLE,8,94,-23.03145195705242,256.2137705587773,36.0,-375.9522497653961,71,9.0,2.0,2.0,86.0,44.0
2025,REG,q4,00-0034796,L.Jackson,BAL,10,88,15.856149026364458,297.84919076898154,37.0,323.2288971543312,69,8.0,1.0,6.0,82.0,45.0
2025,REG,q4,00-0035710,D.Jones,IND,11,86,-4.24381924101411,171.5068435722089,41.0,-117.00624823570251,75,6.0,2.0,4.0,83.0,48.0
2025,REG,q4,00-0036945,J.Fields,NYJ,8,84,12.254915146408466,152.23942609280482,39.0,-88.6133462190628,64,7.0,0.0,4.0,76.0,42.0
2025,REG,q4,00-0036972,M.Jones,SF,8,83,3.602759750704136,199.32103967276953,38.0,111.97606325149536,74,4.0,4.0,4.0,81.0,52.0
2025,REG,q4,00-0028118,T.Taylor,NYJ,5,79,12.913643974169915,147.91887764579158,39.0,97.48427867889404,55,9.0,2.0,3.0,68.0,35.0
2025,REG,q4,00-0040398,B.Cook,NYJ,5,79,-24.754348897543892,244.01199309124044,33.0,-430.16310036182404,66,8.0,4.0,1.0,77.0,40.0
2025,REG,q4,00-0039376,S.Rattler,NO,8,77,-23.397616357922864,128.9007302138515,32.0,-186.1246019601822,66,6.0,2.0,2.0,75.0,43.0
2025,REG,q4,00-0040704,D.Gabriel,CLE,8,75,-26.813694328339317,146.86846300510308,22.0,-457.7720105648041,60,8.0,0.0,2.0,71.0,35.0
2025,REG,q4,00-0032268,M.Mariota,WAS,9,74,4.149598241164765,268.0742495908809,33.0,77.88232564926147,56,5.0,1.0,4.0,68.0,35.0
2025,REG,q4,00-0037834,B.Purdy,SF,9,74,13.046277331174613,246.72483365851974,38.0,535.145378112793,63,3.0,3.0,5.0,71.0,45.0
2025,REG,q4,00-0039923,J.McCarthy,MIN,8,74,-8.616908045639489,237.2688874438726,31.0,-300.6406292319298,60,6.0,3.0,6.0,69.0,34.0
2025,REG,q4,00-0039917,M.Penix,ATL,7,71,17.741660848491634,153.40754267910202,36.0,-527.5731205940247,61,1.0,0.0,1.0,67.0,34.0
2025,REG,q4,00-0032950,C.Wentz,MIN,4,62,10.710811598171563,168.58545702497813,34.0,3.6832690238952637,53,4.0,1.0,3.0,60.0,35.0
2025,REG,q4,00-0036898,D.Mills,HOU,6,62,0.21983302584905973,88.87956922185064,25.0,-416.40740633010864,51,2.0,0.0,2.0,59.0,30.0
2025,REG,q4,00-0036442,J.Burrow,CIN,6,61,-3.7359214739697046,378.13815717823815,31.0,486.41672134399414,53,5.0,3.0,4.0,61.0,39.0
2025,REG,q4,00-0026158,J.Flacco,CLE,4,56,-34.182242355986396,164.8996130987628,17.0,-323.47896695137024,49,3.0,1.0,0.0,55.0,30.0
2025,REG,q4,00-0029263,R.Wilson,NYG,4,55,-0.38381021527829606,162.51047092437872,22.0,32.53486454486847,37,3.0,0.0,2.0,47.0,23.0
2025,REG,q4,00-0039910,J.Daniels,WAS,5,50,24.476788450221765,118.51923013530649,30.0,198.9788055419922,36,3.0,0.0,4.0,41.0,27.0
2025,REG,q4,00-0035228,K.Murray,ARI,5,44,4.082920895598363,110.91156489239933,22.0,-6.495702266693115,34,4.0,1.0,3.0,39.0,23.0
2025,REG,q4,00-0035100,J.Browning,CIN,5,43,2.7393644013500307,128.52348565336234,20.0,192.86969304084778,38,4.0,1.0,4.0,42.0,27.0
2025,REG,q4,00-0037012,T.Lance,LAC,3,36,-15.914663185365498,94.76359961413105,12.0,-258.96453857421875,26,4.0,0.0,0.0,32.0,14.0
2025,REG,q4,00-0040494,M.Brosmer,MIN,6,34,-18.02554245401454,114.44354649425131,10.0,-266.7859613895416,29,5.0,2.0,0.0,34.0,19.0
2025,REG,q4,00-0035993,T.Huntley,BAL,4,32,-0.24324931931914762,88.71211222690486,14.0,302.0250156521797,23,4.0,0.0,2.0,28.0,18.0
2025,REG,q4,00-0040234,Q.Ewers,MIA,4,31,0.9255606379773789,46.068637828115016,12.0,29.530304670333862,27,3.0,0.0,0.0,30.0,19.0
2025,REG,q4,00-0034771,M.Rudolph,PIT,4,28,10.01433689967962,32.9815599386496,15.0,153.57738435268402,28,0.0,0.0,2.0,28.0,21.0
2025,REG,q4,00-0040206,R.Leonard,IND,5,27,-17.799450815092683,117.884460875224,10.0,-340.53816199302673,22,1.0,3.0,0.0,25.0,12.0
2025,REG,q4,00-0022942,P.Rivers,IND,3,24,-19.53520355327055,178.61975052501901,10.0,0.12566745281219482,21,2.0,3.0,0.0,24.0,14.0
2025,REG,q4,00-0027973,A.Dalton,CAR,3,23,9.233296510647051,67.67802943372575,11.0,279.65756952762604,20,3.0,0.0,1.0,23.0,15.0
2025,REG,q4,00-0031503,J.Winston,NYG,3,23,-2.151431261212565,102.03171348660574,8.0,-253.24128568172455,21,1.0,2.0,0.0,23.0,9.0
2025,REG,q4,00-0038102,K.Pickett,LV,5,21,-3.863765038597977,38.88079711794592,8.0,153.5425990819931,18,2.0,0.0,1.0,20.0,14.0
2025,REG,q4,00-0038400,T.McKee,PHI,2,19,-0.35989875945961103,19.63046775569111,8.0,-23.618054389953613,13,1.0,0.0,0.0,18.0,8.0
2025,REG,q4,00-0039398,J.Milton,DAL,4,17,-5.148095502750948,91.6924158932311,9.0,-43.446460366249084,15,0.0,2.0,1.0,16.0,9.0
2025,REG,q4,00-0026300,J.Johnson,WAS,3,16,7.6638606658088975,19.736261339616604,12.0,201.70101523399353,12,1.0,0.0,1.0,13.0,11.0
2025,REG,q4,00-0033662,C.Rush,BAL,2,15,-13.255284103797749,70.40131047651884,6.0,-109.87569689750671,14,0.0,2.0,0.0,15.0,8.0
2025,REG,q4,00-0037324,C.Oladokun,KC,2,15,-7.213951163798567,11.5694323985194,3.0,-21.209758520126343,10,3.0,0.0,0.0,13.0,6.0
2025,REG,q4,00-0036679,S.Buechele,KC,1,13,-6.37677072444012,19.140222895728595,1.0,-295.0420379638672,9,3.0,0.0,0.0,13.0,3.0
2025,REG,q4,00-0038579,A.O'Connell,LV,1,13,-7.08269592797436,10.758478954029071,4.0,-307.99717903137207,12,1.0,0.0,0.0,13.0,5.0
2025,REG,q4,00-0037013,Z.Wilson,MIA,3,12,-6.859845929488074,28.17231803914102,3.0,-73.663729429245,10,0.0,0.0,0.0,11.0,6.0
2025,REG,q4,00-0032434,B.Allen,TEN,1,11,-7.198556176992222,23.44692869408564,2.0,-109.13999676704407,10,1.0,0.0,0.0,11.0,6.0
2025,REG,q4,00-0038582,C.Tune,GB,2,11,-9.73586066783173,29.52142334763066,2.0,-237.93463706970215,9,2.0,1.0,0.0,11.0,4.0
2025,REG,q4,00-0031237,T.Bridgewater,TB,1,10,-7.081645074766129,31.83446072743368,1.0,-104.07610535621643,8,1.0,0.0,0.0,10.0,5.0
2025,REG,q4,00-0038128,M.Willis,GB,3,10,2.364846859967078,4.205105330432884,6.0,114.17424082756042,5,1.0,0.0,0.0,6.0,5.0
2025,REG,q4,00-0033869,M.Trubisky,BUF,4,9,1.5245573550201952,14.269324319969025,4.0,-89.0382707118988,7,0.0,0.0,1.0,8.0,4.0
2025,REG,q4,00-0033949,J.Dobbs,NE,3,8,-3.594701394555159,10.466452930672862,1.0,-30.816158652305603,7,0.0,0.0,0.0,7.0,4.0
2025,REG,q4,00-0035289,G.Minshew II,KC,1,5,-1.0742123512900434,3.96154954750308,2.0,28.19506824016571,4,0.0,1.0,0.0,5.0,3.0
2025,REG,q4,00-0038416,T.Bagent,CHI,2,5,2.618899015884381,7.639646036632836,3.0,38.274431228637695,4,0.0,0.0,0.0,4.0,3.0
2025,REG,q4,00-0033319,N.Mullens,JAX,2,3,2.8997661510420993,6.256652746847575,2.0,86.87268197536469,3,0.0,0.0,0.0,3.0,3.0
2025,REG,q4,00-0033357,T.Hill,NO,3,3,2.401781752743547,46.794079621296,1.0,-6.8232715129852295,2,0.0,0.0,1.0,3.0,1.0
2025,REG,q4,00-0035704,D.Lock,SEA,1,3,-0.8927228087559342,1.6941273817397735,1.0,-42.8693413734436,3,0.0,0.0,0.0,3.0,2.0
2025,REG,q4,00-0034577,K.Allen,DET,1,2,-1.3552653677443862,1.118969272807682,0.0,-127.49871611595154,2,0.0,0.0,0.0,2.0,0.0
2025,REG,q4,00-0035645,G.Olszewski,NYG,2,2,2.4279792429879308,11.022637258042742,1.0,-4.720050096511841,2,0.0,0.0,1.0,2.0,1.0
2025,REG,q4,00-0035685,D.Montgomery,DET,2,2,-3.1179244139348157,7.484580777650878,0.0,-42.56167411804199,1,1.0,0.0,0.0,2.0,0.0
2025,REG,q4,00-0039164,A.Richardson,IND,1,2,-1.2116199531592429,2.995442145758959,1.0,-16.180086135864258,2,0.0,0.0,0.0,2.0,1.0
2025,REG,q4,00-0034955,B.Rypien,CIN,1,1,-1.2378779940772802,1.5323419282207908,0.0,0.0,0,1.0,0.0,0.0,1.0,0.0
2025,REG,q4,00-0038120,B.Hall,NYJ,1,1,1.194561611104291,1.4269774427240791,1.0,56.87534511089325,1,0.0,0.0,1.0,1.0,1.0
2025,REG,q4,00-0039577,K.Slovis,ARI,1,1,-0.6202312656678259,0.38468682291191325,0.0,-74.13656115531921,1,0.0,0.0,0.0,1.0,0.0
2025,REG,q4,00-0040784,Q.Judkins,CLE,1,1,-0.947,0.8968089999999999,0.0,0.0,0,0.0,0.0,0.0,1.0,0.0
