season,season_type,bucket,team,n,epa,succ,sacks,ints
2021,POST,all,ARI,22,15.09746013034529,12.0,1.0,0.0
2021,POST,all,BUF,95,32.68983218392485,48.0,5.0,2.0
2021,POST,all,CIN,175,-4.854692550648902,80.0,10.0,8.0
2021,POST,all,DAL,26,-0.32043623314448944,13.0,0.0,1.0
2021,POST,all,GB,23,-7.507692491535707,7.0,4.0,1.0
2021,POST,all,KC,130,20.97623072842402,61.0,5.0,1.0
2021,POST,all,LA,166,-30.848756125840904,62.0,12.0,4.0
2021,POST,all,LV,36,10.013772191553588,18.0,2.0,0.0
2021,POST,all,NE,28,26.365956274734344,19.0,0.0,0.0
2021,POST,all,PHI,41,8.226544965945209,21.0,4.0,0.0
2021,POST,all,PIT,46,21.11595468406449,26.0,3.0,1.0
2021,POST,all,SF,132,1.7485295144110395,57.0,12.0,2.0
2021,POST,all,TB,87,5.796174294693932,40.0,4.0,2.0
2021,POST,all,TEN,46,-3.8471760920429663,21.0,9.0,1.0
2021,POST,close,ARI,7,7.017651416826993,5.0,1.0,0.0
2021,POST,close,BUF,60,28.28435907892661,34.0,2.0,1.0
2021,POST,close,CIN,117,-4.9316950582046575,56.0,10.0,7.0
2021,POST,close,DAL,15,3.1302139068001384,8.0,0.0,0.0
2021,POST,close,GB,23,-7.507692491535707,7.0,4.0,1.0
2021,POST,close,KC,82,5.94068793076706,36.0,3.0,1.0
2021,POST,close,LA,80,-15.3111604065341,27.0,8.0,1.0
2021,POST,close,LV,33,13.011689603868152,18.0,1.0,0.0
2021,POST,close,NE,13,8.050176874327008,7.0,0.0,0.0
2021,POST,close,PHI,16,4.984390578989405,9.0,0.0,0.0
2021,POST,close,PIT,31,8.63947334967088,15.0,1.0,1.0
2021,POST,close,SF,87,-1.5875175021208356,37.0,9.0,1.0
2021,POST,close,TB,19,13.62639446212086,12.0,2.0,0.0
2021,POST,close,TEN,44,-2.303584766406013,21.0,9.0,1.0
2021,POST,clutch,BUF,7,8.168866954827902,4.0,0.0,0.0
2021,POST,clutch,CIN,29,1.1484168815260585,13.0,3.0,2.0
2021,POST,clutch,DAL,2,-1.5841758325695992,0.0,0.0,0.0
2021,POST,clutch,GB,2,1.5872078043757938,2.0,0.0,0.0
2021,POST,clutch,KC,13,13.128558572716546,8.0,0.0,0.0
2021,POST,clutch,LA,11,-6.24544450189569,3.0,0.0,1.0
2021,POST,clutch,LV,1,-0.3044097409583628,0.0,0.0,0.0
2021,POST,clutch,SF,16,-2.2347742896330067,7.0,2.0,0.0
2021,POST,clutch,TB,3,1.9577476651174948,2.0,1.0,0.0
2021,POST,clutch,TEN,3,-0.859078974230215,1.0,1.0,0.0
2021,POST,late,ARI,1,-0.5364281779045903,0.0,0.0,0.0
2021,POST,late,BUF,11,11.444464414144388,6.0,0.0,0.0
2021,POST,late,CIN,36,2.354079650599854,16.0,3.0,2.0
2021,POST,late,DAL,2,-1.5841758325695992,0.0,0.0,0.0
2021,POST,late,GB,2,1.5872078043757938,2.0,0.0,0.0
2021,POST,late,KC,24,11.496898929981516,14.0,1.0,0.0
2021,POST,late,LA,21,-8.195674138754839,6.0,0.0,1.0
2021,POST,late,LV,1,-0.3044097409583628,0.0,0.0,0.0
2021,POST,late,PHI,1,1.0648388115223497,1.0,0.0,0.0
2021,POST,late,PIT,1,-2.37268229277106,0.0,1.0,0.0
2021,POST,late,SF,16,-2.2347742896330067,7.0,2.0,0.0
2021,POST,late,TB,11,3.8797344033229164,6.0,2.0,0.0
2021,POST,late,TEN,3,-0.859078974230215,1.0,1.0,0.0
2021,POST,ot,BUF,6,6.352743181865662,5.0,0.0,0.0
2021,POST,ot,CIN,3,-3.3823492764495313,0.0,0.0,1.0
2021,POST,ot,KC,2,1.8527160356752574,2.0,0.0,0.0
2021,POST,q1,ARI,6,3.889472276205197,4.0,1.0,0.0
2021,POST,q1,BUF,15,6.668535181379411,7.0,0.0,1.0
2021,POST,q1,CIN,34,-0.33459689936612413,19.0,3.0,1.0
2021,POST,q1,DAL,9,2.982384904841468,6.0,0.0,0.0
2021,POST,q1,GB,5,-6.32681426173076,0.0,2.0,0.0
2021,POST,q1,KC,31,-8.868450075744779,8.0,1.0,0.0
2021,POST,q1,LA,27,-15.300064505101632,6.0,1.0,0.0
2021,POST,q1,LV,8,5.465564777829553,5.0,0.0,0.0
2021,POST,q1,NE,13,8.050176874327008,7.0,0.0,0.0
2021,POST,q1,PHI,16,4.984390578989405,9.0,0.0,0.0
2021,POST,q1,PIT,13,-9.84316472755745,4.0,0.0,1.0
2021,POST,q1,SF,27,-10.531010867794976,10.0,1.0,1.0
2021,POST,q1,TB,14,5.972050891421876,9.0,0.0,0.0
2021,POST,q1,TEN,10,0.6811610404741772,3.0,3.0,0.0
2021,POST,q2,ARI,5,-0.5501657809945755,1.0,0.0,0.0
2021,POST,q2,BUF,27,2.815690787259208,13.0,3.0,0.0
2021,POST,q2,CIN,49,17.44376685400029,25.0,1.0,1.0
2021,POST,q2,DAL,5,5.8553293491277865,4.0,0.0,0.0
2021,POST,q2,GB,7,-2.9614133189897984,3.0,1.0,1.0
2021,POST,q2,KC,22,4.43744438374415,11.0,1.0,0.0
2021,POST,q2,LA,47,-9.765842761803468,17.0,3.0,3.0
2021,POST,q2,LV,11,4.028786909340516,5.0,1.0,0.0
2021,POST,q2,NE,6,5.532253632118227,5.0,0.0,0.0
2021,POST,q2,PHI,12,-1.1378102906611502,5.0,3.0,0.0
2021,POST,q2,PIT,18,18.48263807722833,11.0,1.0,0.0
2021,POST,q2,SF,34,13.163537377162495,16.0,4.0,0.0
2021,POST,q2,TB,32,1.9736979750412735,12.0,2.0,1.0
2021,POST,q2,TEN,18,2.16604437640087,8.0,2.0,0.0
2021,POST,q3,ARI,8,8.143700222135521,5.0,0.0,0.0
2021,POST,q3,BUF,25,6.47184540628752,13.0,1.0,1.0
2021,POST,q3,CIN,35,-14.867086412204594,13.0,1.0,3.0
2021,POST,q3,DAL,6,-3.418065581470728,1.0,0.0,0.0
2021,POST,q3,GB,5,-1.0537045239635314,1.0,1.0,0.0
2021,POST,q3,KC,24,13.551567265818129,14.0,1.0,0.0
2021,POST,q3,LA,42,14.336601855998113,20.0,5.0,0.0
2021,POST,q3,LV,9,-3.004356409725956,3.0,1.0,0.0
2021,POST,q3,NE,6,6.234281867858954,4.0,0.0,0.0
2021,POST,q3,PHI,7,5.248274104902521,4.0,0.0,0.0
2021,POST,q3,PIT,12,14.446713062294293,10.0,1.0,0.0
2021,POST,q3,SF,28,-5.968281015520915,11.0,3.0,1.0
2021,POST,q3,TB,20,-11.454875450755935,7.0,0.0,1.0
2021,POST,q3,TEN,9,-5.143212201248389,5.0,1.0,1.0
2021,POST,q4,ARI,3,3.614453412999146,2.0,0.0,0.0
2021,POST,q4,BUF,22,10.381017627133044,10.0,1.0,0.0
2021,POST,q4,CIN,54,-3.714426816628941,23.0,5.0,2.0
2021,POST,q4,DAL,6,-5.740084905643016,2.0,0.0,1.0
2021,POST,q4,GB,6,2.834239613148384,3.0,0.0,0.0
2021,POST,q4,KC,51,10.002953118931265,26.0,2.0,1.0
2021,POST,q4,LA,50,-20.11945071493392,19.0,3.0,1.0
2021,POST,q4,LV,8,3.523776914109476,5.0,0.0,0.0
2021,POST,q4,NE,3,6.549243900430156,3.0,0.0,0.0
2021,POST,q4,PHI,6,-0.8683094272855669,3.0,1.0,0.0
2021,POST,q4,PIT,3,-1.970231727900682,1.0,1.0,0.0
2021,POST,q4,SF,43,5.084284020564436,20.0,4.0,0.0
2021,POST,q4,TB,21,9.305300878986717,12.0,2.0,0.0
2021,POST,q4,TEN,9,-1.5511693076696247,5.0,3.0,0.0
2021,REG,all,ARI,627,-10.913394398847377,291.0,41.0,13.0
2021,REG,all,ATL,630,106.09169548104542,322.0,18.0,12.0
2021,REG,all,BAL,673,107.5539687969566,311.0,34.0,9.0
2021,REG,all,BUF,608,-101.93895391956703,243.0,42.0,19.0
2021,REG,all,CAR,572,3.606593109972933,249.0,39.0,9.0
2021,REG,all,CHI,543,25.657346652165415,246.0,49.0,8.0
2021,REG,all,CIN,692,13.947050685695707,319.0,42.0,13.0
2021,REG,all,CLE,643,0.022430875110250992,267.0,43.0,13.0
2021,REG,all,DAL,686,-95.33303039199944,280.0,41.0,26.0
2021,REG,all,DEN,632,24.555322505446107,290.0,36.0,13.0
2021,REG,all,DET,607,106.06330979102931,298.0,30.0,11.0
2021,REG,all,GB,686,0.06645866272697143,317.0,39.0,18.0
2021,REG,all,HOU,600,87.31770796292595,312.0,32.0,17.0
2021,REG,all,IND,666,43.057553906746875,332.0,33.0,19.0
2021,REG,all,JAX,603,136.93082508251234,307.0,32.0,7.0
2021,REG,all,KC,678,42.37483229200302,313.0,31.0,15.0
2021,REG,all,LA,703,11.975857565989287,332.0,50.0,19.0
2021,REG,all,LAC,626,28.315320569186795,282.0,35.0,11.0
2021,REG,all,LV,676,94.33688371957565,318.0,35.0,6.0
2021,REG,all,MIA,671,-24.11775239509072,292.0,48.0,14.0
2021,REG,all,MIN,713,-19.986154007062275,331.0,51.0,16.0
2021,REG,all,NE,602,-43.297860461912244,269.0,36.0,23.0
2021,REG,all,NO,672,-60.13123544074171,284.0,46.0,18.0
2021,REG,all,NYG,666,27.38848479750791,315.0,34.0,15.0
2021,REG,all,NYJ,645,150.76781505180037,331.0,33.0,7.0
2021,REG,all,PHI,646,36.49776846355447,312.0,29.0,12.0
2021,REG,all,PIT,651,18.509484107074403,294.0,55.0,13.0
2021,REG,all,SEA,721,69.16196500845827,369.0,34.0,11.0
2021,REG,all,SF,627,19.678622356187933,276.0,48.0,9.0
2021,REG,all,TB,765,-53.23968764875316,334.0,47.0,17.0
2021,REG,all,TEN,706,-15.69764039907612,303.0,43.0,16.0
2021,REG,all,WAS,668,106.06570085912122,325.0,38.0,11.0
2021,REG,close,ARI,293,0.4175633932053948,141.0,18.0,7.0
2021,REG,close,ATL,393,85.25677547835876,205.0,5.0,7.0
2021,REG,close,BAL,478,89.4958393641093,220.0,25.0,4.0
2021,REG,close,BUF,273,-49.47551571486415,112.0,23.0,4.0
2021,REG,close,CAR,381,34.011289394279,176.0,23.0,3.0
2021,REG,close,CHI,346,43.421169842378234,163.0,34.0,4.0
2021,REG,close,CIN,425,16.130051213511436,196.0,26.0,7.0
2021,REG,close,CLE,372,-3.801916608271296,151.0,23.0,9.0
2021,REG,close,DAL,380,5.105451807608814,166.0,15.0,10.0
2021,REG,close,DEN,371,46.764527420791715,174.0,21.0,6.0
2021,REG,close,DET,412,60.344747559276044,203.0,21.0,9.0
2021,REG,close,GB,379,-12.946877192369492,171.0,21.0,11.0
2021,REG,close,HOU,344,72.33584597544207,181.0,21.0,9.0
2021,REG,close,IND,362,19.06609126113786,179.0,20.0,12.0
2021,REG,close,JAX,375,105.53433275553944,198.0,16.0,4.0
2021,REG,close,KC,357,41.357841573435444,165.0,17.0,6.0
2021,REG,close,LA,350,8.007764663492125,168.0,23.0,11.0
2021,REG,close,LAC,439,39.85245333573089,203.0,23.0,4.0
2021,REG,close,LV,459,38.16033636036682,205.0,24.0,3.0
2021,REG,close,MIA,439,-33.68248004413255,188.0,31.0,9.0
2021,REG,close,MIN,499,-13.188510669481694,224.0,36.0,10.0
2021,REG,close,NE,357,30.641338367474575,172.0,15.0,9.0
2021,REG,close,NO,414,-19.68847089218944,180.0,29.0,9.0
2021,REG,close,NYG,512,25.68863453478956,250.0,22.0,10.0
2021,REG,close,NYJ,454,90.80696859198723,232.0,25.0,6.0
2021,REG,close,PHI,395,71.56511934443621,212.0,16.0,7.0
2021,REG,close,PIT,466,-0.06312844362909864,209.0,39.0,9.0
2021,REG,close,SEA,502,37.48787203242296,257.0,27.0,8.0
2021,REG,close,SF,386,-0.21422926633127926,167.0,34.0,7.0
2021,REG,close,TB,465,34.20826375849772,216.0,24.0,7.0
2021,REG,close,TEN,390,-2.5402864175980797,167.0,26.0,8.0
2021,REG,close,WAS,491,57.141414869961196,236.0,31.0,9.0
2021,REG,clutch,ARI,13,-1.8402221157105871,7.0,0.0,0.0
2021,REG,clutch,ATL,32,7.769423089659773,16.0,1.0,1.0
2021,REG,clutch,BAL,69,49.40545350573701,40.0,2.0,0.0
2021,REG,clutch,BUF,14,1.9881019881016821,7.0,1.0,0.0
2021,REG,clutch,CAR,15,5.959366915136576,9.0,0.0,0.0
2021,REG,clutch,CHI,26,2.658386908416798,11.0,3.0,0.0
2021,REG,clutch,CIN,44,7.016069611061839,20.0,3.0,0.0
2021,REG,clutch,CLE,46,2.34156706455388,20.0,2.0,1.0
2021,REG,clutch,DAL,31,-5.857178135621504,14.0,1.0,1.0
2021,REG,clutch,DEN,22,4.793924126890488,10.0,3.0,1.0
2021,REG,clutch,DET,37,-8.749473184749771,16.0,2.0,2.0
2021,REG,clutch,GB,51,25.36181468420569,30.0,0.0,2.0
2021,REG,clutch,HOU,10,-3.750737107708119,4.0,0.0,1.0
2021,REG,clutch,IND,35,9.383072748940442,21.0,3.0,0.0
2021,REG,clutch,JAX,25,8.981434842115295,13.0,1.0,0.0
2021,REG,clutch,KC,37,-0.7283645625097015,12.0,3.0,1.0
2021,REG,clutch,LA,24,-8.557643611626972,7.0,3.0,2.0
2021,REG,clutch,LAC,51,1.07574648534833,18.0,3.0,1.0
2021,REG,clutch,LV,69,14.839633713746174,30.0,2.0,0.0
2021,REG,clutch,MIA,28,-7.889082031922532,11.0,2.0,0.0
2021,REG,clutch,MIN,65,21.252978845426878,34.0,3.0,0.0
2021,REG,clutch,NE,34,9.059213837523117,18.0,0.0,0.0
2021,REG,clutch,NO,25,-17.089810281118844,6.0,6.0,2.0
2021,REG,clutch,NYG,43,6.649173269538968,22.0,2.0,1.0
2021,REG,clutch,NYJ,57,1.717948064332127,26.0,2.0,1.0
2021,REG,clutch,PHI,28,-2.6358189008235384,13.0,1.0,2.0
2021,REG,clutch,PIT,81,0.5005355463586438,41.0,6.0,2.0
2021,REG,clutch,SEA,39,10.632303940518314,22.0,2.0,0.0
2021,REG,clutch,SF,41,6.720030079673662,17.0,2.0,1.0
2021,REG,clutch,TB,41,6.13879929383228,17.0,0.0,1.0
2021,REG,clutch,TEN,31,8.449553735597991,16.0,0.0,1.0
2021,REG,clutch,WAS,47,0.8314248036395253,18.0,2.0,0.0
2021,REG,late,ARI,67,-12.250192821627355,30.0,3.0,1.0
2021,REG,late,ATL,56,19.12396236920718,31.0,3.0,1.0
2021,REG,late,BAL,82,48.71869060011557,48.0,4.0,1.0
2021,REG,late,BUF,53,-6.634407583389127,19.0,4.0,4.0
2021,REG,late,CAR,46,7.289843722416761,23.0,2.0,2.0
2021,REG,late,CHI,44,2.8127897508709445,19.0,3.0,1.0
2021,REG,late,CIN,102,-3.364886411108767,51.0,6.0,3.0
2021,REG,late,CLE,81,15.669157549220476,38.0,4.0,1.0
2021,REG,late,DAL,83,-3.958423625160383,39.0,2.0,4.0
2021,REG,late,DEN,77,10.311197892606675,38.0,6.0,2.0
2021,REG,late,DET,58,-6.320069347349547,24.0,3.0,2.0
2021,REG,late,GB,128,16.964552498076507,62.0,7.0,5.0
2021,REG,late,HOU,49,-3.0698717941087534,24.0,1.0,3.0
2021,REG,late,IND,98,8.61835242293142,54.0,5.0,4.0
2021,REG,late,JAX,37,14.556108078681424,20.0,1.0,0.0
2021,REG,late,KC,92,-2.1757210127647304,39.0,4.0,3.0
2021,REG,late,LA,104,-0.24259373255871175,45.0,8.0,4.0
2021,REG,late,LAC,71,-2.5268757605992676,26.0,3.0,3.0
2021,REG,late,LV,104,21.05775968022488,47.0,5.0,1.0
2021,REG,late,MIA,71,8.840089543796477,37.0,4.0,2.0
2021,REG,late,MIN,112,12.314936521098007,55.0,8.0,1.0
2021,REG,late,NE,74,-1.9570122036076052,36.0,5.0,2.0
2021,REG,late,NO,95,-30.419348352921446,29.0,11.0,4.0
2021,REG,late,NYG,63,0.02347212533769394,29.0,3.0,2.0
2021,REG,late,NYJ,67,10.944081178612073,31.0,4.0,1.0
2021,REG,late,PHI,75,-1.4650293479128194,34.0,5.0,2.0
2021,REG,late,PIT,110,2.277097525272022,52.0,11.0,3.0
2021,REG,late,SEA,103,21.25809341239261,58.0,2.0,1.0
2021,REG,late,SF,83,15.541990892368867,41.0,3.0,2.0
2021,REG,late,TB,86,-24.30113715827639,32.0,2.0,3.0
2021,REG,late,TEN,87,-1.8173902053773787,43.0,0.0,4.0
2021,REG,late,WAS,67,-2.150565166732999,26.0,3.0,2.0
2021,REG,ot,BAL,17,6.249332231760491,8.0,0.0,1.0
2021,REG,ot,BUF,4,5.972023879177868,3.0,0.0,0.0
2021,REG,ot,CAR,6,4.259635252179578,4.0,0.0,0.0
2021,REG,ot,CIN,15,8.385688474398801,9.0,1.0,0.0
2021,REG,ot,DAL,5,-1.580859167734161,2.0,1.0,0.0
2021,REG,ot,DET,12,-3.4846732746518683,5.0,0.0,0.0
2021,REG,ot,GB,2,-4.029800734657329,1.0,0.0,1.0
2021,REG,ot,IND,11,4.867829280847218,8.0,0.0,0.0
2021,REG,ot,LA,5,2.4474816367120558,3.0,0.0,0.0
2021,REG,ot,LAC,11,5.2526061700231175,6.0,0.0,0.0
2021,REG,ot,LV,22,-4.769983981195539,5.0,1.0,0.0
2021,REG,ot,MIA,6,3.5379078312588828,3.0,0.0,0.0
2021,REG,ot,MIN,11,-0.8319955682964064,7.0,1.0,1.0
2021,REG,ot,NE,5,6.546831408166327,5.0,0.0,0.0
2021,REG,ot,NO,6,4.810282920778263,4.0,0.0,0.0
2021,REG,ot,NYJ,9,-1.2874658713622509,2.0,1.0,0.0
2021,REG,ot,PIT,14,-9.189059916985656,5.0,4.0,0.0
2021,REG,ot,SEA,6,-2.8160608620382845,1.0,0.0,0.0
2021,REG,ot,SF,7,-0.011305870248864203,3.0,1.0,1.0
2021,REG,ot,TB,2,-1.416217841207981,0.0,0.0,0.0
2021,REG,ot,TEN,15,-6.410907334589865,5.0,1.0,1.0
2021,REG,q1,ARI,140,-22.45729631066208,64.0,11.0,4.0
2021,REG,q1,ATL,146,35.76926420558571,73.0,2.0,0.0
2021,REG,q1,BAL,139,-1.933902096715621,58.0,5.0,2.0
2021,REG,q1,BUF,136,-42.35670569418535,56.0,11.0,4.0
2021,REG,q1,CAR,125,-40.79741144056272,42.0,12.0,1.0
2021,REG,q1,CHI,119,-3.23830865993839,52.0,17.0,1.0
2021,REG,q1,CIN,147,-17.999446742199634,67.0,8.0,6.0
2021,REG,q1,CLE,124,18.225303854071747,59.0,4.0,2.0
2021,REG,q1,DAL,132,-28.49489757389741,53.0,6.0,6.0
2021,REG,q1,DEN,138,21.781013909524095,67.0,4.0,0.0
2021,REG,q1,DET,131,24.19732851451659,65.0,5.0,3.0
2021,REG,q1,GB,132,7.929097513747939,59.0,7.0,3.0
2021,REG,q1,HOU,129,8.218985798382427,68.0,6.0,4.0
2021,REG,q1,IND,144,-2.040057919411953,70.0,5.0,5.0
2021,REG,q1,JAX,142,62.78084230454128,83.0,6.0,0.0
2021,REG,q1,KC,135,-9.908563293472918,56.0,7.0,5.0
2021,REG,q1,LA,135,4.379964484040668,61.0,7.0,4.0
2021,REG,q1,LAC,150,-2.7927263681623766,72.0,11.0,3.0
2021,REG,q1,LV,137,-3.8611493469735545,64.0,7.0,2.0
2021,REG,q1,MIA,129,-43.50856395379006,51.0,8.0,5.0
2021,REG,q1,MIN,134,-27.05304179750052,47.0,12.0,2.0
2021,REG,q1,NE,134,30.596051840787315,71.0,5.0,2.0
2021,REG,q1,NO,137,15.939851509674174,62.0,7.0,0.0
2021,REG,q1,NYG,144,-16.501850492695695,64.0,6.0,3.0
2021,REG,q1,NYJ,157,20.683315142323593,80.0,9.0,3.0
2021,REG,q1,PHI,150,23.499196784421635,80.0,5.0,3.0
2021,REG,q1,PIT,138,-6.719492555078411,60.0,12.0,4.0
2021,REG,q1,SEA,148,17.571581965762483,81.0,6.0,2.0
2021,REG,q1,SF,135,-5.064001343784473,59.0,8.0,2.0
2021,REG,q1,TB,169,-5.7687518964559255,78.0,13.0,3.0
2021,REG,q1,TEN,139,-33.23910863172959,51.0,13.0,1.0
2021,REG,q1,WAS,152,18.020598488295192,73.0,12.0,5.0
2021,REG,q2,ARI,176,39.78046086945459,84.0,6.0,3.0
2021,REG,q2,ATL,187,30.95225197211926,96.0,5.0,8.0
2021,REG,q2,BAL,194,13.875282373480658,89.0,11.0,3.0
2021,REG,q2,BUF,163,-10.019119323219243,67.0,12.0,3.0
2021,REG,q2,CAR,181,24.041669827293433,82.0,7.0,5.0
2021,REG,q2,CHI,169,16.797061924751105,72.0,9.0,1.0
2021,REG,q2,CIN,198,23.2107223146428,96.0,10.0,3.0
2021,REG,q2,CLE,185,-33.33348586179229,70.0,15.0,5.0
2021,REG,q2,DAL,169,16.28986176432753,73.0,15.0,3.0
2021,REG,q2,DEN,199,12.802959808307424,88.0,16.0,2.0
2021,REG,q2,DET,182,27.584864939062733,87.0,11.0,2.0
2021,REG,q2,GB,164,16.33617701295071,77.0,11.0,3.0
2021,REG,q2,HOU,184,37.62567073834031,97.0,10.0,5.0
2021,REG,q2,IND,150,20.63978771504434,79.0,11.0,5.0
2021,REG,q2,JAX,175,18.98258745030845,78.0,10.0,1.0
2021,REG,q2,KC,207,43.99482365377238,105.0,7.0,2.0
2021,REG,q2,LA,192,-2.6662377435664175,92.0,15.0,7.0
2021,REG,q2,LAC,153,-20.94058587744165,56.0,9.0,2.0
2021,REG,q2,LV,175,40.391170893597625,90.0,11.0,0.0
2021,REG,q2,MIA,183,9.936359037427575,85.0,9.0,4.0
2021,REG,q2,MIN,210,37.36003146915577,104.0,9.0,4.0
2021,REG,q2,NE,153,-20.954183051331157,61.0,15.0,6.0
2021,REG,q2,NO,185,-12.880141970493547,87.0,10.0,7.0
2021,REG,q2,NYG,231,45.37601896285506,117.0,8.0,4.0
2021,REG,q2,NYJ,203,56.566450646724434,106.0,11.0,1.0
2021,REG,q2,PHI,169,30.665851937433093,83.0,8.0,2.0
2021,REG,q2,PIT,190,15.802008096192905,88.0,15.0,2.0
2021,REG,q2,SEA,195,25.467268912960105,102.0,9.0,4.0
2021,REG,q2,SF,156,28.298857821165704,76.0,12.0,1.0
2021,REG,q2,TB,216,26.58513646833123,100.0,13.0,2.0
2021,REG,q2,TEN,180,18.01115473122553,88.0,12.0,5.0
2021,REG,q2,WAS,205,55.476031215158365,109.0,10.0,2.0
2021,REG,q3,ARI,144,-11.046746870494491,59.0,12.0,3.0
2021,REG,q3,ATL,143,12.631666714691177,71.0,4.0,2.0
2021,REG,q3,BAL,140,40.5775060752446,69.0,8.0,1.0
2021,REG,q3,BUF,138,-37.27852282358877,50.0,7.0,6.0
2021,REG,q3,CAR,143,17.099557625040163,69.0,11.0,1.0
2021,REG,q3,CHI,134,11.233345174293088,62.0,13.0,1.0
2021,REG,q3,CIN,130,-5.582697009008033,52.0,12.0,1.0
2021,REG,q3,CLE,159,-13.247779013634599,65.0,16.0,3.0
2021,REG,q3,DAL,178,-52.796488415159274,64.0,10.0,8.0
2021,REG,q3,DEN,138,6.130367745956676,65.0,7.0,3.0
2021,REG,q3,DET,148,54.44341134557871,77.0,5.0,2.0
2021,REG,q3,GB,148,-44.35423388738829,60.0,6.0,4.0
2021,REG,q3,HOU,136,28.283282994680285,70.0,7.0,3.0
2021,REG,q3,IND,149,-19.647001725172817,65.0,8.0,4.0
2021,REG,q3,JAX,144,28.95632267873948,77.0,8.0,5.0
2021,REG,q3,KC,118,-3.1052043316889355,54.0,5.0,3.0
2021,REG,q3,LA,170,-6.357782519278056,77.0,14.0,2.0
2021,REG,q3,LAC,142,29.096775758756692,70.0,6.0,0.0
2021,REG,q3,LV,127,-0.869917496703041,54.0,10.0,0.0
2021,REG,q3,MIA,169,6.9444763102969995,71.0,17.0,1.0
2021,REG,q3,MIN,130,-44.15695652369356,58.0,13.0,6.0
2021,REG,q3,NE,130,-23.422542500050326,56.0,5.0,6.0
2021,REG,q3,NO,143,-22.37365157548336,66.0,8.0,5.0
2021,REG,q3,NYG,138,-5.422668973653349,63.0,7.0,4.0
2021,REG,q3,NYJ,127,32.377514869752645,66.0,8.0,1.0
2021,REG,q3,PHI,131,-20.297462335483996,63.0,8.0,3.0
2021,REG,q3,PIT,125,18.249080770069554,60.0,9.0,1.0
2021,REG,q3,SEA,152,24.109085620943784,75.0,8.0,3.0
2021,REG,q3,SF,125,-14.642334563674893,50.0,10.0,4.0
2021,REG,q3,TB,174,-9.521127194976707,79.0,11.0,5.0
2021,REG,q3,TEN,158,9.224472156827863,72.0,9.0,4.0
2021,REG,q3,WAS,157,-1.0964452315363111,72.0,7.0,1.0
2021,REG,q4,ARI,167,-17.189812087145395,84.0,12.0,3.0
2021,REG,q4,ATL,154,26.73851258864928,82.0,7.0,2.0
2021,REG,q4,BAL,183,48.785750213186475,87.0,10.0,2.0
2021,REG,q4,BUF,167,-18.256629957751535,67.0,12.0,6.0
2021,REG,q4,CAR,117,-0.9968581539775152,52.0,9.0,2.0
2021,REG,q4,CHI,121,0.8652482130596075,60.0,10.0,5.0
2021,REG,q4,CIN,202,5.9327836478617675,95.0,11.0,3.0
2021,REG,q4,CLE,175,28.378391896465395,73.0,8.0,3.0
2021,REG,q4,DAL,202,-28.750646999536123,88.0,9.0,9.0
2021,REG,q4,DEN,157,-16.159018958342088,70.0,9.0,8.0
2021,REG,q4,DET,134,3.3223782665231454,64.0,9.0,4.0
2021,REG,q4,GB,240,24.18521875807394,120.0,15.0,7.0
2021,REG,q4,HOU,151,13.189768431522923,77.0,9.0,5.0
2021,REG,q4,IND,212,39.236996555440086,110.0,9.0,5.0
2021,REG,q4,JAX,142,26.211072648923125,69.0,8.0,1.0
2021,REG,q4,KC,218,11.39377626339249,98.0,12.0,5.0
2021,REG,q4,LA,201,14.172431708081039,99.0,14.0,6.0
2021,REG,q4,LAC,170,17.69925088601101,78.0,9.0,6.0
2021,REG,q4,LV,215,63.446763650850166,105.0,6.0,4.0
2021,REG,q4,MIA,184,-1.027931620284117,82.0,14.0,4.0
2021,REG,q4,MIN,228,14.695808413272445,115.0,16.0,3.0
2021,REG,q4,NE,180,-36.0640181594844,76.0,11.0,9.0
2021,REG,q4,NO,201,-45.62757632521724,65.0,21.0,6.0
2021,REG,q4,NYG,153,3.9369853010018954,71.0,13.0,4.0
2021,REG,q4,NYJ,149,42.42800026436194,77.0,4.0,2.0
2021,REG,q4,PHI,196,2.6301820771837416,86.0,8.0,4.0
2021,REG,q4,PIT,184,0.36694771287601036,81.0,15.0,6.0
2021,REG,q4,SEA,220,4.830089370830181,110.0,11.0,2.0
2021,REG,q4,SF,204,11.09740631273046,88.0,17.0,1.0
2021,REG,q4,TB,204,-63.11872718444377,77.0,10.0,7.0
2021,REG,q4,TEN,214,-3.2832513208100584,87.0,8.0,5.0
2021,REG,q4,WAS,154,33.66551638720398,71.0,9.0,3.0
2022,POST,all,BAL,40,3.096202982830984,21.0,4.0,0.0
2022,POST,all,BUF,90,2.6378163308294225,39.0,5.0,2.0
2022,POST,all,CIN,129,8.315778374235514,57.0,6.0,2.0
2022,POST,all,DAL,103,-1.0136455600276046,45.0,4.0,1.0
2022,POST,all,JAX,86,23.098549236049088,47.0,3.0,0.0
2022,POST,all,KC,133,12.533901949763907,60.0,9.0,3.0
2022,POST,all,LAC,50,-5.783774732961319,24.0,2.0,4.0
2022,POST,all,MIA,48,-11.459986007266858,21.0,7.0,2.0
2022,POST,all,MIN,44,19.422408802561886,24.0,3.0,0.0
2022,POST,all,NYG,66,15.868047131610524,35.0,1.0,0.0
2022,POST,all,PHI,86,-5.743883612604716,41.0,8.0,1.0
2022,POST,all,SEA,33,23.985082753089717,19.0,1.0,0.0
2022,POST,all,SF,109,2.5757250813634798,48.0,5.0,3.0
2022,POST,all,TB,37,25.245910257392097,23.0,1.0,0.0
2022,POST,close,BAL,40,3.096202982830984,21.0,4.0,0.0
2022,POST,close,BUF,50,1.9935061032070402,24.0,1.0,2.0
2022,POST,close,CIN,76,5.706324961530933,33.0,5.0,1.0
2022,POST,close,DAL,48,-3.5471507264138586,20.0,2.0,1.0
2022,POST,close,JAX,50,13.15729473952899,29.0,1.0,0.0
2022,POST,close,KC,98,11.666951159503995,41.0,8.0,1.0
2022,POST,close,LAC,14,-10.149773045326583,6.0,0.0,2.0
2022,POST,close,MIA,38,-6.858240191373758,17.0,5.0,1.0
2022,POST,close,MIN,44,19.422408802561886,24.0,3.0,0.0
2022,POST,close,NYG,38,8.090222257131245,22.0,0.0,0.0
2022,POST,close,PHI,43,2.9267993386793916,25.0,5.0,0.0
2022,POST,close,SEA,28,16.465063197356525,16.0,1.0,0.0
2022,POST,close,SF,76,2.9091870122950265,33.0,4.0,2.0
2022,POST,close,TB,13,7.536723429453559,7.0,1.0,0.0
2022,POST,clutch,BAL,3,-0.8574745166115463,1.0,0.0,0.0
2022,POST,clutch,BUF,6,-0.020235646865330637,2.0,0.0,0.0
2022,POST,clutch,CIN,13,-2.1745212337614257,4.0,0.0,0.0
2022,POST,clutch,DAL,4,-0.9779048392507241,1.0,0.0,0.0
2022,POST,clutch,JAX,2,-0.2827618191950023,1.0,0.0,0.0
2022,POST,clutch,KC,8,-0.4589296405611094,3.0,1.0,0.0
2022,POST,clutch,LAC,6,0.2180302805500105,4.0,0.0,0.0
2022,POST,clutch,MIN,3,-1.8756550131365657,1.0,1.0,0.0
2022,POST,clutch,NYG,6,-1.9356990768574178,2.0,0.0,0.0
2022,POST,clutch,PHI,4,3.0007039691554382,3.0,0.0,0.0
2022,POST,clutch,SF,9,-1.6358752428204753,2.0,1.0,0.0
2022,POST,late,BAL,3,-0.8574745166115463,1.0,0.0,0.0
2022,POST,late,BUF,6,-0.020235646865330637,2.0,0.0,0.0
2022,POST,late,CIN,20,-3.6567572253902663,8.0,0.0,1.0
2022,POST,late,DAL,19,0.07599218952376452,6.0,1.0,0.0
2022,POST,late,JAX,3,0.1531733088195324,2.0,0.0,0.0
2022,POST,late,KC,14,-1.5141228127701158,6.0,1.0,1.0
2022,POST,late,LAC,6,0.2180302805500105,4.0,0.0,0.0
2022,POST,late,MIN,3,-1.8756550131365657,1.0,1.0,0.0
2022,POST,late,NYG,6,-1.9356990768574178,2.0,0.0,0.0
2022,POST,late,PHI,13,0.2045934921479784,5.0,2.0,0.0
2022,POST,late,SF,24,0.356904525062535,9.0,2.0,0.0
2022,POST,late,TB,1,-0.8456653356552124,0.0,0.0,0.0
2022,POST,q1,BAL,17,3.4503584334682036,9.0,2.0,0.0
2022,POST,q1,BUF,21,-0.20424447651021183,11.0,1.0,1.0
2022,POST,q1,CIN,19,-4.4912481058626526,7.0,1.0,1.0
2022,POST,q1,DAL,23,-3.8793540970714826,7.0,2.0,0.0
2022,POST,q1,JAX,26,7.300310173939325,16.0,0.0,0.0
2022,POST,q1,KC,21,0.18752977228723466,11.0,3.0,0.0
2022,POST,q1,LAC,13,-17.832076381193474,2.0,0.0,3.0
2022,POST,q1,MIA,14,5.332594796374906,8.0,1.0,0.0
2022,POST,q1,MIN,7,9.240217733196914,6.0,0.0,0.0
2022,POST,q1,NYG,18,11.426465727796312,15.0,0.0,0.0
2022,POST,q1,PHI,20,-7.075585249734015,12.0,4.0,1.0
2022,POST,q1,SEA,6,2.830736607963386,3.0,0.0,0.0
2022,POST,q1,SF,26,-0.058345302124507725,10.0,2.0,1.0
2022,POST,q1,TB,7,1.068774449871853,3.0,1.0,0.0
2022,POST,q2,BAL,6,-1.496070314082317,2.0,1.0,0.0
2022,POST,q2,BUF,34,6.739096808193039,15.0,2.0,0.0
2022,POST,q2,CIN,33,13.560994838565529,17.0,1.0,0.0
2022,POST,q2,DAL,22,-2.6902705686452197,10.0,0.0,1.0
2022,POST,q2,JAX,22,4.4572272922015115,9.0,1.0,0.0
2022,POST,q2,KC,44,7.5716950954691375,23.0,2.0,1.0
2022,POST,q2,LAC,12,-3.045821113686543,5.0,1.0,1.0
2022,POST,q2,MIA,14,-9.436853130599198,5.0,2.0,2.0
2022,POST,q2,MIN,16,3.9988454760857435,8.0,1.0,0.0
2022,POST,q2,NYG,17,5.15809321537381,8.0,0.0,0.0
2022,POST,q2,PHI,22,-6.010626412346028,7.0,1.0,0.0
2022,POST,q2,SEA,15,3.9491040668046926,7.0,1.0,0.0
2022,POST,q2,SF,24,7.063234456306815,13.0,0.0,1.0
2022,POST,q2,TB,16,13.86640778707806,11.0,0.0,0.0
2022,POST,q3,BAL,10,6.124553997375304,8.0,0.0,0.0
2022,POST,q3,BUF,20,-4.5372805572114885,7.0,1.0,1.0
2022,POST,q3,CIN,33,5.524508524191743,16.0,2.0,0.0
2022,POST,q3,DAL,24,3.0966391974799334,12.0,0.0,0.0
2022,POST,q3,JAX,19,2.9625945691352786,10.0,0.0,0.0
2022,POST,q3,KC,30,-4.972751223532659,7.0,2.0,0.0
2022,POST,q3,LAC,11,10.838388767966535,8.0,0.0,0.0
2022,POST,q3,MIA,13,-5.254315567901358,6.0,1.0,0.0
2022,POST,q3,MIN,7,5.036808392847888,4.0,1.0,0.0
2022,POST,q3,NYG,16,6.633895235136151,8.0,1.0,0.0
2022,POST,q3,PHI,18,4.459288468235172,11.0,0.0,0.0
2022,POST,q3,SEA,4,5.3496230859309435,4.0,0.0,0.0
2022,POST,q3,SF,26,-0.8518456863072426,12.0,1.0,0.0
2022,POST,q3,TB,8,5.0148248201585375,6.0,0.0,0.0
2022,POST,q4,BAL,7,-4.982639133930206,2.0,1.0,0.0
2022,POST,q4,BUF,15,0.6402445563580841,6.0,1.0,0.0
2022,POST,q4,CIN,44,-6.278476882659107,17.0,2.0,1.0
2022,POST,q4,DAL,34,2.4593399082091643,16.0,2.0,0.0
2022,POST,q4,JAX,19,8.378417200772972,12.0,2.0,0.0
2022,POST,q4,KC,38,9.747428305540193,19.0,2.0,2.0
2022,POST,q4,LAC,14,4.255733993952163,9.0,1.0,0.0
2022,POST,q4,MIA,7,-2.1014121051412076,2.0,3.0,0.0
2022,POST,q4,MIN,14,1.1465372004313394,6.0,1.0,0.0
2022,POST,q4,NYG,15,-7.35040704669575,4.0,0.0,0.0
2022,POST,q4,PHI,26,2.883039581240155,11.0,3.0,0.0
2022,POST,q4,SEA,8,11.855618992390694,5.0,0.0,0.0
2022,POST,q4,SF,33,-3.5773183865115845,13.0,2.0,1.0
2022,POST,q4,TB,6,5.295903200283647,3.0,0.0,0.0
2022,REG,all,ARI,654,33.85220805899645,336.0,36.0,11.0
2022,REG,all,ATL,601,79.38762244602566,301.0,21.0,10.0
2022,REG,all,BAL,668,19.111661709682554,304.0,48.0,14.0
2022,REG,all,BUF,640,-10.780229546476443,285.0,40.0,17.0
2022,REG,all,CAR,638,32.27556104071753,292.0,35.0,10.0
2022,REG,all,CHI,533,104.20311868116565,275.0,20.0,14.0
2022,REG,all,CIN,603,-25.42588806159162,251.0,30.0,13.0
2022,REG,all,CLE,569,-7.489416361646997,248.0,34.0,11.0
2022,REG,all,DAL,631,-48.87684675270427,275.0,54.0,16.0
2022,REG,all,DEN,667,-40.601895644504644,283.0,36.0,15.0
2022,REG,all,DET,646,66.16232970437562,309.0,39.0,12.0
2022,REG,all,GB,534,7.114155392640033,237.0,34.0,17.0
2022,REG,all,HOU,590,9.59365686954609,271.0,39.0,16.0
2022,REG,all,IND,615,10.720951380871607,286.0,44.0,10.0
2022,REG,all,JAX,675,21.580455542405126,309.0,35.0,14.0
2022,REG,all,KC,715,3.01198534786592,311.0,55.0,11.0
2022,REG,all,LA,618,46.57952891975198,301.0,38.0,16.0
2022,REG,all,LAC,572,-19.88013791474195,241.0,40.0,14.0
2022,REG,all,LV,644,90.20051287916402,316.0,27.0,6.0
2022,REG,all,MIA,696,46.91839787322134,317.0,40.0,8.0
2022,REG,all,MIN,695,37.28293259510018,325.0,38.0,15.0
2022,REG,all,NE,678,-60.0287122752481,287.0,54.0,19.0
2022,REG,all,NO,611,-41.29214099930211,245.0,48.0,7.0
2022,REG,all,NYG,635,16.763421073381277,273.0,41.0,6.0
2022,REG,all,NYJ,632,-33.324594597696375,267.0,45.0,12.0
2022,REG,all,PHI,658,-65.22908245768281,283.0,70.0,17.0
2022,REG,all,PIT,616,48.84101735303538,280.0,40.0,20.0
2022,REG,all,SEA,625,13.416942474418455,269.0,45.0,14.0
2022,REG,all,SF,665,-65.33492122117303,286.0,44.0,20.0
2022,REG,all,TB,641,1.618182575257578,281.0,45.0,10.0
2022,REG,all,TEN,741,64.67788962425506,342.0,39.0,14.0
2022,REG,all,WAS,590,-27.103414307025204,239.0,43.0,9.0
2022,REG,close,ARI,485,2.0495311797589517,249.0,29.0,10.0
2022,REG,close,ATL,427,60.642138255300424,209.0,15.0,7.0
2022,REG,close,BAL,418,-29.802477333018334,178.0,34.0,9.0
2022,REG,close,BUF,371,14.313335826596502,169.0,27.0,7.0
2022,REG,close,CAR,424,-2.420412075985122,195.0,20.0,7.0
2022,REG,close,CHI,383,94.06279198351466,195.0,14.0,8.0
2022,REG,close,CIN,322,-1.8676479569443138,139.0,15.0,4.0
2022,REG,close,CLE,422,-15.915229279344427,173.0,22.0,8.0
2022,REG,close,DAL,364,12.52878405086476,167.0,25.0,9.0
2022,REG,close,DEN,585,-72.62472044580696,236.0,35.0,12.0
2022,REG,close,DET,401,16.127953914288092,191.0,26.0,9.0
2022,REG,close,GB,390,12.836863485600823,173.0,23.0,9.0
2022,REG,close,HOU,448,13.682898046716991,209.0,28.0,13.0
2022,REG,close,IND,436,20.366086554763957,200.0,30.0,7.0
2022,REG,close,JAX,395,16.029172888008034,181.0,21.0,9.0
2022,REG,close,KC,406,-14.11164512188169,171.0,38.0,6.0
2022,REG,close,LA,437,61.419171007654676,222.0,27.0,9.0
2022,REG,close,LAC,427,-36.546216554861424,174.0,28.0,11.0
2022,REG,close,LV,433,88.66403402414136,217.0,20.0,3.0
2022,REG,close,MIA,546,56.88646798251085,254.0,32.0,5.0
2022,REG,close,MIN,456,1.8083758426843453,209.0,29.0,9.0
2022,REG,close,NE,429,-9.781388044078719,185.0,31.0,12.0
2022,REG,close,NO,410,-20.76217758688177,171.0,26.0,6.0
2022,REG,close,NYG,512,20.98215191254451,222.0,31.0,3.0
2022,REG,close,NYJ,482,0.5425671644331609,207.0,34.0,10.0
2022,REG,close,PHI,297,-49.28232953764174,127.0,39.0,9.0
2022,REG,close,PIT,480,27.402497317435337,218.0,26.0,18.0
2022,REG,close,SEA,377,17.892389670469043,163.0,24.0,9.0
2022,REG,close,SF,386,-16.58097891735506,166.0,25.0,10.0
2022,REG,close,TB,430,2.584065694285102,178.0,29.0,7.0
2022,REG,close,TEN,538,48.08017394785225,247.0,29.0,10.0
2022,REG,close,WAS,422,-37.614568293114424,170.0,34.0,8.0
2022,REG,clutch,ARI,30,0.56708313604913,14.0,1.0,0.0
2022,REG,clutch,ATL,41,4.718824450304965,20.0,3.0,3.0
2022,REG,clutch,BAL,43,24.110734445878382,25.0,1.0,0.0
2022,REG,clutch,BUF,27,-11.313799799655712,8.0,4.0,2.0
2022,REG,clutch,CAR,25,-0.4459393329446584,11.0,3.0,1.0
2022,REG,clutch,CHI,23,8.43445551877737,13.0,0.0,1.0
2022,REG,clutch,CIN,40,-7.895708198653608,19.0,2.0,1.0
2022,REG,clutch,CLE,30,0.011396508096368052,11.0,2.0,0.0
2022,REG,clutch,DAL,40,-0.13856696032742022,18.0,0.0,3.0
2022,REG,clutch,DEN,67,-12.799788031938668,23.0,5.0,2.0
2022,REG,clutch,DET,46,-0.14669496326621267,18.0,4.0,1.0
2022,REG,clutch,GB,33,0.503142561487155,15.0,0.0,2.0
2022,REG,clutch,HOU,64,-0.6728824998557987,29.0,3.0,3.0
2022,REG,clutch,IND,74,9.889025766127093,35.0,2.0,2.0
2022,REG,clutch,JAX,40,11.970914617935463,17.0,3.0,0.0
2022,REG,clutch,KC,45,6.599934598663822,18.0,7.0,2.0
2022,REG,clutch,LA,31,10.090544210907073,19.0,1.0,2.0
2022,REG,clutch,LAC,40,-9.499407903237628,14.0,5.0,1.0
2022,REG,clutch,LV,75,14.38315028993665,35.0,3.0,0.0
2022,REG,clutch,MIA,60,-11.671557749727038,25.0,4.0,2.0
2022,REG,clutch,MIN,93,-19.641513771960877,40.0,7.0,3.0
2022,REG,clutch,NE,30,-4.708899430872407,8.0,1.0,0.0
2022,REG,clutch,NO,43,4.243734834866187,19.0,4.0,1.0
2022,REG,clutch,NYG,69,-10.475726575386943,25.0,6.0,1.0
2022,REG,clutch,NYJ,38,0.3317038909299299,16.0,2.0,3.0
2022,REG,clutch,PHI,23,-10.13634701915032,9.0,5.0,0.0
2022,REG,clutch,PIT,48,-1.3904650891293713,21.0,2.0,3.0
2022,REG,clutch,SEA,25,6.058024213054406,13.0,1.0,1.0
2022,REG,clutch,SF,11,-5.389108626000678,4.0,0.0,1.0
2022,REG,clutch,TB,29,2.3054980085436254,10.0,4.0,1.0
2022,REG,clutch,TEN,73,11.394532658199582,36.0,3.0,2.0
2022,REG,clutch,WAS,44,-22.682878319632042,12.0,4.0,2.0
2022,REG,late,ARI,60,10.748976251963791,32.0,2.0,0.0
2022,REG,late,ATL,63,3.3981085802370217,30.0,3.0,3.0
2022,REG,late,BAL,96,39.823702843734836,53.0,4.0,3.0
2022,REG,late,BUF,93,-13.527633842101096,38.0,8.0,4.0
2022,REG,late,CAR,67,14.431018055626794,31.0,6.0,1.0
2022,REG,late,CHI,42,-0.8972468680466998,19.0,2.0,2.0
2022,REG,late,CIN,89,-7.9929378686736605,40.0,3.0,2.0
2022,REG,late,CLE,66,4.097328264027297,29.0,6.0,1.0
2022,REG,late,DAL,98,-22.262989484573108,43.0,7.0,4.0
2022,REG,late,DEN,69,-14.937373928180612,23.0,5.0,3.0
2022,REG,late,DET,74,2.7491541420392913,28.0,5.0,1.0
2022,REG,late,GB,46,5.389089513613842,21.0,0.0,4.0
2022,REG,late,HOU,67,-2.934763000097913,29.0,4.0,3.0
2022,REG,late,IND,74,9.889025766127093,35.0,2.0,2.0
2022,REG,late,JAX,90,1.6197778992625294,38.0,4.0,2.0
2022,REG,late,KC,108,12.683611553919036,44.0,11.0,3.0
2022,REG,late,LA,57,-1.1548249914252455,29.0,1.0,4.0
2022,REG,late,LAC,59,-12.015029404093791,22.0,8.0,2.0
2022,REG,late,LV,94,-4.032641997536218,41.0,3.0,1.0
2022,REG,late,MIA,73,-22.470211768409932,28.0,5.0,3.0
2022,REG,late,MIN,121,-25.93923297754157,50.0,8.0,5.0
2022,REG,late,NE,87,-18.805422718200134,30.0,6.0,1.0
2022,REG,late,NO,77,0.7390883496895508,34.0,9.0,1.0
2022,REG,late,NYG,85,-6.161153417541231,35.0,7.0,1.0
2022,REG,late,NYJ,57,-8.34759715231527,24.0,2.0,4.0
2022,REG,late,PHI,91,0.3856778067038906,45.0,10.0,2.0
2022,REG,late,PIT,65,-0.061631177095783585,27.0,6.0,4.0
2022,REG,late,SEA,80,-2.700213418151296,31.0,9.0,2.0
2022,REG,late,SF,66,-28.41441958365948,31.0,6.0,4.0
2022,REG,late,TB,76,-5.4517447852262,31.0,7.0,3.0
2022,REG,late,TEN,103,15.65994635427518,49.0,5.0,2.0
2022,REG,late,WAS,60,-21.49507955959668,17.0,6.0,2.0
2022,REG,ot,ARI,11,-4.452053272514604,6.0,0.0,0.0
2022,REG,ot,BUF,6,-0.0424067545581468,2.0,2.0,0.0
2022,REG,ot,CAR,5,-3.3496379412245005,3.0,0.0,1.0
2022,REG,ot,CIN,12,0.3172030362457461,7.0,0.0,0.0
2022,REG,ot,CLE,11,-1.8488077903166413,4.0,1.0,0.0
2022,REG,ot,DAL,3,2.1330435735872015,2.0,0.0,0.0
2022,REG,ot,DEN,14,3.4032243754930303,4.0,0.0,0.0
2022,REG,ot,GB,7,-2.9014885446522385,3.0,0.0,0.0
2022,REG,ot,HOU,14,3.2944935291449426,8.0,2.0,0.0
2022,REG,ot,IND,20,-0.8192064718690641,11.0,3.0,0.0
2022,REG,ot,JAX,1,-8.55931993946433,0.0,0.0,1.0
2022,REG,ot,KC,4,-4.762065174349118,1.0,2.0,0.0
2022,REG,ot,LA,4,-0.8018693241756409,1.0,0.0,0.0
2022,REG,ot,LAC,2,-3.2511581308208406,0.0,0.0,0.0
2022,REG,ot,LV,8,-3.7085284140193835,4.0,0.0,0.0
2022,REG,ot,MIN,12,-0.8159904377534986,6.0,1.0,1.0
2022,REG,ot,NE,6,2.0440410033334047,4.0,0.0,0.0
2022,REG,ot,NYG,2,-2.2615988281322643,0.0,1.0,0.0
2022,REG,ot,PIT,9,-0.03800421463753434,4.0,1.0,0.0
2022,REG,ot,SEA,4,-0.6692251005442813,2.0,0.0,1.0
2022,REG,ot,SF,1,-7.8304963366827,0.0,0.0,1.0
2022,REG,ot,TB,7,3.9014308625482954,3.0,0.0,0.0
2022,REG,ot,TEN,10,2.7449660611493734,5.0,0.0,0.0
2022,REG,ot,WAS,12,-0.09904156510981355,7.0,2.0,0.0
2022,REG,q1,ARI,146,14.906219312300184,76.0,9.0,2.0
2022,REG,q1,ATL,132,29.04778795570585,71.0,2.0,0.0
2022,REG,q1,BAL,130,-20.633021204872776,54.0,12.0,3.0
2022,REG,q1,BUF,125,24.863320614694313,65.0,6.0,2.0
2022,REG,q1,CAR,129,-3.6303223754358545,58.0,4.0,2.0
2022,REG,q1,CHI,120,56.60316888311642,71.0,3.0,2.0
2022,REG,q1,CIN,110,-13.179254791256653,42.0,3.0,3.0
2022,REG,q1,CLE,121,-25.263911258726765,47.0,4.0,4.0
2022,REG,q1,DAL,113,-6.365863607997666,50.0,12.0,0.0
2022,REG,q1,DEN,158,3.174160901549249,75.0,8.0,1.0
2022,REG,q1,DET,132,23.731017906279426,69.0,10.0,1.0
2022,REG,q1,GB,116,-11.068186027196628,43.0,8.0,1.0
2022,REG,q1,HOU,138,-3.0204748875959604,56.0,6.0,2.0
2022,REG,q1,IND,128,-7.910395807617402,57.0,12.0,1.0
2022,REG,q1,JAX,150,23.014307538301225,71.0,6.0,3.0
2022,REG,q1,KC,137,9.289074640652835,63.0,11.0,1.0
2022,REG,q1,LA,136,-1.0863445956799218,62.0,11.0,5.0
2022,REG,q1,LAC,155,-28.13736895484176,64.0,8.0,5.0
2022,REG,q1,LV,119,31.14176617881371,64.0,5.0,0.0
2022,REG,q1,MIA,150,30.16866851627604,78.0,9.0,2.0
2022,REG,q1,MIN,147,4.0916410442537146,61.0,11.0,1.0
2022,REG,q1,NE,140,7.671545586646926,65.0,10.0,4.0
2022,REG,q1,NO,137,-9.52005165064623,55.0,7.0,1.0
2022,REG,q1,NYG,147,19.225694555269634,68.0,5.0,1.0
2022,REG,q1,NYJ,162,0.8860086778782281,71.0,9.0,2.0
2022,REG,q1,PHI,125,-9.51747092907317,61.0,13.0,3.0
2022,REG,q1,PIT,138,10.227697699029516,56.0,8.0,3.0
2022,REG,q1,SEA,137,-3.4862439164266976,61.0,6.0,4.0
2022,REG,q1,SF,132,9.07867525927724,58.0,6.0,2.0
2022,REG,q1,TB,131,-9.494088408829047,54.0,10.0,1.0
2022,REG,q1,TEN,152,10.130154432140202,61.0,7.0,1.0
2022,REG,q1,WAS,137,-22.39049435440914,59.0,16.0,2.0
2022,REG,q2,ARI,206,7.576939036983263,112.0,6.0,4.0
2022,REG,q2,ATL,189,56.943503553913324,105.0,8.0,4.0
2022,REG,q2,BAL,174,18.26912427226105,86.0,10.0,3.0
2022,REG,q2,BUF,157,9.919601284329914,68.0,12.0,2.0
2022,REG,q2,CAR,172,-15.18066228313656,71.0,8.0,5.0
2022,REG,q2,CHI,178,50.69188725662884,91.0,7.0,4.0
2022,REG,q2,CIN,164,13.618675528964289,75.0,8.0,5.0
2022,REG,q2,CLE,163,22.126677456201598,72.0,8.0,2.0
2022,REG,q2,DAL,177,-1.4839035857662997,79.0,16.0,4.0
2022,REG,q2,DEN,203,23.571460081749684,99.0,11.0,5.0
2022,REG,q2,DET,185,3.978403865454723,85.0,15.0,4.0
2022,REG,q2,GB,177,-4.147418885995694,83.0,14.0,4.0
2022,REG,q2,HOU,192,-2.619823731970868,91.0,15.0,6.0
2022,REG,q2,IND,172,9.026377287178915,84.0,11.0,2.0
2022,REG,q2,JAX,198,15.444871990446774,100.0,10.0,3.0
2022,REG,q2,KC,188,-3.078676362418609,81.0,15.0,2.0
2022,REG,q2,LA,185,14.445337309269457,82.0,11.0,3.0
2022,REG,q2,LAC,146,15.564074226249325,60.0,7.0,2.0
2022,REG,q2,LV,164,41.733484286647645,86.0,5.0,2.0
2022,REG,q2,MIA,197,28.93691886297623,88.0,13.0,2.0
2022,REG,q2,MIN,171,16.2371764778622,87.0,8.0,3.0
2022,REG,q2,NE,199,-0.12858023014971653,91.0,19.0,6.0
2022,REG,q2,NO,180,-7.811390419399349,75.0,14.0,3.0
2022,REG,q2,NYG,190,-17.756897616964736,76.0,18.0,2.0
2022,REG,q2,NYJ,173,23.14007291385976,79.0,14.0,2.0
2022,REG,q2,PHI,188,-27.905397263502362,68.0,17.0,5.0
2022,REG,q2,PIT,194,35.31419419378102,95.0,9.0,6.0
2022,REG,q2,SEA,168,19.55845234197158,73.0,15.0,2.0
2022,REG,q2,SF,192,-8.452850459267756,86.0,15.0,5.0
2022,REG,q2,TB,184,4.727759249236549,76.0,10.0,2.0
2022,REG,q2,TEN,187,33.927864321269745,99.0,9.0,6.0
2022,REG,q2,WAS,168,1.692883529620075,70.0,7.0,4.0
2022,REG,q3,ARI,140,-7.480768262520835,66.0,15.0,3.0
2022,REG,q3,ATL,128,-9.536927140278282,56.0,5.0,2.0
2022,REG,q3,BAL,153,-24.175133922812204,61.0,12.0,3.0
2022,REG,q3,BUF,142,-20.39910596505009,63.0,9.0,4.0
2022,REG,q3,CAR,161,30.60149554485466,81.0,10.0,0.0
2022,REG,q3,CHI,114,6.67958654210096,57.0,7.0,0.0
2022,REG,q3,CIN,142,-19.630976581161068,50.0,10.0,1.0
2022,REG,q3,CLE,124,5.072779442734836,59.0,12.0,2.0
2022,REG,q3,DAL,139,11.347278100631355,63.0,16.0,2.0
2022,REG,q3,DEN,132,-33.6434843766741,45.0,7.0,2.0
2022,REG,q3,DET,155,35.59022275962009,78.0,5.0,5.0
2022,REG,q3,GB,110,23.081914710087112,52.0,4.0,1.0
2022,REG,q3,HOU,101,3.3615737254731357,50.0,7.0,3.0
2022,REG,q3,IND,138,-2.8726627274286853,65.0,10.0,2.0
2022,REG,q3,JAX,126,-0.1930332205144003,55.0,10.0,2.0
2022,REG,q3,KC,141,5.264250476178111,63.0,11.0,0.0
2022,REG,q3,LA,127,16.554174144624586,72.0,9.0,3.0
2022,REG,q3,LAC,130,10.355727688433326,61.0,11.0,3.0
2022,REG,q3,LV,143,0.3449409067651774,66.0,11.0,3.0
2022,REG,q3,MIA,148,-0.858584528942679,61.0,7.0,0.0
2022,REG,q3,MIN,152,51.51885191732205,77.0,6.0,1.0
2022,REG,q3,NE,141,-29.846971652157677,62.0,7.0,6.0
2022,REG,q3,NO,128,-5.362293498229262,54.0,8.0,1.0
2022,REG,q3,NYG,128,14.823073661917604,55.0,6.0,1.0
2022,REG,q3,NYJ,141,-21.831047515459066,57.0,13.0,3.0
2022,REG,q3,PHI,135,-10.031257871710137,61.0,14.0,4.0
2022,REG,q3,PIT,126,-14.151071615932446,58.0,12.0,5.0
2022,REG,q3,SEA,121,-2.8098168333240023,52.0,10.0,3.0
2022,REG,q3,SF,141,-0.6443369074238694,63.0,9.0,5.0
2022,REG,q3,TB,145,-4.1169705837730515,65.0,12.0,2.0
2022,REG,q3,TEN,185,22.66462345323131,87.0,8.0,3.0
2022,REG,q3,WAS,129,29.009054699818215,57.0,6.0,0.0
2022,REG,q4,ARI,151,23.301871244748444,76.0,6.0,2.0
2022,REG,q4,ATL,152,2.9332580766847616,69.0,6.0,4.0
2022,REG,q4,BAL,211,45.65069256510648,103.0,14.0,5.0
2022,REG,q4,BUF,210,-25.12163872589243,87.0,11.0,9.0
2022,REG,q4,CAR,171,23.83468809565978,79.0,13.0,2.0
2022,REG,q4,CHI,121,-9.771524000680573,56.0,3.0,8.0
2022,REG,q4,CIN,175,-6.551535254383936,77.0,9.0,4.0
2022,REG,q4,CLE,150,-7.576154211540027,66.0,9.0,3.0
2022,REG,q4,DAL,199,-54.50740123315886,81.0,10.0,10.0
2022,REG,q4,DEN,160,-37.10725662662251,60.0,10.0,7.0
2022,REG,q4,DET,174,2.862685173021375,77.0,9.0,2.0
2022,REG,q4,GB,124,2.1493341403974853,56.0,8.0,11.0
2022,REG,q4,HOU,145,8.577888234494841,66.0,9.0,5.0
2022,REG,q4,IND,157,13.296839100607844,69.0,8.0,5.0
2022,REG,q4,JAX,200,-8.126370826364141,83.0,9.0,5.0
2022,REG,q4,KC,245,-3.7005982321973,103.0,16.0,8.0
2022,REG,q4,LA,166,17.4682313857135,84.0,7.0,5.0
2022,REG,q4,LAC,139,-14.411412743762003,56.0,14.0,4.0
2022,REG,q4,LV,210,20.68884992095687,96.0,6.0,1.0
2022,REG,q4,MIA,201,-11.328604977088256,90.0,11.0,4.0
2022,REG,q4,MIN,213,-33.74874640658429,94.0,12.0,9.0
2022,REG,q4,NE,192,-39.76874698292103,65.0,18.0,3.0
2022,REG,q4,NO,166,-18.598405431027267,61.0,19.0,2.0
2022,REG,q4,NYG,168,2.733149301291041,74.0,11.0,2.0
2022,REG,q4,NYJ,156,-35.519628673975305,60.0,9.0,5.0
2022,REG,q4,PHI,210,-17.77495639339714,93.0,26.0,5.0
2022,REG,q4,PIT,149,17.488201290794823,67.0,10.0,6.0
2022,REG,q4,SEA,195,0.8237759827418554,81.0,14.0,4.0
2022,REG,q4,SF,199,-57.48591277707594,79.0,14.0,7.0
2022,REG,q4,TB,174,6.600051456074832,83.0,13.0,5.0
2022,REG,q4,TEN,207,-4.789718643535577,90.0,15.0,4.0
2022,REG,q4,WAS,144,-35.315816616944545,46.0,12.0,3.0
2023,POST,all,BAL,79,4.711729325635876,34.0,2.0,0.0
2023,POST,all,BUF,66,1.3420313745131436,32.0,1.0,1.0
2023,POST,all,CLE,22,13.278032914861063,11.0,0.0,0.0
2023,POST,all,DAL,21,23.940234170295298,15.0,0.0,0.0
2023,POST,all,DET,122,34.575562432205594,58.0,8.0,3.0
2023,POST,all,GB,111,7.667536549649395,57.0,5.0,2.0
2023,POST,all,HOU,82,-6.145183445300087,38.0,7.0,2.0
2023,POST,all,KC,178,-5.195720796500938,75.0,7.0,2.0
2023,POST,all,LA,30,11.218379624959285,18.0,3.0,0.0
2023,POST,all,MIA,43,14.206513834998944,21.0,0.0,0.0
2023,POST,all,PHI,42,13.333141334222804,21.0,4.0,0.0
2023,POST,all,PIT,34,9.872796645610766,15.0,2.0,0.0
2023,POST,all,SF,134,14.145321596420484,61.0,5.0,3.0
2023,POST,all,TB,85,5.169133458702545,38.0,5.0,0.0
2023,POST,close,BAL,56,16.645252414038456,28.0,0.0,0.0
2023,POST,close,BUF,30,1.3551868932488098,15.0,0.0,0.0
2023,POST,close,CLE,16,12.955871360618579,8.0,0.0,0.0
2023,POST,close,DAL,10,5.710546329850331,6.0,0.0,0.0
2023,POST,close,DET,90,5.4325625145372785,38.0,6.0,3.0
2023,POST,close,GB,46,1.647363805370249,20.0,1.0,1.0
2023,POST,close,HOU,48,11.619040650493819,25.0,4.0,0.0
2023,POST,close,KC,111,4.276246500285735,50.0,3.0,1.0
2023,POST,close,LA,30,11.218379624959285,18.0,3.0,0.0
2023,POST,close,MIA,27,9.135920570580062,13.0,0.0,0.0
2023,POST,close,PHI,23,0.7249058933338866,10.0,3.0,0.0
2023,POST,close,PIT,11,9.081955757166725,9.0,0.0,0.0
2023,POST,close,SF,104,4.503678894167823,44.0,3.0,3.0
2023,POST,close,TB,62,1.1274288202403113,27.0,3.0,0.0
2023,POST,clutch,BAL,1,2.9135964945307933,1.0,0.0,0.0
2023,POST,clutch,DET,5,-3.7157123552314006,2.0,0.0,1.0
2023,POST,clutch,GB,7,3.0296537938993424,4.0,0.0,0.0
2023,POST,clutch,KC,7,1.1521048689692037,3.0,0.0,0.0
2023,POST,clutch,LA,2,0.09736650087870657,1.0,0.0,0.0
2023,POST,clutch,SF,21,4.899036499330965,13.0,0.0,1.0
2023,POST,clutch,TB,3,-1.0175380578730255,1.0,0.0,0.0
2023,POST,late,BAL,2,3.159701953525655,2.0,0.0,0.0
2023,POST,late,BUF,9,-3.5314445190597326,3.0,0.0,0.0
2023,POST,late,DAL,1,-0.8515712678781711,0.0,0.0,0.0
2023,POST,late,DET,9,0.2992731795967556,5.0,0.0,1.0
2023,POST,late,GB,21,7.945048327790573,12.0,1.0,0.0
2023,POST,late,HOU,4,0.3217936095315963,2.0,1.0,0.0
2023,POST,late,KC,28,-1.4820691232325491,11.0,1.0,0.0
2023,POST,late,LA,2,0.09736650087870657,1.0,0.0,0.0
2023,POST,late,SF,31,13.684085224763681,20.0,0.0,1.0
2023,POST,late,TB,6,-2.2698623793548904,2.0,0.0,0.0
2023,POST,ot,KC,6,2.2834242673833987,3.0,0.0,0.0
2023,POST,ot,SF,9,5.587851630814839,6.0,0.0,0.0
2023,POST,q1,BAL,25,11.809741594122535,13.0,0.0,0.0
2023,POST,q1,BUF,13,-4.910844390578707,5.0,0.0,0.0
2023,POST,q1,CLE,10,3.978486354472073,4.0,0.0,0.0
2023,POST,q1,DAL,9,3.9169767425046302,5.0,0.0,0.0
2023,POST,q1,DET,25,-0.6190813550569954,12.0,3.0,1.0
2023,POST,q1,GB,9,-6.054759701481089,3.0,1.0,1.0
2023,POST,q1,HOU,17,5.725019393375963,10.0,0.0,0.0
2023,POST,q1,KC,32,4.199296480686146,16.0,0.0,1.0
2023,POST,q1,LA,9,7.903353782487102,8.0,0.0,0.0
2023,POST,q1,MIA,11,3.3561917385086417,5.0,0.0,0.0
2023,POST,q1,PHI,13,10.820367029995356,8.0,0.0,0.0
2023,POST,q1,PIT,12,2.9393010755302384,7.0,0.0,0.0
2023,POST,q1,SF,23,2.96615318363443,7.0,1.0,0.0
2023,POST,q1,TB,15,-5.412905673729256,5.0,0.0,0.0
2023,POST,q2,BAL,24,3.9645950268588566,12.0,0.0,0.0
2023,POST,q2,BUF,17,1.1324681551782594,7.0,1.0,1.0
2023,POST,q2,CLE,6,8.977385006146505,4.0,0.0,0.0
2023,POST,q2,DAL,7,10.685990413127001,7.0,0.0,0.0
2023,POST,q2,DET,29,16.877042762100924,14.0,0.0,1.0
2023,POST,q2,GB,32,5.020859895692574,21.0,1.0,1.0
2023,POST,q2,HOU,23,-3.4279354189056903,7.0,5.0,0.0
2023,POST,q2,KC,37,0.7054584336623639,18.0,3.0,0.0
2023,POST,q2,LA,10,5.25704227067763,6.0,1.0,0.0
2023,POST,q2,MIA,16,5.779728832071419,8.0,0.0,0.0
2023,POST,q2,PHI,15,-5.441571626605922,3.0,2.0,0.0
2023,POST,q2,PIT,12,5.622932966930906,4.0,1.0,0.0
2023,POST,q2,SF,33,8.347106657618939,15.0,3.0,0.0
2023,POST,q2,TB,30,10.068793460036813,14.0,2.0,0.0
2023,POST,q3,BAL,15,-5.9448659382760525,5.0,0.0,0.0
2023,POST,q3,BUF,14,13.430331553977076,10.0,0.0,0.0
2023,POST,q3,CLE,4,-0.06610539893154055,2.0,0.0,0.0
2023,POST,q3,DAL,2,6.799027504515834,2.0,0.0,0.0
2023,POST,q3,DET,33,11.483149270697709,17.0,2.0,0.0
2023,POST,q3,GB,32,-3.5160296031201126,11.0,1.0,0.0
2023,POST,q3,HOU,29,-9.634419547975995,14.0,1.0,2.0
2023,POST,q3,KC,35,-5.200507342815399,12.0,2.0,0.0
2023,POST,q3,LA,7,0.18168117864124356,3.0,2.0,0.0
2023,POST,q3,MIA,12,3.2437718198627663,6.0,0.0,0.0
2023,POST,q3,PHI,8,-0.6927654633764178,4.0,2.0,0.0
2023,POST,q3,PIT,8,-1.5553992652245217,2.0,1.0,0.0
2023,POST,q3,SF,28,-4.80828849700994,13.0,0.0,2.0
2023,POST,q3,TB,17,-3.050411499396432,6.0,1.0,0.0
2023,POST,q4,BAL,15,-5.1177413570694625,4.0,2.0,0.0
2023,POST,q4,BUF,22,-8.309923944063485,10.0,0.0,0.0
2023,POST,q4,CLE,2,0.3882669531740248,1.0,0.0,0.0
2023,POST,q4,DAL,3,2.5382395101478323,1.0,0.0,0.0
2023,POST,q4,DET,35,6.834451754463955,15.0,3.0,1.0
2023,POST,q4,GB,38,12.217465958558023,22.0,2.0,0.0
2023,POST,q4,HOU,13,1.1921521282056347,7.0,1.0,0.0
2023,POST,q4,KC,68,-7.183392635417449,26.0,2.0,1.0
2023,POST,q4,LA,4,-2.12369760684669,1.0,0.0,0.0
2023,POST,q4,MIA,4,1.826821444556117,2.0,0.0,0.0
2023,POST,q4,PHI,6,8.647111394209787,6.0,0.0,0.0
2023,POST,q4,PIT,2,2.865961868374143,2.0,0.0,0.0
2023,POST,q4,SF,41,2.052498621362214,20.0,1.0,1.0
2023,POST,q4,TB,23,3.5636571717914194,13.0,2.0,0.0
2023,REG,all,ARI,571,99.35659765514755,288.0,33.0,11.0
2023,REG,all,ATL,623,17.010243997728658,254.0,42.0,8.0
2023,REG,all,BAL,736,-138.04305980062063,289.0,60.0,18.0
2023,REG,all,BUF,648,-51.0039086233587,292.0,54.0,18.0
2023,REG,all,CAR,522,9.263108875599828,239.0,27.0,8.0
2023,REG,all,CHI,680,7.259724164119957,299.0,30.0,22.0
2023,REG,all,CIN,647,45.41866380822119,310.0,44.0,17.0
2023,REG,all,CLE,615,-140.49080489665576,213.0,49.0,18.0
2023,REG,all,DAL,591,-64.01684527934621,252.0,46.0,17.0
2023,REG,all,DEN,642,46.99286875945285,293.0,42.0,11.0
2023,REG,all,DET,662,29.859169977029936,305.0,41.0,16.0
2023,REG,all,GB,614,32.34635943558383,291.0,45.0,7.0
2023,REG,all,HOU,651,17.45755026449741,295.0,46.0,14.0
2023,REG,all,IND,643,19.032144038804496,296.0,51.0,15.0
2023,REG,all,JAX,693,-16.405750618494416,321.0,40.0,16.0
2023,REG,all,KC,646,-76.37437155776954,252.0,57.0,8.0
2023,REG,all,LA,681,13.624397749317641,303.0,41.0,10.0
2023,REG,all,LAC,669,42.29330275009942,309.0,48.0,9.0
2023,REG,all,LV,651,-18.615182827625304,288.0,46.0,13.0
2023,REG,all,MIA,655,-3.9267903300561224,297.0,56.0,15.0
2023,REG,all,MIN,673,7.672792710541962,297.0,43.0,11.0
2023,REG,all,NE,640,13.025062185994347,289.0,36.0,10.0
2023,REG,all,NO,637,-44.347146812791706,264.0,34.0,18.0
2023,REG,all,NYG,633,-14.156882515473315,295.0,34.0,18.0
2023,REG,all,NYJ,600,-71.19785537705864,234.0,48.0,17.0
2023,REG,all,PHI,733,50.8582471517995,336.0,43.0,9.0
2023,REG,all,PIT,651,-25.97673050339632,286.0,47.0,16.0
2023,REG,all,SEA,661,51.55003648679342,309.0,47.0,11.0
2023,REG,all,SF,707,-70.63325551492099,299.0,48.0,22.0
2023,REG,all,TB,684,33.10412030232997,307.0,48.0,13.0
2023,REG,all,TEN,648,54.97844864027614,304.0,45.0,6.0
2023,REG,all,WAS,662,120.08584371678901,317.0,39.0,8.0
2023,REG,close,ARI,409,78.10094693527272,214.0,26.0,7.0
2023,REG,close,ATL,498,40.03339652165608,211.0,31.0,6.0
2023,REG,close,BAL,364,-95.25293804572244,139.0,23.0,12.0
2023,REG,close,BUF,407,-13.2060547802404,192.0,33.0,10.0
2023,REG,close,CAR,432,16.707366607365152,200.0,22.0,6.0
2023,REG,close,CHI,390,9.43340009926953,173.0,16.0,10.0
2023,REG,close,CIN,450,40.236885355606425,216.0,33.0,12.0
2023,REG,close,CLE,373,-84.84512368378785,128.0,25.0,14.0
2023,REG,close,DAL,318,29.878457509052446,155.0,18.0,6.0
2023,REG,close,DEN,418,16.946222052995992,199.0,27.0,9.0
2023,REG,close,DET,349,-6.543221509283101,158.0,18.0,10.0
2023,REG,close,GB,402,50.94982197551209,205.0,27.0,6.0
2023,REG,close,HOU,416,32.64986183163476,189.0,27.0,8.0
2023,REG,close,IND,433,8.485577494045355,202.0,34.0,9.0
2023,REG,close,JAX,393,-5.294180421628365,182.0,25.0,8.0
2023,REG,close,KC,494,-21.84642651007938,201.0,42.0,4.0
2023,REG,close,LA,491,7.057460821249577,226.0,29.0,7.0
2023,REG,close,LAC,484,45.522600967435835,225.0,34.0,7.0
2023,REG,close,LV,434,-19.838363671423686,180.0,29.0,7.0
2023,REG,close,MIA,377,21.581132158588503,176.0,28.0,9.0
2023,REG,close,MIN,530,-5.5581045646794,230.0,35.0,9.0
2023,REG,close,NE,474,4.336598983506972,208.0,26.0,9.0
2023,REG,close,NO,414,-8.67628471332366,176.0,20.0,14.0
2023,REG,close,NYG,431,-4.05752083464527,201.0,21.0,11.0
2023,REG,close,NYJ,418,-62.838611566526,162.0,36.0,12.0
2023,REG,close,PHI,516,9.96735954366852,233.0,32.0,8.0
2023,REG,close,PIT,491,-41.30545407699325,206.0,34.0,12.0
2023,REG,close,SEA,504,65.5838054703627,242.0,35.0,6.0
2023,REG,close,SF,326,-33.9963050198815,136.0,23.0,8.0
2023,REG,close,TB,440,43.99314615226679,197.0,34.0,7.0
2023,REG,close,TEN,492,34.911250409178805,224.0,36.0,4.0
2023,REG,close,WAS,433,71.27588337840616,208.0,27.0,6.0
2023,REG,clutch,ARI,19,13.129737432520663,13.0,0.0,1.0
2023,REG,clutch,ATL,54,8.577279513283766,22.0,5.0,1.0
2023,REG,clutch,BAL,37,8.096710553128949,16.0,2.0,0.0
2023,REG,clutch,BUF,61,5.133621254565345,35.0,2.0,1.0
2023,REG,clutch,CAR,10,6.572517060121754,7.0,0.0,0.0
2023,REG,clutch,CHI,43,5.541898126112503,20.0,1.0,0.0
2023,REG,clutch,CIN,33,-0.2749435739049071,14.0,5.0,0.0
2023,REG,clutch,CLE,36,-3.2618767398961355,11.0,1.0,1.0
2023,REG,clutch,DAL,27,-8.249404570335056,12.0,1.0,2.0
2023,REG,clutch,DEN,35,-1.1249468956406932,13.0,2.0,3.0
2023,REG,clutch,DET,27,-11.493141926319698,7.0,4.0,1.0
2023,REG,clutch,GB,39,5.008182036816996,17.0,2.0,0.0
2023,REG,clutch,HOU,67,-2.314279931946137,27.0,3.0,2.0
2023,REG,clutch,IND,57,-12.833083750318663,18.0,6.0,3.0
2023,REG,clutch,JAX,43,0.9332978608305735,21.0,4.0,0.0
2023,REG,clutch,KC,40,-23.854200734265888,7.0,8.0,0.0
2023,REG,clutch,LA,40,8.842656410779481,18.0,3.0,0.0
2023,REG,clutch,LAC,51,14.026480803008589,26.0,2.0,2.0
2023,REG,clutch,LV,42,-7.822285550704692,17.0,1.0,2.0
2023,REG,clutch,MIA,39,-10.466959716050061,15.0,6.0,2.0
2023,REG,clutch,MIN,62,-6.615185677597765,26.0,2.0,5.0
2023,REG,clutch,NE,52,3.0278749595019034,21.0,2.0,0.0
2023,REG,clutch,NO,33,8.598696198474665,13.0,1.0,0.0
2023,REG,clutch,NYG,43,-7.458541588938816,18.0,4.0,1.0
2023,REG,clutch,NYJ,34,-16.0457949505139,14.0,4.0,3.0
2023,REG,clutch,PHI,78,-0.015469762205379212,31.0,8.0,1.0
2023,REG,clutch,PIT,54,-25.370130813207346,22.0,4.0,5.0
2023,REG,clutch,SEA,44,-0.07541305206939075,18.0,4.0,2.0
2023,REG,clutch,SF,15,-5.796293038157524,7.0,1.0,1.0
2023,REG,clutch,TB,22,-3.6436322393273004,10.0,1.0,2.0
2023,REG,clutch,TEN,62,8.572281705694186,24.0,5.0,0.0
2023,REG,clutch,WAS,61,0.47235785819329146,26.0,2.0,2.0
2023,REG,late,ARI,27,8.213330926150292,17.0,0.0,2.0
2023,REG,late,ATL,83,0.17280430778888256,33.0,8.0,1.0
2023,REG,late,BAL,123,-0.508803747814238,50.0,11.0,2.0
2023,REG,late,BUF,89,2.937231064010069,45.0,5.0,2.0
2023,REG,late,CAR,18,3.419662483109394,12.0,0.0,1.0
2023,REG,late,CHI,86,2.6313673896610013,39.0,6.0,4.0
2023,REG,late,CIN,65,2.9244949899341597,31.0,8.0,1.0
2023,REG,late,CLE,72,-4.837117623261176,27.0,3.0,1.0
2023,REG,late,DAL,56,-30.073041997006285,18.0,3.0,4.0
2023,REG,late,DEN,60,-10.331157689831882,22.0,6.0,4.0
2023,REG,late,DET,73,-34.03491006671861,21.0,8.0,4.0
2023,REG,late,GB,87,7.406361111537476,37.0,3.0,0.0
2023,REG,late,HOU,82,-8.248641487132783,32.0,3.0,3.0
2023,REG,late,IND,96,-19.546055383838958,34.0,12.0,4.0
2023,REG,late,JAX,105,-2.7944555662819015,53.0,7.0,2.0
2023,REG,late,KC,62,-33.491411025959806,13.0,11.0,1.0
2023,REG,late,LA,87,6.655404333549229,33.0,9.0,0.0
2023,REG,late,LAC,76,7.666020033900091,36.0,4.0,2.0
2023,REG,late,LV,69,-1.0006609466869882,28.0,3.0,3.0
2023,REG,late,MIA,85,-17.60929526012844,35.0,10.0,3.0
2023,REG,late,MIN,76,-9.412538367963862,31.0,3.0,5.0
2023,REG,late,NE,55,2.8484357552807777,23.0,3.0,0.0
2023,REG,late,NO,78,-0.4400306333114372,33.0,3.0,1.0
2023,REG,late,NYG,60,-14.268819999438266,24.0,6.0,1.0
2023,REG,late,NYJ,50,-21.53388973169009,20.0,6.0,3.0
2023,REG,late,PHI,115,3.3893726800893815,47.0,13.0,1.0
2023,REG,late,PIT,81,-18.679107495017863,38.0,6.0,5.0
2023,REG,late,SEA,71,1.758892836845578,32.0,9.0,2.0
2023,REG,late,SF,94,-29.98381193445973,33.0,8.0,4.0
2023,REG,late,TB,57,-26.415953789517282,20.0,6.0,4.0
2023,REG,late,TEN,65,9.559592637712049,26.0,5.0,0.0
2023,REG,late,WAS,76,2.5570277690869228,32.0,5.0,2.0
2023,REG,ot,BAL,7,-0.7531795131508261,3.0,1.0,0.0
2023,REG,ot,BUF,6,1.7700130142620765,4.0,0.0,0.0
2023,REG,ot,CIN,7,1.0851905649760738,4.0,0.0,0.0
2023,REG,ot,DET,7,6.176640850375406,5.0,0.0,0.0
2023,REG,ot,HOU,7,-1.9046435611671768,2.0,3.0,0.0
2023,REG,ot,IND,14,-1.0624071940306121,5.0,1.0,0.0
2023,REG,ot,JAX,5,2.934812634892296,3.0,0.0,0.0
2023,REG,ot,LA,2,-1.7381664486601949,0.0,0.0,0.0
2023,REG,ot,LAC,2,1.0535308574908413,2.0,0.0,0.0
2023,REG,ot,MIN,5,0.3319240740383975,1.0,2.0,0.0
2023,REG,ot,NYG,3,0.41134237754158676,1.0,0.0,0.0
2023,REG,ot,NYJ,5,-3.3117268367204815,0.0,0.0,0.0
2023,REG,ot,PHI,10,1.4013372207833426,3.0,0.0,0.0
2023,REG,ot,TEN,11,2.630671383929439,4.0,2.0,0.0
2023,REG,ot,WAS,6,-1.9954543693724378,2.0,0.0,0.0
2023,REG,q1,ARI,140,35.403288244708655,75.0,9.0,0.0
2023,REG,q1,ATL,155,22.108090210056773,71.0,6.0,2.0
2023,REG,q1,BAL,132,-52.00286161634651,48.0,9.0,3.0
2023,REG,q1,BUF,133,-13.144078184217808,62.0,15.0,6.0
2023,REG,q1,CAR,128,-7.03286797108119,64.0,6.0,1.0
2023,REG,q1,CHI,124,25.117554420963167,59.0,6.0,1.0
2023,REG,q1,CIN,124,14.787510511855759,65.0,13.0,1.0
2023,REG,q1,CLE,131,-28.60065066053938,45.0,8.0,3.0
2023,REG,q1,DAL,134,0.3070805662535583,59.0,11.0,2.0
2023,REG,q1,DEN,145,-25.314549122520667,66.0,13.0,3.0
2023,REG,q1,DET,154,-15.68933141876093,66.0,9.0,7.0
2023,REG,q1,GB,128,-16.632299609776126,63.0,11.0,3.0
2023,REG,q1,HOU,136,14.434553633538734,62.0,9.0,2.0
2023,REG,q1,IND,139,34.13678022526324,72.0,7.0,2.0
2023,REG,q1,JAX,147,-6.212630274548026,67.0,11.0,0.0
2023,REG,q1,KC,148,-15.691307392116718,67.0,13.0,1.0
2023,REG,q1,LA,150,35.55518778412761,87.0,10.0,0.0
2023,REG,q1,LAC,132,-21.663423494816165,56.0,9.0,1.0
2023,REG,q1,LV,129,-13.9973751707684,51.0,10.0,0.0
2023,REG,q1,MIA,139,4.380593612106422,66.0,11.0,4.0
2023,REG,q1,MIN,163,7.825311522270775,70.0,12.0,1.0
2023,REG,q1,NE,143,4.587653995074184,68.0,9.0,3.0
2023,REG,q1,NO,129,7.534999672473022,56.0,5.0,3.0
2023,REG,q1,NYG,154,-9.678407897915012,75.0,5.0,3.0
2023,REG,q1,NYJ,162,-4.989376367990035,70.0,9.0,2.0
2023,REG,q1,PHI,137,-10.588732716054741,59.0,6.0,1.0
2023,REG,q1,PIT,148,1.6093947652797453,70.0,9.0,2.0
2023,REG,q1,SEA,153,16.586931395565266,73.0,11.0,0.0
2023,REG,q1,SF,135,-15.945246970731812,56.0,8.0,4.0
2023,REG,q1,TB,145,9.04417953931556,72.0,8.0,2.0
2023,REG,q1,TEN,135,9.23728073676891,67.0,8.0,1.0
2023,REG,q1,WAS,161,52.20416840287636,79.0,11.0,0.0
2023,REG,q2,ARI,180,27.382310029618065,90.0,9.0,4.0
2023,REG,q2,ATL,177,6.51738423213798,69.0,16.0,0.0
2023,REG,q2,BAL,195,-35.09165002590191,79.0,13.0,6.0
2023,REG,q2,BUF,174,18.06162804963032,80.0,5.0,5.0
2023,REG,q2,CAR,212,14.844447424283764,93.0,11.0,5.0
2023,REG,q2,CHI,211,20.49646405242742,95.0,6.0,8.0
2023,REG,q2,CIN,210,14.130811407520603,93.0,10.0,6.0
2023,REG,q2,CLE,172,-23.98580828427654,67.0,13.0,7.0
2023,REG,q2,DAL,173,-7.052964993868817,79.0,12.0,4.0
2023,REG,q2,DEN,198,33.47764055622417,99.0,7.0,2.0
2023,REG,q2,DET,165,12.344653502581082,77.0,13.0,3.0
2023,REG,q2,GB,164,17.811023100614534,81.0,13.0,0.0
2023,REG,q2,HOU,162,-7.279120389590556,66.0,8.0,3.0
2023,REG,q2,IND,146,-22.5156826420442,68.0,16.0,4.0
2023,REG,q2,JAX,205,-8.870997764446129,97.0,10.0,6.0
2023,REG,q2,KC,195,-19.12266540427319,72.0,17.0,3.0
2023,REG,q2,LA,190,-6.818387541089523,75.0,10.0,3.0
2023,REG,q2,LAC,206,29.292990536157436,95.0,10.0,3.0
2023,REG,q2,LV,199,8.516336058354518,98.0,14.0,5.0
2023,REG,q2,MIA,176,17.37591050676373,74.0,13.0,2.0
2023,REG,q2,MIN,165,-11.729558514451504,67.0,8.0,1.0
2023,REG,q2,NE,188,0.41360433194291457,88.0,9.0,4.0
2023,REG,q2,NO,199,12.75118201601602,91.0,11.0,4.0
2023,REG,q2,NYG,180,-10.87334955748332,80.0,14.0,8.0
2023,REG,q2,NYJ,195,-11.288005918722112,78.0,15.0,8.0
2023,REG,q2,PHI,225,48.514195490760855,112.0,13.0,4.0
2023,REG,q2,PIT,190,26.93594160383953,84.0,14.0,3.0
2023,REG,q2,SEA,183,28.203486518300938,89.0,11.0,2.0
2023,REG,q2,SF,181,9.558882297802697,82.0,12.0,2.0
2023,REG,q2,TB,191,0.9212979715426108,75.0,20.0,5.0
2023,REG,q2,TEN,194,-14.685902912085535,81.0,16.0,4.0
2023,REG,q2,WAS,198,48.717250780208985,98.0,9.0,1.0
2023,REG,q3,ARI,130,4.583142271915111,55.0,11.0,2.0
2023,REG,q3,ATL,130,5.204903910402478,56.0,6.0,4.0
2023,REG,q3,BAL,153,-38.29056752557844,59.0,14.0,6.0
2023,REG,q3,BUF,129,-38.655974549163204,54.0,18.0,3.0
2023,REG,q3,CAR,103,5.688737167296001,46.0,8.0,0.0
2023,REG,q3,CHI,135,-54.97438602168075,51.0,8.0,6.0
2023,REG,q3,CIN,136,23.11158319289945,70.0,6.0,4.0
2023,REG,q3,CLE,130,-56.653817043583636,37.0,12.0,5.0
2023,REG,q3,DAL,134,6.9444390384906125,63.0,9.0,4.0
2023,REG,q3,DEN,130,45.364648518331094,62.0,8.0,1.0
2023,REG,q3,DET,161,30.456009398860633,78.0,5.0,1.0
2023,REG,q3,GB,124,19.388009250752255,58.0,8.0,1.0
2023,REG,q3,HOU,165,16.43482195163601,86.0,11.0,4.0
2023,REG,q3,IND,135,14.508642808307334,63.0,8.0,1.0
2023,REG,q3,JAX,138,-0.1031029605929239,62.0,8.0,3.0
2023,REG,q3,KC,120,-13.455479932786524,50.0,9.0,3.0
2023,REG,q3,LA,143,-13.889320961416955,57.0,7.0,2.0
2023,REG,q3,LAC,150,18.74243662780653,73.0,17.0,2.0
2023,REG,q3,LV,144,-2.996628345588661,65.0,11.0,3.0
2023,REG,q3,MIA,124,-19.235851480008275,60.0,11.0,5.0
2023,REG,q3,MIN,155,15.12573023949339,77.0,9.0,3.0
2023,REG,q3,NE,152,5.93280392018635,61.0,11.0,1.0
2023,REG,q3,NO,118,-44.51645554396863,42.0,7.0,7.0
2023,REG,q3,NYG,145,20.2329054762011,75.0,4.0,3.0
2023,REG,q3,NYJ,118,-13.324076313061562,45.0,12.0,2.0
2023,REG,q3,PHI,128,-7.32737411665641,57.0,7.0,0.0
2023,REG,q3,PIT,150,-23.403735856306948,61.0,10.0,5.0
2023,REG,q3,SEA,137,-5.016094547044293,59.0,9.0,3.0
2023,REG,q3,SF,156,7.727137338623279,70.0,11.0,3.0
2023,REG,q3,TB,178,35.842616810594585,85.0,9.0,1.0
2023,REG,q3,TEN,151,45.64140267921963,86.0,6.0,1.0
2023,REG,q3,WAS,139,-2.1573570528243575,65.0,11.0,4.0
2023,REG,q4,ARI,121,31.987857108905725,68.0,4.0,5.0
2023,REG,q4,ATL,161,-16.82013435486857,58.0,14.0,2.0
2023,REG,q4,BAL,249,-11.904801119642936,100.0,23.0,3.0
2023,REG,q4,BUF,206,-19.035496953870073,92.0,16.0,4.0
2023,REG,q4,CAR,79,-4.237207744898747,36.0,2.0,2.0
2023,REG,q4,CHI,210,16.62009171241012,94.0,10.0,7.0
2023,REG,q4,CIN,170,-7.696431869030695,78.0,15.0,6.0
2023,REG,q4,CLE,182,-31.250528908256197,64.0,16.0,3.0
2023,REG,q4,DAL,150,-64.21539989022156,51.0,14.0,7.0
2023,REG,q4,DEN,169,-6.534871192581757,66.0,14.0,5.0
2023,REG,q4,DET,175,-3.4288023560262557,79.0,14.0,5.0
2023,REG,q4,GB,198,11.779626693993169,89.0,13.0,3.0
2023,REG,q4,HOU,181,-4.228061369919603,79.0,15.0,5.0
2023,REG,q4,IND,209,-6.03518915869126,88.0,19.0,8.0
2023,REG,q4,JAX,198,-4.153832253799634,92.0,11.0,7.0
2023,REG,q4,KC,183,-28.104918828593114,63.0,18.0,1.0
2023,REG,q4,LA,196,0.5150849163567,84.0,14.0,5.0
2023,REG,q4,LAC,179,14.867768223460775,83.0,12.0,3.0
2023,REG,q4,LV,179,-10.13751536962276,74.0,11.0,5.0
2023,REG,q4,MIA,216,-6.447442968918002,97.0,21.0,4.0
2023,REG,q4,MIN,185,-3.8806146108090958,82.0,12.0,6.0
2023,REG,q4,NE,157,2.090999938790897,72.0,7.0,2.0
2023,REG,q4,NO,191,-20.11687295731211,75.0,11.0,4.0
2023,REG,q4,NYG,151,-14.249372913817673,64.0,11.0,4.0
2023,REG,q4,NYJ,120,-38.284669940564456,41.0,12.0,5.0
2023,REG,q4,PHI,233,18.858821272966455,105.0,17.0,4.0
2023,REG,q4,PIT,163,-31.118331016208646,71.0,14.0,6.0
2023,REG,q4,SEA,188,11.775713119971506,88.0,16.0,6.0
2023,REG,q4,SF,235,-71.97402818061515,91.0,17.0,13.0
2023,REG,q4,TB,170,-12.70397401912279,75.0,11.0,5.0
2023,REG,q4,TEN,157,12.154996752443706,66.0,13.0,0.0
2023,REG,q4,WAS,158,23.317235955900465,73.0,8.0,3.0
2024,POST,all,BAL,59,4.625604647809253,24.0,5.0,0.0
2024,POST,all,BUF,96,24.804835985712433,50.0,6.0,1.0
2024,POST,all,DEN,33,16.652332446473775,20.0,2.0,0.0
2024,POST,all,DET,37,20.74020153573742,21.0,0.0,0.0
2024,POST,all,GB,24,0.2802262847333714,9.0,2.0,0.0
2024,POST,all,HOU,67,-22.48057105098283,22.0,7.0,4.0
2024,POST,all,KC,109,29.262391414089617,54.0,12.0,1.0
2024,POST,all,LA,81,-31.15330317113891,32.0,16.0,1.0
2024,POST,all,LAC,39,-3.058668594656443,17.0,3.0,1.0
2024,POST,all,MIN,29,5.320361357126192,14.0,2.0,0.0
2024,POST,all,PHI,189,-19.320782859875425,83.0,16.0,6.0
2024,POST,all,PIT,25,10.781121283245739,13.0,1.0,0.0
2024,POST,all,TB,40,12.067779975804733,20.0,1.0,0.0
2024,POST,all,WAS,97,22.650266838026724,59.0,5.0,4.0
2024,POST,close,BAL,29,-3.7051943593969705,11.0,2.0,0.0
2024,POST,close,BUF,79,30.494157839980396,44.0,5.0,1.0
2024,POST,close,DEN,23,7.193190058527174,14.0,2.0,0.0
2024,POST,close,DET,30,17.62357913579121,17.0,0.0,0.0
2024,POST,close,GB,17,6.047158891488662,9.0,0.0,0.0
2024,POST,close,HOU,57,-18.286992940440683,18.0,5.0,2.0
2024,POST,close,KC,73,10.788946705538459,32.0,5.0,1.0
2024,POST,close,LA,40,-22.259043148893397,15.0,10.0,1.0
2024,POST,close,LAC,35,0.21169120174095868,16.0,2.0,1.0
2024,POST,close,MIN,17,1.2160328073600448,8.0,0.0,0.0
2024,POST,close,PHI,76,-10.378341090201905,28.0,6.0,0.0
2024,POST,close,PIT,12,5.780148268444464,6.0,0.0,0.0
2024,POST,close,TB,40,12.067779975804733,20.0,1.0,0.0
2024,POST,close,WAS,55,18.979183482413205,35.0,3.0,1.0
2024,POST,clutch,BUF,15,8.512960527218612,8.0,1.0,0.0
2024,POST,clutch,KC,5,-3.0391886886791326,1.0,0.0,0.0
2024,POST,clutch,LA,1,-1.5145490933209658,0.0,1.0,0.0
2024,POST,clutch,PHI,11,-1.3717924764496274,5.0,1.0,0.0
2024,POST,clutch,TB,3,3.4473030429217033,2.0,0.0,0.0
2024,POST,late,BUF,19,3.844494414933225,8.0,2.0,0.0
2024,POST,late,DET,1,2.185485699796118,1.0,0.0,0.0
2024,POST,late,HOU,4,-3.5901708606397733,1.0,0.0,1.0
2024,POST,late,KC,16,-4.455034268626135,6.0,4.0,0.0
2024,POST,late,LA,11,-10.962814405618701,3.0,3.0,0.0
2024,POST,late,PHI,34,11.242939835414523,21.0,2.0,2.0
2024,POST,late,TB,3,3.4473030429217033,2.0,0.0,0.0
2024,POST,late,WAS,10,-1.0899010192952119,5.0,1.0,1.0
2024,POST,q1,BAL,12,-2.017159342416562,4.0,2.0,0.0
2024,POST,q1,BUF,17,15.438071016338654,11.0,1.0,1.0
2024,POST,q1,DEN,10,1.0921622644274844,6.0,0.0,0.0
2024,POST,q1,DET,12,4.022045263075549,7.0,0.0,0.0
2024,POST,q1,GB,9,-0.22830097821787598,3.0,0.0,0.0
2024,POST,q1,HOU,19,-3.41319841195991,6.0,2.0,0.0
2024,POST,q1,KC,24,6.9390494440115855,12.0,1.0,0.0
2024,POST,q1,LA,14,-1.980530085740611,8.0,3.0,0.0
2024,POST,q1,LAC,7,-8.438830642378889,2.0,1.0,0.0
2024,POST,q1,MIN,12,5.118212155642561,8.0,0.0,0.0
2024,POST,q1,PHI,44,-0.8354184992865679,16.0,3.0,0.0
2024,POST,q1,PIT,9,4.960166122531518,5.0,0.0,0.0
2024,POST,q1,TB,9,0.5596126655582339,4.0,1.0,0.0
2024,POST,q1,WAS,17,-0.7627656900520812,10.0,1.0,0.0
2024,POST,q2,BAL,8,-0.23702105117263272,4.0,0.0,0.0
2024,POST,q2,BUF,30,8.973957170350232,17.0,2.0,0.0
2024,POST,q2,DEN,5,-0.19518073764629662,3.0,1.0,0.0
2024,POST,q2,DET,11,15.77078058233019,7.0,0.0,0.0
2024,POST,q2,GB,6,-4.289802944345865,0.0,1.0,0.0
2024,POST,q2,HOU,18,-1.4950288371182978,7.0,1.0,1.0
2024,POST,q2,KC,31,10.388901460049645,15.0,4.0,1.0
2024,POST,q2,LA,26,-22.99086822001326,8.0,7.0,1.0
2024,POST,q2,LAC,19,5.460295573431136,8.0,1.0,1.0
2024,POST,q2,MIN,8,-0.8405221897410229,2.0,0.0,0.0
2024,POST,q2,PHI,38,-16.313714509635513,17.0,3.0,4.0
2024,POST,q2,PIT,9,8.07080205361126,6.0,0.0,0.0
2024,POST,q2,TB,12,4.387427828592734,7.0,0.0,0.0
2024,POST,q2,WAS,38,8.740016837961198,22.0,1.0,2.0
2024,POST,q3,BAL,25,10.524037172785029,11.0,2.0,0.0
2024,POST,q3,BUF,16,-5.009478908395623,4.0,1.0,0.0
2024,POST,q3,DEN,10,6.858759540676416,6.0,1.0,0.0
2024,POST,q3,DET,8,-2.580089101975318,3.0,0.0,0.0
2024,POST,q3,GB,4,4.131964765489101,3.0,1.0,0.0
2024,POST,q3,HOU,10,-11.756065987283364,3.0,1.0,1.0
2024,POST,q3,KC,16,14.825448259696831,13.0,0.0,0.0
2024,POST,q3,LA,19,0.1508717614198103,8.0,2.0,0.0
2024,POST,q3,LAC,9,3.1902262706887123,6.0,0.0,0.0
2024,POST,q3,MIN,9,1.042671391224654,4.0,2.0,0.0
2024,POST,q3,PHI,43,1.1918180752059255,18.0,4.0,0.0
2024,POST,q3,PIT,4,-1.36173180420883,1.0,1.0,0.0
2024,POST,q3,TB,10,5.9491754426653305,6.0,0.0,0.0
2024,POST,q3,WAS,19,10.775801834708545,13.0,2.0,0.0
2024,POST,q4,BAL,14,-3.6442521313865806,5.0,1.0,0.0
2024,POST,q4,BUF,33,5.4022867074191705,18.0,2.0,0.0
2024,POST,q4,DEN,8,8.896591379016172,5.0,0.0,0.0
2024,POST,q4,DET,6,3.5274647923070006,4.0,0.0,0.0
2024,POST,q4,GB,5,0.6663654418080114,3.0,0.0,0.0
2024,POST,q4,HOU,20,-5.816277814621259,6.0,3.0,2.0
2024,POST,q4,KC,38,-2.8910077496684456,14.0,7.0,0.0
2024,POST,q4,LA,22,-6.3327766268048435,8.0,4.0,0.0
2024,POST,q4,LAC,4,-3.270359796397402,1.0,1.0,0.0
2024,POST,q4,PHI,64,-3.3634679261592684,32.0,6.0,2.0
2024,POST,q4,PIT,3,-0.8881150886882097,1.0,0.0,0.0
2024,POST,q4,TB,9,1.1715640389884356,3.0,0.0,0.0
2024,POST,q4,WAS,23,3.8972138554090634,14.0,1.0,2.0
2024,REG,all,ARI,618,59.525561349783054,306.0,41.0,9.0
2024,REG,all,ATL,653,84.07777556260069,310.0,31.0,12.0
2024,REG,all,BAL,711,-4.5313217000977986,302.0,54.0,12.0
2024,REG,all,BUF,639,46.74389873588548,304.0,39.0,16.0
2024,REG,all,CAR,595,111.71987381501064,294.0,32.0,9.0
2024,REG,all,CHI,569,9.305642895312413,261.0,40.0,11.0
2024,REG,all,CIN,651,38.01397036925989,302.0,36.0,15.0
2024,REG,all,CLE,579,52.744758577922696,251.0,41.0,4.0
2024,REG,all,DAL,598,36.06585451613418,270.0,52.0,13.0
2024,REG,all,DEN,705,-66.00336237412348,297.0,63.0,15.0
2024,REG,all,DET,688,-34.31145879439349,303.0,37.0,16.0
2024,REG,all,GB,646,-23.566825050208635,313.0,45.0,17.0
2024,REG,all,HOU,638,-5.760575836242092,260.0,49.0,19.0
2024,REG,all,IND,614,58.537703033218634,295.0,36.0,16.0
2024,REG,all,JAX,662,151.08056874139163,315.0,34.0,6.0
2024,REG,all,KC,655,42.37682435133357,303.0,39.0,13.0
2024,REG,all,LA,613,64.3325014418889,298.0,38.0,13.0
2024,REG,all,LAC,652,-18.215950659909545,281.0,46.0,15.0
2024,REG,all,LV,624,54.71811351714294,298.0,38.0,10.0
2024,REG,all,MIA,626,10.617071237859154,290.0,35.0,10.0
2024,REG,all,MIN,714,-32.15162324128401,314.0,49.0,24.0
2024,REG,all,NE,593,88.75243374383824,285.0,28.0,7.0
2024,REG,all,NO,677,29.072405109202798,300.0,39.0,14.0
2024,REG,all,NYG,578,90.92444079794983,283.0,45.0,5.0
2024,REG,all,NYJ,599,43.41723941689393,254.0,43.0,7.0
2024,REG,all,PHI,624,-33.122631439429014,252.0,41.0,13.0
2024,REG,all,PIT,642,9.581603471708526,298.0,40.0,17.0
2024,REG,all,SEA,646,13.119202610827276,292.0,45.0,13.0
2024,REG,all,SF,571,36.08637185517168,267.0,37.0,11.0
2024,REG,all,TB,710,59.77007276667514,340.0,46.0,7.0
2024,REG,all,TEN,546,39.57496547464403,251.0,32.0,11.0
2024,REG,all,WAS,578,19.61500785529796,252.0,43.0,7.0
2024,REG,close,ARI,384,63.54343462349739,198.0,25.0,3.0
2024,REG,close,ATL,510,93.56922756507973,248.0,25.0,8.0
2024,REG,close,BAL,409,11.96980223769502,189.0,28.0,9.0
2024,REG,close,BUF,338,46.293233510618656,167.0,21.0,9.0
2024,REG,close,CAR,386,61.145177016827645,183.0,22.0,6.0
2024,REG,close,CHI,336,-10.530721755068837,146.0,24.0,7.0
2024,REG,close,CIN,445,41.858343731604464,210.0,23.0,10.0
2024,REG,close,CLE,404,50.624912644313994,184.0,25.0,4.0
2024,REG,close,DAL,382,10.53220323130316,170.0,31.0,8.0
2024,REG,close,DEN,400,-9.91280872064365,172.0,32.0,7.0
2024,REG,close,DET,321,-8.14971495953474,152.0,18.0,9.0
2024,REG,close,GB,321,22.407985738631037,162.0,18.0,8.0
2024,REG,close,HOU,383,-43.03101982884184,146.0,32.0,13.0
2024,REG,close,IND,487,22.860844289329684,226.0,29.0,14.0
2024,REG,close,JAX,487,65.61355453111307,220.0,25.0,6.0
2024,REG,close,KC,447,15.205047424466073,195.0,28.0,8.0
2024,REG,close,LA,493,17.160042010552832,228.0,34.0,12.0
2024,REG,close,LAC,401,5.801381934014887,178.0,25.0,10.0
2024,REG,close,LV,521,80.67380232963664,252.0,28.0,4.0
2024,REG,close,MIA,395,22.306250374169558,183.0,24.0,6.0
2024,REG,close,MIN,392,-27.969157172685797,173.0,24.0,15.0
2024,REG,close,NE,383,67.82208606969726,184.0,14.0,5.0
2024,REG,close,NO,453,28.662878859218033,204.0,22.0,10.0
2024,REG,close,NYG,407,73.7685986518697,203.0,35.0,2.0
2024,REG,close,NYJ,456,26.540243108404088,191.0,28.0,5.0
2024,REG,close,PHI,400,-19.03118141797709,165.0,26.0,8.0
2024,REG,close,PIT,493,5.911588908190396,229.0,34.0,12.0
2024,REG,close,SEA,441,25.007712420578073,195.0,31.0,9.0
2024,REG,close,SF,352,13.752090489103956,165.0,18.0,8.0
2024,REG,close,TB,470,66.16981114104293,232.0,27.0,6.0
2024,REG,close,TEN,381,26.178644675480555,177.0,20.0,9.0
2024,REG,close,WAS,387,-0.8052565372392078,169.0,24.0,5.0
2024,REG,clutch,ARI,17,4.131696091911991,11.0,0.0,1.0
2024,REG,clutch,ATL,50,2.360826016941167,21.0,2.0,2.0
2024,REG,clutch,BAL,33,3.5422990774889125,12.0,2.0,1.0
2024,REG,clutch,BUF,32,3.9094523789472317,14.0,1.0,1.0
2024,REG,clutch,CAR,46,1.5044247497645582,25.0,3.0,1.0
2024,REG,clutch,CHI,21,19.16063992535067,14.0,0.0,2.0
2024,REG,clutch,CIN,57,3.9879936248399277,22.0,3.0,1.0
2024,REG,clutch,CLE,30,2.665619838653759,16.0,1.0,0.0
2024,REG,clutch,DAL,30,5.468681599042611,10.0,2.0,2.0
2024,REG,clutch,DEN,32,-2.714152321759551,14.0,4.0,1.0
2024,REG,clutch,DET,29,-3.3217481476767907,10.0,5.0,0.0
2024,REG,clutch,GB,49,13.260527776847873,27.0,3.0,1.0
2024,REG,clutch,HOU,41,-1.7571425126080067,16.0,4.0,1.0
2024,REG,clutch,IND,49,9.412759706876624,25.0,3.0,2.0
2024,REG,clutch,JAX,55,11.803347504372859,22.0,4.0,0.0
2024,REG,clutch,KC,55,4.273529830035584,26.0,4.0,0.0
2024,REG,clutch,LA,64,-17.866993313830786,18.0,6.0,4.0
2024,REG,clutch,LAC,27,4.391196514251695,13.0,1.0,1.0
2024,REG,clutch,LV,30,5.422848941409029,9.0,2.0,0.0
2024,REG,clutch,MIA,42,1.6745219136055893,18.0,5.0,1.0
2024,REG,clutch,MIN,36,-3.5650241336514723,16.0,2.0,5.0
2024,REG,clutch,NE,36,5.854810743156355,13.0,0.0,0.0
2024,REG,clutch,NO,45,3.904433641150199,18.0,2.0,2.0
2024,REG,clutch,NYG,28,-6.6812207705658615,9.0,3.0,0.0
2024,REG,clutch,NYJ,49,0.7208829812128297,18.0,2.0,1.0
2024,REG,clutch,PHI,46,0.5507087135775945,20.0,1.0,4.0
2024,REG,clutch,PIT,52,-8.264386771450285,22.0,5.0,4.0
2024,REG,clutch,SEA,50,-5.258441977697444,16.0,5.0,1.0
2024,REG,clutch,SF,34,9.600440663103065,15.0,2.0,0.0
2024,REG,clutch,TB,53,-0.7961133488695817,26.0,2.0,1.0
2024,REG,clutch,TEN,29,0.078134408085889,13.0,2.0,1.0
2024,REG,clutch,WAS,38,16.035720304586572,18.0,2.0,0.0
2024,REG,late,ARI,35,-3.92192886489839,17.0,0.0,1.0
2024,REG,late,ATL,88,8.4146837078869,41.0,3.0,3.0
2024,REG,late,BAL,89,-2.547185169118066,31.0,7.0,3.0
2024,REG,late,BUF,92,6.943494392567258,39.0,3.0,3.0
2024,REG,late,CAR,66,3.6839684274093623,34.0,4.0,1.0
2024,REG,late,CHI,35,17.493546559373616,19.0,2.0,3.0
2024,REG,late,CIN,110,8.458276135621588,40.0,9.0,2.0
2024,REG,late,CLE,38,3.9117913642459765,21.0,3.0,0.0
2024,REG,late,DAL,71,23.111416660461376,36.0,5.0,3.0
2024,REG,late,DEN,97,-21.571048112298804,42.0,10.0,2.0
2024,REG,late,DET,81,-14.107809557075532,36.0,7.0,1.0
2024,REG,late,GB,107,19.50373004393168,53.0,7.0,2.0
2024,REG,late,HOU,78,13.345768446473844,34.0,5.0,1.0
2024,REG,late,IND,68,22.083254662679348,38.0,4.0,2.0
2024,REG,late,JAX,71,15.26392363200538,31.0,6.0,0.0
2024,REG,late,KC,98,9.478380979980871,53.0,5.0,1.0
2024,REG,late,LA,79,-17.026188627759435,23.0,6.0,4.0
2024,REG,late,LAC,93,15.04784019708492,48.0,4.0,2.0
2024,REG,late,LV,48,3.2039146792855373,17.0,5.0,1.0
2024,REG,late,MIA,92,-9.476980939330602,39.0,6.0,2.0
2024,REG,late,MIN,100,-0.6208482394830339,47.0,8.0,6.0
2024,REG,late,NE,50,-3.821949024247937,15.0,2.0,0.0
2024,REG,late,NO,65,4.95495411576524,24.0,3.0,2.0
2024,REG,late,NYG,48,-14.547279099860763,19.0,8.0,1.0
2024,REG,late,NYJ,83,-4.2618295245424465,28.0,6.0,1.0
2024,REG,late,PHI,84,9.514846606020349,39.0,1.0,5.0
2024,REG,late,PIT,75,-3.6016014882951604,34.0,5.0,5.0
2024,REG,late,SEA,81,-3.7969349007531363,33.0,8.0,1.0
2024,REG,late,SF,75,27.85434727438358,38.0,5.0,0.0
2024,REG,late,TB,95,-16.64696674180918,42.0,5.0,2.0
2024,REG,late,TEN,42,3.045931419924389,18.0,2.0,1.0
2024,REG,late,WAS,57,20.560252395953864,27.0,2.0,0.0
2024,REG,ot,ARI,2,-2.4217517364304513,0.0,1.0,0.0
2024,REG,ot,ATL,13,11.558468975184951,11.0,0.0,0.0
2024,REG,ot,CAR,9,-1.909950930722254,3.0,2.0,0.0
2024,REG,ot,CHI,7,5.735976274532732,6.0,1.0,0.0
2024,REG,ot,CIN,7,-1.0123828017385677,1.0,0.0,0.0
2024,REG,ot,DEN,11,6.399877057701815,8.0,2.0,0.0
2024,REG,ot,IND,3,-0.8332796411123127,1.0,1.0,0.0
2024,REG,ot,JAX,4,-0.25524335462515557,1.0,0.0,0.0
2024,REG,ot,LA,2,2.3747894847765565,2.0,0.0,0.0
2024,REG,ot,MIN,3,-2.0130885106045753,1.0,1.0,0.0
2024,REG,ot,NE,9,4.301358706667088,6.0,0.0,0.0
2024,REG,ot,NYJ,7,5.948567672923673,5.0,0.0,0.0
2024,REG,ot,SEA,4,7.141867121332325,4.0,0.0,0.0
2024,REG,ot,TB,12,11.061275849788217,10.0,0.0,0.0
2024,REG,ot,TEN,3,-1.7558879620628431,1.0,0.0,1.0
2024,REG,q1,ARI,138,6.516038506766289,79.0,10.0,1.0
2024,REG,q1,ATL,134,21.208900441664223,65.0,7.0,1.0
2024,REG,q1,BAL,150,-15.896088656775117,65.0,14.0,2.0
2024,REG,q1,BUF,127,16.472537921681262,65.0,7.0,5.0
2024,REG,q1,CAR,119,-1.9106873548499879,47.0,7.0,1.0
2024,REG,q1,CHI,136,6.852183678098494,58.0,9.0,1.0
2024,REG,q1,CIN,119,17.89532428817568,67.0,6.0,4.0
2024,REG,q1,CLE,136,-10.59460110857428,57.0,8.0,2.0
2024,REG,q1,DAL,118,18.394605240500763,52.0,8.0,1.0
2024,REG,q1,DEN,124,3.4937731640380862,54.0,7.0,2.0
2024,REG,q1,DET,126,5.362901888597614,67.0,7.0,2.0
2024,REG,q1,GB,103,-15.573757559305333,52.0,6.0,3.0
2024,REG,q1,HOU,129,-6.970570433386819,53.0,8.0,4.0
2024,REG,q1,IND,123,2.4011667346757113,59.0,10.0,2.0
2024,REG,q1,JAX,148,43.686079024031386,77.0,10.0,1.0
2024,REG,q1,KC,134,16.525491650581408,62.0,5.0,5.0
2024,REG,q1,LA,142,44.56758355634588,75.0,6.0,1.0
2024,REG,q1,LAC,125,-20.17269514521963,50.0,10.0,3.0
2024,REG,q1,LV,138,29.76387552166888,71.0,7.0,0.0
2024,REG,q1,MIA,114,-15.0716754986533,52.0,8.0,4.0
2024,REG,q1,MIN,144,-25.7266054218803,55.0,8.0,4.0
2024,REG,q1,NE,113,17.70497776457871,63.0,8.0,2.0
2024,REG,q1,NO,139,-8.028835196528783,59.0,3.0,2.0
2024,REG,q1,NYG,136,16.08141960072022,68.0,14.0,1.0
2024,REG,q1,NYJ,126,-4.907571007610484,54.0,8.0,1.0
2024,REG,q1,PHI,147,-16.921973793437253,63.0,10.0,1.0
2024,REG,q1,PIT,131,15.862945653768222,65.0,7.0,1.0
2024,REG,q1,SEA,150,17.76476886229758,75.0,8.0,2.0
2024,REG,q1,SF,113,-23.26248211401324,45.0,6.0,3.0
2024,REG,q1,TB,127,15.931469845661542,64.0,9.0,1.0
2024,REG,q1,TEN,129,-1.3020886320414982,61.0,7.0,4.0
2024,REG,q1,WAS,130,-46.27952343960104,51.0,7.0,5.0
2024,REG,q2,ARI,182,36.66174545473888,87.0,13.0,2.0
2024,REG,q2,ATL,179,44.035325399906654,90.0,9.0,3.0
2024,REG,q2,BAL,195,-22.505353267256176,83.0,14.0,4.0
2024,REG,q2,BUF,161,50.271035059206746,86.0,8.0,2.0
2024,REG,q2,CAR,198,82.9712668602453,107.0,7.0,2.0
2024,REG,q2,CHI,169,25.21198362391608,87.0,8.0,3.0
2024,REG,q2,CIN,155,8.673539002951387,69.0,10.0,3.0
2024,REG,q2,CLE,184,39.670356236271246,85.0,15.0,1.0
2024,REG,q2,DAL,180,-3.1363651864292086,76.0,17.0,5.0
2024,REG,q2,DEN,195,7.56746656470476,84.0,13.0,4.0
2024,REG,q2,DET,195,-14.808866234146668,80.0,5.0,5.0
2024,REG,q2,GB,169,29.704584391487554,85.0,11.0,2.0
2024,REG,q2,HOU,178,-23.461005341857856,64.0,17.0,7.0
2024,REG,q2,IND,178,20.733601019121586,83.0,11.0,3.0
2024,REG,q2,JAX,189,28.909698081473035,89.0,8.0,4.0
2024,REG,q2,KC,183,2.102517186613463,78.0,11.0,3.0
2024,REG,q2,LA,177,-28.301690170678466,75.0,18.0,3.0
2024,REG,q2,LAC,165,-5.352216119608142,75.0,15.0,4.0
2024,REG,q2,LV,199,21.747385071217696,100.0,14.0,2.0
2024,REG,q2,MIA,180,23.608427439449436,81.0,9.0,2.0
2024,REG,q2,MIN,176,1.054951336890054,82.0,12.0,4.0
2024,REG,q2,NE,200,45.23616818011618,93.0,4.0,3.0
2024,REG,q2,NO,227,5.419279802192973,107.0,15.0,5.0
2024,REG,q2,NYG,185,45.3468770621134,95.0,11.0,1.0
2024,REG,q2,NYJ,170,2.2463497258054517,70.0,15.0,4.0
2024,REG,q2,PHI,160,-20.187517276765117,55.0,14.0,4.0
2024,REG,q2,PIT,174,9.088458509716254,85.0,7.0,4.0
2024,REG,q2,SEA,178,-15.509668994903109,70.0,15.0,6.0
2024,REG,q2,SF,160,17.097629497816385,74.0,13.0,3.0
2024,REG,q2,TB,227,70.39824055784023,118.0,10.0,0.0
2024,REG,q2,TEN,164,31.691287923615228,78.0,9.0,3.0
2024,REG,q2,WAS,169,0.44469468063427087,72.0,13.0,1.0
2024,REG,q3,ARI,135,-6.739549424097931,57.0,12.0,3.0
2024,REG,q3,ATL,148,3.6482540143335873,64.0,10.0,2.0
2024,REG,q3,BAL,153,25.947301384066385,69.0,14.0,1.0
2024,REG,q3,BUF,141,-27.487644929605345,57.0,14.0,4.0
2024,REG,q3,CAR,123,5.838198609779636,59.0,9.0,2.0
2024,REG,q3,CHI,124,-4.888531123025668,56.0,10.0,2.0
2024,REG,q3,CIN,133,-4.563023415475612,63.0,4.0,3.0
2024,REG,q3,CLE,134,18.657268196787133,52.0,10.0,0.0
2024,REG,q3,DAL,128,22.760025014681002,66.0,14.0,1.0
2024,REG,q3,DEN,155,-35.562326136109974,59.0,15.0,4.0
2024,REG,q3,DET,148,9.335739239021882,62.0,7.0,5.0
2024,REG,q3,GB,165,-25.17951189355204,79.0,12.0,7.0
2024,REG,q3,HOU,139,14.26099724994335,67.0,10.0,4.0
2024,REG,q3,IND,140,-28.684002168448274,57.0,7.0,8.0
2024,REG,q3,JAX,157,15.245528957991514,70.0,7.0,1.0
2024,REG,q3,KC,143,37.50436354254863,71.0,12.0,2.0
2024,REG,q3,LA,119,60.1567212248832,68.0,2.0,1.0
2024,REG,q3,LAC,151,-18.842398644960763,56.0,13.0,4.0
2024,REG,q3,LV,141,-10.742214460003565,65.0,9.0,5.0
2024,REG,q3,MIA,145,-2.9911076145073165,64.0,10.0,1.0
2024,REG,q3,MIN,155,6.997279724297058,70.0,9.0,4.0
2024,REG,q3,NE,141,32.05366658633762,72.0,8.0,0.0
2024,REG,q3,NO,131,27.5081924595834,64.0,8.0,3.0
2024,REG,q3,NYG,131,28.888635885627142,63.0,8.0,2.0
2024,REG,q3,NYJ,123,9.254733328541564,53.0,7.0,0.0
2024,REG,q3,PHI,124,0.8619410164060683,55.0,10.0,1.0
2024,REG,q3,PIT,147,4.412712282328989,69.0,13.0,2.0
2024,REG,q3,SEA,135,20.19565587340957,69.0,9.0,1.0
2024,REG,q3,SF,136,4.376267640167823,68.0,6.0,4.0
2024,REG,q3,TB,146,-10.193990093452829,62.0,11.0,2.0
2024,REG,q3,TEN,116,5.745210341401678,53.0,6.0,3.0
2024,REG,q3,WAS,122,10.665067406016753,52.0,18.0,1.0
2024,REG,q4,ARI,161,25.50907854880627,83.0,5.0,3.0
2024,REG,q4,ATL,179,3.626826731511279,80.0,5.0,6.0
2024,REG,q4,BAL,213,7.922818839867105,85.0,12.0,5.0
2024,REG,q4,BUF,210,7.487970684602823,96.0,10.0,5.0
2024,REG,q4,CAR,146,26.731046630557962,78.0,7.0,4.0
2024,REG,q4,CHI,133,-23.605969558209225,54.0,12.0,5.0
2024,REG,q4,CIN,237,17.020513295346998,102.0,16.0,5.0
2024,REG,q4,CLE,125,5.011735253438598,57.0,8.0,1.0
2024,REG,q4,DAL,172,-1.9524105526183764,76.0,13.0,6.0
2024,REG,q4,DEN,220,-47.90215302445817,92.0,26.0,5.0
2024,REG,q4,DET,219,-34.20123368786632,94.0,18.0,4.0
2024,REG,q4,GB,209,-12.518139988838811,97.0,16.0,5.0
2024,REG,q4,HOU,192,10.410002689059233,76.0,14.0,4.0
2024,REG,q4,IND,170,64.92021708898191,95.0,7.0,3.0
2024,REG,q4,JAX,164,63.494506032520846,78.0,9.0,0.0
2024,REG,q4,KC,195,-13.755548028409937,92.0,11.0,3.0
2024,REG,q4,LA,173,-14.464902653438273,78.0,12.0,8.0
2024,REG,q4,LAC,211,26.15135924987899,100.0,8.0,4.0
2024,REG,q4,LV,146,13.94906738425993,62.0,8.0,3.0
2024,REG,q4,MIA,187,5.0714269115703345,93.0,8.0,3.0
2024,REG,q4,MIN,236,-12.464160369986246,106.0,19.0,12.0
2024,REG,q4,NE,130,-10.543737493861364,51.0,8.0,2.0
2024,REG,q4,NO,180,4.1737680439552065,70.0,13.0,4.0
2024,REG,q4,NYG,126,0.6075082494890616,57.0,12.0,1.0
2024,REG,q4,NYJ,173,30.87515969723372,72.0,13.0,2.0
2024,REG,q4,PHI,193,3.1249186143672887,79.0,7.0,7.0
2024,REG,q4,PIT,190,-19.78251297410494,79.0,13.0,10.0
2024,REG,q4,SEA,179,-16.47342025130909,74.0,13.0,4.0
2024,REG,q4,SF,162,37.874956831200706,80.0,12.0,1.0
2024,REG,q4,TB,198,-27.42692339316201,86.0,16.0,4.0
2024,REG,q4,TEN,134,5.196443803731469,58.0,10.0,0.0
2024,REG,q4,WAS,157,54.78476920824798,77.0,5.0,0.0
2025,POST,all,BUF,82,5.4055249964219065,37.0,1.0,3.0
2025,POST,all,CAR,43,4.997591340171763,20.0,1.0,1.0
2025,POST,all,CHI,94,19.938643110471286,38.0,5.0,0.0
2025,POST,all,DEN,75,-0.499678625638599,32.0,8.0,2.0
2025,POST,all,GB,54,11.0560752900847,23.0,1.0,2.0
2025,POST,all,HOU,71,-31.622116252847125,19.0,9.0,2.0
2025,POST,all,JAX,39,9.391573396965033,19.0,1.0,0.0
2025,POST,all,LA,129,21.008964908774498,66.0,5.0,4.0
2025,POST,all,LAC,40,1.5145394852915661,19.0,5.0,1.0
2025,POST,all,NE,173,-48.38930976355371,63.0,13.0,5.0
2025,POST,all,PHI,36,7.248219177359715,19.0,1.0,2.0
2025,POST,all,PIT,35,0.4363770208041404,16.0,3.0,1.0
2025,POST,all,SEA,129,-18.29014903501674,57.0,9.0,3.0
2025,POST,all,SF,56,2.9127094880765436,24.0,3.0,0.0
2025,POST,close,BUF,81,5.280013323317423,36.0,1.0,3.0
2025,POST,close,CAR,39,8.956860481135205,20.0,1.0,1.0
2025,POST,close,CHI,77,21.221028513570097,32.0,5.0,0.0
2025,POST,close,DEN,68,-0.17334891980933254,27.0,7.0,2.0
2025,POST,close,GB,18,10.159262570064566,9.0,0.0,1.0
2025,POST,close,HOU,51,-18.399146028745097,15.0,7.0,0.0
2025,POST,close,JAX,39,9.391573396965033,19.0,1.0,0.0
2025,POST,close,LA,120,14.21969178167593,61.0,5.0,4.0
2025,POST,close,LAC,39,3.7831576591888325,19.0,4.0,1.0
2025,POST,close,NE,114,-37.98321284370292,39.0,8.0,4.0
2025,POST,close,PHI,36,7.248219177359715,19.0,1.0,2.0
2025,POST,close,PIT,33,-3.59547072810128,14.0,3.0,1.0
2025,POST,close,SEA,49,-2.5791764162957147,21.0,4.0,0.0
2025,POST,close,SF,41,-1.2883661623736207,17.0,1.0,0.0
2025,POST,clutch,BUF,9,5.484771323914174,5.0,0.0,1.0
2025,POST,clutch,CAR,8,5.364807160687633,6.0,0.0,0.0
2025,POST,clutch,CHI,20,1.9036498382937448,7.0,0.0,0.0
2025,POST,clutch,DEN,8,-0.01650673031252392,2.0,0.0,0.0
2025,POST,clutch,GB,6,6.2658408075659535,4.0,0.0,0.0
2025,POST,clutch,JAX,5,1.5662303626304492,3.0,0.0,0.0
2025,POST,clutch,LA,18,4.077298301359406,8.0,0.0,0.0
2025,POST,clutch,NE,2,-2.67033511842601,0.0,0.0,1.0
2025,POST,clutch,PHI,3,2.1906246947473846,2.0,0.0,0.0
2025,POST,clutch,SEA,3,-2.780523680150509,1.0,0.0,0.0
2025,POST,clutch,SF,10,-1.5633087937021628,3.0,1.0,0.0
2025,POST,late,BUF,9,5.484771323914174,5.0,0.0,1.0
2025,POST,late,CAR,8,5.364807160687633,6.0,0.0,0.0
2025,POST,late,CHI,20,1.9036498382937448,7.0,0.0,0.0
2025,POST,late,DEN,8,-0.01650673031252392,2.0,0.0,0.0
2025,POST,late,GB,9,10.515514935934451,6.0,0.0,0.0
2025,POST,late,HOU,6,-7.623951208079234,1.0,0.0,1.0
2025,POST,late,JAX,5,1.5662303626304492,3.0,0.0,0.0
2025,POST,late,LA,18,4.077298301359406,8.0,0.0,0.0
2025,POST,late,NE,21,-9.69266189658083,7.0,3.0,1.0
2025,POST,late,PHI,3,2.1906246947473846,2.0,0.0,0.0
2025,POST,late,SEA,21,-6.2772476484677755,11.0,0.0,1.0
2025,POST,late,SF,10,-1.5633087937021628,3.0,1.0,0.0
2025,POST,ot,BUF,7,-1.619041503407061,2.0,0.0,0.0
2025,POST,ot,CHI,6,1.9392862676040479,3.0,0.0,0.0
2025,POST,ot,DEN,6,0.7532448949059471,2.0,0.0,1.0
2025,POST,ot,LA,6,-0.7715456295991316,4.0,0.0,1.0
2025,POST,q1,BUF,15,-6.032560733427427,7.0,0.0,1.0
2025,POST,q1,CAR,5,5.942870437516831,5.0,0.0,0.0
2025,POST,q1,CHI,15,10.534449952770956,8.0,0.0,0.0
2025,POST,q1,DEN,12,-4.526869782595895,5.0,1.0,0.0
2025,POST,q1,GB,9,1.7324425835316588,4.0,0.0,0.0
2025,POST,q1,HOU,16,-2.942152171391893,5.0,1.0,0.0
2025,POST,q1,JAX,8,0.7269698915770277,4.0,0.0,0.0
2025,POST,q1,LA,30,-1.5993397355702221,17.0,2.0,2.0
2025,POST,q1,LAC,11,-2.4246070704539306,5.0,2.0,1.0
2025,POST,q1,NE,39,-4.020425381384618,14.0,0.0,1.0
2025,POST,q1,PHI,7,3.5094069071346894,3.0,0.0,0.0
2025,POST,q1,PIT,8,-1.8002073464449495,3.0,1.0,0.0
2025,POST,q1,SEA,20,-6.704479444378729,7.0,2.0,0.0
2025,POST,q1,SF,16,1.8598595403600484,9.0,1.0,0.0
2025,POST,q2,BUF,29,8.195803951966809,14.0,1.0,0.0
2025,POST,q2,CAR,12,-1.958213795150139,4.0,0.0,0.0
2025,POST,q2,CHI,29,10.884117846862079,12.0,4.0,0.0
2025,POST,q2,DEN,21,1.5823202728865682,9.0,4.0,0.0
2025,POST,q2,GB,11,-3.9424969722749665,2.0,0.0,1.0
2025,POST,q2,HOU,23,-5.215981685278217,7.0,3.0,1.0
2025,POST,q2,JAX,10,3.654381519067101,6.0,0.0,0.0
2025,POST,q2,LA,31,16.650413909316093,17.0,1.0,0.0
2025,POST,q2,LAC,11,-0.9084146921307807,4.0,0.0,0.0
2025,POST,q2,NE,54,-22.222981024450366,21.0,5.0,3.0
2025,POST,q2,PHI,10,3.6879785528290085,5.0,1.0,0.0
2025,POST,q2,PIT,14,-0.7017175458022393,7.0,1.0,0.0
2025,POST,q2,SEA,32,2.008375898762615,13.0,2.0,0.0
2025,POST,q2,SF,13,4.307159635936841,6.0,0.0,0.0
2025,POST,q3,BUF,13,-3.1741376348835932,5.0,0.0,1.0
2025,POST,q3,CAR,11,-8.408161382235955,1.0,1.0,1.0
2025,POST,q3,CHI,15,-12.402996278833598,2.0,1.0,0.0
2025,POST,q3,DEN,18,-2.0837597998598203,10.0,2.0,1.0
2025,POST,q3,GB,10,0.9155265231470877,5.0,0.0,1.0
2025,POST,q3,HOU,14,-8.912000606302172,3.0,3.0,0.0
2025,POST,q3,JAX,9,0.02351196760973906,3.0,1.0,0.0
2025,POST,q3,LA,31,3.387005009476413,16.0,1.0,1.0
2025,POST,q3,LAC,12,1.5298369887716978,6.0,2.0,0.0
2025,POST,q3,NE,31,-2.59835887422088,12.0,4.0,0.0
2025,POST,q3,PHI,8,-4.920542330481112,3.0,0.0,1.0
2025,POST,q3,PIT,9,-0.20468118716962636,3.0,1.0,1.0
2025,POST,q3,SEA,25,-6.459112712065689,11.0,3.0,1.0
2025,POST,q3,SF,12,0.5095321751328612,5.0,1.0,0.0
2025,POST,q4,BUF,18,8.035460916173179,9.0,0.0,1.0
2025,POST,q4,CAR,15,9.421096080041025,10.0,0.0,0.0
2025,POST,q4,CHI,29,8.983785322067801,13.0,0.0,0.0
2025,POST,q4,DEN,18,3.775385789024601,6.0,1.0,0.0
2025,POST,q4,GB,24,12.350603155680918,12.0,1.0,0.0
2025,POST,q4,HOU,18,-14.551981789874844,4.0,2.0,1.0
2025,POST,q4,JAX,12,4.986710018711165,6.0,0.0,0.0
2025,POST,q4,LA,31,3.342431355151348,12.0,1.0,0.0
2025,POST,q4,LAC,6,3.3177242591045797,4.0,1.0,0.0
2025,POST,q4,NE,49,-19.547544483497852,16.0,4.0,1.0
2025,POST,q4,PHI,11,4.971376047877129,8.0,0.0,1.0
2025,POST,q4,PIT,4,3.1429831002209556,3.0,0.0,0.0
2025,POST,q4,SEA,52,-7.134932777334936,26.0,2.0,2.0
2025,POST,q4,SF,15,-3.7638418633532074,4.0,1.0,0.0
2025,REG,all,ARI,621,101.6010299728443,322.0,30.0,10.0
2025,REG,all,ATL,630,2.539590495794867,286.0,57.0,16.0
2025,REG,all,BAL,697,60.595159134297475,320.0,30.0,11.0
2025,REG,all,BUF,534,-37.387190150965566,223.0,36.0,13.0
2025,REG,all,CAR,563,66.85515426422471,268.0,30.0,15.0
2025,REG,all,CHI,597,31.306452441318065,289.0,35.0,23.0
2025,REG,all,CIN,610,109.69884597965235,306.0,35.0,13.0
2025,REG,all,CLE,564,-63.44498937517295,239.0,53.0,11.0
2025,REG,all,DAL,635,154.33831516257203,324.0,35.0,6.0
2025,REG,all,DEN,695,-56.26119470023254,257.0,68.0,10.0
2025,REG,all,DET,640,3.982423438581381,270.0,49.0,13.0
2025,REG,all,GB,613,55.78308087694545,274.0,36.0,7.0
2025,REG,all,HOU,623,-81.34329403867933,242.0,47.0,19.0
2025,REG,all,IND,694,42.073897159635834,330.0,39.0,14.0
2025,REG,all,JAX,706,-79.78063293471695,305.0,32.0,22.0
2025,REG,all,KC,583,16.73151352937174,270.0,35.0,10.0
2025,REG,all,LA,662,-36.772720445327614,292.0,47.0,16.0
2025,REG,all,LAC,588,-37.071812559573466,250.0,45.0,19.0
2025,REG,all,LV,594,58.54552788328182,284.0,37.0,8.0
2025,REG,all,MIA,593,98.1666951330935,310.0,39.0,9.0
2025,REG,all,MIN,526,-62.99379436589914,210.0,49.0,8.0
2025,REG,all,NE,590,-21.551284729493332,267.0,35.0,10.0
2025,REG,all,NO,565,-8.746660597729548,245.0,45.0,10.0
2025,REG,all,NYG,624,37.71553391319909,289.0,39.0,9.0
2025,REG,all,NYJ,579,165.98191653912687,282.0,26.0,0.0
2025,REG,all,PHI,628,-43.01677535240343,261.0,42.0,12.0
2025,REG,all,PIT,688,30.89175266512009,312.0,48.0,15.0
2025,REG,all,SEA,693,-51.77336030945477,288.0,47.0,18.0
2025,REG,all,SF,633,87.28292377650054,311.0,20.0,6.0
2025,REG,all,TB,644,51.32684734163939,318.0,37.0,13.0
2025,REG,all,TEN,598,109.02771518254258,292.0,42.0,6.0
2025,REG,all,WAS,618,138.1101763273523,308.0,42.0,8.0
2025,REG,close,ARI,371,53.103877591964576,191.0,17.0,7.0
2025,REG,close,ATL,468,3.79260709084614,208.0,46.0,9.0
2025,REG,close,BAL,423,43.47349402179123,189.0,15.0,6.0
2025,REG,close,BUF,345,-16.8217614629008,153.0,18.0,10.0
2025,REG,close,CAR,428,53.19003897969156,201.0,25.0,9.0
2025,REG,close,CHI,420,23.181721029339087,208.0,24.0,14.0
2025,REG,close,CIN,389,73.76257455576847,203.0,24.0,9.0
2025,REG,close,CLE,390,-40.73458184388225,169.0,32.0,7.0
2025,REG,close,DAL,416,147.75147242394522,221.0,20.0,4.0
2025,REG,close,DEN,544,-36.090523759017714,203.0,54.0,6.0
2025,REG,close,DET,405,16.953774443489678,174.0,32.0,7.0
2025,REG,close,GB,365,47.99787204896063,160.0,18.0,4.0
2025,REG,close,HOU,424,-46.19066660590569,162.0,31.0,8.0
2025,REG,close,IND,420,43.62846972259632,198.0,22.0,7.0
2025,REG,close,JAX,424,-18.461067075706904,202.0,19.0,15.0
2025,REG,close,KC,460,36.61444796568256,221.0,26.0,9.0
2025,REG,close,LA,363,-23.853596542151497,161.0,28.0,10.0
2025,REG,close,LAC,353,-16.81904072673506,152.0,28.0,13.0
2025,REG,close,LV,397,7.112546621228402,176.0,25.0,6.0
2025,REG,close,MIA,317,87.53033818971275,181.0,20.0,2.0
2025,REG,close,MIN,351,-28.421719434162394,137.0,32.0,4.0
2025,REG,close,NE,357,3.50363338172982,167.0,21.0,6.0
2025,REG,close,NO,434,30.9637260352609,194.0,34.0,5.0
2025,REG,close,NYG,389,19.940639579145788,179.0,24.0,6.0
2025,REG,close,NYJ,392,102.38740731458482,190.0,18.0,0.0
2025,REG,close,PHI,431,-44.75717646421314,178.0,26.0,9.0
2025,REG,close,PIT,450,-2.502941779471781,194.0,31.0,12.0
2025,REG,close,SEA,371,-24.59651421296499,156.0,18.0,10.0
2025,REG,close,SF,390,45.59840999926203,188.0,13.0,1.0
2025,REG,close,TB,455,39.777021827503816,224.0,26.0,11.0
2025,REG,close,TEN,387,80.2243728005728,195.0,25.0,5.0
2025,REG,close,WAS,402,113.69939382127113,209.0,27.0,4.0
2025,REG,clutch,ARI,45,3.9486500900238752,22.0,1.0,0.0
2025,REG,clutch,ATL,57,5.884461987493647,29.0,5.0,2.0
2025,REG,clutch,BAL,42,8.035809691413538,18.0,0.0,0.0
2025,REG,clutch,BUF,28,-12.01575638855836,9.0,3.0,2.0
2025,REG,clutch,CAR,40,5.759459789040436,22.0,4.0,2.0
2025,REG,clutch,CHI,56,19.859889130850323,32.0,3.0,2.0
2025,REG,clutch,CIN,44,13.416781639318813,21.0,6.0,1.0
2025,REG,clutch,CLE,40,-7.1948638970060275,19.0,1.0,1.0
2025,REG,clutch,DAL,42,19.401522627999036,22.0,1.0,1.0
2025,REG,clutch,DEN,81,-11.867882615878582,22.0,10.0,0.0
2025,REG,clutch,DET,17,-7.215142184254939,4.0,2.0,0.0
2025,REG,clutch,GB,47,9.491263891412146,22.0,2.0,2.0
2025,REG,clutch,HOU,59,-14.276455092146902,25.0,6.0,2.0
2025,REG,clutch,IND,38,18.352399988475042,21.0,2.0,0.0
2025,REG,clutch,JAX,72,1.9094330932050187,34.0,5.0,2.0
2025,REG,clutch,KC,32,6.625182187694488,17.0,3.0,0.0
2025,REG,clutch,LA,46,-2.0897466560032028,20.0,3.0,1.0
2025,REG,clutch,LAC,33,5.6893560860233645,17.0,2.0,3.0
2025,REG,clutch,LV,25,7.434678926377938,11.0,3.0,0.0
2025,REG,clutch,MIA,28,12.214631812814034,16.0,0.0,0.0
2025,REG,clutch,MIN,14,-6.078767345945314,3.0,1.0,0.0
2025,REG,clutch,NE,52,-8.307679323466584,18.0,3.0,1.0
2025,REG,clutch,NO,38,-14.051819861429976,9.0,3.0,0.0
2025,REG,clutch,NYG,46,15.81614560386954,25.0,3.0,0.0
2025,REG,clutch,NYJ,23,-2.017845881060279,7.0,1.0,0.0
2025,REG,clutch,PHI,61,0.9683854298069954,24.0,3.0,0.0
2025,REG,clutch,PIT,55,6.314582249935484,25.0,4.0,0.0
2025,REG,clutch,SEA,41,16.073111511271467,18.0,2.0,1.0
2025,REG,clutch,SF,47,-6.781627595728882,20.0,3.0,0.0
2025,REG,clutch,TB,41,8.320415712070966,20.0,1.0,1.0
2025,REG,clutch,TEN,24,9.758085368419533,14.0,1.0,0.0
2025,REG,clutch,WAS,28,-7.0435250151203945,7.0,3.0,0.0
2025,REG,late,ARI,74,12.511408214937664,37.0,4.0,2.0
2025,REG,late,ATL,98,-3.3968241586008023,49.0,6.0,5.0
2025,REG,late,BAL,79,12.98458566804789,32.0,3.0,1.0
2025,REG,late,BUF,49,-11.795429248900904,15.0,7.0,2.0
2025,REG,late,CAR,43,3.657678487025139,23.0,4.0,2.0
2025,REG,late,CHI,99,12.547709852049826,52.0,5.0,6.0
2025,REG,late,CIN,64,12.7157237312518,27.0,8.0,1.0
2025,REG,late,CLE,63,-8.529184151958983,30.0,5.0,1.0
2025,REG,late,DAL,72,27.329677475423743,41.0,2.0,1.0
2025,REG,late,DEN,111,-8.651460013334159,33.0,11.0,1.0
2025,REG,late,DET,59,-7.15424651781419,20.0,7.0,1.0
2025,REG,late,GB,110,17.438793085506234,48.0,5.0,3.0
2025,REG,late,HOU,87,-20.527724741628305,35.0,9.0,3.0
2025,REG,late,IND,66,4.787264961425933,31.0,5.0,1.0
2025,REG,late,JAX,127,-1.2331164247465096,55.0,7.0,4.0
2025,REG,late,KC,57,-2.571685133981621,25.0,3.0,1.0
2025,REG,late,LA,102,-5.371663509146885,44.0,7.0,1.0
2025,REG,late,LAC,76,5.252461204521257,33.0,6.0,3.0
2025,REG,late,LV,60,9.028138205802849,29.0,8.0,0.0
2025,REG,late,MIA,66,16.552283650518504,35.0,6.0,1.0
2025,REG,late,MIN,41,1.690970306801158,16.0,2.0,0.0
2025,REG,late,NE,102,-6.833503331394023,40.0,6.0,2.0
2025,REG,late,NO,60,-19.30684774287306,15.0,6.0,0.0
2025,REG,late,NYG,64,19.04250264327152,34.0,5.0,0.0
2025,REG,late,NYJ,35,7.219980324136727,12.0,1.0,0.0
2025,REG,late,PHI,87,0.09357537840999886,33.0,7.0,0.0
2025,REG,late,PIT,113,8.02021532429632,54.0,6.0,1.0
2025,REG,late,SEA,83,12.651712176447521,31.0,7.0,2.0
2025,REG,late,SF,96,-13.666441633934307,39.0,5.0,1.0
2025,REG,late,TB,77,11.923590628044762,37.0,3.0,1.0
2025,REG,late,TEN,34,9.077589447917191,18.0,3.0,0.0
2025,REG,late,WAS,53,-1.8250761373028048,17.0,5.0,0.0
2025,REG,ot,ARI,2,0.24978011845421166,1.0,0.0,0.0
2025,REG,ot,ATL,2,5.789561296871398,2.0,0.0,0.0
2025,REG,ot,CAR,2,-1.7532043915707618,0.0,0.0,0.0
2025,REG,ot,CHI,3,1.843566985335201,2.0,1.0,0.0
2025,REG,ot,DAL,15,-4.186007013499333,6.0,1.0,1.0
2025,REG,ot,DEN,9,4.315040259462083,3.0,0.0,0.0
2025,REG,ot,DET,8,0.3573325327015482,3.0,1.0,0.0
2025,REG,ot,GB,8,5.956753155946,3.0,1.0,0.0
2025,REG,ot,IND,6,1.141096848063171,2.0,1.0,0.0
2025,REG,ot,JAX,16,1.5052693767794407,6.0,2.0,0.0
2025,REG,ot,KC,1,-0.09696137183345854,0.0,0.0,0.0
2025,REG,ot,LA,14,5.083108205488061,10.0,1.0,0.0
2025,REG,ot,LAC,7,-2.105341765214689,3.0,0.0,1.0
2025,REG,ot,LV,1,1.5381803933996707,1.0,0.0,0.0
2025,REG,ot,MIA,1,-5.013924074824899,0.0,0.0,1.0
2025,REG,ot,NYG,7,-1.1105603745506718,4.0,1.0,0.0
2025,REG,ot,PHI,2,-1.7856994169368376,0.0,0.0,0.0
2025,REG,ot,SEA,6,5.996492032310925,4.0,0.0,0.0
2025,REG,ot,SF,5,1.8356098491349258,2.0,0.0,0.0
2025,REG,ot,WAS,4,4.398663578904234,4.0,0.0,0.0
2025,REG,q1,ARI,129,12.863312896748536,58.0,8.0,2.0
2025,REG,q1,ATL,131,3.47117208771925,52.0,11.0,0.0
2025,REG,q1,BAL,117,10.287854212244024,54.0,5.0,1.0
2025,REG,q1,BUF,107,-8.758324054928805,49.0,4.0,2.0
2025,REG,q1,CAR,133,0.8901844189024701,58.0,5.0,3.0
2025,REG,q1,CHI,119,-20.591433141533518,56.0,9.0,5.0
2025,REG,q1,CIN,115,8.346387046214659,61.0,8.0,2.0
2025,REG,q1,CLE,119,11.116758115953445,60.0,6.0,2.0
2025,REG,q1,DAL,150,45.54409338091871,77.0,8.0,3.0
2025,REG,q1,DEN,158,-3.9110455630176153,63.0,11.0,1.0
2025,REG,q1,DET,130,10.583935342813252,57.0,6.0,2.0
2025,REG,q1,GB,93,-0.21455852519456764,40.0,4.0,0.0
2025,REG,q1,HOU,122,6.411768836021855,54.0,4.0,1.0
2025,REG,q1,IND,116,-12.343831917925868,56.0,7.0,3.0
2025,REG,q1,JAX,141,4.714176733151442,67.0,4.0,2.0
2025,REG,q1,KC,134,-9.76535872259396,64.0,10.0,5.0
2025,REG,q1,LA,130,-18.50384461998171,60.0,10.0,4.0
2025,REG,q1,LAC,124,-17.17739329385914,47.0,9.0,2.0
2025,REG,q1,LV,139,0.13564585917475291,59.0,9.0,2.0
2025,REG,q1,MIA,114,24.385081056268987,68.0,8.0,1.0
2025,REG,q1,MIN,129,-14.128744445643822,54.0,10.0,1.0
2025,REG,q1,NE,122,13.25883819690406,61.0,6.0,2.0
2025,REG,q1,NO,131,27.24044942203481,71.0,12.0,2.0
2025,REG,q1,NYG,141,-17.25109436896826,59.0,7.0,3.0
2025,REG,q1,NYJ,144,66.55034577811182,84.0,2.0,0.0
2025,REG,q1,PHI,132,-3.773416641351674,55.0,10.0,2.0
2025,REG,q1,PIT,124,11.4143884246423,55.0,8.0,3.0
2025,REG,q1,SEA,141,-2.94854400828341,63.0,7.0,1.0
2025,REG,q1,SF,144,9.87322650884088,68.0,3.0,1.0
2025,REG,q1,TB,128,15.649714701630925,63.0,9.0,3.0
2025,REG,q1,TEN,143,29.74869265644785,70.0,12.0,2.0
2025,REG,q1,WAS,141,48.077151620709884,79.0,6.0,1.0
2025,REG,q2,ARI,169,27.835654407278124,88.0,10.0,1.0
2025,REG,q2,ATL,172,-9.190135889425948,79.0,19.0,7.0
2025,REG,q2,BAL,221,23.84335311014949,97.0,10.0,2.0
2025,REG,q2,BUF,175,9.06214680890199,76.0,9.0,2.0
2025,REG,q2,CAR,160,40.57992950091996,77.0,10.0,3.0
2025,REG,q2,CHI,173,29.027752660704245,82.0,8.0,4.0
2025,REG,q2,CIN,195,34.737771676687046,96.0,7.0,6.0
2025,REG,q2,CLE,169,-36.22218281786545,61.0,16.0,3.0
2025,REG,q2,DAL,179,54.11267361923577,94.0,10.0,1.0
2025,REG,q2,DEN,183,7.059815370886853,75.0,23.0,3.0
2025,REG,q2,DET,177,-15.27356716642743,77.0,15.0,6.0
2025,REG,q2,GB,165,23.647724946598963,73.0,6.0,3.0
2025,REG,q2,HOU,155,-24.409407410394664,52.0,12.0,6.0
2025,REG,q2,IND,217,10.072059090872372,99.0,14.0,6.0
2025,REG,q2,JAX,188,-15.38912054985488,78.0,8.0,5.0
2025,REG,q2,KC,166,10.818945536429595,70.0,8.0,3.0
2025,REG,q2,LA,160,15.647014646109652,68.0,11.0,2.0
2025,REG,q2,LAC,179,-4.597888721382374,70.0,15.0,8.0
2025,REG,q2,LV,195,14.682545769547707,91.0,8.0,4.0
2025,REG,q2,MIA,165,-2.1026187042817854,76.0,13.0,4.0
2025,REG,q2,MIN,158,-17.89188669576157,55.0,14.0,1.0
2025,REG,q2,NE,121,-8.204222029947676,55.0,9.0,1.0
2025,REG,q2,NO,165,1.986292618717036,72.0,11.0,3.0
2025,REG,q2,NYG,197,25.88733490386956,95.0,18.0,0.0
2025,REG,q2,NYJ,195,65.66197362553166,99.0,10.0,0.0
2025,REG,q2,PHI,161,-18.39961181148326,66.0,10.0,5.0
2025,REG,q2,PIT,195,-16.388570539942464,84.0,13.0,6.0
2025,REG,q2,SEA,192,-37.379043967824266,75.0,15.0,3.0
2025,REG,q2,SF,167,47.30130787058176,84.0,9.0,2.0
2025,REG,q2,TB,194,8.129494562011491,95.0,12.0,6.0
2025,REG,q2,TEN,176,18.133883115175554,79.0,12.0,1.0
2025,REG,q2,WAS,177,34.891945739489984,84.0,14.0,3.0
2025,REG,q3,ARI,146,23.634117147014184,80.0,6.0,3.0
2025,REG,q3,ATL,146,14.554465526536614,70.0,14.0,2.0
2025,REG,q3,BAL,151,17.799973144271227,74.0,6.0,3.0
2025,REG,q3,BUF,96,-28.985451380369955,33.0,8.0,4.0
2025,REG,q3,CAR,118,13.685455903405508,60.0,6.0,6.0
2025,REG,q3,CHI,106,-1.143342693601968,50.0,6.0,6.0
2025,REG,q3,CIN,132,30.230995782953077,68.0,10.0,3.0
2025,REG,q3,CLE,128,-22.749987654819385,54.0,14.0,3.0
2025,REG,q3,DAL,132,6.675858947991971,60.0,7.0,1.0
2025,REG,q3,DEN,143,-11.609866585371229,56.0,12.0,3.0
2025,REG,q3,DET,157,-4.426999297175794,65.0,10.0,3.0
2025,REG,q3,GB,129,10.379539666338141,60.0,12.0,0.0
2025,REG,q3,HOU,149,17.53171469574775,66.0,12.0,2.0
2025,REG,q3,IND,157,20.069280192476032,81.0,4.0,2.0
2025,REG,q3,JAX,123,-38.667428596566175,51.0,7.0,4.0
2025,REG,q3,KC,120,26.121463189212612,63.0,8.0,0.0
2025,REG,q3,LA,140,-23.038332932033256,61.0,8.0,5.0
2025,REG,q3,LAC,113,5.905167288340244,56.0,10.0,1.0
2025,REG,q3,LV,115,21.5113016501646,58.0,9.0,1.0
2025,REG,q3,MIA,145,66.35719618516445,87.0,8.0,1.0
2025,REG,q3,MIN,123,-12.788857707727042,56.0,10.0,6.0
2025,REG,q3,NE,137,-22.718620730873656,59.0,8.0,5.0
2025,REG,q3,NO,106,10.533303500734895,56.0,8.0,1.0
2025,REG,q3,NYG,126,-2.795317592574598,54.0,4.0,3.0
2025,REG,q3,NYJ,127,31.05927624905241,59.0,5.0,0.0
2025,REG,q3,PHI,150,-17.259642225253952,65.0,11.0,3.0
2025,REG,q3,PIT,128,-6.201107329472398,55.0,12.0,4.0
2025,REG,q3,SEA,155,-12.818990276955745,69.0,13.0,6.0
2025,REG,q3,SF,130,30.857646947121268,69.0,1.0,1.0
2025,REG,q3,TB,122,-0.09572787435442831,60.0,6.0,1.0
2025,REG,q3,TEN,158,60.46768130707533,88.0,5.0,2.0
2025,REG,q3,WAS,152,36.10390780996991,80.0,12.0,2.0
2025,REG,q4,ARI,175,37.01816540334926,95.0,6.0,4.0
2025,REG,q4,ATL,179,-12.085472525906447,83.0,13.0,7.0
2025,REG,q4,BAL,208,8.663978667632733,95.0,9.0,5.0
2025,REG,q4,BUF,156,-8.705561524568799,65.0,15.0,5.0
2025,REG,q4,CAR,150,13.45278883256754,73.0,9.0,3.0
2025,REG,q4,CHI,196,22.169908630414103,99.0,11.0,8.0
2025,REG,q4,CIN,168,36.38369147379756,81.0,10.0,2.0
2025,REG,q4,CLE,148,-15.58957701844156,64.0,17.0,3.0
2025,REG,q4,DAL,159,52.19169622792491,87.0,9.0,0.0
2025,REG,q4,DEN,202,-52.115138182192624,60.0,22.0,3.0
2025,REG,q4,DET,168,12.741722026669802,68.0,17.0,2.0
2025,REG,q4,GB,218,16.01362163325691,98.0,13.0,4.0
2025,REG,q4,HOU,197,-80.87737016005427,70.0,19.0,10.0
2025,REG,q4,IND,198,23.13529294615013,92.0,13.0,3.0
2025,REG,q4,JAX,238,-31.943529898226775,103.0,11.0,11.0
2025,REG,q4,KC,162,-10.346575101843051,73.0,9.0,2.0
2025,REG,q4,LA,218,-15.96066574491036,93.0,17.0,5.0
2025,REG,q4,LAC,165,-19.096356067457506,74.0,11.0,7.0
2025,REG,q4,LV,144,20.677854210995086,75.0,11.0,1.0
2025,REG,q4,MIA,168,14.540960670766747,79.0,10.0,2.0
2025,REG,q4,MIN,116,-18.184305516766706,45.0,15.0,0.0
2025,REG,q4,NE,210,-3.8872801655760627,92.0,12.0,2.0
2025,REG,q4,NO,163,-48.50670613921629,46.0,14.0,4.0
2025,REG,q4,NYG,153,32.985171345423055,77.0,9.0,3.0
2025,REG,q4,NYJ,113,2.710320886430972,40.0,9.0,0.0
2025,REG,q4,PHI,183,-1.7984052573777043,75.0,11.0,2.0
2025,REG,q4,PIT,241,42.067042109892654,118.0,15.0,2.0
2025,REG,q4,SEA,199,-4.623274088702277,77.0,12.0,8.0
2025,REG,q4,SF,187,-2.584867399178296,88.0,7.0,2.0
2025,REG,q4,TB,200,27.643365952351406,100.0,10.0,3.0
2025,REG,q4,TEN,121,0.6774581038438372,55.0,13.0,1.0
2025,REG,q4,WAS,144,14.638507578278283,61.0,10.0,2.0
