season,season_type,team,player_id,qb,rank,qbr,plays,pts_added,epa_total,week_num
2021,Playoffs,BUF,3918298,Josh Allen,1.0,98.8,31,9.5,9.2,1
2021,Playoffs,LA,12483,Matthew Stafford,2.0,85.9,29,3.7,4.4,1
2021,Playoffs,SF,16760,Jimmy Garoppolo,3.0,73.6,35,1.3,4.4,1
2021,Playoffs,CIN,3915511,Joe Burrow,4.0,68.2,37,3.1,6.5,1
2021,Playoffs,TB,2330,Tom Brady,5.0,58.5,42,1.7,4.2,1
2021,Playoffs,LV,16757,Derek Carr,6.0,46.4,62,-1.5,4.3,1
2021,Playoffs,DAL,2577417,Dak Prescott,7.0,32.4,56,-2.7,2.6,1
2021,Playoffs,PHI,4040715,Jalen Hurts,8.0,24.0,55,-4.7,0.4,1
2021,Playoffs,PIT,5536,Ben Roethlisberger,9.0,15.7,49,-5.2,-0.2,1
2021,Playoffs,BUF,3918298,Josh Allen,1.0,92.1,52,9.7,14.6,2
2021,Playoffs,LA,12483,Matthew Stafford,2.0,72.8,44,3.0,6.1,2
2021,Playoffs,CIN,3915511,Joe Burrow,3.0,33.4,50,-4.1,0.8,2
2021,Playoffs,GB,8439,Aaron Rodgers,4.0,22.6,36,-3.0,0.5,2
2021,Playoffs,TB,2330,Tom Brady,5.0,16.4,58,-7.7,-1.7,2
2021,Playoffs,SF,16760,Jimmy Garoppolo,6.0,14.7,24,-3.1,-0.8,2
2021,Playoffs,TEN,14876,Ryan Tannehill,7.0,12.8,29,-3.8,-0.9,2
2021,Playoffs,SF,16760,Jimmy Garoppolo,1.0,75.5,33,1.4,4.6,3
2021,Playoffs,LA,12483,Matthew Stafford,2.0,67.4,50,2.8,7.6,3
2021,Playoffs,CIN,3915511,Joe Burrow,3.0,60.8,49,2.1,6.7,3
2021,Playoffs,LA,12483,Matthew Stafford,1.0,66.4,48,2.2,6.8,5
2021,Playoffs,CIN,3915511,Joe Burrow,2.0,45.7,41,-1.7,2.3,5
2021,Regular,DEN,16728,Teddy Bridgewater,1.0,96.3,41,9.3,13.1,1
2021,Regular,NO,2969939,Jameis Winston,2.0,93.5,27,5.4,7.0,1
2021,Regular,KC,3139477,Patrick Mahomes,3.0,92.9,47,8.1,12.5,1
2021,Regular,LA,12483,Matthew Stafford,4.0,92.5,30,5.3,7.1,1
2021,Regular,ARI,3917315,Kyler Murray,5.0,88.3,43,4.7,7.4,1
2021,Regular,SEA,14881,Russell Wilson,6.0,86.7,32,3.9,6.3,1
2021,Regular,NE,4241464,Mac Jones,7.0,82.0,41,4.1,8.1,1
2021,Regular,TB,2330,Tom Brady,8.0,78.4,52,4.0,9.0,1
2021,Regular,DAL,2577417,Dak Prescott,9.0,76.0,71,5.5,12.3,1
2021,Regular,SF,16760,Jimmy Garoppolo,10.0,75.6,28,2.7,3.5,1
2021,Regular,HOU,14163,Tyrod Taylor,11.0,73.6,39,4.6,6.7,1
2021,Regular,PHI,4040715,Jalen Hurts,12.0,70.1,47,3.7,7.5,1
2021,Regular,CIN,3915511,Joe Burrow,13.0,69.7,33,1.7,4.9,1
2021,Regular,CLE,3052587,Baker Mayfield,14.0,66.6,32,2.0,5.0,1
2021,Regular,BAL,3916387,Lamar Jackson,15.0,57.4,44,1.5,5.7,1
2021,Regular,MIN,14880,Kirk Cousins,16.0,56.9,63,0.4,6.4,1
2021,Regular,LV,16757,Derek Carr,17.0,56.6,67,2.8,9.1,1
2021,Regular,NYG,3917792,Daniel Jones,18.0,54.2,45,1.1,4.0,1
2021,Regular,LAC,4038941,Justin Herbert,19.0,52.7,54,2.0,7.2,1
2021,Regular,MIA,4241479,Tua Tagovailoa,20.0,51.0,31,-0.6,2.4,1
2021,Regular,BUF,3918298,Josh Allen,21.0,47.8,69,-0.8,5.3,1
2021,Regular,CHI,14012,Andy Dalton,22.0,47.2,44,-2.0,1.9,1
2021,Regular,PIT,5536,Ben Roethlisberger,23.0,46.9,40,-2.3,1.5,1
2021,Regular,CAR,3912547,Sam Darnold,24.0,45.8,39,0.8,4.2,1
2021,Regular,NYJ,4361259,Zach Wilson,25.0,33.3,47,-2.6,1.7,1
2021,Regular,DET,3046779,Jared Goff,26.0,32.1,69,-3.3,1.9,1
2021,Regular,IND,2573079,Carson Wentz,27.0,30.6,49,-2.1,2.2,1
2021,Regular,TEN,14876,Ryan Tannehill,28.0,23.4,46,-3.9,0.4,1
2021,Regular,ATL,11237,Matt Ryan,29.0,21.7,49,-3.7,0.8,1
2021,Regular,JAX,4360310,Trevor Lawrence,30.0,20.2,56,-6.1,-0.4,1
2021,Regular,GB,8439,Aaron Rodgers,31.0,18.8,31,-4.1,-0.9,1
2021,Regular,LV,16757,Derek Carr,1.0,86.0,46,4.9,9.4,2
2021,Regular,MIN,14880,Kirk Cousins,2.0,84.2,37,3.6,7.2,2
2021,Regular,CAR,3912547,Sam Darnold,3.0,83.5,44,4.6,7.6,2
2021,Regular,GB,8439,Aaron Rodgers,4.0,78.8,36,4.7,7.2,2
2021,Regular,ARI,3917315,Kyler Murray,5.0,78.5,46,3.9,8.3,2
2021,Regular,KC,3139477,Patrick Mahomes,6.0,77.6,33,2.9,6.1,2
2021,Regular,BUF,3918298,Josh Allen,7.0,75.5,41,2.2,4.2,2
2021,Regular,LA,12483,Matthew Stafford,8.0,72.9,33,1.9,5.1,2
2021,Regular,TEN,14876,Ryan Tannehill,9.0,71.7,49,3.0,7.7,2
2021,Regular,NYG,3917792,Daniel Jones,10.0,68.2,52,4.3,9.3,2
2021,Regular,SEA,14881,Russell Wilson,11.0,66.7,40,1.4,5.3,2
2021,Regular,IND,2573079,Carson Wentz,12.0,66.1,43,1.2,5.4,2
2021,Regular,TB,2330,Tom Brady,13.0,64.7,43,3.5,7.1,2
2021,Regular,BAL,3916387,Lamar Jackson,14.0,62.3,45,3.0,7.3,2
2021,Regular,DET,3046779,Jared Goff,15.0,61.8,43,1.2,3.9,2
2021,Regular,PHI,4040715,Jalen Hurts,16.0,60.6,37,1.3,4.6,2
2021,Regular,DEN,16728,Teddy Bridgewater,17.0,58.6,42,2.1,5.6,2
2021,Regular,CLE,3052587,Baker Mayfield,18.0,57.0,30,0.8,3.6,2
2021,Regular,SF,16760,Jimmy Garoppolo,19.0,56.8,40,0.6,4.4,2
2021,Regular,WAS,2565969,Taylor Heinicke,20.0,50.2,53,0.9,6.0,2
2021,Regular,LAC,4038941,Justin Herbert,21.0,49.2,53,-0.9,4.2,2
2021,Regular,MIA,2578570,Jacoby Brissett,22.0,45.2,51,-2.2,2.0,2
2021,Regular,ATL,11237,Matt Ryan,23.0,44.3,54,-1.1,3.7,2
2021,Regular,DAL,2577417,Dak Prescott,24.0,36.6,32,-0.9,2.2,2
2021,Regular,JAX,4360310,Trevor Lawrence,25.0,27.4,45,-2.6,1.7,2
2021,Regular,PIT,5536,Ben Roethlisberger,26.0,27.0,43,-1.8,2.3,2
2021,Regular,NE,4241464,Mac Jones,27.0,24.4,35,-2.3,0.9,2
2021,Regular,HOU,4242546,Davis Mills,28.0,23.5,23,-2.6,-0.3,2
2021,Regular,NO,2969939,Jameis Winston,29.0,19.0,30,-3.3,-0.3,2
2021,Regular,CIN,3915511,Joe Burrow,30.0,18.1,36,-4.6,-1.0,2
2021,Regular,NYJ,4361259,Zach Wilson,31.0,10.1,41,-6.5,-1.5,2
2021,Regular,CHI,4362887,Justin Fields,32.0,5.5,25,-4.9,-2.2,2
2021,Regular,MIN,14880,Kirk Cousins,1.0,95.6,41,9.6,13.0,3
2021,Regular,LA,12483,Matthew Stafford,2.0,93.6,41,8.4,11.4,3
2021,Regular,TEN,14876,Ryan Tannehill,3.0,90.4,33,5.5,8.4,3
2021,Regular,BUF,3918298,Josh Allen,4.0,85.5,51,8.9,12.0,3
2021,Regular,LAC,4038941,Justin Herbert,5.0,81.9,47,5.6,10.0,3
2021,Regular,GB,8439,Aaron Rodgers,6.0,80.1,36,3.0,6.3,3
2021,Regular,CIN,3915511,Joe Burrow,7.0,77.5,23,1.4,3.4,3
2021,Regular,NO,2969939,Jameis Winston,8.0,71.7,27,1.1,3.5,3
2021,Regular,TB,2330,Tom Brady,9.0,71.5,64,1.7,6.0,3
2021,Regular,LV,16757,Derek Carr,10.0,71.3,47,2.7,7.1,3
2021,Regular,CAR,3912547,Sam Darnold,11.0,67.0,44,1.7,5.7,3
2021,Regular,ARI,3917315,Kyler Murray,12.0,66.7,42,3.1,6.9,3
2021,Regular,ATL,11237,Matt Ryan,13.0,66.1,42,1.8,5.9,3
2021,Regular,MIA,2578570,Jacoby Brissett,14.0,63.0,62,3.0,8.6,3
2021,Regular,KC,3139477,Patrick Mahomes,15.0,61.4,53,3.4,8.0,3
2021,Regular,WAS,2565969,Taylor Heinicke,16.0,56.6,32,-1.0,1.4,3
2021,Regular,NYG,3917792,Daniel Jones,17.0,56.0,47,2.8,7.3,3
2021,Regular,SEA,14881,Russell Wilson,18.0,55.9,37,-0.3,2.8,3
2021,Regular,NE,4241464,Mac Jones,19.5,55.0,61,0.3,4.6,3
2021,Regular,DEN,16728,Teddy Bridgewater,19.5,55.0,34,1.6,3.9,3
2021,Regular,SF,16760,Jimmy Garoppolo,21.0,54.6,47,1.3,5.7,3
2021,Regular,IND,2573079,Carson Wentz,22.0,54.2,41,-0.8,2.9,3
2021,Regular,HOU,4242546,Davis Mills,23.0,53.3,36,0.9,4.0,3
2021,Regular,BAL,3916387,Lamar Jackson,24.0,49.2,41,0.6,4.4,3
2021,Regular,DET,3046779,Jared Goff,25.0,46.8,37,0.4,4.0,3
2021,Regular,CLE,3052587,Baker Mayfield,26.0,44.4,40,-0.7,3.1,3
2021,Regular,PIT,5536,Ben Roethlisberger,27.0,38.8,69,-1.8,3.9,3
2021,Regular,DAL,2577417,Dak Prescott,28.0,35.6,41,-1.0,2.6,3
2021,Regular,JAX,4360310,Trevor Lawrence,29.0,20.2,43,-4.2,0.0,3
2021,Regular,NYJ,4361259,Zach Wilson,30.0,15.3,41,-5.3,-0.9,3
2021,Regular,PHI,4040715,Jalen Hurts,31.0,12.5,54,-9.3,-2.7,3
2021,Regular,CHI,4362887,Justin Fields,32.0,11.7,36,-6.2,-2.3,3
2021,Regular,KC,3139477,Patrick Mahomes,1.0,92.4,39,6.7,10.2,4
2021,Regular,IND,2573079,Carson Wentz,2.0,90.5,38,5.1,8.1,4
2021,Regular,WAS,2565969,Taylor Heinicke,3.0,88.7,41,6.7,10.7,4
2021,Regular,DAL,2577417,Dak Prescott,4.0,88.2,29,4.8,7.0,4
2021,Regular,ARI,3917315,Kyler Murray,5.0,87.7,44,4.4,8.1,4
2021,Regular,JAX,4360310,Trevor Lawrence,6.0,84.7,34,3.7,6.8,4
2021,Regular,NO,2969939,Jameis Winston,7.0,83.9,26,3.4,5.9,4
2021,Regular,CHI,4362887,Justin Fields,8.5,77.2,21,2.6,4.0,4
2021,Regular,NYG,3917792,Daniel Jones,8.5,77.2,46,2.6,7.0,4
2021,Regular,LAC,4038941,Justin Herbert,10.0,76.1,45,5.0,8.7,4
2021,Regular,CIN,3915511,Joe Burrow,11.0,73.9,38,4.7,8.3,4
2021,Regular,SEA,14881,Russell Wilson,12.0,71.4,32,1.6,4.4,4
2021,Regular,BAL,3916387,Lamar Jackson,13.0,70.8,49,2.7,6.5,4
2021,Regular,ATL,11237,Matt Ryan,14.0,70.4,49,5.4,9.9,4
2021,Regular,GB,8439,Aaron Rodgers,15.0,61.6,40,1.1,4.4,4
2021,Regular,TB,2330,Tom Brady,16.0,60.9,48,0.4,5.0,4
2021,Regular,MIA,2578570,Jacoby Brissett,17.0,60.3,38,1.5,4.4,4
2021,Regular,CAR,3912547,Sam Darnold,18.0,59.5,52,-0.4,3.7,4
2021,Regular,NE,4241464,Mac Jones,19.0,59.3,48,2.0,6.6,4
2021,Regular,BUF,3918298,Josh Allen,20.0,58.4,37,1.3,3.7,4
2021,Regular,NYJ,4361259,Zach Wilson,21.0,56.8,38,0.2,3.9,4
2021,Regular,LV,16757,Derek Carr,22.0,53.1,45,0.9,4.1,4
2021,Regular,LA,12483,Matthew Stafford,23.0,51.0,50,0.1,3.8,4
2021,Regular,PIT,5536,Ben Roethlisberger,24.0,48.3,44,-0.5,2.9,4
2021,Regular,SF,4383351,Trey Lance,25.0,46.6,28,0.2,1.5,4
2021,Regular,PHI,4040715,Jalen Hurts,26.0,45.1,61,1.1,6.0,4
2021,Regular,TEN,14876,Ryan Tannehill,27.0,34.4,66,-2.1,4.2,4
2021,Regular,DET,3046779,Jared Goff,28.0,34.0,48,-3.2,1.2,4
2021,Regular,SF,16760,Jimmy Garoppolo,29.0,33.2,24,-0.8,1.5,4
2021,Regular,CLE,3052587,Baker Mayfield,30.0,20.3,43,-5.3,-1.1,4
2021,Regular,MIN,14880,Kirk Cousins,31.0,13.8,44,-6.2,-1.8,4
2021,Regular,DEN,16728,Teddy Bridgewater,32.0,9.0,20,-2.9,-0.9,4
2021,Regular,DEN,3924327,Drew Lock,33.0,6.1,25,-4.3,-1.4,4
2021,Regular,HOU,4242546,Davis Mills,34.0,0.8,28,-10.9,-4.9,4
2021,Regular,BUF,3918298,Josh Allen,1.0,94.3,34,7.2,9.5,5
2021,Regular,LAC,4038941,Justin Herbert,2.0,91.9,53,8.5,13.5,5
2021,Regular,TB,2330,Tom Brady,3.0,90.9,47,7.3,10.5,5
2021,Regular,HOU,4242546,Davis Mills,4.0,86.6,37,4.7,8.0,5
2021,Regular,ATL,11237,Matt Ryan,5.0,86.1,49,7.4,11.5,5
2021,Regular,BAL,3916387,Lamar Jackson,6.0,83.9,63,7.9,13.1,5
2021,Regular,TEN,14876,Ryan Tannehill,7.0,78.3,30,3.5,5.9,5
2021,Regular,PIT,5536,Ben Roethlisberger,8.0,74.6,29,2.6,5.1,5
2021,Regular,GB,8439,Aaron Rodgers,9.0,74.5,42,2.6,6.7,5
2021,Regular,LA,12483,Matthew Stafford,10.0,72.4,39,2.5,6.3,5
2021,Regular,MIA,2578570,Jacoby Brissett,11.0,71.7,45,2.8,6.1,5
2021,Regular,NE,4241464,Mac Jones,12.0,70.3,31,1.5,4.5,5
2021,Regular,SEA,14881,Russell Wilson,13.0,66.1,23,0.7,2.9,5
2021,Regular,SEA,15864,Geno Smith,14.0,66.0,23,0.7,2.4,5
2021,Regular,IND,2573079,Carson Wentz,15.0,64.3,44,1.9,5.8,5
2021,Regular,CIN,3915511,Joe Burrow,16.0,59.4,45,1.8,6.2,5
2021,Regular,DAL,2577417,Dak Prescott,17.0,58.3,38,1.5,4.8,5
2021,Regular,NO,2969939,Jameis Winston,18.0,57.0,38,1.9,5.4,5
2021,Regular,DEN,16728,Teddy Bridgewater,19.0,51.9,47,-0.9,3.2,5
2021,Regular,CLE,3052587,Baker Mayfield,20.0,50.2,37,0.4,3.9,5
2021,Regular,KC,3139477,Patrick Mahomes,21.0,49.0,72,-2.4,3.8,5
2021,Regular,JAX,4360310,Trevor Lawrence,22.0,43.6,48,-1.5,2.4,5
2021,Regular,NYG,15837,Mike Glennon,23.0,35.6,30,-2.2,0.4,5
2021,Regular,ARI,3917315,Kyler Murray,24.0,35.2,38,-1.4,2.2,5
2021,Regular,SF,4383351,Trey Lance,25.0,30.8,51,-3.9,1.0,5
2021,Regular,WAS,2565969,Taylor Heinicke,26.0,28.9,53,-3.9,1.2,5
2021,Regular,MIN,14880,Kirk Cousins,27.0,28.6,37,-1.0,2.5,5
2021,Regular,PHI,4040715,Jalen Hurts,28.0,28.5,51,-3.6,1.3,5
2021,Regular,CHI,4362887,Justin Fields,29.0,27.1,28,-1.7,1.0,5
2021,Regular,DET,3046779,Jared Goff,30.0,25.3,42,-4.3,-0.2,5
2021,Regular,LV,16757,Derek Carr,31.0,24.7,48,-3.8,0.7,5
2021,Regular,NYJ,4361259,Zach Wilson,32.0,21.7,38,-2.4,1.0,5
2021,Regular,CAR,3912547,Sam Darnold,33.0,17.9,45,-4.2,0.2,5
2021,Regular,LV,16757,Derek Carr,1.0,85.9,31,3.9,6.4,6
2021,Regular,LA,12483,Matthew Stafford,2.0,83.2,34,3.7,5.3,6
2021,Regular,GB,8439,Aaron Rodgers,3.0,79.4,31,2.3,5.3,6
2021,Regular,ARI,3917315,Kyler Murray,4.0,77.1,40,2.5,5.5,6
2021,Regular,JAX,4360310,Trevor Lawrence,5.0,74.0,50,2.9,7.7,6
2021,Regular,BUF,3918298,Josh Allen,6.0,73.9,63,2.6,8.7,6
2021,Regular,TEN,14876,Ryan Tannehill,7.0,72.8,34,1.3,4.6,6
2021,Regular,MIA,4241479,Tua Tagovailoa,8.5,70.5,52,5.1,10.0,6
2021,Regular,TB,2330,Tom Brady,8.5,70.5,45,2.6,6.2,6
2021,Regular,IND,2573079,Carson Wentz,10.0,68.3,26,1.6,3.7,6
2021,Regular,CIN,3915511,Joe Burrow,11.0,63.1,39,2.2,5.2,6
2021,Regular,DAL,2577417,Dak Prescott,12.0,62.7,59,0.8,6.5,6
2021,Regular,MIN,14880,Kirk Cousins,13.0,61.6,53,1.4,6.5,6
2021,Regular,BAL,3916387,Lamar Jackson,14.0,59.1,38,2.1,4.5,6
2021,Regular,KC,3139477,Patrick Mahomes,15.0,57.4,56,2.8,7.7,6
2021,Regular,NE,4241464,Mac Jones,16.0,52.7,28,-0.2,2.5,6
2021,Regular,PHI,4040715,Jalen Hurts,17.0,51.9,44,0.9,4.7,6
2021,Regular,PIT,5536,Ben Roethlisberger,18.0,46.7,44,0.3,4.5,6
2021,Regular,CHI,4362887,Justin Fields,19.0,45.5,38,0.1,3.6,6
2021,Regular,CAR,3912547,Sam Darnold,20.0,36.2,54,-2.5,2.6,6
2021,Regular,WAS,2565969,Taylor Heinicke,21.0,35.4,40,-0.4,3.3,6
2021,Regular,HOU,4242546,Davis Mills,22.0,34.0,48,-2.8,1.5,6
2021,Regular,SEA,15864,Geno Smith,23.0,30.7,37,-3.1,0.5,6
2021,Regular,CLE,3052587,Baker Mayfield,24.0,29.9,37,-2.2,1.2,6
2021,Regular,DEN,16728,Teddy Bridgewater,25.0,28.4,59,-2.1,2.6,6
2021,Regular,LAC,4038941,Justin Herbert,26.0,17.7,45,-4.8,-0.3,6
2021,Regular,DET,3046779,Jared Goff,27.0,15.3,47,-5.4,-0.5,6
2021,Regular,NYG,3917792,Daniel Jones,28.0,8.9,62,-11.3,-3.3,6
2021,Regular,TB,2330,Tom Brady,1.0,92.8,38,6.8,6.0,7
2021,Regular,TEN,14876,Ryan Tannehill,2.0,91.5,33,6.6,7.1,7
2021,Regular,LA,12483,Matthew Stafford,3.0,89.2,47,8.8,13.1,7
2021,Regular,IND,2573079,Carson Wentz,4.0,86.8,37,4.6,7.9,7
2021,Regular,GB,8439,Aaron Rodgers,5.0,82.0,42,6.6,9.6,7
2021,Regular,CIN,3915511,Joe Burrow,6.0,81.1,40,4.2,7.7,7
2021,Regular,LV,16757,Derek Carr,7.0,79.7,37,4.2,6.9,7
2021,Regular,ATL,11237,Matt Ryan,8.0,69.6,42,1.4,5.4,7
2021,Regular,NE,4241464,Mac Jones,9.0,66.2,44,3.6,5.9,7
2021,Regular,MIA,4241479,Tua Tagovailoa,10.0,65.9,46,3.9,8.2,7
2021,Regular,NYJ,3051381,Mike White,11.0,57.0,36,-0.1,1.6,7
2021,Regular,PHI,4040715,Jalen Hurts,12.0,55.2,52,1.3,3.8,7
2021,Regular,NO,2969939,Jameis Winston,13.0,55.0,46,0.5,4.9,7
2021,Regular,ARI,3917315,Kyler Murray,14.0,53.7,40,0.8,4.3,7
2021,Regular,DEN,16728,Teddy Bridgewater,15.0,51.3,39,-1.0,2.7,7
2021,Regular,BAL,3916387,Lamar Jackson,16.0,49.8,51,0.3,4.7,7
2021,Regular,CLE,15168,Case Keenum,17.0,48.0,39,0.2,3.9,7
2021,Regular,DET,3046779,Jared Goff,18.0,47.7,39,-1.7,1.9,7
2021,Regular,NYG,3917792,Daniel Jones,19.0,42.3,42,-0.4,3.6,7
2021,Regular,WAS,2565969,Taylor Heinicke,20.0,35.1,50,-2.5,1.7,7
2021,Regular,SEA,15864,Geno Smith,21.0,29.7,30,-2.1,0.8,7
2021,Regular,HOU,4242546,Davis Mills,22.0,22.3,35,-3.8,-0.3,7
2021,Regular,CAR,3912547,Sam Darnold,23.0,16.3,30,-3.6,-0.7,7
2021,Regular,SF,16760,Jimmy Garoppolo,24.0,11.2,33,-4.6,-1.3,7
2021,Regular,KC,3139477,Patrick Mahomes,25.0,9.9,46,-8.7,-2.0,7
2021,Regular,CHI,4362887,Justin Fields,26.0,2.7,44,-11.5,-4.0,7
2021,Regular,PHI,4040715,Jalen Hurts,1.0,95.6,22,5.2,5.9,8
2021,Regular,SEA,15864,Geno Smith,2.0,88.9,31,6.0,6.9,8
2021,Regular,SF,16760,Jimmy Garoppolo,3.0,87.1,31,3.5,6.5,8
2021,Regular,LA,12483,Matthew Stafford,4.0,79.5,34,2.8,5.0,8
2021,Regular,NO,2511109,Trevor Siemian,5.0,75.8,34,3.3,6.5,8
2021,Regular,GB,8439,Aaron Rodgers,6.0,73.2,42,2.1,6.2,8
2021,Regular,CHI,4362887,Justin Fields,7.5,72.3,42,3.0,7.0,8
2021,Regular,MIA,4241479,Tua Tagovailoa,7.5,72.3,49,1.0,5.1,8
2021,Regular,TEN,14876,Ryan Tannehill,9.0,70.9,42,2.2,6.1,8
2021,Regular,BUF,3918298,Josh Allen,10.5,67.0,54,2.4,7.3,8
2021,Regular,TB,2330,Tom Brady,10.5,67.0,46,1.0,5.0,8
2021,Regular,CAR,3912547,Sam Darnold,12.0,64.1,34,2.0,5.3,8
2021,Regular,CLE,3052587,Baker Mayfield,13.0,62.4,39,1.2,4.9,8
2021,Regular,NYJ,3051381,Mike White,14.0,58.1,54,1.6,6.7,8
2021,Regular,PIT,5536,Ben Roethlisberger,15.0,53.9,40,-0.8,3.0,8
2021,Regular,ARI,3917315,Kyler Murray,16.0,53.6,43,1.2,5.3,8
2021,Regular,NE,4241464,Mac Jones,17.0,50.4,41,0.5,4.4,8
2021,Regular,DAL,2972515,Cooper Rush,18.0,48.0,50,-1.6,3.3,8
2021,Regular,MIN,14880,Kirk Cousins,19.0,41.3,40,-1.6,2.2,8
2021,Regular,IND,2573079,Carson Wentz,20.0,40.6,60,-2.4,3.3,8
2021,Regular,NYG,3917792,Daniel Jones,21.0,40.5,45,-0.7,3.6,8
2021,Regular,DEN,16728,Teddy Bridgewater,22.0,37.5,33,0.4,3.6,8
2021,Regular,ATL,11237,Matt Ryan,23.0,33.2,34,-1.1,2.0,8
2021,Regular,CIN,3915511,Joe Burrow,24.0,31.7,42,-1.7,2.3,8
2021,Regular,WAS,2565969,Taylor Heinicke,25.0,28.5,47,-3.4,1.1,8
2021,Regular,KC,3139477,Patrick Mahomes,26.0,24.5,55,-3.5,1.8,8
2021,Regular,LAC,4038941,Justin Herbert,27.0,19.6,40,-4.1,-0.2,8
2021,Regular,DET,3046779,Jared Goff,28.0,18.1,43,-3.9,0.2,8
2021,Regular,HOU,4242546,Davis Mills,29.0,15.7,45,-6.2,-0.9,8
2021,Regular,JAX,4360310,Trevor Lawrence,30.0,14.5,61,-7.9,-1.0,8
2021,Regular,ATL,11237,Matt Ryan,1.0,95.9,37,7.2,10.5,9
2021,Regular,LAC,4038941,Justin Herbert,2.0,95.2,46,9.5,13.9,9
2021,Regular,PHI,4040715,Jalen Hurts,3.0,92.7,29,6.1,8.9,9
2021,Regular,IND,2573079,Carson Wentz,4.0,91.3,35,7.0,7.7,9
2021,Regular,CLE,3052587,Baker Mayfield,5.0,85.4,26,2.9,3.8,9
2021,Regular,MIN,14880,Kirk Cousins,6.0,74.9,31,2.4,5.3,9
2021,Regular,ARI,13199,Colt McCoy,7.0,73.3,35,2.0,4.3,9
2021,Regular,DEN,16728,Teddy Bridgewater,8.0,69.9,37,0.9,3.6,9
2021,Regular,TEN,14876,Ryan Tannehill,9.0,69.1,35,0.7,3.5,9
2021,Regular,SF,16760,Jimmy Garoppolo,10.0,64.2,48,2.0,4.7,9
2021,Regular,CHI,4362887,Justin Fields,11.0,64.0,43,0.7,4.6,9
2021,Regular,MIA,2578570,Jacoby Brissett,12.0,56.0,51,1.3,6.1,9
2021,Regular,BAL,3916387,Lamar Jackson,13.0,52.5,69,0.0,6.6,9
2021,Regular,PIT,5536,Ben Roethlisberger,14.0,51.5,38,0.1,3.6,9
2021,Regular,KC,3139477,Patrick Mahomes,15.0,48.2,43,0.4,4.3,9
2021,Regular,NYG,3917792,Daniel Jones,16.0,45.1,27,0.4,3.0,9
2021,Regular,JAX,4360310,Trevor Lawrence,17.0,42.4,33,-1.7,1.5,9
2021,Regular,GB,4036378,Jordan Love,18.0,33.1,42,-1.5,2.4,9
2021,Regular,BUF,3918298,Josh Allen,19.0,32.4,58,-1.5,4.1,9
2021,Regular,LV,16757,Derek Carr,20.0,28.4,50,-3.5,1.4,9
2021,Regular,BAL,11394,Josh Johnson,21.0,27.9,51,-4.0,0.4,9
2021,Regular,CIN,3915511,Joe Burrow,22.0,25.7,51,-4.4,0.4,9
2021,Regular,NE,4241464,Mac Jones,23.0,25.3,29,-2.4,0.4,9
2021,Regular,HOU,14163,Tyrod Taylor,24.0,24.0,50,-5.4,-0.5,9
2021,Regular,DAL,2577417,Dak Prescott,25.0,22.6,47,-3.5,0.6,9
2021,Regular,LA,12483,Matthew Stafford,26.0,22.1,59,-6.0,-0.2,9
2021,Regular,NO,2511109,Trevor Siemian,27.0,21.6,47,-2.5,1.9,9
2021,Regular,CAR,3912547,Sam Darnold,28.0,3.3,39,-9.5,-4.2,9
2021,Regular,SF,16760,Jimmy Garoppolo,1.0,97.2,26,6.1,7.4,10
2021,Regular,DAL,2577417,Dak Prescott,2.0,94.7,37,9.0,9.0,10
2021,Regular,NE,4241464,Mac Jones,3.0,90.5,28,4.2,5.3,10
2021,Regular,BUF,3918298,Josh Allen,4.0,85.5,33,4.6,6.4,10
2021,Regular,KC,3139477,Patrick Mahomes,5.0,84.0,54,6.9,11.2,10
2021,Regular,MIN,14880,Kirk Cousins,6.0,70.4,45,3.2,7.5,10
2021,Regular,PHI,4040715,Jalen Hurts,7.0,66.8,34,1.5,4.5,10
2021,Regular,CAR,3051308,PJ Walker,8.0,65.4,33,0.8,2.5,10
2021,Regular,LV,16757,Derek Carr,9.0,65.2,45,3.4,5.2,10
2021,Regular,LAC,4038941,Justin Herbert,10.0,63.7,40,1.3,5.2,10
2021,Regular,NO,2511109,Trevor Siemian,11.0,60.0,43,-0.2,3.9,10
2021,Regular,WAS,2565969,Taylor Heinicke,12.0,58.2,44,1.7,5.8,10
2021,Regular,TEN,14876,Ryan Tannehill,13.0,56.9,37,0.4,3.9,10
2021,Regular,BAL,3916387,Lamar Jackson,14.0,48.9,57,-1.6,3.4,10
2021,Regular,PIT,3116407,Mason Rudolph,15.0,45.1,56,1.4,6.8,10
2021,Regular,LA,12483,Matthew Stafford,16.0,43.0,48,-1.7,1.8,10
2021,Regular,TB,2330,Tom Brady,17.0,38.5,38,-0.1,3.5,10
2021,Regular,JAX,4360310,Trevor Lawrence,18.0,38.1,49,-2.2,2.5,10
2021,Regular,MIA,4241479,Tua Tagovailoa,19.0,37.0,22,-0.4,1.6,10
2021,Regular,DEN,16728,Teddy Bridgewater,20.0,34.8,42,-1.2,2.3,10
2021,Regular,GB,8439,Aaron Rodgers,21.5,34.1,42,-1.2,2.8,10
2021,Regular,CLE,3052587,Baker Mayfield,21.5,34.1,25,-1.7,0.6,10
2021,Regular,NYJ,3051381,Mike White,23.0,31.8,48,-4.0,0.4,10
2021,Regular,IND,2573079,Carson Wentz,24.0,28.4,39,-0.8,2.9,10
2021,Regular,DET,3046779,Jared Goff,25.0,18.5,33,-4.3,-1.1,10
2021,Regular,MIA,2578570,Jacoby Brissett,26.0,15.0,27,-2.7,-0.1,10
2021,Regular,SEA,14881,Russell Wilson,27.0,13.7,50,-6.8,-1.6,10
2021,Regular,ATL,11237,Matt Ryan,28.0,11.0,24,-4.4,-1.4,10
2021,Regular,ARI,13199,Colt McCoy,29.0,3.9,25,-5.3,-2.2,10
2021,Regular,WAS,2565969,Taylor Heinicke,1.0,92.7,32,5.8,8.9,11
2021,Regular,GB,8439,Aaron Rodgers,2.0,91.7,42,6.0,9.9,11
2021,Regular,LAC,4038941,Justin Herbert,3.0,90.1,53,8.0,12.7,11
2021,Regular,SF,16760,Jimmy Garoppolo,4.0,84.0,28,4.0,5.4,11
2021,Regular,ARI,13199,Colt McCoy,5.0,81.9,51,5.4,10.1,11
2021,Regular,MIN,14880,Kirk Cousins,6.0,80.7,39,4.5,8.2,11
2021,Regular,HOU,14163,Tyrod Taylor,7.0,80.3,30,2.2,4.8,11
2021,Regular,MIA,4241479,Tua Tagovailoa,8.0,79.0,38,4.1,7.6,11
2021,Regular,IND,2573079,Carson Wentz,9.0,76.5,25,0.8,2.8,11
2021,Regular,CAR,13994,Cam Newton,10.0,72.5,37,4.6,8.1,11
2021,Regular,PHI,4040715,Jalen Hurts,11.0,72.3,44,2.6,5.5,11
2021,Regular,TB,2330,Tom Brady,12.0,72.1,49,4.1,8.1,11
2021,Regular,PIT,5536,Ben Roethlisberger,13.0,65.7,52,2.9,7.0,11
2021,Regular,CIN,3915511,Joe Burrow,14.0,55.7,38,1.0,4.7,11
2021,Regular,KC,3139477,Patrick Mahomes,15.0,51.0,47,-0.6,3.6,11
2021,Regular,BUF,3918298,Josh Allen,16.0,49.5,41,0.3,3.1,11
2021,Regular,CHI,14012,Andy Dalton,17.0,48.9,28,0.5,3.0,11
2021,Regular,NYJ,11252,Joe Flacco,18.0,45.7,43,-0.8,3.0,11
2021,Regular,NE,4241464,Mac Jones,19.0,41.9,37,-0.1,3.0,11
2021,Regular,BAL,4035671,Tyler Huntley,20.0,39.0,54,-2.8,2.4,11
2021,Regular,LV,16757,Derek Carr,21.0,38.2,30,-0.8,1.5,11
2021,Regular,JAX,4360310,Trevor Lawrence,22.0,36.9,34,-1.1,1.2,11
2021,Regular,NO,2511109,Trevor Siemian,23.0,24.6,44,-3.7,0.4,11
2021,Regular,ATL,11237,Matt Ryan,24.0,23.6,35,-3.0,0.3,11
2021,Regular,NYG,3917792,Daniel Jones,25.0,22.2,47,-4.4,0.2,11
2021,Regular,TEN,14876,Ryan Tannehill,26.0,21.1,60,-5.1,0.6,11
2021,Regular,SEA,14881,Russell Wilson,27.0,20.2,31,-3.0,0.0,11
2021,Regular,DAL,2577417,Dak Prescott,28.0,11.2,52,-7.0,-1.6,11
2021,Regular,DET,3045169,Tim Boyle,29.5,10.5,26,-4.7,-2.2,11
2021,Regular,CLE,3052587,Baker Mayfield,29.5,10.5,38,-4.4,-0.7,11
2021,Regular,DEN,16728,Teddy Bridgewater,1.0,87.5,21,3.5,5.5,12
2021,Regular,CIN,3915511,Joe Burrow,2.0,84.6,28,3.2,4.1,12
2021,Regular,LV,16757,Derek Carr,3.0,84.4,50,4.3,9.0,12
2021,Regular,BUF,3918298,Josh Allen,4.0,83.9,41,3.6,6.4,12
2021,Regular,NE,4241464,Mac Jones,5.0,81.1,37,3.3,6.7,12
2021,Regular,GB,8439,Aaron Rodgers,6.0,74.8,48,2.8,7.0,12
2021,Regular,IND,2573079,Carson Wentz,7.0,73.0,53,4.5,9.5,12
2021,Regular,DET,3046779,Jared Goff,8.0,65.1,32,1.4,4.5,12
2021,Regular,SEA,14881,Russell Wilson,9.5,62.4,37,2.4,5.6,12
2021,Regular,SF,16760,Jimmy Garoppolo,9.5,62.4,33,1.0,4.0,12
2021,Regular,LAC,4038941,Justin Herbert,11.0,59.9,58,1.2,5.7,12
2021,Regular,WAS,2565969,Taylor Heinicke,12.0,58.8,43,1.8,5.6,12
2021,Regular,CHI,14012,Andy Dalton,13.0,56.2,44,1.6,5.8,12
2021,Regular,NYG,3917792,Daniel Jones,14.0,53.2,42,1.0,5.1,12
2021,Regular,TB,2330,Tom Brady,15.0,50.4,41,-0.4,3.5,12
2021,Regular,LA,12483,Matthew Stafford,16.0,48.6,42,-0.4,2.9,12
2021,Regular,DAL,2577417,Dak Prescott,17.0,48.5,54,1.4,6.6,12
2021,Regular,MIA,4241479,Tua Tagovailoa,18.0,47.7,39,0.4,3.6,12
2021,Regular,CLE,3052587,Baker Mayfield,19.0,44.4,42,-0.6,3.3,12
2021,Regular,MIN,14880,Kirk Cousins,20.0,40.4,36,-1.5,1.9,12
2021,Regular,TEN,14876,Ryan Tannehill,21.0,38.1,29,-1.7,1.0,12
2021,Regular,ATL,11237,Matt Ryan,22.0,36.8,35,-0.4,2.9,12
2021,Regular,BAL,3916387,Lamar Jackson,23.0,33.6,51,-3.0,1.9,12
2021,Regular,PIT,5536,Ben Roethlisberger,24.0,31.8,45,-3.0,0.7,12
2021,Regular,JAX,4360310,Trevor Lawrence,25.0,25.9,51,-1.8,2.9,12
2021,Regular,HOU,14163,Tyrod Taylor,26.0,23.0,34,-1.7,1.5,12
2021,Regular,PHI,4040715,Jalen Hurts,27.0,20.8,39,-3.8,-0.1,12
2021,Regular,NO,2511109,Trevor Siemian,28.0,16.3,36,-5.2,-1.2,12
2021,Regular,NYJ,4361259,Zach Wilson,29.0,9.9,30,-5.0,-2.1,12
2021,Regular,CAR,13994,Cam Newton,30.0,9.0,28,-5.3,-2.4,12
2021,Regular,ARI,3917315,Kyler Murray,1.0,88.3,29,3.8,5.8,13
2021,Regular,TB,2330,Tom Brady,2.0,85.9,52,7.6,12.2,13
2021,Regular,IND,2573079,Carson Wentz,3.0,84.7,28,3.0,4.5,13
2021,Regular,LAC,4038941,Justin Herbert,4.0,83.7,42,4.3,7.7,13
2021,Regular,PHI,4038524,Gardner Minshew,5.0,80.6,33,3.8,6.9,13
2021,Regular,MIA,4241479,Tua Tagovailoa,6.0,72.2,46,3.8,8.2,13
2021,Regular,WAS,2565969,Taylor Heinicke,7.0,68.8,38,2.5,6.1,13
2021,Regular,LA,12483,Matthew Stafford,8.0,67.7,41,4.0,6.5,13
2021,Regular,PIT,5536,Ben Roethlisberger,9.0,64.9,35,2.2,5.6,13
2021,Regular,MIN,14880,Kirk Cousins,10.0,56.3,47,1.7,6.1,13
2021,Regular,DET,3046779,Jared Goff,11.0,55.9,48,0.5,5.1,13
2021,Regular,BAL,3916387,Lamar Jackson,12.0,55.4,59,-0.6,5.1,13
2021,Regular,DAL,2577417,Dak Prescott,13.0,50.6,45,-1.2,3.0,13
2021,Regular,KC,3139477,Patrick Mahomes,14.0,44.9,34,-0.1,3.0,13
2021,Regular,NYJ,4361259,Zach Wilson,15.0,43.2,44,-0.2,3.2,13
2021,Regular,LV,16757,Derek Carr,16.0,41.0,45,1.0,5.3,13
2021,Regular,SF,16760,Jimmy Garoppolo,17.0,40.9,35,-1.1,2.3,13
2021,Regular,JAX,4360310,Trevor Lawrence,18.0,39.0,37,-2.6,0.8,13
2021,Regular,CIN,3915511,Joe Burrow,19.0,37.4,48,-0.3,3.6,13
2021,Regular,SEA,14881,Russell Wilson,20.0,36.8,46,-1.5,2.9,13
2021,Regular,NO,2468609,Taysom Hill,21.0,35.0,56,-3.3,2.0,13
2021,Regular,ATL,11237,Matt Ryan,22.0,32.8,51,-1.7,2.9,13
2021,Regular,DEN,16728,Teddy Bridgewater,23.0,27.4,48,-2.7,1.5,13
2021,Regular,NYG,15837,Mike Glennon,24.0,26.4,47,-4.6,-0.1,13
2021,Regular,BUF,3918298,Josh Allen,25.0,19.4,42,-4.4,-0.3,13
2021,Regular,CHI,14012,Andy Dalton,26.0,9.2,50,-8.1,-2.5,13
2021,Regular,SEA,14881,Russell Wilson,1.0,94.2,35,6.5,9.3,14
2021,Regular,LA,12483,Matthew Stafford,2.0,84.9,36,3.7,6.8,14
2021,Regular,TB,2330,Tom Brady,3.0,80.0,56,4.0,8.4,14
2021,Regular,TEN,14876,Ryan Tannehill,4.0,72.7,41,4.7,7.4,14
2021,Regular,KC,3139477,Patrick Mahomes,5.0,71.8,39,3.7,3.9,14
2021,Regular,DEN,16728,Teddy Bridgewater,6.0,68.9,28,2.6,4.5,14
2021,Regular,BUF,3918298,Josh Allen,7.0,67.8,72,3.5,9.3,14
2021,Regular,LAC,4038941,Justin Herbert,8.0,67.0,38,2.5,5.1,14
2021,Regular,GB,8439,Aaron Rodgers,9.0,65.8,41,1.9,5.4,14
2021,Regular,BAL,4035671,Tyler Huntley,10.0,65.7,49,0.8,4.4,14
2021,Regular,ATL,11237,Matt Ryan,11.0,64.4,35,1.3,4.4,14
2021,Regular,CIN,3915511,Joe Burrow,12.0,61.2,41,1.5,5.3,14
2021,Regular,CLE,3052587,Baker Mayfield,13.0,58.5,39,1.8,4.8,14
2021,Regular,NO,2468609,Taysom Hill,14.0,57.8,34,1.3,4.2,14
2021,Regular,ARI,3917315,Kyler Murray,15.0,45.8,65,-2.0,3.7,14
2021,Regular,SF,16760,Jimmy Garoppolo,16.0,45.4,50,-1.3,3.4,14
2021,Regular,DET,3046779,Jared Goff,17.0,42.7,44,-1.3,2.0,14
2021,Regular,PIT,5536,Ben Roethlisberger,18.0,42.0,52,-2.5,1.7,14
2021,Regular,CHI,4362887,Justin Fields,19.0,40.7,48,-1.6,2.3,14
2021,Regular,LV,16757,Derek Carr,20.0,35.5,51,-1.5,1.7,14
2021,Regular,HOU,4242546,Davis Mills,21.0,32.9,55,-1.9,2.7,14
2021,Regular,CAR,13994,Cam Newton,22.5,32.4,34,-0.4,2.9,14
2021,Regular,MIN,14880,Kirk Cousins,22.5,32.4,35,-2.0,1.1,14
2021,Regular,NYJ,4361259,Zach Wilson,24.0,27.7,51,-3.9,0.8,14
2021,Regular,JAX,4360310,Trevor Lawrence,25.0,26.3,47,-5.0,-0.3,14
2021,Regular,NYG,15837,Mike Glennon,26.0,25.1,42,-2.8,0.8,14
2021,Regular,DAL,2577417,Dak Prescott,27.0,12.3,50,-5.5,-0.4,14
2021,Regular,WAS,2565969,Taylor Heinicke,28.0,5.9,35,-7.3,-2.9,14
2021,Regular,DET,3046779,Jared Goff,1.0,93.8,31,5.9,7.6,15
2021,Regular,GB,8439,Aaron Rodgers,2.0,86.4,39,5.2,8.7,15
2021,Regular,BAL,4035671,Tyler Huntley,3.0,86.0,58,8.2,13.2,15
2021,Regular,CLE,3059989,Nick Mullens,4.0,81.5,31,4.2,7.1,15
2021,Regular,KC,3139477,Patrick Mahomes,5.0,79.1,54,5.7,10.8,15
2021,Regular,DAL,2577417,Dak Prescott,6.0,78.6,41,3.6,6.9,15
2021,Regular,SF,16760,Jimmy Garoppolo,7.0,66.7,28,2.5,4.6,15
2021,Regular,NE,4241464,Mac Jones,8.0,59.4,52,0.8,4.6,15
2021,Regular,LV,16757,Derek Carr,9.0,56.7,44,-0.4,3.8,15
2021,Regular,CIN,3915511,Joe Burrow,10.0,53.2,33,0.0,3.2,15
2021,Regular,LAC,4038941,Justin Herbert,11.0,51.8,45,1.7,6.0,15
2021,Regular,LA,12483,Matthew Stafford,12.0,50.4,36,0.6,4.1,15
2021,Regular,BUF,3918298,Josh Allen,13.0,50.1,41,0.6,4.3,15
2021,Regular,MIA,4241479,Tua Tagovailoa,14.0,47.1,33,0.9,4.1,15
2021,Regular,WAS,16809,Garrett Gilbert,15.0,45.6,34,-0.6,2.6,15
2021,Regular,ATL,11237,Matt Ryan,16.0,39.4,46,-2.1,2.0,15
2021,Regular,SEA,14881,Russell Wilson,17.0,36.9,38,-2.9,0.7,15
2021,Regular,NO,2468609,Taysom Hill,18.0,35.9,40,-1.8,2.0,15
2021,Regular,PHI,4040715,Jalen Hurts,19.0,35.5,39,0.3,3.9,15
2021,Regular,DEN,16728,Teddy Bridgewater,20.0,33.7,28,-1.2,1.6,15
2021,Regular,TEN,14876,Ryan Tannehill,21.0,28.8,45,-4.0,0.3,15
2021,Regular,JAX,4360310,Trevor Lawrence,22.0,25.7,46,-3.1,1.1,15
2021,Regular,HOU,4242546,Davis Mills,23.0,24.7,33,-1.7,1.4,15
2021,Regular,TB,2330,Tom Brady,24.0,24.3,54,-4.8,0.4,15
2021,Regular,MIN,14880,Kirk Cousins,25.0,23.1,31,-3.3,-0.2,15
2021,Regular,CHI,4362887,Justin Fields,26.0,21.5,50,-4.9,0.0,15
2021,Regular,CAR,13994,Cam Newton,27.0,17.7,61,-9.7,-3.3,15
2021,Regular,PIT,5536,Ben Roethlisberger,28.0,16.9,35,-4.4,-1.0,15
2021,Regular,NYJ,4361259,Zach Wilson,29.0,15.5,33,-4.8,-1.5,15
2021,Regular,NYG,15837,Mike Glennon,30.0,9.2,29,-5.1,-2.0,15
2021,Regular,ARI,3917315,Kyler Murray,31.0,8.7,49,-7.3,-1.7,15
2021,Regular,NYJ,4361259,Zach Wilson,1.0,94.5,28,6.9,9.2,16
2021,Regular,CIN,3915511,Joe Burrow,2.0,91.4,54,10.1,11.7,16
2021,Regular,BUF,3918298,Josh Allen,3.0,86.7,59,6.5,11.8,16
2021,Regular,TB,2330,Tom Brady,4.0,84.5,36,4.1,6.3,16
2021,Regular,GB,8439,Aaron Rodgers,5.0,83.6,35,3.6,6.9,16
2021,Regular,HOU,4242546,Davis Mills,6.0,82.8,33,4.7,7.6,16
2021,Regular,KC,3139477,Patrick Mahomes,7.0,81.0,35,3.4,5.1,16
2021,Regular,TEN,14876,Ryan Tannehill,8.0,80.4,39,4.1,7.8,16
2021,Regular,IND,2573079,Carson Wentz,9.0,80.2,37,2.9,6.5,16
2021,Regular,DAL,2577417,Dak Prescott,10.0,76.5,46,6.1,7.3,16
2021,Regular,BAL,11394,Josh Johnson,11.0,76.3,49,3.6,6.3,16
2021,Regular,LV,16757,Derek Carr,12.0,66.8,30,1.8,4.7,16
2021,Regular,ATL,11237,Matt Ryan,13.0,58.2,30,1.8,4.7,16
2021,Regular,SF,16760,Jimmy Garoppolo,14.0,53.0,41,-1.0,2.9,16
2021,Regular,ARI,3917315,Kyler Murray,15.0,52.4,50,0.8,5.0,16
2021,Regular,CHI,14877,Nick Foles,16.0,51.6,46,0.0,4.5,16
2021,Regular,MIA,4241479,Tua Tagovailoa,17.0,50.0,33,-1.0,2.1,16
2021,Regular,LAC,4038941,Justin Herbert,18.0,49.9,44,-0.5,3.0,16
2021,Regular,DEN,3924327,Drew Lock,19.0,49.6,28,0.2,3.0,16
2021,Regular,PHI,4040715,Jalen Hurts,20.0,49.5,34,0.5,3.4,16
2021,Regular,LA,12483,Matthew Stafford,21.0,45.7,39,-1.5,2.2,16
2021,Regular,MIN,14880,Kirk Cousins,22.0,44.6,45,-1.5,2.5,16
2021,Regular,JAX,4360310,Trevor Lawrence,23.0,44.1,49,-0.2,4.6,16
2021,Regular,NE,4241464,Mac Jones,24.0,41.8,41,-2.2,1.5,16
2021,Regular,CLE,3052587,Baker Mayfield,25.0,41.0,47,-1.5,3.1,16
2021,Regular,SEA,14881,Russell Wilson,26.0,35.5,33,-1.4,1.7,16
2021,Regular,DET,3045169,Tim Boyle,27.0,33.5,41,-1.2,2.8,16
2021,Regular,NYG,15837,Mike Glennon,28.0,28.9,33,-2.2,0.4,16
2021,Regular,CAR,3912547,Sam Darnold,29.0,23.7,38,-2.6,0.5,16
2021,Regular,CAR,13994,Cam Newton,30.0,22.7,22,-1.6,0.5,16
2021,Regular,PIT,5536,Ben Roethlisberger,31.0,15.8,40,-4.2,-0.2,16
2021,Regular,NYG,4240689,Jake Fromm,32.0,5.5,25,-5.1,-2.7,16
2021,Regular,WAS,2565969,Taylor Heinicke,33.0,4.3,29,-7.3,-2.9,16
2021,Regular,NO,4046678,Ian Book,34.0,2.8,31,-7.9,-3.7,16
2021,Regular,NE,4241464,Mac Jones,1.0,96.0,32,8.6,6.6,17
2021,Regular,LAC,4038941,Justin Herbert,2.0,91.5,34,6.1,7.9,17
2021,Regular,SEA,14881,Russell Wilson,3.0,91.0,36,7.2,8.4,17
2021,Regular,KC,3139477,Patrick Mahomes,4.0,89.6,40,5.6,9.3,17
2021,Regular,PHI,4040715,Jalen Hurts,5.0,84.1,35,5.1,8.5,17
2021,Regular,ARI,3917315,Kyler Murray,6.0,83.1,51,4.0,8.6,17
2021,Regular,TB,2330,Tom Brady,7.0,82.3,51,6.2,10.9,17
2021,Regular,GB,8439,Aaron Rodgers,8.0,74.3,41,2.8,5.0,17
2021,Regular,CIN,3915511,Joe Burrow,9.0,67.7,53,4.5,9.4,17
2021,Regular,DAL,2577417,Dak Prescott,10.0,67.0,49,2.6,7.0,17
2021,Regular,BUF,3918298,Josh Allen,11.0,66.2,40,3.4,7.1,17
2021,Regular,LA,12483,Matthew Stafford,12.0,64.6,38,1.7,5.3,17
2021,Regular,LV,16757,Derek Carr,13.0,63.4,35,1.0,4.3,17
2021,Regular,DET,3045169,Tim Boyle,14.0,63.3,42,1.4,3.0,17
2021,Regular,TEN,14876,Ryan Tannehill,15.0,59.7,26,0.6,2.7,17
2021,Regular,BAL,4035671,Tyler Huntley,16.0,57.5,45,0.1,4.3,17
2021,Regular,NYJ,4361259,Zach Wilson,17.0,46.5,38,0.2,3.7,17
2021,Regular,WAS,2565969,Taylor Heinicke,18.0,41.2,43,-0.4,3.7,17
2021,Regular,NO,2468609,Taysom Hill,19.0,41.1,38,-0.5,3.2,17
2021,Regular,MIN,2517017,Sean Mannion,20.0,39.1,41,-1.5,1.5,17
2021,Regular,CHI,14012,Andy Dalton,21.0,38.1,40,-0.7,2.1,17
2021,Regular,SF,4383351,Trey Lance,22.0,36.9,34,-1.0,2.2,17
2021,Regular,HOU,4242546,Davis Mills,23.0,36.4,40,-2.2,1.4,17
2021,Regular,IND,2573079,Carson Wentz,24.0,33.0,34,-0.7,2.6,17
2021,Regular,CAR,3912547,Sam Darnold,25.0,28.9,37,-3.4,0.2,17
2021,Regular,ATL,11237,Matt Ryan,26.0,25.9,33,-4.1,-0.8,17
2021,Regular,JAX,4360310,Trevor Lawrence,27.0,25.8,32,-3.1,0.0,17
2021,Regular,DEN,3924327,Drew Lock,28.0,23.7,29,-2.1,0.5,17
2021,Regular,CLE,3052587,Baker Mayfield,29.0,19.5,54,-6.8,-1.2,17
2021,Regular,PIT,5536,Ben Roethlisberger,30.0,16.1,51,-6.5,-1.5,17
2021,Regular,MIA,4241479,Tua Tagovailoa,31.0,10.0,44,-8.3,-3.2,17
2021,Regular,DAL,2577417,Dak Prescott,1.0,98.9,30,9.4,12.1,18
2021,Regular,TEN,14876,Ryan Tannehill,2.0,93.9,35,6.3,9.2,18
2021,Regular,TB,2330,Tom Brady,3.0,92.2,38,7.1,10.5,18
2021,Regular,SEA,14881,Russell Wilson,4.0,89.4,30,3.9,6.8,18
2021,Regular,GB,8439,Aaron Rodgers,5.0,85.3,22,3.1,5.2,18
2021,Regular,MIN,14880,Kirk Cousins,6.0,84.9,26,3.2,5.5,18
2021,Regular,DET,3046779,Jared Goff,7.0,83.6,31,4.0,7.0,18
2021,Regular,HOU,4242546,Davis Mills,8.0,75.2,40,2.6,6.0,18
2021,Regular,KC,3139477,Patrick Mahomes,9.0,75.1,56,3.9,9.2,18
2021,Regular,LA,12483,Matthew Stafford,10.0,72.6,39,2.9,6.0,18
2021,Regular,DEN,3924327,Drew Lock,11.0,72.0,31,3.1,6.0,18
2021,Regular,MIA,4241479,Tua Tagovailoa,12.0,71.6,32,2.0,4.8,18
2021,Regular,JAX,4360310,Trevor Lawrence,13.0,69.1,43,2.8,6.4,18
2021,Regular,LAC,4038941,Justin Herbert,14.0,67.7,71,4.4,10.0,18
2021,Regular,BUF,3918298,Josh Allen,15.0,60.3,52,3.3,7.9,18
2021,Regular,NO,2511109,Trevor Siemian,16.0,58.7,20,0.9,2.4,18
2021,Regular,SF,16760,Jimmy Garoppolo,17.0,55.1,38,-0.9,2.6,18
2021,Regular,PHI,4038524,Gardner Minshew,18.0,51.1,42,-0.5,3.1,18
2021,Regular,CLE,15168,Case Keenum,19.0,48.3,29,0.0,2.7,18
2021,Regular,ARI,3917315,Kyler Murray,20.0,44.5,52,0.0,4.7,18
2021,Regular,NYG,4240689,Jake Fromm,21.0,39.3,43,0.8,3.8,18
2021,Regular,PIT,5536,Ben Roethlisberger,22.0,39.1,48,-1.5,3.2,18
2021,Regular,GB,4036378,Jordan Love,23.0,38.1,21,-0.4,1.6,18
2021,Regular,CAR,3912547,Sam Darnold,24.0,35.7,52,-2.4,2.2,18
2021,Regular,LV,16757,Derek Carr,25.0,32.2,46,-1.0,3.3,18
2021,Regular,CHI,14012,Andy Dalton,26.0,28.4,59,-5.4,0.3,18
2021,Regular,ATL,11237,Matt Ryan,27.0,26.2,39,-3.2,0.4,18
2021,Regular,NYJ,4361259,Zach Wilson,28.0,23.8,31,-4.1,-1.0,18
2021,Regular,BAL,4035671,Tyler Huntley,29.0,20.2,46,-4.7,-0.3,18
2021,Regular,NE,4241464,Mac Jones,30.0,15.6,40,-5.8,-1.7,18
2021,Regular,CIN,2574511,Brandon Allen,31.0,9.5,38,-7.2,-3.3,18
2021,Regular,WAS,2565969,Taylor Heinicke,32.0,6.3,25,-4.9,-2.3,18
2021,Regular,IND,2573079,Carson Wentz,33.0,5.5,40,-7.0,-2.1,18
2022,Playoffs,DAL,2577417,Dak Prescott,1.0,96.8,41,8.8,9.9,1
2022,Playoffs,SF,4361741,Brock Purdy,2.0,90.2,35,5.5,8.1,1
2022,Playoffs,NYG,3917792,Daniel Jones,3.0,82.5,52,6.0,10.6,1
2022,Playoffs,LAC,4038941,Justin Herbert,4.0,47.7,50,0.0,3.6,1
2022,Playoffs,CIN,3915511,Joe Burrow,5.0,31.7,44,-2.2,1.7,1
2022,Playoffs,BUF,3918298,Josh Allen,6.0,27.8,52,-1.7,3.0,1
2022,Playoffs,TB,2330,Tom Brady,7.0,25.4,70,-6.1,0.2,1
2022,Playoffs,MIA,4036419,Skylar Thompson,8.0,23.3,57,-7.0,-1.7,1
2022,Playoffs,PHI,4040715,Jalen Hurts,1.0,85.2,35,4.7,5.3,2
2022,Playoffs,KC,3139477,Patrick Mahomes,2.0,78.5,33,3.9,6.7,2
2022,Playoffs,CIN,3915511,Joe Burrow,3.0,77.9,47,2.4,6.0,2
2022,Playoffs,BUF,3918298,Josh Allen,4.0,57.6,52,0.8,4.4,2
2022,Playoffs,SF,4361741,Brock Purdy,5.0,55.2,37,0.2,3.5,2
2022,Playoffs,DAL,2577417,Dak Prescott,6.0,53.1,44,-1.0,2.7,2
2022,Playoffs,NYG,3917792,Daniel Jones,7.0,11.7,38,-7.0,-1.9,2
2022,Playoffs,KC,3139477,Patrick Mahomes,1.0,69.2,51,2.5,7.1,3
2022,Playoffs,PHI,4040715,Jalen Hurts,2.0,66.3,39,1.4,4.5,3
2022,Playoffs,CIN,3915511,Joe Burrow,3.0,50.7,55,0.1,5.1,3
2022,Playoffs,SF,11394,Josh Johnson,4.0,14.3,20,-3.3,-1.5,3
2022,Playoffs,KC,3139477,Patrick Mahomes,1.0,96.3,34,6.8,9.9,5
2022,Playoffs,PHI,4040715,Jalen Hurts,2.0,80.9,60,6.7,12.1,5
2022,Regular,KC,3139477,Patrick Mahomes,1.0,94.9,44,8.4,10.0,1
2022,Regular,BUF,3918298,Josh Allen,2.0,87.4,45,6.8,10.3,1
2022,Regular,LAC,4038941,Justin Herbert,3.0,79.9,38,5.2,8.5,1
2022,Regular,MIA,4241479,Tua Tagovailoa,4.0,79.1,39,3.8,6.2,1
2022,Regular,MIN,14880,Kirk Cousins,5.0,78.3,35,4.2,6.5,1
2022,Regular,BAL,3916387,Lamar Jackson,6.0,75.6,37,2.1,4.8,1
2022,Regular,SEA,15864,Geno Smith,7.0,75.0,37,2.6,6.0,1
2022,Regular,TEN,14876,Ryan Tannehill,8.0,67.1,42,2.6,6.2,1
2022,Regular,DET,3046779,Jared Goff,9.0,63.6,44,0.8,4.4,1
2022,Regular,ATL,2576980,Marcus Mariota,10.0,62.8,47,1.6,5.4,1
2022,Regular,TB,2330,Tom Brady,11.0,58.7,31,-0.2,2.5,1
2022,Regular,DEN,14881,Russell Wilson,12.0,58.2,52,0.2,4.9,1
2022,Regular,PHI,4040715,Jalen Hurts,13.0,57.7,57,2.7,7.6,1
2022,Regular,PIT,3039707,Mitch Trubisky,14.0,54.8,41,-0.5,3.2,1
2022,Regular,ARI,3917315,Kyler Murray,15.0,53.1,42,1.4,3.4,1
2022,Regular,JAX,4360310,Trevor Lawrence,16.0,52.8,51,0.0,4.6,1
2022,Regular,IND,11237,Matt Ryan,17.0,52.2,58,-0.4,4.6,1
2022,Regular,CHI,4362887,Justin Fields,18.0,51.2,29,-0.3,2.4,1
2022,Regular,NO,2969939,Jameis Winston,19.0,50.3,42,0.8,4.5,1
2022,Regular,WAS,2573079,Carson Wentz,20.0,46.1,52,0.8,5.4,1
2022,Regular,HOU,4242546,Davis Mills,21.0,45.9,45,0.2,3.9,1
2022,Regular,LA,3052587,Baker Mayfield,22.0,43.4,35,-0.8,2.3,1
2022,Regular,CIN,3915511,Joe Burrow,23.0,42.5,72,-0.9,5.6,1
2022,Regular,CLE,2578570,Jacoby Brissett,24.0,40.4,42,-1.7,2.1,1
2022,Regular,SF,4383351,Trey Lance,25.0,33.8,47,-1.3,2.7,1
2022,Regular,LV,16757,Derek Carr,26.0,30.2,45,-3.0,1.0,1
2022,Regular,LA,12483,Matthew Stafford,27.0,29.8,53,-4.2,0.5,1
2022,Regular,NYG,3917792,Daniel Jones,28.0,24.4,36,-3.2,0.1,1
2022,Regular,DAL,2577417,Dak Prescott,29.0,19.9,37,-3.8,-0.4,1
2022,Regular,NYJ,11252,Joe Flacco,30.0,18.3,64,-6.6,-0.5,1
2022,Regular,GB,8439,Aaron Rodgers,31.0,13.6,38,-4.8,-1.0,1
2022,Regular,NE,4241464,Mac Jones,32.0,7.4,35,-5.7,-2.2,1
2022,Regular,JAX,4360310,Trevor Lawrence,1.0,95.9,34,8.1,8.7,2
2022,Regular,MIA,4241479,Tua Tagovailoa,2.0,91.5,52,7.9,10.9,2
2022,Regular,BUF,3918298,Josh Allen,3.0,89.0,45,7.1,10.3,2
2022,Regular,CLE,2578570,Jacoby Brissett,4.0,87.0,35,4.6,7.6,2
2022,Regular,DAL,2972515,Cooper Rush,5.0,85.8,35,4.2,7.3,2
2022,Regular,LA,12483,Matthew Stafford,6.0,81.9,39,5.6,6.9,2
2022,Regular,BAL,3916387,Lamar Jackson,7.0,81.1,43,6.0,8.7,2
2022,Regular,PHI,4040715,Jalen Hurts,8.0,75.6,49,5.2,8.0,2
2022,Regular,NYJ,11252,Joe Flacco,9.0,72.2,50,1.9,6.2,2
2022,Regular,ARI,3917315,Kyler Murray,10.0,67.6,61,4.4,8.9,2
2022,Regular,SF,16760,Jimmy Garoppolo,11.0,66.7,29,1.5,3.2,2
2022,Regular,KC,3139477,Patrick Mahomes,12.0,66.6,38,2.3,5.6,2
2022,Regular,LV,16757,Derek Carr,13.0,64.4,46,2.1,5.7,2
2022,Regular,ATL,2576980,Marcus Mariota,14.0,62.7,38,2.1,4.5,2
2022,Regular,LAC,4038941,Justin Herbert,15.0,61.4,52,1.7,6.1,2
2022,Regular,DET,3046779,Jared Goff,16.0,57.8,38,1.3,4.0,2
2022,Regular,CIN,3915511,Joe Burrow,17.0,57.1,50,-0.5,4.0,2
2022,Regular,NE,4241464,Mac Jones,18.0,56.7,44,0.4,4.3,2
2022,Regular,SEA,15864,Geno Smith,19.0,56.4,36,-0.5,2.1,2
2022,Regular,GB,8439,Aaron Rodgers,20.0,52.6,33,1.7,4.2,2
2022,Regular,WAS,2573079,Carson Wentz,21.0,46.5,56,0.9,4.4,2
2022,Regular,DEN,14881,Russell Wilson,22.0,46.1,44,-0.3,3.7,2
2022,Regular,PIT,3039707,Mitch Trubisky,23.0,37.6,40,-1.3,2.4,2
2022,Regular,NYG,3917792,Daniel Jones,24.0,35.5,48,-1.7,2.7,2
2022,Regular,TB,2330,Tom Brady,25.0,34.9,40,-2.7,0.9,2
2022,Regular,HOU,4242546,Davis Mills,26.0,24.4,44,-4.7,-0.6,2
2022,Regular,MIN,14880,Kirk Cousins,27.0,22.7,51,-6.5,-1.2,2
2022,Regular,TEN,14876,Ryan Tannehill,28.0,17.2,25,-3.7,-1.3,2
2022,Regular,LA,3052587,Baker Mayfield,29.0,14.8,39,-5.2,-1.6,2
2022,Regular,NO,2969939,Jameis Winston,30.0,10.2,50,-7.9,-2.7,2
2022,Regular,CHI,4362887,Justin Fields,31.0,6.0,23,-4.3,-1.9,2
2022,Regular,IND,11237,Matt Ryan,32.0,5.1,38,-7.6,-2.6,2
2022,Regular,BAL,3916387,Lamar Jackson,1.0,89.0,43,5.7,9.3,3
2022,Regular,PHI,4040715,Jalen Hurts,2.0,88.6,47,6.4,8.0,3
2022,Regular,MIA,4241479,Tua Tagovailoa,3.0,81.5,22,2.1,4.1,3
2022,Regular,DET,3046779,Jared Goff,4.0,74.3,44,3.6,7.3,3
2022,Regular,CIN,3915511,Joe Burrow,5.0,73.8,44,2.2,5.3,3
2022,Regular,JAX,4360310,Trevor Lawrence,6.0,73.4,45,2.9,5.9,3
2022,Regular,CLE,2578570,Jacoby Brissett,7.0,72.0,37,2.8,6.0,3
2022,Regular,KC,3139477,Patrick Mahomes,8.0,71.8,45,2.8,6.9,3
2022,Regular,DAL,2972515,Cooper Rush,9.0,69.5,34,1.7,4.7,3
2022,Regular,LV,16757,Derek Carr,10.0,68.5,54,2.5,7.1,3
2022,Regular,LA,12483,Matthew Stafford,11.0,68.1,30,1.1,3.5,3
2022,Regular,GB,8439,Aaron Rodgers,12.0,66.9,36,0.9,4.0,3
2022,Regular,PIT,3039707,Mitch Trubisky,13.0,65.5,38,0.6,3.8,3
2022,Regular,SEA,15864,Geno Smith,14.0,61.1,50,3.5,8.0,3
2022,Regular,IND,11237,Matt Ryan,15.0,58.1,46,2.0,6.1,3
2022,Regular,BUF,3918298,Josh Allen,16.0,56.4,76,2.7,9.6,3
2022,Regular,NE,4241464,Mac Jones,17.0,56.2,41,0.8,4.3,3
2022,Regular,NO,2969939,Jameis Winston,18.0,56.1,46,0.5,4.1,3
2022,Regular,TB,2330,Tom Brady,19.0,54.0,50,2.0,6.4,3
2022,Regular,TEN,14876,Ryan Tannehill,20.0,53.2,31,1.5,4.2,3
2022,Regular,NYG,3917792,Daniel Jones,21.0,48.4,54,-0.8,3.9,3
2022,Regular,ATL,2576980,Marcus Mariota,22.0,40.9,32,-1.4,1.5,3
2022,Regular,MIN,14880,Kirk Cousins,23.0,33.9,44,-0.1,3.9,3
2022,Regular,DEN,14881,Russell Wilson,24.0,33.6,45,-2.7,1.4,3
2022,Regular,LAC,4038941,Justin Herbert,25.0,32.2,51,-1.3,2.4,3
2022,Regular,ARI,3917315,Kyler Murray,26.0,29.0,65,-1.9,3.6,3
2022,Regular,NYJ,11252,Joe Flacco,27.0,18.2,58,-6.6,-1.1,3
2022,Regular,CHI,4362887,Justin Fields,28.0,17.3,30,-3.2,-0.4,3
2022,Regular,SF,16760,Jimmy Garoppolo,29.0,14.3,35,-5.4,-2.1,3
2022,Regular,HOU,4242546,Davis Mills,30.0,12.4,34,-4.0,-0.9,3
2022,Regular,WAS,2573079,Carson Wentz,31.0,12.0,60,-9.7,-2.3,3
2022,Regular,LA,3052587,Baker Mayfield,32.0,11.5,28,-4.2,-1.5,3
2022,Regular,SEA,15864,Geno Smith,1.0,91.4,42,8.1,11.6,4
2022,Regular,LAC,4038941,Justin Herbert,2.0,90.9,44,6.5,8.8,4
2022,Regular,KC,3139477,Patrick Mahomes,3.0,90.6,45,6.1,8.6,4
2022,Regular,NYG,3917792,Daniel Jones,4.0,88.8,22,4.1,6.1,4
2022,Regular,MIA,16728,Teddy Bridgewater,5.0,83.8,26,2.3,3.9,4
2022,Regular,DET,3046779,Jared Goff,6.0,82.1,47,5.1,8.4,4
2022,Regular,DAL,2972515,Cooper Rush,7.0,81.2,35,4.0,6.6,4
2022,Regular,BUF,3918298,Josh Allen,8.0,78.3,47,3.7,7.6,4
2022,Regular,TB,2330,Tom Brady,9.0,73.7,56,5.2,7.2,4
2022,Regular,LV,16757,Derek Carr,10.0,63.5,44,1.4,5.4,4
2022,Regular,NO,14012,Andy Dalton,11.0,62.8,34,1.8,4.8,4
2022,Regular,CLE,2578570,Jacoby Brissett,12.0,61.0,43,2.1,6.0,4
2022,Regular,NYJ,4361259,Zach Wilson,13.0,58.3,43,0.5,4.4,4
2022,Regular,TEN,14876,Ryan Tannehill,14.0,55.6,31,0.4,2.9,4
2022,Regular,DEN,14881,Russell Wilson,15.0,53.5,37,1.1,4.2,4
2022,Regular,BAL,3916387,Lamar Jackson,16.0,51.0,45,-0.7,3.2,4
2022,Regular,CIN,3915511,Joe Burrow,17.0,48.5,37,1.2,4.4,4
2022,Regular,GB,8439,Aaron Rodgers,18.0,47.5,38,-0.1,3.3,4
2022,Regular,MIN,14880,Kirk Cousins,19.0,47.3,48,-1.0,3.3,4
2022,Regular,ARI,3917315,Kyler Murray,20.0,43.6,45,-1.4,2.6,4
2022,Regular,SF,16760,Jimmy Garoppolo,21.0,43.5,28,0.4,3.0,4
2022,Regular,IND,11237,Matt Ryan,22.0,42.9,44,-0.4,3.4,4
2022,Regular,LA,12483,Matthew Stafford,23.0,40.8,59,-3.5,1.6,4
2022,Regular,HOU,4242546,Davis Mills,24.0,37.1,45,-1.2,2.3,4
2022,Regular,CHI,4362887,Justin Fields,25.0,34.6,36,-1.9,1.3,4
2022,Regular,ATL,2576980,Marcus Mariota,26.0,32.8,23,-1.4,0.7,4
2022,Regular,WAS,2573079,Carson Wentz,27.0,26.0,51,-5.3,-0.5,4
2022,Regular,PHI,4040715,Jalen Hurts,28.0,17.8,44,-3.6,0.4,4
2022,Regular,NE,4250360,Bailey Zappe,29.0,13.4,20,-2.4,-0.6,4
2022,Regular,JAX,4360310,Trevor Lawrence,30.0,11.4,30,-5.5,-2.5,4
2022,Regular,LA,3052587,Baker Mayfield,31.0,8.4,41,-6.8,-2.7,4
2022,Regular,BUF,3918298,Josh Allen,1.0,88.4,38,5.8,6.4,5
2022,Regular,CLE,2578570,Jacoby Brissett,2.0,83.1,37,4.6,7.9,5
2022,Regular,CHI,4362887,Justin Fields,3.0,80.8,34,3.8,6.7,5
2022,Regular,SEA,15864,Geno Smith,4.0,78.3,38,2.5,6.0,5
2022,Regular,NYG,3917792,Daniel Jones,5.0,76.2,38,3.9,7.2,5
2022,Regular,MIN,14880,Kirk Cousins,6.0,74.4,49,5.6,9.8,5
2022,Regular,ARI,3917315,Kyler Murray,7.0,68.4,46,1.6,5.7,5
2022,Regular,LV,16757,Derek Carr,8.0,68.2,36,2.0,5.1,5
2022,Regular,KC,3139477,Patrick Mahomes,9.0,65.5,51,4.4,8.8,5
2022,Regular,NO,14012,Andy Dalton,10.0,65.0,32,1.4,4.3,5
2022,Regular,ATL,2576980,Marcus Mariota,11.0,59.8,43,0.2,3.6,5
2022,Regular,SF,16760,Jimmy Garoppolo,12.0,59.0,36,0.6,3.6,5
2022,Regular,PIT,4240703,Kenny Pickett,13.0,58.9,61,-0.8,2.4,5
2022,Regular,PHI,4040715,Jalen Hurts,14.0,56.7,53,0.1,4.8,5
2022,Regular,GB,8439,Aaron Rodgers,15.0,53.6,43,0.5,4.2,5
2022,Regular,NYJ,4361259,Zach Wilson,16.0,53.5,27,1.2,3.7,5
2022,Regular,TB,2330,Tom Brady,17.0,52.5,55,2.5,6.8,5
2022,Regular,WAS,2573079,Carson Wentz,18.0,49.3,48,0.6,5.0,5
2022,Regular,LAC,4038941,Justin Herbert,19.0,47.5,41,-1.5,2.2,5
2022,Regular,LA,12483,Matthew Stafford,20.0,40.1,50,-1.9,2.4,5
2022,Regular,MIA,4036419,Skylar Thompson,21.0,38.6,40,-2.2,1.1,5
2022,Regular,HOU,4242546,Davis Mills,22.0,37.3,29,-0.9,1.8,5
2022,Regular,CIN,3915511,Joe Burrow,23.0,35.3,43,-2.6,1.4,5
2022,Regular,JAX,4360310,Trevor Lawrence,24.0,30.6,53,-2.8,1.9,5
2022,Regular,BAL,3916387,Lamar Jackson,25.0,30.3,47,-3.1,1.2,5
2022,Regular,NE,4250360,Bailey Zappe,26.0,24.2,29,-1.0,1.2,5
2022,Regular,LA,3052587,Baker Mayfield,27.0,22.4,42,-4.2,-0.3,5
2022,Regular,TEN,14876,Ryan Tannehill,28.0,20.9,37,-3.8,-0.4,5
2022,Regular,IND,11237,Matt Ryan,29.0,18.0,53,-7.1,-2.2,5
2022,Regular,DEN,14881,Russell Wilson,30.0,16.5,49,-4.8,-0.4,5
2022,Regular,DAL,2972515,Cooper Rush,31.0,13.6,20,-2.3,-0.5,5
2022,Regular,DET,3046779,Jared Goff,32.0,8.4,40,-7.4,-2.1,5
2022,Regular,ATL,2576980,Marcus Mariota,1.0,95.9,25,5.3,7.1,6
2022,Regular,CIN,3915511,Joe Burrow,2.0,84.0,45,4.2,8.2,6
2022,Regular,IND,11237,Matt Ryan,3.0,79.7,64,7.9,13.7,6
2022,Regular,NYG,3917792,Daniel Jones,4.0,73.9,37,2.8,6.2,6
2022,Regular,BUF,3918298,Josh Allen,5.0,68.5,53,2.9,7.7,6
2022,Regular,PHI,4040715,Jalen Hurts,6.0,67.4,39,1.7,4.6,6
2022,Regular,JAX,4360310,Trevor Lawrence,7.0,65.5,37,1.6,4.7,6
2022,Regular,TB,2330,Tom Brady,8.0,64.7,48,1.5,5.9,6
2022,Regular,NE,4250360,Bailey Zappe,9.0,63.4,45,0.4,4.0,6
2022,Regular,BAL,3916387,Lamar Jackson,10.0,60.3,45,1.0,5.0,6
2022,Regular,KC,3139477,Patrick Mahomes,11.0,58.0,52,0.2,5.0,6
2022,Regular,MIN,14880,Kirk Cousins,12.0,46.6,36,0.2,3.4,6
2022,Regular,LAC,4038941,Justin Herbert,13.0,46.2,69,-1.2,5.1,6
2022,Regular,LA,12483,Matthew Stafford,14.0,44.3,38,-0.3,3.0,6
2022,Regular,SEA,15864,Geno Smith,15.0,43.9,44,-0.5,3.4,6
2022,Regular,MIA,16728,Teddy Bridgewater,16.0,42.3,41,0.1,3.4,6
2022,Regular,SF,16760,Jimmy Garoppolo,17.0,40.4,48,-0.4,3.1,6
2022,Regular,DEN,14881,Russell Wilson,18.0,37.2,38,-1.7,1.7,6
2022,Regular,DAL,2972515,Cooper Rush,19.5,31.1,38,-3.7,-0.2,6
2022,Regular,NYJ,4361259,Zach Wilson,19.5,31.1,22,-1.0,1.0,6
2022,Regular,ARI,3917315,Kyler Murray,21.5,30.4,55,-4.3,0.7,6
2022,Regular,NO,14012,Andy Dalton,21.5,30.4,35,-2.3,0.9,6
2022,Regular,CHI,4362887,Justin Fields,23.0,29.6,45,-2.2,1.8,6
2022,Regular,PIT,4240703,Kenny Pickett,24.0,22.9,23,-2.1,0.0,6
2022,Regular,CLE,2578570,Jacoby Brissett,25.0,20.0,54,-5.1,-0.1,6
2022,Regular,GB,8439,Aaron Rodgers,26.0,19.6,49,-5.1,-0.6,6
2022,Regular,WAS,2573079,Carson Wentz,27.0,15.6,31,-3.1,-0.2,6
2022,Regular,KC,3139477,Patrick Mahomes,1.0,91.9,37,5.2,8.2,7
2022,Regular,NYG,3917792,Daniel Jones,2.0,88.2,48,7.2,11.5,7
2022,Regular,LV,16757,Derek Carr,3.0,85.7,31,4.3,7.1,7
2022,Regular,CIN,3915511,Joe Burrow,4.0,84.9,51,8.2,10.0,7
2022,Regular,CAR,3051308,PJ Walker,5.0,75.9,23,1.7,3.7,7
2022,Regular,HOU,4242546,Davis Mills,6.0,73.2,43,3.9,6.2,7
2022,Regular,ARI,3917315,Kyler Murray,7.0,68.9,45,2.3,5.8,7
2022,Regular,SEA,15864,Geno Smith,8.0,63.5,36,1.1,4.2,7
2022,Regular,CLE,2578570,Jacoby Brissett,9.0,61.3,39,0.6,4.0,7
2022,Regular,NO,14012,Andy Dalton,10.0,60.8,54,0.8,3.8,7
2022,Regular,CHI,4362887,Justin Fields,11.0,60.3,39,0.6,4.1,7
2022,Regular,ATL,2576980,Marcus Mariota,12.0,55.9,22,-0.1,1.4,7
2022,Regular,TB,2330,Tom Brady,13.0,54.7,53,0.1,4.5,7
2022,Regular,DAL,2577417,Dak Prescott,14.0,54.3,32,1.8,4.6,7
2022,Regular,BAL,3916387,Lamar Jackson,15.0,54.1,28,0.1,2.6,7
2022,Regular,GB,8439,Aaron Rodgers,16.0,50.6,37,-0.2,3.0,7
2022,Regular,MIA,4241479,Tua Tagovailoa,17.0,47.7,41,0.1,3.7,7
2022,Regular,NYJ,4361259,Zach Wilson,18.0,45.3,36,-1.4,1.8,7
2022,Regular,TEN,14876,Ryan Tannehill,19.0,43.1,27,-0.1,2.3,7
2022,Regular,SF,16760,Jimmy Garoppolo,20.5,41.9,49,-0.1,3.7,7
2022,Regular,PIT,4240703,Kenny Pickett,20.5,41.9,48,-0.4,4.0,7
2022,Regular,WAS,2565969,Taylor Heinicke,22.0,39.1,37,-0.1,3.3,7
2022,Regular,JAX,4360310,Trevor Lawrence,23.0,38.7,50,-1.1,3.3,7
2022,Regular,DEN,3722362,Brett Rypien,24.0,34.6,54,-2.6,2.2,7
2022,Regular,LAC,4038941,Justin Herbert,25.0,32.6,58,-2.9,1.9,7
2022,Regular,IND,11237,Matt Ryan,26.0,32.1,49,-3.0,1.4,7
2022,Regular,NE,4250360,Bailey Zappe,27.0,29.5,24,-0.5,1.1,7
2022,Regular,DET,3046779,Jared Goff,28.0,20.8,35,-4.4,-1.0,7
2022,Regular,MIA,4241479,Tua Tagovailoa,1.0,94.2,40,9.3,12.6,8
2022,Regular,DAL,2577417,Dak Prescott,2.0,92.8,33,7.3,9.1,8
2022,Regular,PHI,4040715,Jalen Hurts,3.0,84.6,35,4.5,7.3,8
2022,Regular,BUF,3918298,Josh Allen,4.0,84.1,35,5.1,6.5,8
2022,Regular,CLE,2578570,Jacoby Brissett,5.0,82.0,28,2.8,4.8,8
2022,Regular,SF,16760,Jimmy Garoppolo,6.0,77.8,31,3.2,5.9,8
2022,Regular,NO,14012,Andy Dalton,7.0,76.8,33,4.1,5.3,8
2022,Regular,ATL,2576980,Marcus Mariota,8.0,76.5,37,3.4,6.7,8
2022,Regular,CHI,4362887,Justin Fields,9.0,76.2,42,2.2,4.7,8
2022,Regular,LA,12483,Matthew Stafford,10.0,71.6,38,2.0,5.1,8
2022,Regular,IND,4241820,Sam Ehlinger,11.0,69.9,32,2.3,5.1,8
2022,Regular,SEA,15864,Geno Smith,12.0,66.5,41,2.4,6.0,8
2022,Regular,BAL,3916387,Lamar Jackson,13.0,66.0,47,1.1,5.3,8
2022,Regular,DET,3046779,Jared Goff,14.0,61.2,44,3.0,6.9,8
2022,Regular,WAS,2565969,Taylor Heinicke,15.0,57.6,39,0.7,4.2,8
2022,Regular,MIN,14880,Kirk Cousins,16.0,53.3,46,0.6,4.7,8
2022,Regular,ARI,3917315,Kyler Murray,17.0,48.7,60,0.2,5.3,8
2022,Regular,DEN,14881,Russell Wilson,18.0,38.2,38,-0.6,2.8,8
2022,Regular,NE,4241464,Mac Jones,19.0,34.9,46,-3.1,1.1,8
2022,Regular,CAR,3051308,PJ Walker,20.0,32.2,40,-1.4,2.2,8
2022,Regular,TB,2330,Tom Brady,21.0,30.6,52,-2.8,1.6,8
2022,Regular,PIT,4240703,Kenny Pickett,22.0,30.4,56,-5.5,-0.3,8
2022,Regular,NYG,3917792,Daniel Jones,23.0,27.8,45,-3.9,0.2,8
2022,Regular,NYJ,4361259,Zach Wilson,24.0,23.7,46,-3.6,0.5,8
2022,Regular,GB,8439,Aaron Rodgers,25.0,21.4,35,-4.5,-0.9,8
2022,Regular,CIN,3915511,Joe Burrow,26.0,20.2,43,-5.4,-1.1,8
2022,Regular,LV,16757,Derek Carr,27.0,18.2,31,-4.0,-0.8,8
2022,Regular,JAX,4360310,Trevor Lawrence,28.0,10.8,41,-6.8,-3.0,8
2022,Regular,HOU,4242546,Davis Mills,29.0,6.5,35,-6.2,-2.1,8
2022,Regular,TEN,4242512,Malik Willis,30.0,4.3,21,-4.9,-3.0,8
2022,Regular,CHI,4362887,Justin Fields,1.0,96.2,46,12.1,16.2,9
2022,Regular,JAX,4360310,Trevor Lawrence,2.0,85.8,35,5.9,8.9,9
2022,Regular,LA,3052587,Baker Mayfield,3.0,83.0,21,1.8,1.2,9
2022,Regular,CIN,3915511,Joe Burrow,4.0,82.2,37,4.3,5.1,9
2022,Regular,MIA,4241479,Tua Tagovailoa,5.0,80.7,34,4.3,7.4,9
2022,Regular,SEA,15864,Geno Smith,6.0,80.0,45,3.7,7.7,9
2022,Regular,NYJ,4361259,Zach Wilson,7.0,78.6,33,2.4,5.4,9
2022,Regular,LAC,4038941,Justin Herbert,8.0,78.1,45,4.9,8.9,9
2022,Regular,BAL,3916387,Lamar Jackson,9.0,77.5,37,2.3,5.2,9
2022,Regular,PHI,4040715,Jalen Hurts,10.0,76.7,40,2.8,6.0,9
2022,Regular,KC,3139477,Patrick Mahomes,11.0,72.7,82,6.5,14.0,9
2022,Regular,BUF,3918298,Josh Allen,12.0,67.4,49,1.4,5.6,9
2022,Regular,MIN,14880,Kirk Cousins,13.0,63.6,46,1.4,5.6,9
2022,Regular,LV,16757,Derek Carr,14.0,61.2,39,1.5,4.9,9
2022,Regular,TB,2330,Tom Brady,15.0,56.0,61,3.1,8.6,9
2022,Regular,ARI,3917315,Kyler Murray,16.0,46.5,53,-0.4,4.1,9
2022,Regular,HOU,4242546,Davis Mills,17.0,43.9,31,-1.2,1.6,9
2022,Regular,ATL,2576980,Marcus Mariota,18.0,43.1,30,-0.2,2.4,9
2022,Regular,LA,12483,Matthew Stafford,19.0,34.4,34,-2.4,0.7,9
2022,Regular,WAS,2565969,Taylor Heinicke,20.0,30.6,35,-1.1,2.0,9
2022,Regular,NE,4241464,Mac Jones,21.0,29.1,35,-1.6,1.3,9
2022,Regular,DET,3046779,Jared Goff,22.0,27.5,30,-1.2,1.6,9
2022,Regular,GB,8439,Aaron Rodgers,23.0,26.5,50,-2.3,2.2,9
2022,Regular,NO,14012,Andy Dalton,24.0,26.1,39,-2.8,0.6,9
2022,Regular,IND,4241820,Sam Ehlinger,25.0,11.6,44,-7.0,-2.4,9
2022,Regular,TEN,4242512,Malik Willis,26.0,10.7,28,-4.2,-1.5,9
2022,Regular,MIA,4241479,Tua Tagovailoa,1.0,95.1,34,7.0,9.0,10
2022,Regular,KC,3139477,Patrick Mahomes,2.0,93.4,41,9.1,11.0,10
2022,Regular,TB,2330,Tom Brady,3.0,88.0,30,3.9,6.2,10
2022,Regular,NYG,3917792,Daniel Jones,4.0,84.7,27,3.4,5.7,10
2022,Regular,GB,8439,Aaron Rodgers,5.0,83.2,25,2.6,4.7,10
2022,Regular,TEN,14876,Ryan Tannehill,6.0,79.5,42,3.7,7.4,10
2022,Regular,DET,3046779,Jared Goff,7.0,79.2,32,3.7,6.5,10
2022,Regular,PHI,4040715,Jalen Hurts,8.0,77.1,34,3.3,6.2,10
2022,Regular,CHI,4362887,Justin Fields,9.0,76.2,37,4.7,8.0,10
2022,Regular,BUF,3918298,Josh Allen,10.0,71.4,54,4.8,9.1,10
2022,Regular,ARI,13199,Colt McCoy,11.0,69.1,44,3.1,6.9,10
2022,Regular,IND,11237,Matt Ryan,12.0,66.2,35,2.4,5.5,10
2022,Regular,JAX,4360310,Trevor Lawrence,13.0,63.6,49,2.0,5.5,10
2022,Regular,CLE,2578570,Jacoby Brissett,14.0,62.0,47,2.4,4.7,10
2022,Regular,SF,16760,Jimmy Garoppolo,15.0,60.2,34,1.4,4.5,10
2022,Regular,WAS,2565969,Taylor Heinicke,16.0,60.0,34,-0.4,2.7,10
2022,Regular,ATL,2576980,Marcus Mariota,17.0,57.0,39,0.3,3.4,10
2022,Regular,SEA,15864,Geno Smith,18.0,55.8,42,0.1,3.5,10
2022,Regular,LV,16757,Derek Carr,19.0,53.2,41,1.0,4.7,10
2022,Regular,PIT,4240703,Kenny Pickett,20.0,53.1,46,0.2,4.3,10
2022,Regular,DAL,2577417,Dak Prescott,21.0,42.8,54,-0.6,4.3,10
2022,Regular,LAC,4038941,Justin Herbert,22.0,41.6,45,-2.5,1.5,10
2022,Regular,MIN,14880,Kirk Cousins,23.0,37.4,63,-4.7,1.0,10
2022,Regular,HOU,4242546,Davis Mills,24.0,32.5,44,-2.6,1.2,10
2022,Regular,NO,14012,Andy Dalton,25.0,27.8,33,-2.6,0.4,10
2022,Regular,LA,3124092,John Wolford,26.5,22.5,45,-3.8,0.2,10
2022,Regular,CAR,3051308,PJ Walker,26.5,22.5,24,-1.2,0.9,10
2022,Regular,DEN,14881,Russell Wilson,28.0,20.8,61,-6.3,-0.8,10
2022,Regular,DAL,2577417,Dak Prescott,1.0,94.1,28,5.6,6.4,11
2022,Regular,NO,14012,Andy Dalton,2.0,84.8,28,4.4,6.6,11
2022,Regular,LAC,4038941,Justin Herbert,3.0,83.3,41,5.5,9.1,11
2022,Regular,KC,3139477,Patrick Mahomes,4.0,82.4,40,4.0,7.6,11
2022,Regular,LA,12483,Matthew Stafford,5.0,82.3,21,1.8,3.7,11
2022,Regular,SF,16760,Jimmy Garoppolo,6.0,79.3,32,2.8,5.2,11
2022,Regular,TEN,14876,Ryan Tannehill,7.0,78.1,32,3.2,5.8,11
2022,Regular,LV,16757,Derek Carr,8.0,72.0,41,1.7,5.4,11
2022,Regular,PHI,4040715,Jalen Hurts,9.0,71.9,44,2.9,6.9,11
2022,Regular,BUF,3918298,Josh Allen,10.0,69.2,31,1.2,3.6,11
2022,Regular,DET,3046779,Jared Goff,11.0,65.2,28,1.0,3.3,11
2022,Regular,CLE,2578570,Jacoby Brissett,12.0,62.2,57,0.4,4.2,11
2022,Regular,PIT,4240703,Kenny Pickett,13.0,62.1,51,1.4,5.2,11
2022,Regular,CIN,3915511,Joe Burrow,14.0,55.9,45,0.3,4.3,11
2022,Regular,WAS,2565969,Taylor Heinicke,15.0,54.2,29,0.0,2.1,11
2022,Regular,IND,11237,Matt Ryan,16.0,51.3,40,-0.7,2.9,11
2022,Regular,GB,8439,Aaron Rodgers,17.0,50.6,41,0.5,3.9,11
2022,Regular,ARI,13199,Colt McCoy,18.0,42.7,41,-1.8,1.7,11
2022,Regular,NYG,3917792,Daniel Jones,19.0,41.7,57,1.2,5.1,11
2022,Regular,DEN,14881,Russell Wilson,20.0,36.4,38,0.0,3.5,11
2022,Regular,ATL,2576980,Marcus Mariota,21.0,36.2,29,0.0,2.6,11
2022,Regular,CHI,4362887,Justin Fields,22.0,35.9,47,-1.1,3.2,11
2022,Regular,BAL,3916387,Lamar Jackson,23.0,23.6,49,-3.7,0.7,11
2022,Regular,NE,4241464,Mac Jones,24.0,23.1,35,-3.1,0.1,11
2022,Regular,LA,3052587,Baker Mayfield,25.0,21.2,44,-4.8,-0.7,11
2022,Regular,NYJ,4361259,Zach Wilson,26.0,20.3,32,-3.6,-0.7,11
2022,Regular,MIN,14880,Kirk Cousins,27.0,14.9,36,-4.8,-1.0,11
2022,Regular,HOU,4242546,Davis Mills,28.0,12.8,43,-5.3,-1.0,11
2022,Regular,NYJ,3051381,Mike White,1.0,91.3,30,6.2,7.9,12
2022,Regular,PHI,4040715,Jalen Hurts,2.0,90.3,48,9.0,12.9,12
2022,Regular,ARI,3917315,Kyler Murray,3.0,86.0,38,5.3,8.7,12
2022,Regular,MIA,4241479,Tua Tagovailoa,4.0,83.8,41,5.0,6.0,12
2022,Regular,MIN,14880,Kirk Cousins,5.0,83.6,43,5.1,9.0,12
2022,Regular,SF,16760,Jimmy Garoppolo,6.0,83.4,40,4.4,7.7,12
2022,Regular,LV,16757,Derek Carr,7.0,82.3,41,3.7,7.3,12
2022,Regular,LAC,4038941,Justin Herbert,8.0,82.0,57,5.2,10.3,12
2022,Regular,DET,3046779,Jared Goff,9.0,79.6,42,3.3,7.1,12
2022,Regular,JAX,4360310,Trevor Lawrence,10.0,76.4,47,4.1,8.0,12
2022,Regular,BUF,3918298,Josh Allen,11.0,72.9,56,5.4,10.4,12
2022,Regular,DAL,2577417,Dak Prescott,12.0,72.4,39,3.1,6.4,12
2022,Regular,KC,3139477,Patrick Mahomes,13.0,69.6,48,4.5,8.4,12
2022,Regular,CAR,3912547,Sam Darnold,14.0,68.2,21,1.0,2.7,12
2022,Regular,BAL,3916387,Lamar Jackson,15.0,66.8,50,2.8,7.4,12
2022,Regular,PIT,4240703,Kenny Pickett,16.0,64.9,37,1.5,4.8,12
2022,Regular,CIN,3915511,Joe Burrow,17.0,64.0,44,1.4,5.4,12
2022,Regular,NYG,3917792,Daniel Jones,18.0,60.9,41,0.1,3.0,12
2022,Regular,NE,4241464,Mac Jones,19.0,59.8,41,1.4,4.8,12
2022,Regular,ATL,2576980,Marcus Mariota,20.0,58.5,33,0.5,3.5,12
2022,Regular,NO,14012,Andy Dalton,21.0,58.3,39,-0.3,3.1,12
2022,Regular,TB,2330,Tom Brady,22.0,57.1,51,-0.4,4.2,12
2022,Regular,TEN,14876,Ryan Tannehill,23.0,56.2,41,0.4,4.1,12
2022,Regular,WAS,2565969,Taylor Heinicke,24.0,55.7,23,1.2,3.3,12
2022,Regular,CLE,2578570,Jacoby Brissett,25.0,52.8,44,0.1,4.1,12
2022,Regular,SEA,15864,Geno Smith,26.0,47.0,45,1.4,5.5,12
2022,Regular,GB,8439,Aaron Rodgers,27.0,35.5,21,-1.7,0.2,12
2022,Regular,IND,11237,Matt Ryan,28.0,34.7,42,-1.5,2.3,12
2022,Regular,LA,3675812,Bryce Perkins,29.0,29.6,35,-2.1,0.9,12
2022,Regular,CHI,2511109,Trevor Siemian,30.0,28.4,30,-2.7,0.1,12
2022,Regular,DEN,14881,Russell Wilson,31.0,26.2,41,-3.5,0.2,12
2022,Regular,HOU,3115293,Kyle Allen,32.0,4.3,50,-10.1,-3.3,12
2022,Regular,CHI,4362887,Justin Fields,1.0,92.6,31,6.5,8.4,13
2022,Regular,KC,3139477,Patrick Mahomes,2.0,91.5,31,4.4,7.2,13
2022,Regular,BUF,3918298,Josh Allen,3.0,90.5,42,6.0,9.3,13
2022,Regular,DET,3046779,Jared Goff,4.0,82.1,46,6.2,7.7,13
2022,Regular,MIN,14880,Kirk Cousins,5.0,75.8,41,3.2,6.7,13
2022,Regular,PHI,4040715,Jalen Hurts,6.0,74.1,53,4.5,8.1,13
2022,Regular,CIN,3915511,Joe Burrow,7.0,73.2,44,4.0,7.8,13
2022,Regular,BAL,4035671,Tyler Huntley,8.0,71.6,45,2.6,6.7,13
2022,Regular,TEN,14876,Ryan Tannehill,9.0,71.5,33,0.8,3.3,13
2022,Regular,NO,14012,Andy Dalton,10.0,70.2,33,1.2,3.9,13
2022,Regular,SEA,15864,Geno Smith,11.0,67.5,47,3.1,7.4,13
2022,Regular,DEN,14881,Russell Wilson,12.0,67.0,28,0.9,3.5,13
2022,Regular,LV,16757,Derek Carr,13.0,58.9,32,1.2,4.0,13
2022,Regular,SF,4361741,Brock Purdy,14.0,58.6,43,2.6,6.4,13
2022,Regular,IND,11237,Matt Ryan,15.0,56.7,45,-0.5,2.9,13
2022,Regular,PIT,4240703,Kenny Pickett,16.0,52.7,38,1.0,4.4,13
2022,Regular,GB,8439,Aaron Rodgers,17.0,52.5,36,1.0,4.2,13
2022,Regular,JAX,4360310,Trevor Lawrence,18.0,44.9,39,0.4,3.0,13
2022,Regular,TB,2330,Tom Brady,19.0,44.8,59,-1.1,3.9,13
2022,Regular,DAL,2577417,Dak Prescott,20.0,41.9,32,-0.2,2.6,13
2022,Regular,NE,4241464,Mac Jones,21.0,41.2,42,-1.8,1.4,13
2022,Regular,ATL,2576980,Marcus Mariota,22.0,34.4,32,-1.2,1.7,13
2022,Regular,NYG,3917792,Daniel Jones,23.0,32.5,45,-1.8,2.3,13
2022,Regular,CLE,3122840,Deshaun Watson,24.0,29.3,31,-2.4,0.4,13
2022,Regular,WAS,2565969,Taylor Heinicke,25.0,26.7,49,-3.9,0.5,13
2022,Regular,LA,3124092,John Wolford,26.0,25.9,38,-2.8,0.6,13
2022,Regular,NYJ,3051381,Mike White,27.0,22.7,63,-5.1,0.6,13
2022,Regular,MIA,4241479,Tua Tagovailoa,28.0,19.3,38,-5.1,-1.6,13
2022,Regular,LAC,4038941,Justin Herbert,29.0,16.0,57,-5.5,-0.3,13
2022,Regular,HOU,3115293,Kyle Allen,30.0,3.1,42,-10.8,-5.7,13
2022,Regular,SF,4361741,Brock Purdy,1.0,93.5,27,5.0,5.5,14
2022,Regular,PHI,4040715,Jalen Hurts,2.5,85.6,43,5.1,7.5,14
2022,Regular,HOU,4242546,Davis Mills,2.5,85.6,24,2.3,4.2,14
2022,Regular,JAX,4360310,Trevor Lawrence,4.0,82.9,48,4.9,8.1,14
2022,Regular,CIN,3915511,Joe Burrow,5.0,78.0,40,3.2,6.6,14
2022,Regular,NYG,3917792,Daniel Jones,6.0,77.0,36,2.3,4.1,14
2022,Regular,MIN,14880,Kirk Cousins,7.0,76.3,48,5.2,8.4,14
2022,Regular,DET,3046779,Jared Goff,8.0,71.1,41,3.6,7.1,14
2022,Regular,LAC,4038941,Justin Herbert,9.0,70.7,60,5.9,11.1,14
2022,Regular,KC,3139477,Patrick Mahomes,10.0,66.9,47,1.1,5.0,14
2022,Regular,CLE,3122840,Deshaun Watson,11.0,62.8,52,0.5,4.6,14
2022,Regular,LA,3052587,Baker Mayfield,12.0,61.1,45,3.3,6.8,14
2022,Regular,PIT,3039707,Mitch Trubisky,13.0,60.7,34,1.1,4.1,14
2022,Regular,DEN,14881,Russell Wilson,14.0,59.4,50,2.3,6.1,14
2022,Regular,SEA,15864,Geno Smith,15.0,58.8,44,1.4,4.8,14
2022,Regular,NYJ,3051381,Mike White,16.0,56.4,49,-1.0,3.0,14
2022,Regular,BUF,3918298,Josh Allen,17.0,51.4,44,0.0,3.8,14
2022,Regular,BAL,4035671,Tyler Huntley,18.0,45.3,21,-0.4,1.5,14
2022,Regular,LV,16757,Derek Carr,19.0,41.3,25,-0.3,1.9,14
2022,Regular,CAR,3912547,Sam Darnold,20.0,37.3,33,-1.8,1.1,14
2022,Regular,TB,2330,Tom Brady,21.0,35.2,59,-4.5,0.5,14
2022,Regular,MIA,4241479,Tua Tagovailoa,22.0,29.9,36,-2.5,0.8,14
2022,Regular,NE,4241464,Mac Jones,23.0,29.1,39,-3.1,0.4,14
2022,Regular,DAL,2577417,Dak Prescott,24.0,23.6,46,-3.6,0.6,14
2022,Regular,TEN,14876,Ryan Tannehill,25.0,21.7,47,-3.0,0.8,14
2022,Regular,ARI,13199,Colt McCoy,26.0,17.4,55,-5.8,-0.7,14
2022,Regular,KC,3139477,Patrick Mahomes,1.0,93.5,48,8.6,13.0,15
2022,Regular,PIT,3039707,Mitch Trubisky,2.0,83.1,31,3.1,5.7,15
2022,Regular,DET,3046779,Jared Goff,3.0,80.2,38,2.9,6.3,15
2022,Regular,NYG,3917792,Daniel Jones,4.0,76.8,42,3.2,7.0,15
2022,Regular,DAL,2577417,Dak Prescott,5.0,75.5,39,3.4,6.7,15
2022,Regular,SF,4361741,Brock Purdy,6.0,66.6,32,1.0,3.4,15
2022,Regular,JAX,4360310,Trevor Lawrence,7.0,62.0,48,1.2,5.3,15
2022,Regular,BUF,3918298,Josh Allen,8.0,58.7,59,3.5,8.9,15
2022,Regular,CIN,3915511,Joe Burrow,9.0,57.0,46,-0.2,3.6,15
2022,Regular,MIA,4241479,Tua Tagovailoa,10.0,54.7,36,-0.9,2.4,15
2022,Regular,PHI,4040715,Jalen Hurts,11.0,53.6,54,1.6,6.4,15
2022,Regular,NO,14012,Andy Dalton,12.0,53.1,21,1.0,2.8,15
2022,Regular,HOU,4242546,Davis Mills,13.0,52.8,31,0.9,3.7,15
2022,Regular,CAR,3912547,Sam Darnold,14.0,49.5,31,0.2,2.7,15
2022,Regular,SEA,15864,Geno Smith,15.0,47.0,50,-1.1,3.0,15
2022,Regular,LV,16757,Derek Carr,16.0,45.9,48,-0.4,3.9,15
2022,Regular,LAC,4038941,Justin Herbert,17.0,43.1,46,-0.4,3.8,15
2022,Regular,CLE,3122840,Deshaun Watson,18.0,42.8,34,-0.6,2.4,15
2022,Regular,TB,2330,Tom Brady,19.0,41.7,51,-1.6,2.6,15
2022,Regular,GB,8439,Aaron Rodgers,20.0,39.7,35,0.2,2.9,15
2022,Regular,NYJ,4361259,Zach Wilson,21.0,39.2,43,0.6,4.5,15
2022,Regular,CHI,4362887,Justin Fields,22.0,38.6,43,-2.3,1.6,15
2022,Regular,ATL,4239086,Desmond Ridder,23.0,38.4,39,-2.2,1.3,15
2022,Regular,WAS,2565969,Taylor Heinicke,24.0,35.6,39,-1.2,2.3,15
2022,Regular,ARI,13199,Colt McCoy,25.0,34.0,26,-1.9,0.5,15
2022,Regular,MIN,14880,Kirk Cousins,26.0,32.9,68,-2.3,2.8,15
2022,Regular,TEN,14876,Ryan Tannehill,27.0,31.7,28,-1.7,0.8,15
2022,Regular,IND,11237,Matt Ryan,28.0,31.4,40,-2.0,1.2,15
2022,Regular,DEN,3722362,Brett Rypien,29.0,20.9,36,-3.3,0.0,15
2022,Regular,LA,3052587,Baker Mayfield,30.0,19.5,30,-2.7,0.0,15
2022,Regular,BAL,4035671,Tyler Huntley,31.0,12.9,42,-6.9,-2.9,15
2022,Regular,NE,4241464,Mac Jones,32.0,11.8,40,-4.9,-1.2,15
2022,Regular,LA,3052587,Baker Mayfield,1.5,87.1,31,4.3,4.7,16
2022,Regular,DAL,2577417,Dak Prescott,1.5,87.1,45,5.2,9.2,16
2022,Regular,CAR,3912547,Sam Darnold,3.0,86.9,32,5.7,6.8,16
2022,Regular,WAS,2565969,Taylor Heinicke,4.0,84.2,24,2.1,4.2,16
2022,Regular,CIN,3915511,Joe Burrow,5.0,77.4,61,4.3,8.0,16
2022,Regular,NYJ,3040206,Chris Streveler,6.5,73.9,26,2.6,3.1,16
2022,Regular,PHI,4038524,Gardner Minshew,6.5,73.9,46,2.0,6.2,16
2022,Regular,JAX,4360310,Trevor Lawrence,8.0,64.2,40,0.7,4.0,16
2022,Regular,SF,4361741,Brock Purdy,9.0,63.5,29,1.5,3.8,16
2022,Regular,PIT,4240703,Kenny Pickett,10.0,59.9,42,2.9,6.7,16
2022,Regular,DET,3046779,Jared Goff,11.0,59.8,49,0.8,3.1,16
2022,Regular,NYG,3917792,Daniel Jones,12.0,59.1,54,1.7,6.6,16
2022,Regular,NE,4241464,Mac Jones,13.0,58.3,41,0.7,3.5,16
2022,Regular,CHI,4362887,Justin Fields,14.0,55.5,34,0.0,2.8,16
2022,Regular,ATL,4239086,Desmond Ridder,15.0,54.5,40,-0.1,3.4,16
2022,Regular,MIN,14880,Kirk Cousins,16.0,51.3,55,0.8,5.8,16
2022,Regular,SEA,15864,Geno Smith,17.0,51.0,49,0.2,3.4,16
2022,Regular,BUF,3918298,Josh Allen,18.0,47.1,33,0.5,3.3,16
2022,Regular,KC,3139477,Patrick Mahomes,19.0,37.6,35,-1.2,1.7,16
2022,Regular,TB,2330,Tom Brady,20.0,36.4,54,-3.0,1.9,16
2022,Regular,TEN,4242512,Malik Willis,21.0,36.0,37,-1.3,1.9,16
2022,Regular,LAC,4038941,Justin Herbert,22.5,34.1,40,-2.0,1.6,16
2022,Regular,GB,8439,Aaron Rodgers,22.5,34.1,47,-1.4,2.8,16
2022,Regular,MIA,4241479,Tua Tagovailoa,24.0,26.7,27,-1.1,1.4,16
2022,Regular,CLE,3122840,Deshaun Watson,25.0,24.3,38,-3.2,0.2,16
2022,Regular,HOU,4242546,Davis Mills,26.0,23.3,36,-3.4,-0.1,16
2022,Regular,LV,16757,Derek Carr,27.0,21.1,37,-3.9,-0.5,16
2022,Regular,BAL,4035671,Tyler Huntley,28.0,17.7,26,-1.8,0.5,16
2022,Regular,ARI,3116172,Trace McSorley,29.0,9.6,53,-8.7,-3.8,16
2022,Regular,NYJ,4361259,Zach Wilson,30.0,5.7,24,-4.1,-1.9,16
2022,Regular,IND,14877,Nick Foles,31.0,4.0,38,-8.1,-3.6,16
2022,Regular,DEN,14881,Russell Wilson,32.0,3.7,37,-8.0,-2.3,16
2022,Regular,NYG,3917792,Daniel Jones,1.0,97.0,35,9.2,9.5,17
2022,Regular,PIT,4240703,Kenny Pickett,2.0,82.5,33,3.1,6.1,17
2022,Regular,LAC,4038941,Justin Herbert,3.0,82.3,29,4.1,6.2,17
2022,Regular,DAL,2577417,Dak Prescott,4.0,79.7,50,4.4,8.4,17
2022,Regular,LV,3892775,Jarrett Stidham,5.0,79.2,45,3.8,7.9,17
2022,Regular,TB,2330,Tom Brady,6.0,78.5,56,5.5,10.5,17
2022,Regular,BAL,4035671,Tyler Huntley,7.0,73.7,31,2.5,5.2,17
2022,Regular,DET,3046779,Jared Goff,8.0,70.4,32,3.2,4.9,17
2022,Regular,SF,4361741,Brock Purdy,9.0,69.9,38,3.1,6.5,17
2022,Regular,KC,3139477,Patrick Mahomes,10.0,67.2,46,2.0,6.1,17
2022,Regular,SEA,15864,Geno Smith,11.0,56.6,39,0.6,3.4,17
2022,Regular,CAR,3912547,Sam Darnold,12.0,55.6,48,-0.4,3.5,17
2022,Regular,MIA,4036419,Skylar Thompson,13.0,54.6,26,-0.1,1.9,17
2022,Regular,DEN,14881,Russell Wilson,14.0,48.7,49,-0.2,4.3,17
2022,Regular,ARI,3116188,David Blough,15.5,44.3,47,0.1,4.4,17
2022,Regular,NE,4241464,Mac Jones,15.5,44.3,42,0.8,4.5,17
2022,Regular,GB,8439,Aaron Rodgers,17.0,43.0,25,0.1,1.5,17
2022,Regular,NO,14012,Andy Dalton,18.0,40.7,29,-1.9,0.7,17
2022,Regular,ATL,4239086,Desmond Ridder,19.0,38.4,35,-1.1,2.1,17
2022,Regular,WAS,2573079,Carson Wentz,20.0,37.3,37,-1.7,1.3,17
2022,Regular,TEN,3044720,Joshua Dobbs,21.5,35.7,46,-2.4,1.6,17
2022,Regular,CLE,3122840,Deshaun Watson,21.5,35.7,31,-1.5,1.3,17
2022,Regular,MIA,16728,Teddy Bridgewater,23.0,35.5,24,-1.4,0.8,17
2022,Regular,LA,3052587,Baker Mayfield,24.0,30.6,26,-1.7,0.6,17
2022,Regular,JAX,4360310,Trevor Lawrence,25.0,23.8,27,-2.6,-0.1,17
2022,Regular,CHI,4362887,Justin Fields,26.0,20.3,40,-2.8,0.5,17
2022,Regular,NYJ,3051381,Mike White,27.0,13.2,53,-8.1,-2.4,17
2022,Regular,PHI,4038524,Gardner Minshew,28.0,12.7,43,-6.0,-2.0,17
2022,Regular,MIN,14880,Kirk Cousins,29.0,11.1,41,-5.6,-1.5,17
2022,Regular,HOU,4242546,Davis Mills,30.0,9.1,47,-6.4,-1.1,17
2022,Regular,LAC,4038941,Justin Herbert,1.0,86.4,39,4.3,7.8,18
2022,Regular,BUF,3918298,Josh Allen,2.5,82.9,39,4.5,7.6,18
2022,Regular,KC,3139477,Patrick Mahomes,2.5,82.9,33,4.4,5.8,18
2022,Regular,MIN,14880,Kirk Cousins,4.0,82.3,21,2.7,4.3,18
2022,Regular,NYG,3052600,Davis Webb,5.0,76.9,54,2.4,6.1,18
2022,Regular,ATL,4239086,Desmond Ridder,6.0,76.5,35,2.7,5.6,18
2022,Regular,NE,4241464,Mac Jones,7.0,70.1,47,1.0,5.0,18
2022,Regular,TEN,3044720,Joshua Dobbs,8.0,69.6,40,2.6,6.3,18
2022,Regular,PIT,4240703,Kenny Pickett,9.0,68.6,38,1.7,5.0,18
2022,Regular,HOU,4242546,Davis Mills,10.0,67.7,42,2.0,5.7,18
2022,Regular,DEN,14881,Russell Wilson,11.0,60.6,35,1.5,4.6,18
2022,Regular,NYJ,11252,Joe Flacco,12.0,58.1,38,1.5,4.7,18
2022,Regular,SF,4361741,Brock Purdy,13.0,53.7,31,0.4,3.0,18
2022,Regular,NO,14012,Andy Dalton,14.0,50.5,28,0.2,2.8,18
2022,Regular,WAS,4426875,Sam Howell,15.0,48.3,29,-0.4,2.0,18
2022,Regular,MIN,3059989,Nick Mullens,16.0,47.8,20,0.3,1.7,18
2022,Regular,CHI,2972236,Nathan Peterman,17.0,47.2,23,0.4,2.3,18
2022,Regular,JAX,4360310,Trevor Lawrence,18.0,45.6,37,-0.1,3.3,18
2022,Regular,DET,3046779,Jared Goff,19.0,42.9,38,-0.4,3.0,18
2022,Regular,CLE,3122840,Deshaun Watson,20.0,42.5,43,-1.3,2.1,18
2022,Regular,GB,8439,Aaron Rodgers,21.0,40.8,35,0.7,3.8,18
2022,Regular,SEA,15864,Geno Smith,22.0,39.3,40,0.1,3.8,18
2022,Regular,LV,3892775,Jarrett Stidham,23.0,31.1,52,-1.9,1.9,18
2022,Regular,IND,4241820,Sam Ehlinger,24.0,30.8,46,-2.4,1.8,18
2022,Regular,CIN,3915511,Joe Burrow,25.0,26.2,48,-3.4,0.9,18
2022,Regular,PHI,4040715,Jalen Hurts,26.0,24.5,43,-3.0,0.8,18
2022,Regular,DAL,2577417,Dak Prescott,27.0,15.9,45,-5.7,-1.4,18
2022,Regular,MIA,4036419,Skylar Thompson,28.0,15.7,37,-4.6,-1.2,18
2022,Regular,CAR,3912547,Sam Darnold,29.0,11.9,23,-3.9,-1.8,18
2022,Regular,ARI,3116188,David Blough,30.0,11.4,26,-4.6,-2.1,18
2022,Regular,LA,3052587,Baker Mayfield,31.0,10.2,35,-6.1,-2.9,18
2022,Regular,BAL,4035312,Anthony Brown,32.0,6.0,46,-10.2,-4.7,18
2023,Playoffs,GB,4036378,Jordan Love,1.0,99.3,22,7.3,7.6,1
2023,Playoffs,HOU,4432577,C.J. Stroud,2.0,98.5,24,6.0,7.6,1
2023,Playoffs,BUF,3918298,Josh Allen,3.0,91.7,40,6.3,8.8,1
2023,Playoffs,KC,3139477,Patrick Mahomes,4.0,88.5,45,7.1,10.6,1
2023,Playoffs,DET,3046779,Jared Goff,5.0,74.9,32,3.0,5.9,1
2023,Playoffs,LA,12483,Matthew Stafford,6.0,74.7,41,3.7,7.4,1
2023,Playoffs,CLE,11252,Joe Flacco,7.0,54.9,54,1.0,4.3,1
2023,Playoffs,TB,3052587,Baker Mayfield,8.0,43.1,43,0.8,4.2,1
2023,Playoffs,DAL,2577417,Dak Prescott,9.0,42.9,73,0.1,3.5,1
2023,Playoffs,PIT,3116407,Mason Rudolph,10.0,40.2,44,-1.8,1.7,1
2023,Playoffs,PHI,4040715,Jalen Hurts,11.0,40.0,42,-1.2,2.3,1
2023,Playoffs,MIA,4241479,Tua Tagovailoa,12.0,15.3,47,-6.9,-1.6,1
2023,Playoffs,BAL,3916387,Lamar Jackson,1.0,94.0,39,8.5,11.5,2
2023,Playoffs,KC,3139477,Patrick Mahomes,2.0,91.2,28,4.3,6.8,2
2023,Playoffs,DET,3046779,Jared Goff,3.0,65.5,48,3.1,7.3,2
2023,Playoffs,BUF,3918298,Josh Allen,4.0,65.2,52,2.0,6.7,2
2023,Playoffs,SF,4361741,Brock Purdy,5.0,62.1,45,2.5,6.6,2
2023,Playoffs,TB,3052587,Baker Mayfield,6.0,54.6,50,1.4,5.4,2
2023,Playoffs,HOU,4432577,C.J. Stroud,7.0,49.8,43,-2.2,1.5,2
2023,Playoffs,GB,4036378,Jordan Love,8.0,42.9,43,-1.6,2.3,2
2023,Playoffs,KC,3139477,Patrick Mahomes,1.0,91.1,48,5.4,9.5,3
2023,Playoffs,SF,4361741,Brock Purdy,2.0,88.2,36,6.3,9.3,3
2023,Playoffs,DET,3046779,Jared Goff,3.0,58.0,44,0.2,3.6,3
2023,Playoffs,BAL,3916387,Lamar Jackson,4.0,41.6,49,-1.5,2.9,3
2023,Playoffs,KC,3139477,Patrick Mahomes,1.0,75.8,59,4.3,9.6,5
2023,Playoffs,SF,4361741,Brock Purdy,2.0,69.8,47,2.0,6.3,5
2023,Regular,SF,4361741,Brock Purdy,1.0,93.4,36,5.6,6.2,1
2023,Regular,MIA,4241479,Tua Tagovailoa,2.0,85.9,50,6.6,11.1,1
2023,Regular,LA,12483,Matthew Stafford,3.0,85.4,44,5.9,9.3,1
2023,Regular,GB,4036378,Jordan Love,4.0,79.6,32,2.3,4.8,1
2023,Regular,DEN,14881,Russell Wilson,5.0,78.8,39,3.7,7.2,1
2023,Regular,LV,16760,Jimmy Garoppolo,6.0,77.8,34,3.5,6.6,1
2023,Regular,DAL,2577417,Dak Prescott,7.0,75.6,28,1.7,2.4,1
2023,Regular,DET,3046779,Jared Goff,8.0,68.3,38,1.2,4.7,1
2023,Regular,JAX,4360310,Trevor Lawrence,9.5,66.2,42,1.5,5.2,1
2023,Regular,KC,3139477,Patrick Mahomes,9.5,66.2,49,4.0,8.4,1
2023,Regular,CLE,3122840,Deshaun Watson,11.0,61.7,39,2.1,5.3,1
2023,Regular,TB,3052587,Baker Mayfield,12.0,58.3,41,1.1,4.9,1
2023,Regular,NO,16757,Derek Carr,13.0,56.5,40,1.8,5.4,1
2023,Regular,BUF,3918298,Josh Allen,14.0,55.9,52,-1.2,3.5,1
2023,Regular,MIN,14880,Kirk Cousins,15.0,50.7,52,1.1,5.8,1
2023,Regular,LAC,4038941,Justin Herbert,16.0,50.3,45,0.7,4.8,1
2023,Regular,SEA,15864,Geno Smith,17.0,44.8,32,0.1,2.8,1
2023,Regular,PHI,4040715,Jalen Hurts,18.0,38.1,47,-2.5,1.7,1
2023,Regular,NE,4241464,Mac Jones,19.0,36.3,60,-0.1,5.2,1
2023,Regular,CIN,3915511,Joe Burrow,20.0,34.3,35,-3.8,-0.5,1
2023,Regular,WAS,4426875,Sam Howell,21.0,32.6,40,-0.6,3.0,1
2023,Regular,HOU,4432577,C.J. Stroud,22.0,32.0,57,-5.9,-0.6,1
2023,Regular,IND,4429084,Anthony Richardson,23.0,26.3,53,-3.7,1.0,1
2023,Regular,ATL,4239086,Desmond Ridder,24.0,26.0,24,-1.3,0.8,1
2023,Regular,PIT,4240703,Kenny Pickett,25.0,24.1,53,-4.2,0.4,1
2023,Regular,NYJ,4361259,Zach Wilson,26.0,22.0,26,-2.2,0.2,1
2023,Regular,CHI,4362887,Justin Fields,27.0,19.3,54,-4.3,0.4,1
2023,Regular,MIN,3044720,Joshua Dobbs,28.0,17.4,37,-3.9,-0.5,1
2023,Regular,CAR,4685720,Bryce Young,29.0,15.9,47,-5.5,-1.0,1
2023,Regular,BAL,3916387,Lamar Jackson,30.0,11.3,36,-4.4,-1.0,1
2023,Regular,TEN,14876,Ryan Tannehill,31.0,9.9,47,-7.9,-3.6,1
2023,Regular,NYG,3917792,Daniel Jones,32.0,8.5,50,-8.5,-2.0,1
2023,Regular,DAL,2577417,Dak Prescott,1.0,92.5,44,6.9,10.0,2
2023,Regular,IND,4038524,Gardner Minshew,2.0,88.6,26,3.9,5.0,2
2023,Regular,BUF,3918298,Josh Allen,3.0,86.1,44,5.8,8.4,2
2023,Regular,BAL,3916387,Lamar Jackson,4.0,85.4,47,5.9,10.0,2
2023,Regular,DET,3046779,Jared Goff,5.0,83.0,38,5.3,8.7,2
2023,Regular,SEA,15864,Geno Smith,6.0,82.8,49,6.1,10.6,2
2023,Regular,GB,4036378,Jordan Love,7.0,80.7,32,3.2,6.1,2
2023,Regular,TB,3052587,Baker Mayfield,8.0,80.2,42,4.0,7.8,2
2023,Regular,MIN,3044720,Joshua Dobbs,9.0,79.4,42,4.0,6.7,2
2023,Regular,SF,4361741,Brock Purdy,10.0,76.7,29,2.5,5.1,2
2023,Regular,MIA,4241479,Tua Tagovailoa,11.0,76.6,33,2.3,5.0,2
2023,Regular,MIN,14880,Kirk Cousins,12.0,75.2,49,4.7,7.5,2
2023,Regular,NYG,3917792,Daniel Jones,13.0,71.9,51,4.2,7.8,2
2023,Regular,KC,3139477,Patrick Mahomes,14.0,71.1,50,2.3,6.8,2
2023,Regular,CIN,3915511,Joe Burrow,15.0,68.3,44,1.0,4.8,2
2023,Regular,ATL,4239086,Desmond Ridder,16.0,68.0,45,3.3,7.4,2
2023,Regular,TEN,14876,Ryan Tannehill,17.0,65.3,33,2.1,5.1,2
2023,Regular,WAS,4426875,Sam Howell,18.0,64.6,50,2.6,6.9,2
2023,Regular,NE,4241464,Mac Jones,19.0,62.8,53,2.7,7.0,2
2023,Regular,LAC,4038941,Justin Herbert,20.0,62.6,48,2.1,6.4,2
2023,Regular,LA,12483,Matthew Stafford,21.0,50.4,60,0.2,4.8,2
2023,Regular,HOU,4432577,C.J. Stroud,22.0,48.8,59,0.2,4.0,2
2023,Regular,CAR,4685720,Bryce Young,23.0,47.3,43,0.0,3.4,2
2023,Regular,PHI,4040715,Jalen Hurts,24.0,41.5,44,0.0,3.7,2
2023,Regular,NYJ,4361259,Zach Wilson,25.0,39.4,38,-1.8,1.1,2
2023,Regular,DEN,14881,Russell Wilson,26.0,38.7,47,-0.4,3.3,2
2023,Regular,NO,16757,Derek Carr,27.0,33.1,45,-2.3,1.7,2
2023,Regular,LV,16760,Jimmy Garoppolo,28.0,19.4,26,-3.0,-0.5,2
2023,Regular,CHI,4362887,Justin Fields,29.0,17.4,41,-4.5,-0.7,2
2023,Regular,JAX,4360310,Trevor Lawrence,30.0,14.9,56,-7.2,-2.1,2
2023,Regular,CLE,3122840,Deshaun Watson,31.0,14.8,55,-8.6,-3.5,2
2023,Regular,PIT,4240703,Kenny Pickett,32.0,14.4,37,-6.2,-2.7,2
2023,Regular,LAC,4038941,Justin Herbert,1.0,95.9,50,11.4,15.9,3
2023,Regular,MIA,4241479,Tua Tagovailoa,2.0,89.9,29,5.3,6.0,3
2023,Regular,BUF,3918298,Josh Allen,3.0,89.2,36,5.5,7.7,3
2023,Regular,KC,3139477,Patrick Mahomes,4.0,85.9,37,4.6,5.8,3
2023,Regular,HOU,4432577,C.J. Stroud,5.0,85.6,36,3.9,6.5,3
2023,Regular,MIN,3044720,Joshua Dobbs,6.0,84.6,34,4.2,6.9,3
2023,Regular,PIT,4240703,Kenny Pickett,7.0,82.6,32,3.0,5.7,3
2023,Regular,CLE,3122840,Deshaun Watson,8.0,79.1,44,5.3,8.1,3
2023,Regular,NE,4241464,Mac Jones,9.0,68.8,36,0.5,3.8,3
2023,Regular,DEN,14881,Russell Wilson,10.0,67.0,40,1.8,3.4,3
2023,Regular,SF,4361741,Brock Purdy,11.0,64.4,42,1.9,5.5,3
2023,Regular,NO,16757,Derek Carr,12.0,63.9,21,0.9,2.6,3
2023,Regular,BAL,3916387,Lamar Jackson,13.0,60.6,49,2.0,6.4,3
2023,Regular,DET,3046779,Jared Goff,14.0,58.8,38,1.7,5.0,3
2023,Regular,PHI,4040715,Jalen Hurts,15.0,55.7,50,0.8,4.4,3
2023,Regular,SEA,15864,Geno Smith,16.5,54.7,40,1.3,4.7,3
2023,Regular,IND,4038524,Gardner Minshew,16.5,54.7,52,-1.9,2.8,3
2023,Regular,JAX,4360310,Trevor Lawrence,18.0,53.0,49,1.6,5.1,3
2023,Regular,CAR,14012,Andy Dalton,19.0,50.0,72,0.6,6.2,3
2023,Regular,GB,4036378,Jordan Love,20.0,48.3,57,0.1,4.8,3
2023,Regular,MIN,14880,Kirk Cousins,21.0,47.0,60,0.6,6.1,3
2023,Regular,LV,16760,Jimmy Garoppolo,22.0,40.2,58,-2.3,2.7,3
2023,Regular,NYG,3917792,Daniel Jones,23.0,35.1,39,-2.4,1.0,3
2023,Regular,DAL,2577417,Dak Prescott,24.0,31.7,53,-2.0,2.8,3
2023,Regular,LA,12483,Matthew Stafford,25.0,25.6,41,-3.0,0.6,3
2023,Regular,TEN,14876,Ryan Tannehill,26.0,23.6,37,-5.4,-1.8,3
2023,Regular,TB,3052587,Baker Mayfield,27.0,23.3,30,-1.4,1.1,3
2023,Regular,CIN,3915511,Joe Burrow,28.0,22.0,56,-4.1,1.0,3
2023,Regular,CHI,4362887,Justin Fields,29.0,16.1,38,-5.4,-1.0,3
2023,Regular,NYJ,4361259,Zach Wilson,30.0,15.5,41,-4.9,-1.1,3
2023,Regular,WAS,4426875,Sam Howell,31.0,12.2,40,-5.3,-1.2,3
2023,Regular,ATL,4239086,Desmond Ridder,32.0,11.3,50,-6.6,-1.6,3
2023,Regular,SF,4361741,Brock Purdy,1.0,96.5,25,6.8,7.8,4
2023,Regular,TB,3052587,Baker Mayfield,2.0,91.5,42,6.5,9.8,4
2023,Regular,BUF,3918298,Josh Allen,3.0,90.2,31,5.3,7.0,4
2023,Regular,DAL,2577417,Dak Prescott,4.0,81.5,39,4.1,5.1,4
2023,Regular,KC,3139477,Patrick Mahomes,5.0,81.3,39,2.6,5.9,4
2023,Regular,JAX,4360310,Trevor Lawrence,6.0,80.2,39,4.2,7.1,4
2023,Regular,MIN,3044720,Joshua Dobbs,7.0,79.3,59,4.7,8.1,4
2023,Regular,LA,12483,Matthew Stafford,8.0,76.0,47,3.3,6.6,4
2023,Regular,CHI,4362887,Justin Fields,9.0,75.4,49,5.3,9.1,4
2023,Regular,HOU,4432577,C.J. Stroud,10.0,74.1,36,2.2,4.7,4
2023,Regular,PHI,4040715,Jalen Hurts,11.0,65.9,54,3.8,8.7,4
2023,Regular,BAL,3916387,Lamar Jackson,12.0,65.2,36,-0.6,2.3,4
2023,Regular,NYJ,4361259,Zach Wilson,13.0,64.2,45,1.6,5.5,4
2023,Regular,IND,4429084,Anthony Richardson,14.0,63.9,39,2.4,5.2,4
2023,Regular,WAS,4426875,Sam Howell,15.0,60.9,58,2.9,8.0,4
2023,Regular,DET,3046779,Jared Goff,16.0,57.4,33,0.7,2.9,4
2023,Regular,LAC,4038941,Justin Herbert,17.0,50.9,36,0.2,3.2,4
2023,Regular,DEN,14881,Russell Wilson,18.0,44.9,37,-1.4,1.8,4
2023,Regular,MIA,4241479,Tua Tagovailoa,19.0,43.2,47,-1.5,2.0,4
2023,Regular,SEA,15864,Geno Smith,20.0,37.3,24,-1.4,0.7,4
2023,Regular,TEN,14876,Ryan Tannehill,21.0,33.6,36,-1.0,1.8,4
2023,Regular,MIN,14880,Kirk Cousins,22.0,31.4,23,-1.3,0.8,4
2023,Regular,CAR,4685720,Bryce Young,23.0,22.7,43,-2.7,1.2,4
2023,Regular,NO,16757,Derek Carr,24.5,22.2,43,-3.0,0.9,4
2023,Regular,NYG,3917792,Daniel Jones,24.5,22.2,54,-3.3,1.3,4
2023,Regular,CLE,4367178,Dorian Thompson-Robinson,26.0,22.0,46,-5.5,-1.0,4
2023,Regular,NE,4241464,Mac Jones,27.0,13.9,27,-4.0,-1.2,4
2023,Regular,CIN,3915511,Joe Burrow,28.0,13.8,37,-4.5,-0.8,4
2023,Regular,PIT,4240703,Kenny Pickett,29.0,13.6,30,-3.8,-1.0,4
2023,Regular,ATL,4239086,Desmond Ridder,30.0,10.1,39,-6.3,-2.4,4
2023,Regular,LV,4260394,Aidan O'Connell,31.0,7.9,52,-9.1,-3.9,4
2023,Regular,GB,4036378,Jordan Love,32.0,5.9,47,-7.6,-2.1,4
2023,Regular,BUF,3918298,Josh Allen,1.0,87.9,46,6.1,9.5,5
2023,Regular,PHI,4040715,Jalen Hurts,2.0,84.2,56,6.5,11.0,5
2023,Regular,SF,4361741,Brock Purdy,3.0,83.2,30,3.5,5.5,5
2023,Regular,KC,3139477,Patrick Mahomes,4.0,83.1,44,5.1,9.0,5
2023,Regular,ATL,4239086,Desmond Ridder,5.0,79.8,45,5.5,9.6,5
2023,Regular,CHI,4362887,Justin Fields,6.0,75.4,44,3.7,6.6,5
2023,Regular,JAX,4360310,Trevor Lawrence,7.0,74.8,52,3.8,8.4,5
2023,Regular,DET,3046779,Jared Goff,8.0,74.6,32,3.0,4.8,5
2023,Regular,TEN,14876,Ryan Tannehill,9.0,73.1,36,2.1,5.1,5
2023,Regular,NO,16757,Derek Carr,10.0,68.2,32,1.1,2.7,5
2023,Regular,MIA,4241479,Tua Tagovailoa,11.0,66.9,32,1.6,4.1,5
2023,Regular,CIN,3915511,Joe Burrow,12.0,61.3,53,2.6,6.8,5
2023,Regular,MIN,14880,Kirk Cousins,13.0,59.7,57,1.2,5.9,5
2023,Regular,HOU,4432577,C.J. Stroud,14.0,56.6,37,0.7,4.0,5
2023,Regular,NYG,3917792,Daniel Jones,15.0,55.5,33,0.4,3.1,5
2023,Regular,WAS,4426875,Sam Howell,16.0,54.4,65,0.6,4.8,5
2023,Regular,LA,12483,Matthew Stafford,17.0,46.7,41,1.1,4.3,5
2023,Regular,PIT,4240703,Kenny Pickett,18.0,46.4,37,-1.5,1.8,5
2023,Regular,BAL,3916387,Lamar Jackson,19.0,45.9,49,-2.1,2.2,5
2023,Regular,NYJ,4361259,Zach Wilson,20.0,44.4,36,-0.3,3.0,5
2023,Regular,DAL,2577417,Dak Prescott,21.0,43.2,28,-1.1,1.3,5
2023,Regular,CAR,4685720,Bryce Young,22.0,39.6,46,-0.7,2.3,5
2023,Regular,DEN,14881,Russell Wilson,23.0,30.2,43,-3.5,0.4,5
2023,Regular,LV,16760,Jimmy Garoppolo,24.0,29.5,37,-1.5,1.9,5
2023,Regular,GB,4036378,Jordan Love,25.0,18.0,34,-4.2,-1.1,5
2023,Regular,MIN,3044720,Joshua Dobbs,26.0,8.5,38,-5.6,-1.7,5
2023,Regular,NE,4241464,Mac Jones,27.0,5.1,27,-5.4,-2.2,5
2023,Regular,DET,3046779,Jared Goff,1.5,74.1,51,3.8,7.6,6
2023,Regular,MIA,4241479,Tua Tagovailoa,1.5,74.1,34,3.1,5.4,6
2023,Regular,LV,16760,Jimmy Garoppolo,3.0,70.0,25,1.5,3.7,6
2023,Regular,PHI,4040715,Jalen Hurts,4.0,69.5,56,1.0,6.0,6
2023,Regular,NO,16757,Derek Carr,5.0,66.6,56,3.0,8.1,6
2023,Regular,KC,3139477,Patrick Mahomes,6.0,65.2,48,3.5,7.0,6
2023,Regular,DAL,2577417,Dak Prescott,7.0,60.2,41,1.2,4.9,6
2023,Regular,BAL,3916387,Lamar Jackson,8.0,59.9,43,1.9,5.7,6
2023,Regular,LAC,4038941,Justin Herbert,9.0,58.2,51,1.3,5.9,6
2023,Regular,JAX,4360310,Trevor Lawrence,10.0,58.0,41,1.2,3.9,6
2023,Regular,BUF,3918298,Josh Allen,11.0,53.3,36,0.3,3.6,6
2023,Regular,MIN,14880,Kirk Cousins,12.0,50.3,37,-0.8,2.5,6
2023,Regular,CAR,4685720,Bryce Young,13.0,49.2,44,-0.3,2.8,6
2023,Regular,NYG,14163,Tyrod Taylor,14.0,46.1,46,-1.1,3.1,6
2023,Regular,LA,12483,Matthew Stafford,15.0,42.5,28,0.4,2.9,6
2023,Regular,WAS,4426875,Sam Howell,16.0,39.8,31,-0.9,1.8,6
2023,Regular,HOU,4432577,C.J. Stroud,17.0,39.7,34,-0.8,2.2,6
2023,Regular,SEA,15864,Geno Smith,18.0,39.4,53,-1.6,3.3,6
2023,Regular,SF,4361741,Brock Purdy,19.0,39.1,38,-3.5,-0.1,6
2023,Regular,CIN,3915511,Joe Burrow,20.0,35.7,41,-0.6,3.2,6
2023,Regular,NYJ,4361259,Zach Wilson,21.0,30.8,47,-0.9,3.3,6
2023,Regular,NE,4241464,Mac Jones,22.0,29.4,41,-3.2,0.5,6
2023,Regular,ATL,4239086,Desmond Ridder,23.0,27.2,57,-2.6,2.5,6
2023,Regular,IND,4038524,Gardner Minshew,24.0,22.3,63,-6.7,-0.7,6
2023,Regular,CLE,3051308,PJ Walker,25.0,19.9,41,-4.0,-0.2,6
2023,Regular,TEN,14876,Ryan Tannehill,26.0,19.0,21,-3.0,-1.1,6
2023,Regular,TB,3052587,Baker Mayfield,27.0,16.7,42,-3.3,0.4,6
2023,Regular,MIN,3044720,Joshua Dobbs,28.0,16.5,52,-6.1,-1.0,6
2023,Regular,CHI,4362887,Justin Fields,29.0,12.4,22,-2.5,-0.5,6
2023,Regular,DEN,14881,Russell Wilson,30.0,8.2,31,-6.1,-2.7,6
2023,Regular,KC,3139477,Patrick Mahomes,1.0,93.7,48,10.1,14.0,7
2023,Regular,BAL,3916387,Lamar Jackson,2.0,93.1,37,8.0,8.1,7
2023,Regular,GB,4036378,Jordan Love,3.0,83.3,40,4.9,8.5,7
2023,Regular,JAX,4360310,Trevor Lawrence,4.0,82.0,37,3.5,6.8,7
2023,Regular,IND,4038524,Gardner Minshew,5.0,80.8,33,2.0,4.9,7
2023,Regular,PHI,4040715,Jalen Hurts,6.0,78.9,44,4.7,8.7,7
2023,Regular,MIN,14880,Kirk Cousins,7.0,78.6,50,4.7,9.0,7
2023,Regular,NE,4241464,Mac Jones,8.0,77.1,38,3.5,6.8,7
2023,Regular,DEN,14881,Russell Wilson,9.0,76.0,35,3.6,6.6,7
2023,Regular,CHI,4434153,Tyson Bagent,10.0,75.4,36,2.9,5.6,7
2023,Regular,BUF,3918298,Josh Allen,11.0,72.6,54,2.6,7.3,7
2023,Regular,SF,4361741,Brock Purdy,12.0,70.6,36,2.4,5.6,7
2023,Regular,SEA,15864,Geno Smith,13.0,66.3,32,2.7,5.5,7
2023,Regular,ATL,4239086,Desmond Ridder,14.0,62.2,34,1.2,4.3,7
2023,Regular,LA,12483,Matthew Stafford,15.0,56.2,38,0.2,3.7,7
2023,Regular,LV,12477,Brian Hoyer,16.0,52.2,36,-0.6,2.3,7
2023,Regular,PIT,4240703,Kenny Pickett,17.0,49.0,32,-0.2,2.7,7
2023,Regular,NYG,14163,Tyrod Taylor,18.0,48.9,38,0.8,4.1,7
2023,Regular,TB,3052587,Baker Mayfield,19.0,46.4,55,0.5,5.5,7
2023,Regular,LAC,4038941,Justin Herbert,20.0,41.5,39,-1.9,1.3,7
2023,Regular,MIN,3044720,Joshua Dobbs,21.0,38.9,46,-1.0,2.9,7
2023,Regular,NO,16757,Derek Carr,22.0,34.6,61,-2.6,2.9,7
2023,Regular,MIA,4241479,Tua Tagovailoa,23.0,33.7,40,-1.2,2.3,7
2023,Regular,CLE,3051308,PJ Walker,24.0,27.2,37,-3.0,0.3,7
2023,Regular,WAS,4426875,Sam Howell,25.0,20.8,56,-6.4,-1.3,7
2023,Regular,DET,3046779,Jared Goff,26.0,14.4,61,-10.8,-2.1,7
2023,Regular,MIN,14880,Kirk Cousins,1.0,92.0,36,6.3,8.7,8
2023,Regular,CIN,3915511,Joe Burrow,2.0,90.4,42,5.9,9.4,8
2023,Regular,PHI,4040715,Jalen Hurts,3.0,86.0,45,6.0,10.0,8
2023,Regular,LAC,4038941,Justin Herbert,4.0,85.7,46,5.7,7.8,8
2023,Regular,BUF,3918298,Josh Allen,5.0,85.4,50,7.2,10.8,8
2023,Regular,NO,16757,Derek Carr,6.0,81.9,32,3.0,5.8,8
2023,Regular,DAL,2577417,Dak Prescott,7.0,80.2,40,4.6,6.1,8
2023,Regular,JAX,4360310,Trevor Lawrence,8.0,70.5,41,1.2,4.8,8
2023,Regular,HOU,4432577,C.J. Stroud,9.5,70.4,30,1.8,4.5,8
2023,Regular,ATL,2565969,Taylor Heinicke,9.5,70.4,24,1.6,3.5,8
2023,Regular,IND,4038524,Gardner Minshew,11.0,69.6,49,3.2,6.9,8
2023,Regular,MIA,4241479,Tua Tagovailoa,12.0,65.8,55,2.5,7.2,8
2023,Regular,WAS,4426875,Sam Howell,13.0,61.9,58,4.2,8.9,8
2023,Regular,TEN,4361418,Will Levis,14.0,61.2,37,1.9,5.2,8
2023,Regular,DET,3046779,Jared Goff,15.0,58.1,39,1.0,4.3,8
2023,Regular,SEA,15864,Geno Smith,16.5,53.9,42,-1.3,2.5,8
2023,Regular,SF,4361741,Brock Purdy,16.5,53.9,39,1.3,4.1,8
2023,Regular,KC,3139477,Patrick Mahomes,18.0,50.5,48,0.5,4.5,8
2023,Regular,TB,3052587,Baker Mayfield,19.0,44.7,56,-1.6,2.8,8
2023,Regular,NE,4241464,Mac Jones,20.0,44.2,32,-0.7,1.9,8
2023,Regular,CAR,4685720,Bryce Young,21.0,42.1,45,0.1,4.2,8
2023,Regular,DEN,14881,Russell Wilson,22.0,38.7,36,-1.4,1.8,8
2023,Regular,BAL,3916387,Lamar Jackson,23.0,36.1,38,-0.9,2.4,8
2023,Regular,MIN,3044720,Joshua Dobbs,24.0,35.9,48,-3.5,0.6,8
2023,Regular,NYJ,4361259,Zach Wilson,25.0,34.1,47,-3.1,1.2,8
2023,Regular,CHI,4434153,Tyson Bagent,26.0,26.6,43,-3.1,0.5,8
2023,Regular,PIT,3039707,Mitchell Trubisky,27.0,24.5,32,-2.5,0.3,8
2023,Regular,CLE,3051308,PJ Walker,28.0,24.4,41,-2.9,0.7,8
2023,Regular,GB,4036378,Jordan Love,29.0,19.3,55,-4.3,0.6,8
2023,Regular,LA,12483,Matthew Stafford,30.0,15.8,27,-3.7,-0.8,8
2023,Regular,ATL,4239086,Desmond Ridder,31.0,13.3,20,-2.5,-0.7,8
2023,Regular,LV,16760,Jimmy Garoppolo,32.0,2.2,30,-7.6,-4.3,8
2023,Regular,MIN,3044720,Joshua Dobbs,1.0,88.7,40,6.0,9.7,9
2023,Regular,CIN,3915511,Joe Burrow,2.0,83.3,50,6.0,10.0,9
2023,Regular,LV,4260394,Aidan O'Connell,3.0,81.8,26,2.8,3.2,9
2023,Regular,HOU,4432577,C.J. Stroud,4.0,79.1,55,6.2,11.1,9
2023,Regular,WAS,4426875,Sam Howell,5.0,72.0,54,2.5,7.4,9
2023,Regular,BAL,3916387,Lamar Jackson,6.0,71.8,39,3.7,6.4,9
2023,Regular,NO,16757,Derek Carr,7.0,69.6,38,2.1,5.4,9
2023,Regular,DAL,2577417,Dak Prescott,8.0,67.3,61,4.2,9.5,9
2023,Regular,CHI,4434153,Tyson Bagent,9.0,66.3,44,1.6,5.5,9
2023,Regular,TB,3052587,Baker Mayfield,10.0,64.4,39,1.8,5.3,9
2023,Regular,IND,4038524,Gardner Minshew,11.0,62.6,32,1.1,3.8,9
2023,Regular,BUF,3918298,Josh Allen,12.0,59.3,49,1.4,5.4,9
2023,Regular,PHI,4040715,Jalen Hurts,13.0,59.2,41,1.2,4.9,9
2023,Regular,LAC,4038941,Justin Herbert,14.0,51.9,39,-1.4,2.0,9
2023,Regular,KC,3139477,Patrick Mahomes,15.0,48.4,37,0.0,3.2,9
2023,Regular,MIA,4241479,Tua Tagovailoa,16.0,44.9,42,-1.2,2.3,9
2023,Regular,PIT,4240703,Kenny Pickett,17.0,41.7,32,0.1,3.0,9
2023,Regular,GB,4036378,Jordan Love,18.0,39.7,35,-0.5,2.5,9
2023,Regular,CLE,3122840,Deshaun Watson,19.0,36.7,34,-0.1,2.7,9
2023,Regular,ATL,2565969,Taylor Heinicke,20.0,35.9,44,-0.8,3.2,9
2023,Regular,TEN,4361418,Will Levis,21.0,33.5,45,-3.6,0.5,9
2023,Regular,NE,4241464,Mac Jones,22.0,27.0,46,-2.1,2.1,9
2023,Regular,NYJ,3722362,Brett Rypien,23.0,22.8,35,-3.0,0.2,9
2023,Regular,NYJ,4361259,Zach Wilson,24.0,18.7,61,-5.2,0.3,9
2023,Regular,SEA,15864,Geno Smith,25.5,12.1,36,-6.9,-2.6,9
2023,Regular,CAR,4685720,Bryce Young,25.5,12.1,52,-6.9,-1.7,9
2023,Regular,NYG,4240391,Tommy DeVito,27.0,4.1,31,-7.4,-1.8,9
2023,Regular,ARI,4360175,Clayton Tune,28.0,1.5,34,-12.2,-6.2,9
2023,Regular,DAL,2577417,Dak Prescott,1.0,97.1,38,9.5,9.2,10
2023,Regular,MIN,3044720,Joshua Dobbs,2.0,89.3,45,7.1,10.0,10
2023,Regular,SF,4361741,Brock Purdy,3.0,86.1,29,3.2,5.0,10
2023,Regular,DEN,14881,Russell Wilson,4.0,83.6,45,4.6,8.6,10
2023,Regular,DET,3046779,Jared Goff,5.0,78.6,34,3.1,6.1,10
2023,Regular,LAC,4038941,Justin Herbert,6.0,78.3,48,6.0,10.2,10
2023,Regular,GB,4036378,Jordan Love,7.0,72.7,43,1.6,5.5,10
2023,Regular,HOU,4432577,C.J. Stroud,8.0,70.3,45,2.8,6.7,10
2023,Regular,CAR,4685720,Bryce Young,9.0,64.7,46,0.9,5.1,10
2023,Regular,TB,3052587,Baker Mayfield,10.0,61.3,36,2.1,5.2,10
2023,Regular,ARI,3917315,Kyler Murray,11.0,56.3,44,1.6,5.6,10
2023,Regular,CLE,3122840,Deshaun Watson,12.0,55.7,50,-1.7,2.6,10
2023,Regular,NYJ,4361259,Zach Wilson,13.0,53.2,46,-0.4,3.7,10
2023,Regular,BAL,3916387,Lamar Jackson,14.0,50.0,41,-1.7,1.9,10
2023,Regular,IND,4038524,Gardner Minshew,15.0,49.5,31,-0.3,2.5,10
2023,Regular,SEA,15864,Geno Smith,16.0,47.3,55,0.9,5.9,10
2023,Regular,WAS,4426875,Sam Howell,17.0,46.4,50,-0.1,4.4,10
2023,Regular,CHI,4434153,Tyson Bagent,18.0,46.1,40,0.3,3.8,10
2023,Regular,ATL,2565969,Taylor Heinicke,19.0,41.0,22,-0.2,1.8,10
2023,Regular,LV,4260394,Aidan O'Connell,20.0,39.8,31,-1.5,1.3,10
2023,Regular,CIN,3915511,Joe Burrow,21.0,36.3,51,-0.8,3.7,10
2023,Regular,NO,2969939,Jameis Winston,22.0,33.0,27,-1.2,1.0,10
2023,Regular,BUF,3918298,Josh Allen,23.0,32.3,33,-0.8,2.2,10
2023,Regular,TEN,4361418,Will Levis,24.0,27.7,48,-3.3,0.9,10
2023,Regular,NE,4241464,Mac Jones,25.0,25.9,30,-2.3,0.4,10
2023,Regular,NO,16757,Derek Carr,26.0,23.0,22,-1.8,0.2,10
2023,Regular,PIT,4240703,Kenny Pickett,27.0,21.5,30,-2.1,0.6,10
2023,Regular,NYG,4240391,Tommy DeVito,28.0,16.6,41,-5.4,-0.8,10
2023,Regular,JAX,4360310,Trevor Lawrence,29.0,15.2,40,-4.8,-0.9,10
2023,Regular,JAX,4360310,Trevor Lawrence,1.0,91.2,41,7.9,9.2,11
2023,Regular,DAL,2577417,Dak Prescott,2.0,83.6,41,4.6,7.8,11
2023,Regular,LAC,4038941,Justin Herbert,3.0,83.4,47,5.6,9.7,11
2023,Regular,SF,4361741,Brock Purdy,4.0,81.6,34,4.3,6.8,11
2023,Regular,BAL,3916387,Lamar Jackson,5.0,70.8,44,3.7,7.1,11
2023,Regular,CHI,4362887,Justin Fields,6.0,69.3,47,3.4,7.5,11
2023,Regular,MIN,3044720,Joshua Dobbs,7.0,62.2,43,2.0,5.8,11
2023,Regular,SEA,15864,Geno Smith,8.0,61.9,37,1.2,4.5,11
2023,Regular,WAS,4426875,Sam Howell,9.0,59.9,55,1.6,6.1,11
2023,Regular,GB,4036378,Jordan Love,10.5,58.4,47,2.2,6.4,11
2023,Regular,DET,3046779,Jared Goff,10.5,58.4,40,0.8,4.3,11
2023,Regular,BUF,3918298,Josh Allen,12.0,55.4,42,-0.3,3.3,11
2023,Regular,TB,3052587,Baker Mayfield,13.0,47.9,55,-1.3,3.1,11
2023,Regular,ARI,3917315,Kyler Murray,14.0,45.4,42,-0.3,3.5,11
2023,Regular,CIN,3915511,Joe Burrow,15.0,42.6,22,-1.6,0.4,11
2023,Regular,CIN,3886812,Jake Browning,16.0,41.9,23,-1.7,0.3,11
2023,Regular,MIA,4241479,Tua Tagovailoa,17.0,41.1,44,-1.0,3.0,11
2023,Regular,LA,12483,Matthew Stafford,18.0,37.6,40,-0.3,3.3,11
2023,Regular,HOU,4432577,C.J. Stroud,19.5,36.2,40,-0.2,3.4,11
2023,Regular,KC,3139477,Patrick Mahomes,19.5,36.2,56,-0.2,4.9,11
2023,Regular,NYG,4240391,Tommy DeVito,21.0,32.7,36,-1.7,1.6,11
2023,Regular,PIT,4240703,Kenny Pickett,22.0,32.0,35,-4.0,-0.8,11
2023,Regular,CLE,4367178,Dorian Thompson-Robinson,23.0,31.6,47,-3.1,1.1,11
2023,Regular,DEN,14881,Russell Wilson,24.0,31.2,38,-1.2,2.2,11
2023,Regular,PHI,4040715,Jalen Hurts,25.0,30.4,36,-3.0,0.2,11
2023,Regular,LV,4260394,Aidan O'Connell,26.0,18.1,44,-4.9,-0.9,11
2023,Regular,TEN,4361418,Will Levis,27.0,15.5,25,-3.4,-0.9,11
2023,Regular,CAR,4685720,Bryce Young,28.0,6.8,39,-7.1,-3.0,11
2023,Regular,NYJ,4361259,Zach Wilson,29.0,4.0,26,-6.2,-3.3,11
2023,Regular,DEN,14881,Russell Wilson,1.5,89.4,36,4.1,6.7,12
2023,Regular,GB,4036378,Jordan Love,1.5,89.4,37,6.1,8.0,12
2023,Regular,LV,4260394,Aidan O'Connell,3.0,88.5,34,4.7,6.8,12
2023,Regular,DAL,2577417,Dak Prescott,4.0,86.3,37,5.7,8.4,12
2023,Regular,LA,12483,Matthew Stafford,5.0,83.3,34,4.4,6.5,12
2023,Regular,KC,3139477,Patrick Mahomes,6.0,83.2,39,3.8,6.7,12
2023,Regular,BUF,3918298,Josh Allen,7.0,82.0,63,7.9,13.6,12
2023,Regular,HOU,4432577,C.J. Stroud,8.0,76.6,46,4.0,8.1,12
2023,Regular,JAX,4360310,Trevor Lawrence,9.0,71.3,46,3.2,7.3,12
2023,Regular,PIT,4240703,Kenny Pickett,10.0,67.5,39,2.1,5.5,12
2023,Regular,SF,4361741,Brock Purdy,11.0,58.0,34,1.0,3.7,12
2023,Regular,PHI,4040715,Jalen Hurts,12.0,57.1,51,1.4,6.0,12
2023,Regular,WAS,4426875,Sam Howell,13.0,51.8,54,-0.7,3.5,12
2023,Regular,CAR,4685720,Bryce Young,14.0,51.5,42,0.5,4.2,12
2023,Regular,LAC,4038941,Justin Herbert,15.0,50.9,53,-1.5,3.1,12
2023,Regular,IND,4038524,Gardner Minshew,16.0,45.8,46,0.4,4.5,12
2023,Regular,MIA,4241479,Tua Tagovailoa,17.0,43.3,34,-2.0,1.0,12
2023,Regular,CHI,4362887,Justin Fields,18.0,40.9,51,-1.1,3.5,12
2023,Regular,TEN,4361418,Will Levis,19.0,40.0,31,-0.3,2.5,12
2023,Regular,CLE,4367178,Dorian Thompson-Robinson,20.0,38.6,35,-0.8,2.3,12
2023,Regular,BAL,3916387,Lamar Jackson,21.0,38.1,46,-1.6,2.6,12
2023,Regular,ATL,4239086,Desmond Ridder,22.0,37.9,29,-0.8,1.8,12
2023,Regular,ARI,3917315,Kyler Murray,23.0,37.1,54,-1.1,2.5,12
2023,Regular,TB,3052587,Baker Mayfield,24.0,29.1,41,-3.1,0.6,12
2023,Regular,NO,16757,Derek Carr,25.0,26.2,42,-3.1,0.6,12
2023,Regular,MIN,3044720,Joshua Dobbs,26.0,23.3,38,-3.3,0.1,12
2023,Regular,CIN,3886812,Jake Browning,27.0,21.1,33,-3.5,-0.5,12
2023,Regular,SEA,15864,Geno Smith,28.5,13.9,38,-4.8,-1.1,12
2023,Regular,DET,3046779,Jared Goff,28.5,13.9,54,-5.8,-0.7,12
2023,Regular,NYG,4240391,Tommy DeVito,30.0,8.5,35,-5.9,-2.7,12
2023,Regular,NE,4241464,Mac Jones,31.0,6.6,23,-4.7,-2.6,12
2023,Regular,NYJ,3045169,Tim Boyle,32.0,4.0,53,-11.1,-3.6,12
2023,Regular,SEA,15864,Geno Smith,1.0,91.6,48,7.2,11.6,13
2023,Regular,GB,4036378,Jordan Love,2.0,90.1,43,6.5,10.2,13
2023,Regular,MIA,4241479,Tua Tagovailoa,3.0,89.9,25,4.0,4.5,13
2023,Regular,CIN,3886812,Jake Browning,4.0,84.1,43,4.3,8.2,13
2023,Regular,SF,4361741,Brock Purdy,5.0,81.7,35,4.3,6.8,13
2023,Regular,LA,12483,Matthew Stafford,6.0,80.7,43,2.5,6.4,13
2023,Regular,DET,3046779,Jared Goff,7.0,78.7,31,2.5,4.7,13
2023,Regular,DAL,2577417,Dak Prescott,8.0,72.0,58,5.5,10.6,13
2023,Regular,IND,4038524,Gardner Minshew,9.0,59.3,49,1.6,6.1,13
2023,Regular,JAX,4360310,Trevor Lawrence,10.0,56.0,41,1.5,5.3,13
2023,Regular,LAC,4038941,Justin Herbert,11.0,53.2,41,-0.4,3.3,13
2023,Regular,ARI,3917315,Kyler Murray,12.0,52.4,36,-0.9,2.2,13
2023,Regular,KC,3139477,Patrick Mahomes,13.0,51.4,42,0.2,3.7,13
2023,Regular,CLE,11252,Joe Flacco,14.0,49.2,47,-0.2,3.7,13
2023,Regular,ATL,4239086,Desmond Ridder,15.0,46.6,34,-1.7,1.4,13
2023,Regular,PHI,4040715,Jalen Hurts,16.0,37.2,60,-2.1,2.4,13
2023,Regular,NO,16757,Derek Carr,17.0,28.2,27,-0.9,1.4,13
2023,Regular,TEN,4361418,Will Levis,18.0,25.6,46,-3.1,1.0,13
2023,Regular,TB,3052587,Baker Mayfield,19.0,24.5,32,-2.0,0.9,13
2023,Regular,PIT,3039707,Mitchell Trubisky,20.0,21.2,21,-1.2,0.5,13
2023,Regular,NYJ,3045169,Tim Boyle,21.0,20.2,31,-2.4,0.4,13
2023,Regular,DEN,14881,Russell Wilson,22.0,20.1,40,-3.7,-0.1,13
2023,Regular,CAR,4685720,Bryce Young,23.0,19.1,37,-3.8,-0.4,13
2023,Regular,HOU,4432577,C.J. Stroud,24.0,18.2,39,-3.0,0.5,13
2023,Regular,WAS,4426875,Sam Howell,25.0,16.8,31,-3.1,-0.2,13
2023,Regular,NE,4250360,Bailey Zappe,26.0,16.2,37,-3.6,-0.2,13
2023,Regular,NYG,4240391,Tommy DeVito,1.0,81.8,34,4.3,7.4,14
2023,Regular,LA,12483,Matthew Stafford,2.0,72.3,49,0.8,5.3,14
2023,Regular,BAL,3916387,Lamar Jackson,3.0,70.5,56,4.5,9.6,14
2023,Regular,CIN,3886812,Jake Browning,4.0,69.9,31,2.1,4.5,14
2023,Regular,DAL,2577417,Dak Prescott,5.0,67.8,50,4.5,7.8,14
2023,Regular,SF,4361741,Brock Purdy,6.0,65.4,32,2.3,5.0,14
2023,Regular,CHI,4362887,Justin Fields,7.0,62.7,50,3.5,7.6,14
2023,Regular,IND,4038524,Gardner Minshew,8.0,60.6,48,1.5,4.8,14
2023,Regular,ATL,4239086,Desmond Ridder,9.0,55.4,49,1.7,6.1,14
2023,Regular,GB,4036378,Jordan Love,10.0,55.1,46,-0.2,3.9,14
2023,Regular,JAX,4360310,Trevor Lawrence,11.0,51.5,63,-3.6,1.9,14
2023,Regular,TB,3052587,Baker Mayfield,12.0,51.0,34,0.2,3.3,14
2023,Regular,NE,4250360,Bailey Zappe,13.0,50.7,35,-1.0,2.0,14
2023,Regular,PIT,3039707,Mitchell Trubisky,14.0,49.9,48,0.0,4.2,14
2023,Regular,BUF,3918298,Josh Allen,15.0,47.7,55,-1.8,3.2,14
2023,Regular,NYJ,4361259,Zach Wilson,16.0,44.9,45,0.5,4.2,14
2023,Regular,TEN,4361418,Will Levis,17.0,44.1,48,-1.1,3.0,14
2023,Regular,PHI,4040715,Jalen Hurts,18.0,38.5,37,-1.9,1.3,14
2023,Regular,SEA,3924327,Drew Lock,19.0,38.0,41,-2.2,1.5,14
2023,Regular,DEN,14881,Russell Wilson,20.0,37.0,38,-1.4,1.8,14
2023,Regular,LAC,3120590,Easton Stick,21.0,36.1,27,-0.3,1.4,14
2023,Regular,CLE,11252,Joe Flacco,22.0,35.1,50,-2.1,2.4,14
2023,Regular,NO,16757,Derek Carr,23.0,31.4,28,-1.0,1.4,14
2023,Regular,MIA,4241479,Tua Tagovailoa,24.0,30.0,45,-1.5,2.6,14
2023,Regular,DET,3046779,Jared Goff,25.0,28.9,45,-3.9,0.2,14
2023,Regular,KC,3139477,Patrick Mahomes,26.0,28.3,49,-2.9,1.5,14
2023,Regular,MIN,3044720,Joshua Dobbs,27.0,19.7,34,-4.0,-0.9,14
2023,Regular,LV,4260394,Aidan O'Connell,28.0,15.2,37,-3.6,-0.2,14
2023,Regular,CAR,4685720,Bryce Young,29.0,13.2,46,-6.7,-2.0,14
2023,Regular,HOU,4432577,C.J. Stroud,30.0,8.2,30,-6.4,-3.2,14
2023,Regular,LAC,4038941,Justin Herbert,31.0,1.4,21,-5.7,-3.8,14
2023,Regular,SF,4361741,Brock Purdy,1.0,92.5,25,4.8,6.7,15
2023,Regular,NO,16757,Derek Carr,2.0,88.3,32,4.6,7.0,15
2023,Regular,LA,12483,Matthew Stafford,3.0,84.2,38,5.4,7.7,15
2023,Regular,TB,3052587,Baker Mayfield,4.0,80.7,36,3.7,6.9,15
2023,Regular,LV,4260394,Aidan O'Connell,5.0,77.4,37,3.9,4.2,15
2023,Regular,DET,3046779,Jared Goff,6.0,75.7,37,4.0,6.2,15
2023,Regular,BAL,3916387,Lamar Jackson,7.0,69.8,40,1.7,5.0,15
2023,Regular,KC,3139477,Patrick Mahomes,8.0,64.9,42,1.0,4.3,15
2023,Regular,MIA,4241479,Tua Tagovailoa,9.0,62.2,32,0.4,2.4,15
2023,Regular,CAR,4685720,Bryce Young,10.0,57.9,33,1.4,4.4,15
2023,Regular,SEA,3924327,Drew Lock,11.0,57.5,39,2.3,5.8,15
2023,Regular,PHI,4040715,Jalen Hurts,12.0,56.8,47,1.3,5.5,15
2023,Regular,CIN,3886812,Jake Browning,13.5,54.4,49,1.8,6.2,15
2023,Regular,BUF,3918298,Josh Allen,13.5,54.4,24,0.3,2.1,15
2023,Regular,GB,4036378,Jordan Love,15.0,51.7,46,1.1,5.0,15
2023,Regular,JAX,4360310,Trevor Lawrence,16.0,49.7,52,-1.7,2.5,15
2023,Regular,DEN,14881,Russell Wilson,17.0,46.0,43,0.1,2.7,15
2023,Regular,MIN,3059989,Nick Mullens,18.0,43.7,46,-0.8,3.4,15
2023,Regular,IND,4038524,Gardner Minshew,19.0,40.8,34,-1.3,1.7,15
2023,Regular,DAL,2577417,Dak Prescott,20.0,39.3,41,-1.8,1.1,15
2023,Regular,HOU,15168,Case Keenum,21.0,35.6,47,-1.6,2.6,15
2023,Regular,LAC,3120590,Easton Stick,22.0,32.1,40,-2.8,0.4,15
2023,Regular,PIT,3039707,Mitchell Trubisky,23.0,29.5,33,-2.4,0.5,15
2023,Regular,WAS,4426875,Sam Howell,24.0,27.5,31,-2.2,0.6,15
2023,Regular,TEN,4361418,Will Levis,25.0,27.4,37,-1.6,1.7,15
2023,Regular,NE,4250360,Bailey Zappe,26.0,25.7,37,-3.0,0.3,15
2023,Regular,CLE,11252,Joe Flacco,27.0,24.6,54,-4.5,0.4,15
2023,Regular,NYJ,2511109,Trevor Siemian,28.0,23.8,30,-2.6,0.0,15
2023,Regular,ARI,3917315,Kyler Murray,29.0,21.7,51,-4.6,0.1,15
2023,Regular,CHI,4362887,Justin Fields,30.0,16.8,54,-9.5,-4.6,15
2023,Regular,NYG,4240391,Tommy DeVito,31.0,14.4,46,-6.4,-1.6,15
2023,Regular,ATL,4239086,Desmond Ridder,32.0,14.1,23,-3.0,-0.9,15
2023,Regular,LA,12483,Matthew Stafford,1.0,92.1,38,6.9,9.0,16
2023,Regular,BUF,3918298,Josh Allen,2.0,91.3,28,4.6,7.1,16
2023,Regular,TB,3052587,Baker Mayfield,3.0,91.2,42,7.0,8.0,16
2023,Regular,GB,4036378,Jordan Love,4.0,90.2,34,5.3,8.1,16
2023,Regular,CLE,11252,Joe Flacco,5.0,87.0,47,6.6,8.1,16
2023,Regular,BAL,3916387,Lamar Jackson,6.0,84.7,46,4.7,7.9,16
2023,Regular,CAR,4685720,Bryce Young,7.0,80.8,41,5.3,8.3,16
2023,Regular,PIT,3116407,Mason Rudolph,8.0,80.3,31,3.7,4.3,16
2023,Regular,SEA,15864,Geno Smith,9.0,75.8,43,3.8,7.7,16
2023,Regular,NO,16757,Derek Carr,10.0,72.6,44,2.9,5.0,16
2023,Regular,NE,4250360,Bailey Zappe,11.0,71.7,35,2.6,5.7,16
2023,Regular,HOU,4242546,Davis Mills,12.0,70.4,36,0.7,1.2,16
2023,Regular,PHI,4040715,Jalen Hurts,13.0,69.4,50,2.9,6.9,16
2023,Regular,DET,3046779,Jared Goff,14.0,67.5,48,2.7,7.0,16
2023,Regular,MIA,4241479,Tua Tagovailoa,15.0,67.2,40,2.1,5.7,16
2023,Regular,CHI,4362887,Justin Fields,16.0,63.5,40,3.0,5.9,16
2023,Regular,IND,4038524,Gardner Minshew,17.0,59.5,48,1.3,4.6,16
2023,Regular,ATL,2565969,Taylor Heinicke,18.0,59.0,37,1.3,4.6,16
2023,Regular,DEN,14881,Russell Wilson,19.0,54.0,48,0.5,4.6,16
2023,Regular,DAL,2577417,Dak Prescott,20.0,51.8,43,0.0,3.9,16
2023,Regular,LAC,3120590,Easton Stick,21.0,38.5,47,-1.3,2.9,16
2023,Regular,MIN,3059989,Nick Mullens,22.0,38.1,44,0.0,3.9,16
2023,Regular,TEN,14876,Ryan Tannehill,23.0,37.7,38,-0.3,3.1,16
2023,Regular,KC,3139477,Patrick Mahomes,24.0,31.6,61,-3.2,2.3,16
2023,Regular,CIN,3886812,Jake Browning,25.0,25.1,51,-5.6,-0.6,16
2023,Regular,ARI,3917315,Kyler Murray,26.0,20.4,47,-5.6,-1.1,16
2023,Regular,JAX,4360310,Trevor Lawrence,27.0,14.4,37,-4.7,-0.8,16
2023,Regular,NYJ,2511109,Trevor Siemian,28.0,13.9,60,-6.3,-0.7,16
2023,Regular,LV,4260394,Aidan O'Connell,29.0,11.1,25,-4.3,-2.0,16
2023,Regular,SF,4361741,Brock Purdy,30.0,7.1,36,-7.7,-3.4,16
2023,Regular,HOU,15168,Case Keenum,31.0,6.3,26,-6.1,-3.4,16
2023,Regular,WAS,4426875,Sam Howell,32.0,2.1,23,-7.2,-4.1,16
2023,Regular,BAL,3916387,Lamar Jackson,1.0,95.2,29,6.6,7.4,17
2023,Regular,IND,4038524,Gardner Minshew,2.0,90.4,27,4.3,6.7,17
2023,Regular,NO,16757,Derek Carr,3.0,89.3,35,5.3,7.1,17
2023,Regular,SF,4361741,Brock Purdy,4.0,87.9,30,4.4,6.5,17
2023,Regular,ARI,3917315,Kyler Murray,5.0,85.6,40,5.8,9.3,17
2023,Regular,GB,4036378,Jordan Love,6.0,82.3,37,4.2,5.9,17
2023,Regular,JAX,2979520,C.J. Beathard,7.0,79.8,29,3.3,5.7,17
2023,Regular,CIN,3886812,Jake Browning,8.0,78.7,48,3.2,7.2,17
2023,Regular,PHI,4040715,Jalen Hurts,9.0,77.0,33,4.0,6.7,17
2023,Regular,SEA,15864,Geno Smith,10.0,75.2,40,2.7,6.0,17
2023,Regular,PIT,3116407,Mason Rudolph,11.0,71.4,31,2.3,4.9,17
2023,Regular,CHI,4362887,Justin Fields,12.0,65.4,47,3.0,6.3,17
2023,Regular,LV,4260394,Aidan O'Connell,13.0,63.8,55,1.5,6.1,17
2023,Regular,DAL,2577417,Dak Prescott,14.0,60.3,46,2.9,7.1,17
2023,Regular,CLE,11252,Joe Flacco,15.0,59.0,34,0.1,2.8,17
2023,Regular,LAC,3120590,Easton Stick,16.0,52.5,46,0.7,4.4,17
2023,Regular,NYG,14163,Tyrod Taylor,17.5,52.0,54,1.3,6.2,17
2023,Regular,KC,3139477,Patrick Mahomes,17.5,52.0,35,0.9,4.1,17
2023,Regular,HOU,4432577,C.J. Stroud,19.0,51.6,34,1.1,3.3,17
2023,Regular,LA,12483,Matthew Stafford,20.0,43.6,39,-1.5,2.1,17
2023,Regular,MIA,4241479,Tua Tagovailoa,21.0,43.0,45,-3.2,0.7,17
2023,Regular,ATL,2565969,Taylor Heinicke,22.0,38.9,35,-1.9,1.1,17
2023,Regular,NYJ,2511109,Trevor Siemian,23.0,33.1,59,-6.6,-0.8,17
2023,Regular,DET,3046779,Jared Goff,24.0,32.5,36,-2.5,0.8,17
2023,Regular,DEN,3892775,Jarrett Stidham,25.0,31.8,41,-1.4,2.2,17
2023,Regular,NE,4250360,Bailey Zappe,26.0,25.9,33,-2.9,0.1,17
2023,Regular,BUF,3918298,Josh Allen,27.0,21.3,44,-4.1,-0.1,17
2023,Regular,TEN,14876,Ryan Tannehill,28.0,20.7,25,-2.2,0.0,17
2023,Regular,TB,3052587,Baker Mayfield,29.0,19.8,38,-3.5,0.0,17
2023,Regular,WAS,4426875,Sam Howell,30.0,18.9,33,-3.4,-0.3,17
2023,Regular,MIN,3059989,Nick Mullens,31.0,14.5,26,-2.7,-0.2,17
2023,Regular,CAR,4685720,Bryce Young,32.0,12.4,40,-6.2,-1.9,17
2023,Regular,DAL,2577417,Dak Prescott,1.0,94.7,36,7.5,8.9,18
2023,Regular,LA,2573079,Carson Wentz,2.0,89.9,46,6.3,10.3,18
2023,Regular,NO,16757,Derek Carr,3.0,88.4,36,5.9,7.7,18
2023,Regular,HOU,4432577,C.J. Stroud,4.0,88.3,35,4.6,7.7,18
2023,Regular,DET,3046779,Jared Goff,5.0,88.1,35,5.8,7.9,18
2023,Regular,CIN,3886812,Jake Browning,6.0,81.2,35,2.1,3.6,18
2023,Regular,LV,4260394,Aidan O'Connell,7.0,74.7,35,3.7,6.5,18
2023,Regular,SEA,15864,Geno Smith,8.0,74.3,33,3.0,6.0,18
2023,Regular,GB,4036378,Jordan Love,9.0,73.9,34,2.4,5.4,18
2023,Regular,MIA,4241479,Tua Tagovailoa,10.0,73.1,32,2.5,5.4,18
2023,Regular,MIN,3059989,Nick Mullens,11.0,71.6,54,4.3,8.4,18
2023,Regular,BUF,3918298,Josh Allen,12.0,70.2,57,3.2,8.2,18
2023,Regular,LAC,3120590,Easton Stick,13.0,68.0,65,3.1,8.8,18
2023,Regular,PIT,3116407,Mason Rudolph,14.0,66.2,25,0.0,2.2,18
2023,Regular,ATL,4239086,Desmond Ridder,15.0,62.7,32,0.8,3.3,18
2023,Regular,PHI,2576980,Marcus Mariota,16.0,62.5,29,0.5,1.4,18
2023,Regular,CHI,4362887,Justin Fields,17.0,58.1,30,0.7,3.5,18
2023,Regular,SF,3912547,Sam Darnold,18.0,54.0,35,1.1,4.3,18
2023,Regular,BAL,4035671,Tyler Huntley,19.0,53.5,40,-0.1,3.2,18
2023,Regular,TEN,14876,Ryan Tannehill,20.0,53.2,32,0.4,3.2,18
2023,Regular,ARI,3917315,Kyler Murray,21.0,53.1,40,1.5,5.1,18
2023,Regular,KC,13987,Blaine Gabbert,22.0,51.5,35,0.1,3.3,18
2023,Regular,NYG,14163,Tyrod Taylor,23.0,47.4,42,1.3,3.5,18
2023,Regular,IND,4038524,Gardner Minshew,24.0,45.7,30,0.4,3.1,18
2023,Regular,TB,3052587,Baker Mayfield,25.0,43.1,37,-0.8,2.5,18
2023,Regular,JAX,4360310,Trevor Lawrence,26.0,42.5,50,-0.7,3.7,18
2023,Regular,CAR,4685720,Bryce Young,27.0,39.7,26,-0.3,2.1,18
2023,Regular,WAS,4426875,Sam Howell,28.0,31.7,36,-1.9,1.1,18
2023,Regular,DEN,3892775,Jarrett Stidham,29.0,30.3,41,-3.1,0.5,18
2023,Regular,PHI,4040715,Jalen Hurts,30.0,13.5,22,-3.3,-1.2,18
2023,Regular,NYJ,2511109,Trevor Siemian,31.0,10.3,23,-4.0,-1.9,18
2023,Regular,CLE,2574630,Jeff Driskel,32.0,4.1,36,-8.0,-2.3,18
2023,Regular,NE,4250360,Bailey Zappe,33.0,1.9,40,-12.1,-7.5,18
2024,Playoffs,BUF,3918298,Josh Allen,1.0,86.3,40,5.6,8.2,1
2024,Playoffs,BAL,3916387,Lamar Jackson,2.0,82.4,39,3.8,6.7,1
2024,Playoffs,WAS,4426348,Jayden Daniels,3.0,78.2,51,5.2,10.3,1
2024,Playoffs,LA,12483,Matthew Stafford,4.0,69.8,32,1.2,3.7,1
2024,Playoffs,DEN,4426338,Bo Nix,5.0,63.5,30,0.9,3.0,1
2024,Playoffs,HOU,4432577,C.J. Stroud,6.0,61.9,41,1.2,4.9,1
2024,Playoffs,TB,3052587,Baker Mayfield,7.0,60.7,29,1.2,4.0,1
2024,Playoffs,PHI,4040715,Jalen Hurts,8.0,59.2,29,0.5,3.3,1
2024,Playoffs,PIT,14881,Russell Wilson,9.0,42.4,37,-1.6,1.6,1
2024,Playoffs,GB,4036378,Jordan Love,10.0,34.7,40,-3.0,0.8,1
2024,Playoffs,MIN,3912547,Sam Darnold,11.0,12.0,54,-8.3,-2.0,1
2024,Playoffs,LAC,4038941,Justin Herbert,12.0,11.4,37,-6.8,-2.7,1
2024,Playoffs,WAS,4426348,Jayden Daniels,1.0,90.8,48,7.1,11.1,2
2024,Playoffs,BAL,3916387,Lamar Jackson,2.0,83.6,35,3.7,7.0,2
2024,Playoffs,BUF,3918298,Josh Allen,3.0,68.2,34,1.7,5.0,2
2024,Playoffs,KC,3139477,Patrick Mahomes,4.0,63.3,34,0.6,3.9,2
2024,Playoffs,HOU,4432577,C.J. Stroud,5.0,61.7,43,1.0,4.7,2
2024,Playoffs,LA,12483,Matthew Stafford,6.0,49.7,53,-1.6,3.5,2
2024,Playoffs,PHI,4040715,Jalen Hurts,7.0,46.2,35,-0.2,3.3,2
2024,Playoffs,DET,3046779,Jared Goff,8.0,37.6,41,-1.1,2.1,2
2024,Playoffs,KC,3139477,Patrick Mahomes,1.0,85.4,40,5.4,9.3,3
2024,Playoffs,WAS,4426348,Jayden Daniels,2.0,82.1,61,4.7,8.4,3
2024,Playoffs,PHI,4040715,Jalen Hurts,3.0,69.4,48,3.4,7.3,3
2024,Playoffs,BUF,3918298,Josh Allen,4.0,68.2,49,2.3,7.0,3
2024,Playoffs,PHI,4040715,Jalen Hurts,1.0,72.8,36,2.5,4.5,5
2024,Playoffs,KC,3139477,Patrick Mahomes,2.0,10.0,46,-8.1,-1.9,5
2024,Regular,IND,4429084,Anthony Richardson Sr.,1.0,91.0,28,4.0,6.6,1
2024,Regular,BUF,3918298,Josh Allen,2.0,89.8,38,6.5,10.2,1
2024,Regular,TB,3052587,Baker Mayfield,3.0,86.1,38,5.3,8.1,1
2024,Regular,ARI,3917315,Kyler Murray,4.0,80.5,39,3.6,7.3,1
2024,Regular,SF,4361741,Brock Purdy,5.0,78.5,34,3.5,6.2,1
2024,Regular,NE,2578570,Jacoby Brissett,6.0,78.2,31,2.7,5.7,1
2024,Regular,NO,16757,Derek Carr,7.0,76.6,28,3.4,3.8,1
2024,Regular,MIN,3912547,Sam Darnold,8.0,73.6,30,2.4,4.5,1
2024,Regular,SEA,15864,Geno Smith,9.0,71.3,36,2.7,6.1,1
2024,Regular,HOU,4432577,C.J. Stroud,10.0,70.4,44,2.5,6.8,1
2024,Regular,JAX,4360310,Trevor Lawrence,11.0,68.5,29,0.6,3.4,1
2024,Regular,KC,3139477,Patrick Mahomes,12.0,65.9,33,1.4,4.6,1
2024,Regular,LA,12483,Matthew Stafford,13.0,62.6,56,1.3,6.8,1
2024,Regular,BAL,3916387,Lamar Jackson,14.0,59.3,60,1.0,6.7,1
2024,Regular,NYJ,8439,Aaron Rodgers,15.0,46.3,22,-0.5,1.4,1
2024,Regular,PHI,4040715,Jalen Hurts,16.0,44.7,51,-1.7,3.3,1
2024,Regular,CIN,3915511,Joe Burrow,17.0,40.9,38,0.5,4.2,1
2024,Regular,MIA,4241479,Tua Tagovailoa,18.0,38.4,45,-0.2,4.2,1
2024,Regular,DET,3046779,Jared Goff,19.0,36.4,33,-1.1,2.1,1
2024,Regular,DEN,4426338,Bo Nix,20.0,34.2,51,-3.6,1.3,1
2024,Regular,LV,4038524,Gardner Minshew,21.0,31.9,41,-3.2,0.7,1
2024,Regular,WAS,4426348,Jayden Daniels,22.0,31.3,44,-1.9,1.9,1
2024,Regular,PIT,4362887,Justin Fields,23.0,31.1,41,-1.2,2.8,1
2024,Regular,TEN,4361418,Will Levis,24.0,31.0,43,-3.4,0.8,1
2024,Regular,ATL,14880,Kirk Cousins,25.0,30.4,29,-2.0,0.8,1
2024,Regular,GB,4036378,Jordan Love,26.0,25.1,38,-3.7,0.0,1
2024,Regular,LAC,4038941,Justin Herbert,27.0,24.1,33,-1.9,1.3,1
2024,Regular,CHI,4431611,Caleb Williams,28.0,22.5,38,-2.9,0.8,1
2024,Regular,MIN,3917792,Daniel Jones,29.0,20.9,58,-6.7,-0.7,1
2024,Regular,DAL,2577417,Dak Prescott,30.0,20.7,40,-3.7,0.2,1
2024,Regular,CAR,4685720,Bryce Young,31.0,9.2,42,-7.1,-1.3,1
2024,Regular,CLE,3122840,Deshaun Watson,32.0,7.1,58,-9.4,-2.3,1
2024,Regular,ARI,3917315,Kyler Murray,1.0,98.0,30,8.5,7.1,2
2024,Regular,BUF,3918298,Josh Allen,2.0,85.2,21,1.9,3.5,2
2024,Regular,PHI,4040715,Jalen Hurts,3.0,84.6,43,7.2,11.1,2
2024,Regular,GB,4242512,Malik Willis,4.0,84.5,20,2.7,4.1,2
2024,Regular,LAC,4038941,Justin Herbert,5.0,82.9,24,3.1,4.1,2
2024,Regular,ATL,14880,Kirk Cousins,6.0,78.8,33,2.1,5.3,2
2024,Regular,MIN,3917792,Daniel Jones,7.0,70.5,39,2.0,5.9,2
2024,Regular,CIN,3915511,Joe Burrow,8.0,67.9,46,2.2,6.7,2
2024,Regular,SEA,15864,Geno Smith,9.0,67.2,54,3.8,9.1,2
2024,Regular,MIN,3912547,Sam Darnold,10.0,59.8,32,1.3,4.3,2
2024,Regular,HOU,4432577,C.J. Stroud,11.0,55.3,42,0.5,4.6,2
2024,Regular,TB,3052587,Baker Mayfield,12.0,54.4,30,0.0,2.9,2
2024,Regular,LV,4038524,Gardner Minshew,13.0,52.3,45,-0.7,3.7,2
2024,Regular,PIT,4362887,Justin Fields,14.0,51.8,37,-0.1,3.3,2
2024,Regular,DAL,2577417,Dak Prescott,15.0,45.1,47,0.0,3.5,2
2024,Regular,SF,4361741,Brock Purdy,16.0,44.4,48,-2.7,1.9,2
2024,Regular,JAX,4360310,Trevor Lawrence,17.0,40.1,39,-0.2,3.5,2
2024,Regular,BAL,3916387,Lamar Jackson,18.0,39.7,45,-0.2,4.1,2
2024,Regular,NYJ,8439,Aaron Rodgers,19.0,39.1,35,-1.4,2.0,2
2024,Regular,WAS,4426348,Jayden Daniels,20.0,37.8,49,-0.3,4.5,2
2024,Regular,NE,2578570,Jacoby Brissett,21.0,35.8,33,-1.5,1.7,2
2024,Regular,TEN,4361418,Will Levis,22.0,32.4,39,-1.6,2.3,2
2024,Regular,CLE,3122840,Deshaun Watson,23.0,32.1,43,-1.9,2.3,2
2024,Regular,IND,4429084,Anthony Richardson Sr.,24.0,31.5,39,-3.2,0.5,2
2024,Regular,LA,12483,Matthew Stafford,25.0,27.8,32,-2.2,0.6,2
2024,Regular,KC,3139477,Patrick Mahomes,26.0,27.4,36,-1.9,1.6,2
2024,Regular,DEN,4426338,Bo Nix,27.0,27.1,45,-3.7,0.7,2
2024,Regular,CHI,4431611,Caleb Williams,28.0,24.4,58,-6.9,-1.2,2
2024,Regular,DET,3046779,Jared Goff,29.0,22.4,57,-3.2,2.4,2
2024,Regular,MIA,4241479,Tua Tagovailoa,30.0,16.2,30,-3.2,-0.2,2
2024,Regular,CAR,4685720,Bryce Young,31.0,5.6,31,-6.4,-2.0,2
2024,Regular,BUF,3918298,Josh Allen,1.0,97.9,38,11.5,11.8,3
2024,Regular,BAL,3916387,Lamar Jackson,2.0,96.3,28,6.5,7.9,3
2024,Regular,WAS,4426348,Jayden Daniels,3.0,94.8,37,7.8,11.2,3
2024,Regular,GB,4242512,Malik Willis,4.0,92.6,28,4.8,6.8,3
2024,Regular,SF,4361741,Brock Purdy,5.0,89.6,44,6.1,10.0,3
2024,Regular,CAR,14012,Andy Dalton,6.0,82.8,43,5.0,7.5,3
2024,Regular,CIN,3915511,Joe Burrow,7.0,80.3,43,4.7,7.7,3
2024,Regular,NYJ,8439,Aaron Rodgers,8.0,79.2,43,5.8,8.3,3
2024,Regular,MIN,3912547,Sam Darnold,9.0,78.8,35,2.6,4.8,3
2024,Regular,DEN,4426338,Bo Nix,10.0,71.6,48,3.7,7.3,3
2024,Regular,MIN,3917792,Daniel Jones,11.0,65.2,45,2.1,6.3,3
2024,Regular,LA,12483,Matthew Stafford,12.0,63.6,33,1.6,4.7,3
2024,Regular,KC,3139477,Patrick Mahomes,13.0,55.8,42,1.8,5.9,3
2024,Regular,PIT,4362887,Justin Fields,14.0,52.8,39,0.1,3.9,3
2024,Regular,DAL,2577417,Dak Prescott,15.0,51.1,63,0.0,4.6,3
2024,Regular,DET,3046779,Jared Goff,16.0,50.3,30,0.0,2.8,3
2024,Regular,LAC,4038941,Justin Herbert,17.0,45.5,21,-0.9,1.2,3
2024,Regular,NO,16757,Derek Carr,18.0,44.1,30,-0.8,2.1,3
2024,Regular,SEA,15864,Geno Smith,19.0,42.5,40,-1.4,2.2,3
2024,Regular,ARI,3917315,Kyler Murray,20.0,39.2,44,-1.1,3.1,3
2024,Regular,CHI,4431611,Caleb Williams,21.0,34.7,62,-3.1,2.9,3
2024,Regular,PHI,4040715,Jalen Hurts,22.0,32.8,49,-2.8,2.0,3
2024,Regular,ATL,14880,Kirk Cousins,23.0,31.4,35,-1.6,1.8,3
2024,Regular,LV,4038524,Gardner Minshew,24.0,29.6,36,-0.8,2.0,3
2024,Regular,HOU,4432577,C.J. Stroud,25.0,21.6,43,-5.7,-1.1,3
2024,Regular,NE,2578570,Jacoby Brissett,26.0,18.7,25,-2.8,-0.3,3
2024,Regular,CLE,3122840,Deshaun Watson,27.0,17.5,53,-4.3,0.9,3
2024,Regular,JAX,4360310,Trevor Lawrence,28.0,16.0,47,-5.9,-0.8,3
2024,Regular,IND,4429084,Anthony Richardson Sr.,29.0,14.3,28,-3.6,-0.9,3
2024,Regular,TEN,4361418,Will Levis,30.0,12.1,47,-7.0,-1.8,3
2024,Regular,TB,3052587,Baker Mayfield,31.0,9.2,42,-6.3,-1.7,3
2024,Regular,MIA,4036419,Skylar Thompson,32.0,5.2,25,-5.7,-3.1,3
2024,Regular,DET,3046779,Jared Goff,1.0,93.4,22,4.0,5.8,4
2024,Regular,WAS,4426348,Jayden Daniels,2.0,92.4,40,7.0,9.0,4
2024,Regular,CIN,3915511,Joe Burrow,3.0,86.3,35,5.2,8.4,4
2024,Regular,TB,3052587,Baker Mayfield,4.0,78.1,55,4.5,7.9,4
2024,Regular,HOU,4432577,C.J. Stroud,5.0,74.6,47,4.9,9.6,4
2024,Regular,CAR,14012,Andy Dalton,6.0,68.7,45,3.2,6.8,4
2024,Regular,MIN,3912547,Sam Darnold,7.0,67.8,41,1.0,3.9,4
2024,Regular,SEA,15864,Geno Smith,8.0,64.9,72,2.2,7.7,4
2024,Regular,DAL,2577417,Dak Prescott,9.0,63.9,31,1.5,4.6,4
2024,Regular,KC,3139477,Patrick Mahomes,10.0,63.0,39,0.5,4.3,4
2024,Regular,IND,11252,Joe Flacco,11.0,60.9,31,0.6,3.3,4
2024,Regular,PIT,4362887,Justin Fields,12.0,59.8,49,1.3,5.7,4
2024,Regular,SF,4361741,Brock Purdy,13.0,58.2,33,2.1,4.3,4
2024,Regular,MIN,3917792,Daniel Jones,14.0,57.9,46,2.0,6.4,4
2024,Regular,GB,4036378,Jordan Love,15.0,54.4,60,-0.5,3.5,4
2024,Regular,BAL,3916387,Lamar Jackson,16.0,52.5,28,0.5,2.7,4
2024,Regular,LA,12483,Matthew Stafford,17.0,48.2,36,-1.0,2.5,4
2024,Regular,JAX,4360310,Trevor Lawrence,18.0,47.4,39,-1.8,1.9,4
2024,Regular,CHI,4431611,Caleb Williams,19.0,45.2,36,-0.3,3.3,4
2024,Regular,PHI,4040715,Jalen Hurts,20.0,42.9,44,-0.3,2.8,4
2024,Regular,NO,16757,Derek Carr,21.0,35.9,45,-0.7,3.8,4
2024,Regular,ARI,3917315,Kyler Murray,22.0,35.5,28,-0.9,1.5,4
2024,Regular,LV,4038524,Gardner Minshew,23.0,30.7,29,-1.0,1.8,4
2024,Regular,BUF,3918298,Josh Allen,24.0,29.2,40,-3.4,0.4,4
2024,Regular,DEN,4426338,Bo Nix,25.5,27.3,32,-2.5,0.7,4
2024,Regular,CLE,3122840,Deshaun Watson,25.5,27.3,44,-2.8,1.5,4
2024,Regular,NYJ,8439,Aaron Rodgers,27.0,25.0,59,-3.9,1.9,4
2024,Regular,NE,2578570,Jacoby Brissett,28.0,23.1,41,-3.9,0.1,4
2024,Regular,LAC,4038941,Justin Herbert,29.0,19.4,37,-3.4,0.2,4
2024,Regular,ATL,14880,Kirk Cousins,30.0,18.7,40,-3.6,0.3,4
2024,Regular,MIA,4035671,Tyler Huntley,31.0,9.3,34,-5.1,-1.5,4
2024,Regular,TB,3052587,Baker Mayfield,1.0,81.8,31,4.1,7.1,5
2024,Regular,CHI,4431611,Caleb Williams,2.0,81.7,39,5.6,6.8,5
2024,Regular,JAX,4360310,Trevor Lawrence,3.0,81.1,38,4.5,8.2,5
2024,Regular,IND,11252,Joe Flacco,4.0,79.2,53,5.5,10.4,5
2024,Regular,CIN,3915511,Joe Burrow,5.0,77.9,49,4.2,9.0,5
2024,Regular,HOU,4432577,C.J. Stroud,6.0,75.9,43,4.0,7.9,5
2024,Regular,ATL,14880,Kirk Cousins,7.0,74.9,63,6.9,13.1,5
2024,Regular,MIN,3917792,Daniel Jones,8.0,68.9,46,1.5,5.9,5
2024,Regular,BAL,3916387,Lamar Jackson,9.0,68.3,55,2.8,8.1,5
2024,Regular,DAL,2577417,Dak Prescott,10.0,68.1,50,1.1,6.1,5
2024,Regular,WAS,4426348,Jayden Daniels,11.0,67.3,39,2.9,5.8,5
2024,Regular,GB,4036378,Jordan Love,12.0,65.5,33,1.0,4.1,5
2024,Regular,NO,16757,Derek Carr,13.0,62.2,31,0.8,3.7,5
2024,Regular,KC,3139477,Patrick Mahomes,14.0,60.4,48,2.1,6.5,5
2024,Regular,BUF,3918298,Josh Allen,15.0,59.7,38,-0.4,3.2,5
2024,Regular,ARI,3917315,Kyler Murray,16.0,57.8,38,0.4,4.1,5
2024,Regular,SEA,15864,Geno Smith,17.0,42.6,55,0.4,5.3,5
2024,Regular,LA,12483,Matthew Stafford,18.0,40.1,51,-1.8,3.1,5
2024,Regular,LV,4038524,Gardner Minshew,19.0,36.6,23,-1.1,1.1,5
2024,Regular,NYJ,8439,Aaron Rodgers,20.0,33.8,59,-4.6,1.2,5
2024,Regular,SF,4361741,Brock Purdy,21.0,33.7,42,-1.2,2.8,5
2024,Regular,PIT,4362887,Justin Fields,22.5,31.7,38,-1.3,2.4,5
2024,Regular,MIA,4035671,Tyler Huntley,22.5,31.7,38,-1.2,2.5,5
2024,Regular,NE,2578570,Jacoby Brissett,24.0,30.2,42,-3.0,1.1,5
2024,Regular,CAR,14012,Andy Dalton,25.0,25.8,35,-3.4,0.0,5
2024,Regular,DEN,4426338,Bo Nix,26.0,17.0,37,-3.2,0.4,5
2024,Regular,LV,4260394,Aidan O'Connell,27.0,14.7,23,-3.0,-0.3,5
2024,Regular,MIN,3912547,Sam Darnold,28.0,11.6,46,-6.5,-1.9,5
2024,Regular,CLE,3122840,Deshaun Watson,29.0,9.4,44,-7.5,-2.2,5
2024,Regular,CHI,4431611,Caleb Williams,1.0,90.8,39,7.1,9.7,6
2024,Regular,SF,4361741,Brock Purdy,2.0,90.4,33,4.4,7.2,6
2024,Regular,ATL,14880,Kirk Cousins,3.0,85.8,31,4.5,7.4,6
2024,Regular,GB,4036378,Jordan Love,4.0,84.8,40,5.6,8.0,6
2024,Regular,CIN,3915511,Joe Burrow,5.0,83.8,34,4.3,7.5,6
2024,Regular,BUF,3918298,Josh Allen,6.0,79.6,39,3.4,7.3,6
2024,Regular,BAL,3916387,Lamar Jackson,7.0,76.6,41,4.0,7.9,6
2024,Regular,WAS,4426348,Jayden Daniels,8.0,76.3,47,2.8,7.0,6
2024,Regular,HOU,4432577,C.J. Stroud,9.0,71.9,37,3.4,6.2,6
2024,Regular,IND,11252,Joe Flacco,10.0,69.3,42,2.0,6.1,6
2024,Regular,DET,3046779,Jared Goff,11.0,66.9,31,1.6,3.1,6
2024,Regular,PHI,4040715,Jalen Hurts,12.0,66.7,39,2.8,6.6,6
2024,Regular,LAC,4038941,Justin Herbert,13.0,66.4,40,1.6,4.5,6
2024,Regular,PIT,4362887,Justin Fields,14.0,63.4,40,1.7,5.0,6
2024,Regular,JAX,4360310,Trevor Lawrence,15.0,57.8,44,0.4,3.2,6
2024,Regular,NYJ,8439,Aaron Rodgers,16.0,54.1,41,0.9,4.9,6
2024,Regular,DEN,4426338,Bo Nix,17.0,51.3,45,-0.1,2.6,6
2024,Regular,CAR,14012,Andy Dalton,18.0,49.6,47,2.1,5.9,6
2024,Regular,ARI,3917315,Kyler Murray,19.0,47.2,42,-1.5,2.0,6
2024,Regular,SEA,15864,Geno Smith,20.0,47.1,58,0.1,4.7,6
2024,Regular,LV,4260394,Aidan O'Connell,21.0,43.8,43,-1.2,2.2,6
2024,Regular,TB,3052587,Baker Mayfield,22.0,40.2,46,-1.6,2.8,6
2024,Regular,CLE,3122840,Deshaun Watson,23.0,36.0,36,-2.6,1.0,6
2024,Regular,NE,4431452,Drake Maye,24.0,31.9,46,-3.4,0.8,6
2024,Regular,TEN,4361418,Will Levis,25.0,29.2,36,-1.7,1.8,6
2024,Regular,NO,4426339,Spencer Rattler,26.0,20.1,51,-3.3,1.3,6
2024,Regular,MIN,3917792,Daniel Jones,27.0,20.0,54,-4.4,0.8,6
2024,Regular,DAL,2577417,Dak Prescott,28.0,10.2,42,-6.2,-1.4,6
2024,Regular,JAX,4360310,Trevor Lawrence,1.0,95.1,24,5.7,7.4,7
2024,Regular,BAL,3916387,Lamar Jackson,2.0,89.2,33,5.7,7.4,7
2024,Regular,DET,3046779,Jared Goff,3.0,84.4,32,2.5,5.6,7
2024,Regular,KC,3139477,Patrick Mahomes,4.0,78.7,34,2.8,5.9,7
2024,Regular,DEN,4426338,Bo Nix,5.0,77.2,38,3.0,6.1,7
2024,Regular,ARI,3917315,Kyler Murray,6.0,76.5,33,2.6,5.8,7
2024,Regular,LAC,4038941,Justin Herbert,7.0,64.8,45,1.9,6.3,7
2024,Regular,WAS,2576980,Marcus Mariota,8.0,63.8,39,3.0,3.4,7
2024,Regular,BUF,3918298,Josh Allen,9.0,63.2,39,1.9,5.1,7
2024,Regular,GB,4036378,Jordan Love,10.0,62.7,38,0.7,4.4,7
2024,Regular,PHI,4040715,Jalen Hurts,11.0,61.4,25,1.2,3.2,7
2024,Regular,SEA,15864,Geno Smith,12.0,60.3,36,2.2,5.5,7
2024,Regular,PIT,14881,Russell Wilson,13.0,58.2,35,1.2,4.5,7
2024,Regular,NYJ,8439,Aaron Rodgers,14.0,46.8,44,-1.7,2.4,7
2024,Regular,NE,4431452,Drake Maye,15.0,45.2,51,0.3,4.3,7
2024,Regular,NO,4426339,Spencer Rattler,16.0,44.4,48,-0.2,2.8,7
2024,Regular,MIN,3912547,Sam Darnold,17.0,42.9,40,-0.6,3.3,7
2024,Regular,ATL,14880,Kirk Cousins,18.0,41.0,43,-1.3,2.5,7
2024,Regular,CLE,3122840,Deshaun Watson,19.0,40.7,21,-0.2,1.8,7
2024,Regular,TEN,3116407,Mason Rudolph,20.0,39.6,51,-2.0,2.6,7
2024,Regular,LA,12483,Matthew Stafford,21.0,30.6,26,-0.9,1.6,7
2024,Regular,CIN,3915511,Joe Burrow,22.0,29.4,29,-1.7,1.1,7
2024,Regular,MIA,4035671,Tyler Huntley,23.0,25.1,21,-1.7,0.3,7
2024,Regular,TB,3052587,Baker Mayfield,24.0,21.6,59,-5.5,0.1,7
2024,Regular,IND,4429084,Anthony Richardson Sr.,25.0,20.3,39,-4.3,-0.4,7
2024,Regular,MIN,3917792,Daniel Jones,26.0,15.5,34,-4.4,-1.0,7
2024,Regular,HOU,4432577,C.J. Stroud,27.0,15.3,34,-5.1,-1.7,7
2024,Regular,CLE,4367178,Dorian Thompson-Robinson,28.0,15.2,29,-3.1,-0.2,7
2024,Regular,LV,4038524,Gardner Minshew,29.0,12.4,41,-6.2,-2.1,7
2024,Regular,SF,4361741,Brock Purdy,30.0,9.9,44,-6.5,-1.8,7
2024,Regular,CAR,14012,Andy Dalton,31.0,3.7,20,-4.8,-2.0,7
2024,Regular,PHI,4040715,Jalen Hurts,1.0,96.1,31,6.9,9.5,8
2024,Regular,CIN,3915511,Joe Burrow,2.0,90.0,40,5.8,9.5,8
2024,Regular,ARI,3917315,Kyler Murray,3.0,89.5,43,5.1,9.3,8
2024,Regular,CLE,2969939,Jameis Winston,4.0,86.5,49,6.3,11.0,8
2024,Regular,LA,12483,Matthew Stafford,5.0,86.1,42,4.6,8.6,8
2024,Regular,KC,3139477,Patrick Mahomes,6.0,83.4,43,5.1,9.1,8
2024,Regular,DEN,4426338,Bo Nix,7.0,78.3,43,5.5,8.4,8
2024,Regular,MIN,3912547,Sam Darnold,8.0,77.7,32,2.4,5.3,8
2024,Regular,BAL,3916387,Lamar Jackson,9.0,75.4,50,4.1,9.0,8
2024,Regular,SF,4361741,Brock Purdy,10.0,73.3,37,3.4,6.8,8
2024,Regular,JAX,4360310,Trevor Lawrence,11.0,72.1,39,2.5,6.2,8
2024,Regular,NE,2578570,Jacoby Brissett,12.0,71.3,30,2.3,5.1,8
2024,Regular,ATL,14880,Kirk Cousins,13.0,69.2,34,2.4,5.7,8
2024,Regular,WAS,4426348,Jayden Daniels,14.0,63.9,50,1.8,6.5,8
2024,Regular,LV,4038524,Gardner Minshew,15.0,62.9,37,1.7,4.5,8
2024,Regular,TEN,3116407,Mason Rudolph,16.0,62.0,48,1.0,4.2,8
2024,Regular,LAC,4038941,Justin Herbert,17.0,60.3,40,1.7,5.2,8
2024,Regular,HOU,4432577,C.J. Stroud,18.0,59.9,43,1.8,6.0,8
2024,Regular,MIA,4241479,Tua Tagovailoa,19.0,54.4,42,1.4,5.5,8
2024,Regular,NYJ,8439,Aaron Rodgers,20.0,52.0,33,0.8,4.0,8
2024,Regular,TB,3052587,Baker Mayfield,21.0,50.8,54,2.6,7.6,8
2024,Regular,BUF,3918298,Josh Allen,22.0,44.2,48,-1.9,2.4,8
2024,Regular,GB,4036378,Jordan Love,23.0,42.4,24,-0.3,2.1,8
2024,Regular,CHI,4431611,Caleb Williams,24.0,37.2,41,-1.9,2.1,8
2024,Regular,NO,4243322,Jake Haener,25.0,37.1,22,-1.4,0.5,8
2024,Regular,PIT,14881,Russell Wilson,26.0,36.4,36,-0.4,3.1,8
2024,Regular,DAL,2577417,Dak Prescott,27.0,33.6,45,-2.6,1.6,8
2024,Regular,MIN,3917792,Daniel Jones,28.0,32.5,51,-4.2,0.8,8
2024,Regular,IND,4429084,Anthony Richardson Sr.,29.0,29.3,44,-4.5,-0.1,8
2024,Regular,CAR,4685720,Bryce Young,30.0,26.8,47,-3.7,0.6,8
2024,Regular,NO,4426339,Spencer Rattler,31.0,25.0,28,-2.9,-0.1,8
2024,Regular,DET,3046779,Jared Goff,32.0,14.0,21,-2.5,-0.3,8
2024,Regular,SEA,15864,Geno Smith,33.0,8.0,39,-6.3,-1.6,8
2024,Regular,BAL,3916387,Lamar Jackson,1.0,95.7,26,6.0,7.1,9
2024,Regular,WAS,4426348,Jayden Daniels,2.0,95.1,28,6.1,8.4,9
2024,Regular,MIA,4241479,Tua Tagovailoa,3.0,87.4,34,4.4,7.6,9
2024,Regular,DET,3046779,Jared Goff,4.0,85.4,25,2.4,4.0,9
2024,Regular,CIN,3915511,Joe Burrow,5.0,81.5,44,5.7,8.0,9
2024,Regular,NYJ,8439,Aaron Rodgers,6.0,80.1,34,2.7,6.0,9
2024,Regular,MIN,3917792,Daniel Jones,7.0,76.1,40,3.7,6.9,9
2024,Regular,KC,3139477,Patrick Mahomes,8.0,75.0,51,5.6,10.6,9
2024,Regular,BUF,3918298,Josh Allen,9.0,71.3,47,2.4,7.0,9
2024,Regular,LA,12483,Matthew Stafford,10.0,62.5,47,0.7,5.3,9
2024,Regular,TEN,3116407,Mason Rudolph,11.0,57.7,39,2.6,6.3,9
2024,Regular,DEN,4426338,Bo Nix,12.0,57.3,44,-0.1,2.9,9
2024,Regular,TB,3052587,Baker Mayfield,13.0,56.9,40,0.4,4.2,9
2024,Regular,ATL,14880,Kirk Cousins,14.0,56.3,28,1.1,3.7,9
2024,Regular,NE,4431452,Drake Maye,15.0,55.5,55,0.4,5.7,9
2024,Regular,LAC,4038941,Justin Herbert,16.0,52.5,37,0.4,3.3,9
2024,Regular,MIN,3912547,Sam Darnold,17.0,52.2,45,0.9,5.3,9
2024,Regular,NO,16757,Derek Carr,18.0,49.1,34,0.5,3.9,9
2024,Regular,DAL,2972515,Cooper Rush,19.0,44.1,28,0.3,1.9,9
2024,Regular,PHI,4040715,Jalen Hurts,20.0,42.9,45,0.4,4.5,9
2024,Regular,DAL,2577417,Dak Prescott,21.0,39.0,33,-0.2,3.0,9
2024,Regular,CAR,4685720,Bryce Young,22.0,37.9,32,-0.7,2.5,9
2024,Regular,LV,4239086,Desmond Ridder,23.0,36.6,22,-0.9,0.7,9
2024,Regular,LV,4038524,Gardner Minshew,24.0,32.7,21,-1.1,0.9,9
2024,Regular,JAX,4360310,Trevor Lawrence,25.0,32.1,40,-3.3,0.5,9
2024,Regular,GB,4036378,Jordan Love,26.0,25.7,46,-3.1,1.0,9
2024,Regular,ARI,3917315,Kyler Murray,27.0,22.1,25,-2.3,0.1,9
2024,Regular,HOU,4432577,C.J. Stroud,28.0,21.5,50,-5.0,-0.1,9
2024,Regular,CLE,2969939,Jameis Winston,29.0,20.2,60,-6.2,-0.2,9
2024,Regular,CHI,4431611,Caleb Williams,30.0,19.7,53,-5.3,-0.1,9
2024,Regular,SEA,15864,Geno Smith,31.0,17.8,53,-5.4,-0.2,9
2024,Regular,IND,11252,Joe Flacco,32.0,12.3,34,-6.1,-2.4,9
2024,Regular,ARI,3917315,Kyler Murray,1.0,94.9,31,6.8,8.5,10
2024,Regular,BAL,3916387,Lamar Jackson,2.0,86.1,42,6.1,10.1,10
2024,Regular,LAC,4038941,Justin Herbert,3.0,84.0,26,3.3,5.7,10
2024,Regular,SF,4361741,Brock Purdy,4.0,78.5,44,4.6,8.9,10
2024,Regular,PIT,14881,Russell Wilson,5.0,75.6,35,2.4,5.9,10
2024,Regular,CIN,3915511,Joe Burrow,6.0,69.1,66,2.3,8.6,10
2024,Regular,DEN,4426338,Bo Nix,7.0,63.4,35,1.0,4.4,10
2024,Regular,NE,4431452,Drake Maye,8.0,60.1,32,0.2,3.2,10
2024,Regular,TEN,4361418,Will Levis,9.0,55.7,42,-0.4,3.0,10
2024,Regular,PHI,4040715,Jalen Hurts,10.0,55.6,34,0.6,3.7,10
2024,Regular,CAR,4685720,Bryce Young,11.0,53.8,31,0.9,3.9,10
2024,Regular,KC,3139477,Patrick Mahomes,12.0,52.8,50,1.0,5.9,10
2024,Regular,BUF,3918298,Josh Allen,13.0,47.4,50,-0.6,4.1,10
2024,Regular,NO,16757,Derek Carr,14.0,45.5,30,1.1,4.0,10
2024,Regular,ATL,14880,Kirk Cousins,15.0,36.5,47,-2.1,2.4,10
2024,Regular,TB,3052587,Baker Mayfield,16.0,34.7,34,-1.1,2.3,10
2024,Regular,LA,12483,Matthew Stafford,17.5,34.0,49,-2.9,1.7,10
2024,Regular,MIN,3912547,Sam Darnold,17.5,34.0,47,-1.8,2.9,10
2024,Regular,MIN,3917792,Daniel Jones,19.0,32.3,46,-1.1,3.4,10
2024,Regular,DET,3046779,Jared Goff,20.0,29.1,32,-3.3,-0.1,10
2024,Regular,WAS,4426348,Jayden Daniels,21.0,28.9,42,-3.1,1.0,10
2024,Regular,MIA,4241479,Tua Tagovailoa,22.0,26.6,31,-2.6,0.4,10
2024,Regular,HOU,4432577,C.J. Stroud,23.0,26.2,40,-2.7,1.2,10
2024,Regular,NYJ,8439,Aaron Rodgers,24.0,24.3,40,-3.3,0.4,10
2024,Regular,IND,11252,Joe Flacco,25.0,17.3,41,-4.1,0.0,10
2024,Regular,DAL,2972515,Cooper Rush,26.0,15.1,28,-3.7,-0.9,10
2024,Regular,CHI,4431611,Caleb Williams,27.0,11.9,45,-4.6,-0.1,10
2024,Regular,JAX,4241464,Mac Jones,28.0,9.6,30,-5.4,-2.4,10
2024,Regular,DET,3046779,Jared Goff,1.0,93.8,34,7.5,7.3,11
2024,Regular,MIA,4241479,Tua Tagovailoa,2.0,89.9,41,7.3,11.1,11
2024,Regular,LA,12483,Matthew Stafford,3.0,81.9,29,3.7,6.4,11
2024,Regular,BUF,3918298,Josh Allen,4.0,81.1,52,5.8,10.8,11
2024,Regular,CHI,4431611,Caleb Williams,5.0,80.9,45,4.2,8.6,11
2024,Regular,CIN,3915511,Joe Burrow,6.0,80.2,57,4.2,9.0,11
2024,Regular,SEA,15864,Geno Smith,7.0,80.0,42,3.9,8.0,11
2024,Regular,SF,4361741,Brock Purdy,8.0,79.0,38,3.4,7.1,11
2024,Regular,GB,4036378,Jordan Love,9.0,77.1,23,1.4,3.7,11
2024,Regular,IND,4429084,Anthony Richardson Sr.,10.0,72.5,43,2.8,6.9,11
2024,Regular,DEN,4426338,Bo Nix,11.0,72.2,37,4.2,6.4,11
2024,Regular,NE,4431452,Drake Maye,12.0,71.1,48,3.4,7.9,11
2024,Regular,MIN,3912547,Sam Darnold,13.0,64.6,43,1.4,5.3,11
2024,Regular,NO,16757,Derek Carr,14.0,62.5,31,1.8,4.7,11
2024,Regular,CLE,2969939,Jameis Winston,15.0,60.7,53,1.3,6.0,11
2024,Regular,KC,3139477,Patrick Mahomes,16.0,56.3,36,0.3,3.5,11
2024,Regular,BAL,3916387,Lamar Jackson,17.0,51.4,43,-1.1,3.0,11
2024,Regular,LV,4038524,Gardner Minshew,18.0,49.8,50,-1.7,2.7,11
2024,Regular,HOU,4432577,C.J. Stroud,19.0,48.3,41,-0.2,3.5,11
2024,Regular,PHI,4040715,Jalen Hurts,20.0,47.9,40,0.2,4.1,11
2024,Regular,LAC,4038941,Justin Herbert,21.0,44.2,45,0.0,4.0,11
2024,Regular,NYJ,8439,Aaron Rodgers,22.0,35.2,34,-1.0,2.3,11
2024,Regular,TEN,4361418,Will Levis,23.0,34.3,44,-2.9,1.3,11
2024,Regular,DAL,2972515,Cooper Rush,24.0,27.9,63,-5.4,0.6,11
2024,Regular,ATL,14880,Kirk Cousins,25.0,26.2,31,-2.5,0.4,11
2024,Regular,JAX,4241464,Mac Jones,26.0,23.6,35,-3.4,0.0,11
2024,Regular,WAS,4426348,Jayden Daniels,27.0,18.8,44,-5.9,-1.2,11
2024,Regular,PIT,14881,Russell Wilson,28.0,15.6,46,-5.6,-1.1,11
2024,Regular,BAL,3916387,Lamar Jackson,1.0,84.9,31,3.0,5.9,12
2024,Regular,TB,3052587,Baker Mayfield,2.0,84.4,36,4.6,6.3,12
2024,Regular,MIN,3912547,Sam Darnold,3.0,80.5,43,3.3,7.3,12
2024,Regular,PHI,4040715,Jalen Hurts,4.0,76.5,37,2.6,5.7,12
2024,Regular,CLE,2969939,Jameis Winston,5.0,76.1,38,2.7,6.4,12
2024,Regular,LA,12483,Matthew Stafford,6.0,74.7,46,3.0,5.8,12
2024,Regular,PIT,14881,Russell Wilson,7.0,73.7,37,3.0,6.5,12
2024,Regular,LAC,4038941,Justin Herbert,8.0,72.4,48,3.1,6.2,12
2024,Regular,CHI,4431611,Caleb Williams,9.0,71.4,60,2.6,7.6,12
2024,Regular,TEN,4361418,Will Levis,10.0,63.7,40,0.1,4.0,12
2024,Regular,DEN,4426338,Bo Nix,11.0,63.5,46,2.0,6.4,12
2024,Regular,KC,3139477,Patrick Mahomes,12.0,63.3,51,2.9,7.8,12
2024,Regular,WAS,4426348,Jayden Daniels,13.0,58.9,50,2.3,6.4,12
2024,Regular,MIA,4241479,Tua Tagovailoa,14.0,56.7,44,2.6,4.6,12
2024,Regular,GB,4036378,Jordan Love,15.0,53.3,28,0.5,2.7,12
2024,Regular,DAL,2972515,Cooper Rush,16.0,50.0,41,-0.3,3.6,12
2024,Regular,ARI,3917315,Kyler Murray,17.0,49.8,45,-1.1,2.9,12
2024,Regular,NE,4431452,Drake Maye,18.0,43.7,54,-2.7,1.5,12
2024,Regular,CAR,4685720,Bryce Young,19.0,43.0,45,-0.5,3.9,12
2024,Regular,SEA,15864,Geno Smith,20.0,42.2,40,-0.1,3.8,12
2024,Regular,DET,3046779,Jared Goff,21.0,38.9,42,-1.6,2.3,12
2024,Regular,IND,4429084,Anthony Richardson Sr.,22.0,38.8,40,-1.0,2.4,12
2024,Regular,SF,2574511,Brandon Allen,23.0,33.3,37,-2.8,0.7,12
2024,Regular,LV,4038524,Gardner Minshew,24.0,25.4,48,-3.1,1.6,12
2024,Regular,HOU,4432577,C.J. Stroud,25.0,21.1,43,-3.5,0.7,12
2024,Regular,NYG,4240391,Tommy DeVito,26.0,13.5,43,-4.3,0.0,12
2024,Regular,BUF,3918298,Josh Allen,1.0,94.7,21,4.5,5.3,13
2024,Regular,PIT,14881,Russell Wilson,2.0,83.9,45,5.1,9.0,13
2024,Regular,GB,4036378,Jordan Love,3.0,83.8,31,3.2,4.5,13
2024,Regular,WAS,4426348,Jayden Daniels,4.0,79.2,43,4.5,5.2,13
2024,Regular,NO,16757,Derek Carr,5.0,73.8,40,3.2,7.1,13
2024,Regular,NE,4431452,Drake Maye,6.0,73.7,43,3.8,7.9,13
2024,Regular,ARI,3917315,Kyler Murray,7.0,73.2,60,1.8,7.7,13
2024,Regular,IND,4429084,Anthony Richardson Sr.,8.0,71.7,35,3.0,6.4,13
2024,Regular,CLE,2969939,Jameis Winston,9.0,68.3,68,3.1,9.0,13
2024,Regular,LA,12483,Matthew Stafford,10.0,59.8,30,0.7,3.6,13
2024,Regular,DET,3046779,Jared Goff,11.5,58.7,37,0.8,4.1,13
2024,Regular,MIN,3912547,Sam Darnold,11.5,58.7,41,1.8,5.8,13
2024,Regular,LV,4260394,Aidan O'Connell,13.0,58.3,41,0.5,4.6,13
2024,Regular,CHI,4431611,Caleb Williams,14.0,57.8,50,0.5,5.0,13
2024,Regular,CAR,4685720,Bryce Young,15.0,57.1,52,2.7,7.8,13
2024,Regular,MIA,4241479,Tua Tagovailoa,16.0,55.8,62,-0.7,3.7,13
2024,Regular,PHI,4040715,Jalen Hurts,17.0,55.5,30,-0.2,2.7,13
2024,Regular,SEA,15864,Geno Smith,18.0,52.3,39,0.0,3.8,13
2024,Regular,JAX,4241464,Mac Jones,19.0,52.0,38,-0.4,2.9,13
2024,Regular,HOU,4432577,C.J. Stroud,20.0,51.4,39,0.5,4.2,13
2024,Regular,TEN,4361418,Will Levis,21.0,50.8,47,-0.2,2.4,13
2024,Regular,KC,3139477,Patrick Mahomes,22.0,43.7,57,0.4,5.9,13
2024,Regular,DAL,2972515,Cooper Rush,23.0,43.2,45,0.4,4.6,13
2024,Regular,CIN,3915511,Joe Burrow,24.0,42.7,53,-1.7,3.3,13
2024,Regular,DEN,4426338,Bo Nix,25.0,37.3,39,-0.5,3.3,13
2024,Regular,NYG,3924327,Drew Lock,26.0,36.7,49,-1.8,2.5,13
2024,Regular,BAL,3916387,Lamar Jackson,27.0,35.7,49,-2.5,2.0,13
2024,Regular,ATL,14880,Kirk Cousins,28.0,29.7,46,-3.1,1.4,13
2024,Regular,NYJ,8439,Aaron Rodgers,29.0,27.2,45,-3.3,1.1,13
2024,Regular,LAC,4038941,Justin Herbert,30.0,23.2,34,-2.0,1.4,13
2024,Regular,SF,4361741,Brock Purdy,31.0,10.5,23,-3.7,-1.1,13
2024,Regular,TB,3052587,Baker Mayfield,32.0,7.7,44,-7.0,-2.6,13
2024,Regular,LA,12483,Matthew Stafford,1.0,97.2,32,8.3,11.3,14
2024,Regular,SF,4361741,Brock Purdy,2.0,96.8,32,7.6,8.1,14
2024,Regular,BUF,3918298,Josh Allen,3.0,90.9,51,7.9,11.1,14
2024,Regular,GB,4036378,Jordan Love,4.0,90.4,28,4.1,6.8,14
2024,Regular,DET,3046779,Jared Goff,5.0,90.3,46,6.9,11.3,14
2024,Regular,CAR,4685720,Bryce Young,6.0,84.1,45,3.9,8.3,14
2024,Regular,MIN,3912547,Sam Darnold,7.0,81.9,40,6.1,9.4,14
2024,Regular,MIA,4241479,Tua Tagovailoa,8.0,79.9,52,5.7,10.8,14
2024,Regular,NYJ,8439,Aaron Rodgers,9.0,74.2,49,2.1,6.9,14
2024,Regular,CIN,3915511,Joe Burrow,10.0,70.2,51,3.1,8.1,14
2024,Regular,PHI,4040715,Jalen Hurts,11.0,66.4,33,2.8,6.1,14
2024,Regular,LAC,4038941,Justin Herbert,12.0,65.0,41,1.4,5.3,14
2024,Regular,ATL,14880,Kirk Cousins,13.0,60.4,42,-0.4,3.0,14
2024,Regular,LV,4239086,Desmond Ridder,14.0,60.1,20,1.1,1.8,14
2024,Regular,KC,3139477,Patrick Mahomes,15.0,54.7,48,0.4,5.1,14
2024,Regular,NO,16757,Derek Carr,16.0,54.2,38,0.8,4.5,14
2024,Regular,PIT,14881,Russell Wilson,17.0,49.6,34,0.7,3.8,14
2024,Regular,SEA,15864,Geno Smith,18.0,42.6,35,-0.8,2.5,14
2024,Regular,NYG,3924327,Drew Lock,19.0,41.2,60,-0.7,5.0,14
2024,Regular,TB,3052587,Baker Mayfield,20.0,39.8,39,-0.2,3.5,14
2024,Regular,ARI,3917315,Kyler Murray,21.0,37.4,48,-2.0,2.2,14
2024,Regular,CLE,2969939,Jameis Winston,22.0,31.0,51,-4.4,0.4,14
2024,Regular,CHI,4431611,Caleb Williams,23.0,28.3,35,-2.7,0.5,14
2024,Regular,JAX,4241464,Mac Jones,24.0,28.0,35,-2.7,0.8,14
2024,Regular,DAL,2972515,Cooper Rush,25.0,20.8,37,-2.9,0.7,14
2024,Regular,TEN,4361418,Will Levis,26.0,18.7,38,-2.8,0.9,14
2024,Regular,LV,4260394,Aidan O'Connell,27.0,6.8,26,-4.5,-1.9,14
2024,Regular,BUF,3918298,Josh Allen,1.0,94.6,47,8.9,11.3,15
2024,Regular,TB,3052587,Baker Mayfield,2.0,94.2,32,5.5,8.1,15
2024,Regular,BAL,3916387,Lamar Jackson,3.0,92.4,35,6.5,8.2,15
2024,Regular,GB,4036378,Jordan Love,4.0,89.2,31,3.9,5.7,15
2024,Regular,NO,4426339,Spencer Rattler,5.0,80.5,22,2.4,4.2,15
2024,Regular,NYJ,8439,Aaron Rodgers,6.0,79.8,42,4.5,8.6,15
2024,Regular,DET,3046779,Jared Goff,7.0,73.8,64,5.4,8.2,15
2024,Regular,PHI,4040715,Jalen Hurts,8.0,72.5,50,2.9,6.9,15
2024,Regular,CIN,3915511,Joe Burrow,9.0,68.1,48,2.1,6.1,15
2024,Regular,LA,12483,Matthew Stafford,10.0,61.3,32,0.7,3.8,15
2024,Regular,WAS,4426348,Jayden Daniels,11.0,57.1,52,0.7,5.4,15
2024,Regular,KC,3139477,Patrick Mahomes,12.0,55.4,40,0.7,3.9,15
2024,Regular,TEN,3116407,Mason Rudolph,13.0,50.7,31,0.6,2.2,15
2024,Regular,DAL,2972515,Cooper Rush,14.0,50.5,33,0.7,3.6,15
2024,Regular,MIN,3912547,Sam Darnold,15.0,48.2,48,-0.4,3.7,15
2024,Regular,JAX,4241464,Mac Jones,16.0,46.3,58,0.1,5.7,15
2024,Regular,NYG,3045169,Tim Boyle,17.0,46.1,31,-0.4,1.3,15
2024,Regular,ARI,3917315,Kyler Murray,18.0,45.9,36,1.1,4.2,15
2024,Regular,MIA,4241479,Tua Tagovailoa,19.0,41.4,48,-3.0,1.6,15
2024,Regular,HOU,4432577,C.J. Stroud,20.0,40.2,35,-1.4,2.0,15
2024,Regular,SEA,15864,Geno Smith,21.0,38.2,25,-1.0,1.3,15
2024,Regular,LAC,4038941,Justin Herbert,22.0,35.5,40,-0.4,3.2,15
2024,Regular,NE,4431452,Drake Maye,23.0,34.6,29,-1.3,1.3,15
2024,Regular,PIT,14881,Russell Wilson,24.0,32.7,29,-2.4,0.5,15
2024,Regular,IND,4429084,Anthony Richardson Sr.,25.0,24.9,48,-4.1,0.5,15
2024,Regular,LV,4239086,Desmond Ridder,26.0,22.5,50,-2.1,2.6,15
2024,Regular,CHI,4431611,Caleb Williams,27.0,21.1,40,-5.3,-1.1,15
2024,Regular,SF,4361741,Brock Purdy,28.0,20.3,36,-3.2,0.3,15
2024,Regular,DEN,4426338,Bo Nix,29.0,12.9,43,-5.2,-0.9,15
2024,Regular,CAR,4685720,Bryce Young,30.0,8.9,49,-7.1,-1.6,15
2024,Regular,ATL,14880,Kirk Cousins,31.0,7.5,26,-4.6,-1.9,15
2024,Regular,CLE,2969939,Jameis Winston,32.0,2.9,31,-7.4,-3.8,15
2024,Regular,WAS,4426348,Jayden Daniels,1.0,95.7,48,10.0,14.2,16
2024,Regular,GB,4036378,Jordan Love,2.0,85.6,31,4.3,5.4,16
2024,Regular,KC,3139477,Patrick Mahomes,3.0,85.1,48,5.0,9.5,16
2024,Regular,LAC,4038941,Justin Herbert,4.0,83.0,41,5.0,8.9,16
2024,Regular,CAR,4685720,Bryce Young,5.0,79.8,35,4.0,7.4,16
2024,Regular,DET,3046779,Jared Goff,6.0,78.5,35,2.4,4.6,16
2024,Regular,MIN,3912547,Sam Darnold,7.0,76.5,43,2.6,6.7,16
2024,Regular,CIN,3915511,Joe Burrow,8.0,76.0,38,4.0,6.7,16
2024,Regular,SF,4361741,Brock Purdy,9.0,67.7,47,0.9,4.9,16
2024,Regular,DAL,2972515,Cooper Rush,10.0,67.3,39,3.2,6.9,16
2024,Regular,NE,4431452,Drake Maye,11.0,64.2,54,1.8,6.6,16
2024,Regular,IND,4429084,Anthony Richardson Sr.,12.0,63.7,24,1.2,2.8,16
2024,Regular,BAL,3916387,Lamar Jackson,13.0,61.7,33,0.7,3.8,16
2024,Regular,TB,3052587,Baker Mayfield,14.5,61.4,51,1.7,6.5,16
2024,Regular,DEN,4426338,Bo Nix,14.5,61.4,48,0.4,4.6,16
2024,Regular,HOU,4432577,C.J. Stroud,16.0,60.3,45,0.8,5.2,16
2024,Regular,PHI,4240703,Kenny Pickett,17.0,56.8,34,0.3,3.5,16
2024,Regular,SEA,15864,Geno Smith,18.0,55.4,52,-0.3,4.8,16
2024,Regular,ARI,3917315,Kyler Murray,19.0,54.4,49,1.5,6.2,16
2024,Regular,TEN,3116407,Mason Rudolph,20.0,48.6,41,-0.4,2.3,16
2024,Regular,LA,12483,Matthew Stafford,21.0,45.9,21,-0.4,1.6,16
2024,Regular,ATL,4360423,Michael Penix Jr.,22.0,42.5,31,0.2,2.6,16
2024,Regular,JAX,4241464,Mac Jones,23.0,39.9,43,-1.0,3.2,16
2024,Regular,PIT,14881,Russell Wilson,24.0,38.8,39,-2.1,1.6,16
2024,Regular,MIA,4241479,Tua Tagovailoa,25.0,37.4,36,-0.9,2.6,16
2024,Regular,LV,4260394,Aidan O'Connell,26.0,36.2,50,-0.5,4.4,16
2024,Regular,CHI,4431611,Caleb Williams,27.5,34.9,54,-2.0,2.2,16
2024,Regular,NYJ,8439,Aaron Rodgers,27.5,34.9,48,-1.8,2.7,16
2024,Regular,BUF,3918298,Josh Allen,29.0,25.3,38,-1.4,2.2,16
2024,Regular,CLE,4367178,Dorian Thompson-Robinson,30.0,17.1,50,-5.8,-0.6,16
2024,Regular,NO,4426339,Spencer Rattler,31.0,16.5,40,-5.7,-1.0,16
2024,Regular,NYG,3924327,Drew Lock,32.0,6.3,50,-8.2,-2.1,16
2024,Regular,BAL,3916387,Lamar Jackson,1.0,99.8,20,7.7,7.5,17
2024,Regular,NYG,3924327,Drew Lock,2.0,97.2,29,7.7,10.5,17
2024,Regular,PHI,4240703,Kenny Pickett,3.0,91.5,21,4.0,5.7,17
2024,Regular,CIN,3915511,Joe Burrow,4.0,89.9,63,10.4,16.6,17
2024,Regular,TB,3052587,Baker Mayfield,5.0,88.8,38,7.0,8.9,17
2024,Regular,KC,3139477,Patrick Mahomes,6.0,88.5,42,4.8,8.1,17
2024,Regular,LAC,4038941,Justin Herbert,7.0,86.7,42,6.4,9.4,17
2024,Regular,LV,4260394,Aidan O'Connell,8.0,86.5,38,4.8,8.0,17
2024,Regular,SF,4361741,Brock Purdy,9.0,83.7,43,5.2,8.8,17
2024,Regular,GB,4036378,Jordan Love,10.0,80.7,37,2.2,5.0,17
2024,Regular,MIN,3912547,Sam Darnold,11.0,77.6,48,3.8,8.1,17
2024,Regular,MIA,4035671,Tyler Huntley,12.0,70.7,39,2.7,6.2,17
2024,Regular,WAS,4426348,Jayden Daniels,13.0,70.6,60,6.5,12.3,17
2024,Regular,DET,3046779,Jared Goff,14.0,70.5,38,1.9,5.6,17
2024,Regular,BUF,3918298,Josh Allen,15.0,68.9,35,2.4,5.2,17
2024,Regular,DEN,4426338,Bo Nix,16.0,62.8,41,1.4,5.4,17
2024,Regular,JAX,4241464,Mac Jones,17.0,61.0,31,1.3,4.3,17
2024,Regular,CAR,4685720,Bryce Young,18.0,57.2,37,1.2,3.3,17
2024,Regular,IND,11252,Joe Flacco,19.0,55.3,45,1.1,5.1,17
2024,Regular,ARI,3917315,Kyler Murray,20.0,53.6,59,-0.2,5.6,17
2024,Regular,LA,12483,Matthew Stafford,21.0,46.5,42,0.4,4.3,17
2024,Regular,SEA,15864,Geno Smith,22.0,45.0,29,-1.1,1.8,17
2024,Regular,ATL,4360423,Michael Penix Jr.,23.0,38.4,44,-1.9,2.4,17
2024,Regular,TEN,3116407,Mason Rudolph,24.0,38.2,43,-1.0,3.1,17
2024,Regular,PIT,14881,Russell Wilson,25.0,36.8,51,-1.5,2.6,17
2024,Regular,DAL,2972515,Cooper Rush,26.0,34.7,31,-2.3,0.6,17
2024,Regular,NO,4426339,Spencer Rattler,27.0,32.2,45,-1.3,2.5,17
2024,Regular,NE,4431452,Drake Maye,28.0,32.0,35,-2.1,0.9,17
2024,Regular,CHI,4431611,Caleb Williams,29.0,22.6,42,-3.8,0.3,17
2024,Regular,CLE,4367178,Dorian Thompson-Robinson,30.0,18.9,55,-6.4,-0.8,17
2024,Regular,HOU,4432577,C.J. Stroud,31.0,12.7,39,-5.4,-1.3,17
2024,Regular,NYJ,8439,Aaron Rodgers,32.0,1.0,24,-8.0,-4.7,17
2024,Regular,DEN,4426338,Bo Nix,1.0,96.8,36,9.0,9.2,18
2024,Regular,WAS,2576980,Marcus Mariota,2.0,95.9,26,5.8,8.4,18
2024,Regular,CAR,4685720,Bryce Young,3.0,93.6,39,8.4,12.2,18
2024,Regular,LAC,4038941,Justin Herbert,4.0,92.2,46,8.2,12.5,18
2024,Regular,TB,3052587,Baker Mayfield,5.0,90.0,44,7.4,11.6,18
2024,Regular,DET,3046779,Jared Goff,6.0,82.6,38,3.4,6.5,18
2024,Regular,NE,4360698,Joe Milton III,7.0,69.6,40,2.8,6.7,18
2024,Regular,SEA,15864,Geno Smith,8.0,68.8,34,1.4,4.8,18
2024,Regular,BAL,3916387,Lamar Jackson,9.0,67.8,42,3.2,6.4,18
2024,Regular,PHI,4685201,Tanner McKee,10.0,62.4,46,3.1,7.5,18
2024,Regular,BUF,3039707,Mitchell Trubisky,11.0,62.3,24,1.5,3.8,18
2024,Regular,HOU,4242546,Davis Mills,12.0,60.2,29,0.6,3.0,18
2024,Regular,ATL,4360423,Michael Penix Jr.,13.0,58.0,42,2.5,6.7,18
2024,Regular,CHI,4431611,Caleb Williams,14.0,57.3,34,-0.2,3.1,18
2024,Regular,ARI,3917315,Kyler Murray,15.0,56.1,43,1.1,5.2,18
2024,Regular,NO,4426339,Spencer Rattler,16.0,53.9,49,1.2,5.8,18
2024,Regular,LV,4260394,Aidan O'Connell,17.0,46.0,39,-0.7,2.4,18
2024,Regular,LA,16760,Jimmy Garoppolo,18.0,44.9,48,-0.9,3.8,18
2024,Regular,IND,11252,Joe Flacco,19.0,41.5,44,0.2,4.5,18
2024,Regular,NYJ,8439,Aaron Rodgers,20.0,41.1,40,-1.5,2.3,18
2024,Regular,DAL,4383351,Trey Lance,21.0,40.6,48,-0.8,3.9,18
2024,Regular,JAX,4241464,Mac Jones,22.0,40.4,41,-1.3,2.6,18
2024,Regular,CIN,3915511,Joe Burrow,23.0,40.3,54,-3.1,2.1,18
2024,Regular,NYG,3924327,Drew Lock,24.0,33.8,33,-2.5,0.7,18
2024,Regular,PIT,14881,Russell Wilson,25.0,28.7,42,-2.0,2.1,18
2024,Regular,MIA,4035671,Tyler Huntley,26.0,28.5,52,-3.8,1.1,18
2024,Regular,SF,3044720,Joshua Dobbs,27.0,23.4,53,-4.5,0.6,18
2024,Regular,KC,2573079,Carson Wentz,28.0,19.1,23,-2.6,-0.2,18
2024,Regular,CLE,4250360,Bailey Zappe,29.0,17.6,38,-5.0,-0.9,18
2024,Regular,MIN,3912547,Sam Darnold,30.0,14.3,50,-7.0,-1.7,18
2024,Regular,TEN,4361418,Will Levis,31.0,1.2,24,-8.0,-3.7,18
2025,Playoffs,BUF,3918298,Josh Allen,1.0,87.1,47,5.9,10.5,1
2025,Playoffs,GB,4036378,Jordan Love,2.0,80.6,50,5.2,9.4,1
2025,Playoffs,CAR,4685720,Bryce Young,3.0,71.4,48,3.8,8.3,1
2025,Playoffs,NE,4431452,Drake Maye,4.0,68.6,41,1.5,5.5,1
2025,Playoffs,HOU,4432577,C.J. Stroud,5.0,62.2,37,1.1,4.6,1
2025,Playoffs,SF,4361741,Brock Purdy,6.0,60.4,39,0.3,4.1,1
2025,Playoffs,LA,12483,Matthew Stafford,7.0,48.7,46,-0.3,4.2,1
2025,Playoffs,PHI,4040715,Jalen Hurts,8.0,40.5,44,-0.4,3.9,1
2025,Playoffs,CHI,4431611,Caleb Williams,9.0,36.6,55,-1.0,4.1,1
2025,Playoffs,JAX,4360310,Trevor Lawrence,10.0,30.0,41,-2.5,1.5,1
2025,Playoffs,LAC,4038941,Justin Herbert,11.0,28.0,51,-4.7,0.3,1
2025,Playoffs,PIT,8439,Aaron Rodgers,12.0,14.9,39,-5.9,-1.9,1
2025,Playoffs,CHI,4431611,Caleb Williams,1.0,70.4,48,3.6,8.3,2
2025,Playoffs,DEN,4426338,Bo Nix,2.0,64.6,59,2.4,8.2,2
2025,Playoffs,SEA,3912547,Sam Darnold,3.0,63.1,22,1.2,2.8,2
2025,Playoffs,BUF,3918298,Josh Allen,4.0,47.6,55,-2.3,3.0,2
2025,Playoffs,SF,4361741,Brock Purdy,5.0,38.4,34,-2.5,0.6,2
2025,Playoffs,LA,12483,Matthew Stafford,6.0,31.5,46,-2.4,2.1,2
2025,Playoffs,HOU,4432577,C.J. Stroud,7.0,22.2,56,-6.4,-0.8,2
2025,Playoffs,NE,4431452,Drake Maye,8.0,20.7,35,-4.3,-0.8,2
2025,Playoffs,LA,12483,Matthew Stafford,1.5,82.8,38,2.7,6.2,3
2025,Playoffs,SEA,3912547,Sam Darnold,1.5,82.8,44,5.7,9.9,3
2025,Playoffs,NE,4431452,Drake Maye,3.0,62.5,35,0.0,3.4,3
2025,Playoffs,DEN,3892775,Jarrett Stidham,4.0,19.6,38,-4.0,-0.3,3
2025,Playoffs,SEA,3912547,Sam Darnold,1.0,53.0,41,-0.3,3.5,5
2025,Playoffs,NE,4431452,Drake Maye,2.0,16.3,56,-8.2,-1.9,5
2025,Regular,BAL,3916387,Lamar Jackson,1.0,94.9,30,5.6,8.1,1
2025,Regular,GB,4036378,Jordan Love,2.0,92.5,25,4.5,6.6,1
2025,Regular,PHI,4040715,Jalen Hurts,3.0,89.0,35,7.2,10.5,1
2025,Regular,TB,3052587,Baker Mayfield,4.0,88.3,38,5.1,8.8,1
2025,Regular,LAC,4038941,Justin Herbert,5.0,86.7,44,6.3,10.5,1
2025,Regular,KC,3139477,Patrick Mahomes,6.0,86.1,51,5.1,9.8,1
2025,Regular,SF,4361741,Brock Purdy,7.0,85.5,41,3.5,7.5,1
2025,Regular,IND,3917792,Daniel Jones,8.0,85.1,38,5.5,7.0,1
2025,Regular,ATL,4360423,Michael Penix Jr.,9.0,83.1,51,6.7,11.6,1
2025,Regular,BUF,3918298,Josh Allen,10.0,76.9,64,6.2,11.0,1
2025,Regular,NYJ,4362887,Justin Fields,11.0,76.7,38,3.6,7.3,1
2025,Regular,CHI,4431611,Caleb Williams,12.0,71.2,49,2.1,6.5,1
2025,Regular,LA,12483,Matthew Stafford,13.5,71.1,37,1.5,5.1,1
2025,Regular,LV,15864,Geno Smith,13.5,71.1,40,1.5,5.3,1
2025,Regular,JAX,4360310,Trevor Lawrence,15.0,69.2,34,2.5,4.8,1
2025,Regular,CIN,3915511,Joe Burrow,16.0,62.8,31,-0.1,2.9,1
2025,Regular,DAL,2577417,Dak Prescott,17.0,61.4,38,0.4,4.1,1
2025,Regular,PIT,8439,Aaron Rodgers,18.0,55.8,36,1.1,4.6,1
2025,Regular,SEA,3912547,Sam Darnold,19.0,52.6,27,0.7,3.3,1
2025,Regular,WAS,4426348,Jayden Daniels,20.0,50.5,47,1.4,5.9,1
2025,Regular,ARI,3917315,Kyler Murray,21.0,49.4,46,-0.5,3.9,1
2025,Regular,DET,3046779,Jared Goff,22.0,48.2,45,-0.2,3.0,1
2025,Regular,MIN,4433970,J.J. McCarthy,23.0,47.1,31,-0.2,2.8,1
2025,Regular,NO,4426339,Spencer Rattler,24.0,45.0,55,0.6,5.8,1
2025,Regular,NE,4431452,Drake Maye,25.0,42.0,59,-1.1,4.0,1
2025,Regular,HOU,4432577,C.J. Stroud,26.0,40.2,40,-1.3,2.6,1
2025,Regular,CIN,11252,Joe Flacco,27.0,30.6,54,-1.9,3.2,1
2025,Regular,CAR,4685720,Bryce Young,28.0,22.8,43,-4.2,0.1,1
2025,Regular,NYG,14881,Russell Wilson,29.0,20.5,51,-4.2,0.7,1
2025,Regular,DEN,4426338,Bo Nix,30.0,15.6,52,-4.9,0.2,1
2025,Regular,TEN,4688380,Cam Ward,31.0,10.3,36,-6.8,-3.1,1
2025,Regular,MIA,4241479,Tua Tagovailoa,32.0,2.4,28,-7.3,-2.9,1
2025,Regular,DET,3046779,Jared Goff,1.0,93.3,29,6.0,7.6,2
2025,Regular,KC,3139477,Patrick Mahomes,2.0,82.9,39,4.2,7.5,2
2025,Regular,BUF,3918298,Josh Allen,3.0,81.0,32,3.7,5.2,2
2025,Regular,IND,3917792,Daniel Jones,4.0,80.9,43,3.9,8.1,2
2025,Regular,BAL,3916387,Lamar Jackson,5.0,79.3,37,2.7,5.9,2
2025,Regular,NE,4431452,Drake Maye,6.0,78.3,37,3.6,7.2,2
2025,Regular,LAC,4038941,Justin Herbert,7.0,76.4,38,2.5,5.6,2
2025,Regular,NYG,14881,Russell Wilson,8.0,74.0,51,5.7,10.7,2
2025,Regular,TB,3052587,Baker Mayfield,9.0,72.5,49,1.0,5.8,2
2025,Regular,DAL,2577417,Dak Prescott,10.0,70.3,63,5.8,12.0,2
2025,Regular,DEN,4426338,Bo Nix,11.0,69.8,38,2.4,6.1,2
2025,Regular,CIN,3886812,Jake Browning,12.0,69.7,36,2.5,6.0,2
2025,Regular,SF,4241464,Mac Jones,13.0,68.0,46,2.1,6.5,2
2025,Regular,ARI,3917315,Kyler Murray,14.0,66.0,35,2.2,4.7,2
2025,Regular,LA,12483,Matthew Stafford,15.0,63.6,37,1.7,5.1,2
2025,Regular,NO,4426339,Spencer Rattler,16.0,53.3,42,1.2,5.2,2
2025,Regular,GB,4036378,Jordan Love,17.0,51.3,39,1.4,4.9,2
2025,Regular,MIA,4241479,Tua Tagovailoa,18.0,49.2,44,-0.4,3.9,2
2025,Regular,SEA,3912547,Sam Darnold,19.0,48.1,36,-0.5,3.0,2
2025,Regular,CHI,4431611,Caleb Williams,20.0,46.4,42,-1.1,2.4,2
2025,Regular,PHI,4040715,Jalen Hurts,21.0,45.5,36,-0.4,3.0,2
2025,Regular,PIT,8439,Aaron Rodgers,22.0,41.2,39,-1.8,1.8,2
2025,Regular,CAR,4685720,Bryce Young,23.0,35.0,67,-2.6,3.0,2
2025,Regular,ATL,4360423,Michael Penix Jr.,24.0,31.2,28,-2.7,0.1,2
2025,Regular,TEN,4688380,Cam Ward,25.0,27.7,47,-2.5,1.8,2
2025,Regular,CIN,11252,Joe Flacco,26.0,26.1,50,-4.1,0.7,2
2025,Regular,JAX,4360310,Trevor Lawrence,27.0,24.1,46,-3.6,0.9,2
2025,Regular,LV,15864,Geno Smith,28.0,23.1,54,-5.6,-0.3,2
2025,Regular,HOU,4432577,C.J. Stroud,29.0,20.2,31,-2.4,0.6,2
2025,Regular,WAS,4426348,Jayden Daniels,30.0,17.7,57,-6.1,-0.4,2
2025,Regular,MIN,4433970,J.J. McCarthy,31.0,6.2,34,-6.2,-2.6,2
2025,Regular,IND,3917792,Daniel Jones,1.0,92.1,32,5.8,7.8,3
2025,Regular,CHI,4431611,Caleb Williams,2.0,88.2,30,6.0,7.9,3
2025,Regular,BAL,3916387,Lamar Jackson,3.0,73.5,46,3.5,7.1,3
2025,Regular,MIA,4241479,Tua Tagovailoa,4.0,73.1,35,1.9,5.1,3
2025,Regular,DET,3046779,Jared Goff,5.0,71.7,31,1.8,4.8,3
2025,Regular,CAR,4685720,Bryce Young,6.0,71.2,30,2.3,4.1,3
2025,Regular,LV,15864,Geno Smith,7.0,69.0,37,2.6,4.2,3
2025,Regular,LA,12483,Matthew Stafford,8.0,68.1,35,1.1,4.5,3
2025,Regular,BUF,3918298,Josh Allen,9.0,66.6,35,2.6,5.9,3
2025,Regular,NE,4431452,Drake Maye,10.0,63.4,51,2.5,7.4,3
2025,Regular,TB,3052587,Baker Mayfield,11.0,60.6,40,2.5,6.0,3
2025,Regular,PHI,4040715,Jalen Hurts,12.0,59.9,46,2.0,6.3,3
2025,Regular,SF,4241464,Mac Jones,13.0,56.5,43,1.8,6.1,3
2025,Regular,GB,4036378,Jordan Love,14.0,56.4,40,-0.9,3.0,3
2025,Regular,WAS,2576980,Marcus Mariota,15.0,55.9,28,0.6,2.6,3
2025,Regular,ARI,3917315,Kyler Murray,16.0,53.0,46,0.3,4.8,3
2025,Regular,HOU,4432577,C.J. Stroud,17.0,51.8,47,-0.2,4.3,3
2025,Regular,NO,4426339,Spencer Rattler,18.0,51.3,47,-1.7,1.7,3
2025,Regular,KC,3139477,Patrick Mahomes,19.0,50.8,43,0.5,4.6,3
2025,Regular,PIT,8439,Aaron Rodgers,20.0,49.2,31,-0.9,2.1,3
2025,Regular,NYJ,14163,Tyrod Taylor,21.0,47.6,51,-0.4,4.0,3
2025,Regular,LAC,4038941,Justin Herbert,22.0,47.1,59,-1.4,4.3,3
2025,Regular,DEN,4426338,Bo Nix,23.0,43.9,35,-1.9,1.5,3
2025,Regular,JAX,4360310,Trevor Lawrence,24.0,38.6,47,-2.8,1.8,3
2025,Regular,DAL,2577417,Dak Prescott,25.0,36.1,45,-1.7,2.1,3
2025,Regular,TEN,4688380,Cam Ward,26.0,26.9,49,-2.4,1.7,3
2025,Regular,CIN,11252,Joe Flacco,27.0,26.6,44,-2.3,2.0,3
2025,Regular,CIN,3886812,Jake Browning,28.0,26.2,34,-3.9,-0.3,3
2025,Regular,MIN,2573079,Carson Wentz,29.0,22.9,30,-1.9,0.7,3
2025,Regular,ATL,4360423,Michael Penix Jr.,30.0,9.1,39,-6.4,-2.3,3
2025,Regular,NYG,14881,Russell Wilson,31.0,5.4,42,-7.6,-2.9,3
2025,Regular,DAL,2577417,Dak Prescott,1.0,93.7,44,9.3,13.6,4
2025,Regular,NE,4431452,Drake Maye,2.0,92.5,21,4.1,4.0,4
2025,Regular,BUF,3918298,Josh Allen,3.0,91.2,31,5.5,7.9,4
2025,Regular,ATL,4360423,Michael Penix Jr.,4.0,88.1,30,5.2,8.1,4
2025,Regular,NO,4426339,Spencer Rattler,5.0,81.8,37,3.2,6.2,4
2025,Regular,NYJ,4362887,Justin Fields,6.0,80.6,42,4.3,7.1,4
2025,Regular,WAS,2576980,Marcus Mariota,7.0,74.2,35,2.3,5.2,4
2025,Regular,DEN,4426338,Bo Nix,8.0,74.1,46,4.4,7.4,4
2025,Regular,KC,3139477,Patrick Mahomes,9.0,73.8,42,3.6,6.8,4
2025,Regular,HOU,4432577,C.J. Stroud,10.0,72.5,35,3.3,6.3,4
2025,Regular,LA,12483,Matthew Stafford,11.0,71.7,49,4.5,9.3,4
2025,Regular,SEA,3912547,Sam Darnold,12.0,70.0,34,2.2,5.3,4
2025,Regular,JAX,4360310,Trevor Lawrence,13.0,67.2,42,2.1,6.1,4
2025,Regular,GB,4036378,Jordan Love,14.0,62.7,50,3.7,8.2,4
2025,Regular,MIA,4241479,Tua Tagovailoa,15.0,56.6,31,1.6,4.4,4
2025,Regular,DET,3046779,Jared Goff,16.0,56.2,32,-0.1,2.7,4
2025,Regular,SF,4361741,Brock Purdy,17.0,53.7,45,0.9,5.2,4
2025,Regular,PHI,4040715,Jalen Hurts,18.0,52.8,34,0.3,3.1,4
2025,Regular,IND,3917792,Daniel Jones,19.0,50.5,40,-0.2,3.7,4
2025,Regular,CAR,4685720,Bryce Young,20.0,48.4,37,-1.1,1.9,4
2025,Regular,NYG,4689114,Jaxson Dart,21.0,47.4,42,-1.1,3.0,4
2025,Regular,CHI,4431611,Caleb Williams,22.0,47.0,48,-1.1,3.6,4
2025,Regular,MIN,2573079,Carson Wentz,23.0,42.0,57,-1.3,3.8,4
2025,Regular,PIT,8439,Aaron Rodgers,24.0,41.1,25,-1.4,0.9,4
2025,Regular,LAC,4038941,Justin Herbert,25.0,39.1,51,-1.1,3.7,4
2025,Regular,TEN,4688380,Cam Ward,26.0,34.8,31,-2.8,0.2,4
2025,Regular,ARI,3917315,Kyler Murray,27.5,29.8,55,-4.4,0.9,4
2025,Regular,BAL,3916387,Lamar Jackson,27.5,29.8,31,-1.8,1.2,4
2025,Regular,CIN,3886812,Jake Browning,29.0,28.4,38,-3.8,-0.1,4
2025,Regular,TB,3052587,Baker Mayfield,30.0,21.9,46,-4.3,0.2,4
2025,Regular,LV,15864,Geno Smith,31.0,20.4,25,-1.9,0.6,4
2025,Regular,CIN,11252,Joe Flacco,32.0,11.7,43,-6.8,-2.4,4
2025,Regular,HOU,4432577,C.J. Stroud,1.0,99.4,32,11.3,10.6,5
2025,Regular,SEA,3912547,Sam Darnold,2.0,96.5,35,8.9,12.3,5
2025,Regular,TB,3052587,Baker Mayfield,3.0,93.4,39,5.8,9.6,5
2025,Regular,DAL,2577417,Dak Prescott,4.0,87.5,35,5.3,6.5,5
2025,Regular,KC,3139477,Patrick Mahomes,5.0,81.2,49,4.6,8.9,5
2025,Regular,IND,3917792,Daniel Jones,6.0,80.6,37,3.8,6.7,5
2025,Regular,MIA,4241479,Tua Tagovailoa,7.0,78.4,42,3.7,7.8,5
2025,Regular,NE,4431452,Drake Maye,8.0,76.1,40,2.4,6.4,5
2025,Regular,WAS,4426348,Jayden Daniels,9.0,74.9,39,1.5,4.9,5
2025,Regular,SF,4241464,Mac Jones,10.0,67.4,57,2.6,8.1,5
2025,Regular,DEN,4426338,Bo Nix,11.0,64.9,50,1.0,5.8,5
2025,Regular,DET,3046779,Jared Goff,12.0,63.5,29,1.2,3.4,5
2025,Regular,NO,4426339,Spencer Rattler,13.0,60.1,41,2.4,6.2,5
2025,Regular,LA,12483,Matthew Stafford,14.0,55.8,52,1.8,6.8,5
2025,Regular,PHI,4040715,Jalen Hurts,15.0,55.4,51,0.0,4.6,5
2025,Regular,NYG,4689114,Jaxson Dart,16.5,55.2,52,0.3,4.6,5
2025,Regular,MIN,2573079,Carson Wentz,16.5,55.2,43,-0.7,3.5,5
2025,Regular,BUF,3918298,Josh Allen,18.0,54.2,45,0.3,4.6,5
2025,Regular,LAC,4038941,Justin Herbert,19.0,51.7,39,1.5,5.2,5
2025,Regular,ARI,3917315,Kyler Murray,20.0,48.3,41,1.0,4.5,5
2025,Regular,JAX,4360310,Trevor Lawrence,21.0,45.8,44,0.4,4.6,5
2025,Regular,CAR,4685720,Bryce Young,22.0,40.9,41,-0.2,3.8,5
2025,Regular,CLE,4427238,Dillon Gabriel,23.0,38.4,38,-2.4,1.3,5
2025,Regular,BAL,2972515,Cooper Rush,24.0,35.5,24,-1.7,0.5,5
2025,Regular,TEN,4688380,Cam Ward,25.0,28.7,43,-2.6,1.5,5
2025,Regular,NYJ,4362887,Justin Fields,26.0,23.7,65,-1.7,2.8,5
2025,Regular,CIN,3886812,Jake Browning,27.0,16.8,53,-5.8,-0.4,5
2025,Regular,LV,15864,Geno Smith,28.0,15.2,45,-5.3,-0.6,5
2025,Regular,NE,4431452,Drake Maye,1.0,95.4,37,8.0,11.6,6
2025,Regular,DAL,2577417,Dak Prescott,2.5,91.7,37,6.5,10.1,6
2025,Regular,NYG,4689114,Jaxson Dart,2.5,91.7,41,6.8,10.2,6
2025,Regular,TB,3052587,Baker Mayfield,4.0,82.2,27,3.4,5.8,6
2025,Regular,DET,3046779,Jared Goff,5.0,80.5,31,3.1,5.6,6
2025,Regular,KC,3139477,Patrick Mahomes,6.0,78.3,40,3.8,7.4,6
2025,Regular,NO,4426339,Spencer Rattler,7.0,76.8,36,2.8,6.3,6
2025,Regular,GB,4036378,Jordan Love,8.0,76.5,34,3.6,6.5,6
2025,Regular,SEA,3912547,Sam Darnold,9.0,76.3,29,2.1,4.8,6
2025,Regular,PIT,8439,Aaron Rodgers,10.0,72.4,32,1.5,4.4,6
2025,Regular,LAC,4038941,Justin Herbert,11.0,68.8,44,2.5,6.8,6
2025,Regular,CIN,11252,Joe Flacco,12.0,65.1,48,2.2,6.1,6
2025,Regular,WAS,4426348,Jayden Daniels,13.0,64.8,39,2.5,6.3,6
2025,Regular,ARI,2578570,Jacoby Brissett,14.0,61.3,52,1.8,6.9,6
2025,Regular,LA,12483,Matthew Stafford,15.0,60.6,32,0.7,3.6,6
2025,Regular,IND,3917792,Daniel Jones,16.0,60.4,34,1.8,5.1,6
2025,Regular,BAL,4035671,Tyler Huntley,17.0,55.0,22,0.6,1.7,6
2025,Regular,MIA,4241479,Tua Tagovailoa,18.0,54.8,38,-0.2,3.5,6
2025,Regular,JAX,4360310,Trevor Lawrence,19.0,53.8,54,-0.5,4.6,6
2025,Regular,CAR,4685720,Bryce Young,20.0,52.0,32,2.0,5.1,6
2025,Regular,ATL,4360423,Michael Penix Jr.,21.0,43.2,42,-0.9,3.1,6
2025,Regular,DEN,4426338,Bo Nix,22.0,34.0,39,-0.9,2.9,6
2025,Regular,LV,15864,Geno Smith,23.0,30.7,30,-0.9,1.7,6
2025,Regular,CLE,4427238,Dillon Gabriel,24.0,30.4,63,-4.3,1.6,6
2025,Regular,CHI,4431611,Caleb Williams,25.0,28.1,37,-2.0,1.7,6
2025,Regular,PHI,4040715,Jalen Hurts,26.0,27.8,44,-2.6,1.6,6
2025,Regular,SF,4241464,Mac Jones,27.0,19.5,54,-5.5,-0.1,6
2025,Regular,BAL,2972515,Cooper Rush,28.0,19.4,23,-2.0,0.3,6
2025,Regular,BUF,3918298,Josh Allen,29.0,16.3,39,-4.8,-0.9,6
2025,Regular,TEN,4688380,Cam Ward,30.0,12.4,47,-7.3,-1.8,6
2025,Regular,NYJ,4362887,Justin Fields,31.0,7.3,34,-7.1,-3.8,6
2025,Regular,PHI,4040715,Jalen Hurts,1.0,96.2,30,5.6,8.3,7
2025,Regular,NE,4431452,Drake Maye,2.0,96.0,37,8.6,9.9,7
2025,Regular,IND,3917792,Daniel Jones,3.0,90.5,37,4.5,7.1,7
2025,Regular,KC,3139477,Patrick Mahomes,4.0,89.5,43,6.6,8.7,7
2025,Regular,DAL,2577417,Dak Prescott,5.0,85.4,36,6.0,8.2,7
2025,Regular,LA,12483,Matthew Stafford,6.0,81.3,40,4.1,5.5,7
2025,Regular,DEN,4426338,Bo Nix,7.0,81.1,63,8.3,12.1,7
2025,Regular,CIN,11252,Joe Flacco,8.0,75.4,56,5.0,10.5,7
2025,Regular,PIT,8439,Aaron Rodgers,9.0,71.0,37,2.4,5.9,7
2025,Regular,GB,4036378,Jordan Love,10.0,66.5,36,1.9,5.5,7
2025,Regular,NYG,4689114,Jaxson Dart,11.0,64.9,53,0.4,5.3,7
2025,Regular,SF,4241464,Mac Jones,12.0,60.4,30,1.2,4.2,7
2025,Regular,CAR,4685720,Bryce Young,13.0,60.1,29,1.2,4.0,7
2025,Regular,LAC,4038941,Justin Herbert,14.0,52.9,68,2.1,6.6,7
2025,Regular,MIN,2573079,Carson Wentz,15.0,50.8,49,0.1,4.8,7
2025,Regular,SEA,3912547,Sam Darnold,16.0,44.8,40,-1.7,2.0,7
2025,Regular,WAS,4426348,Jayden Daniels,17.0,42.4,35,0.6,3.9,7
2025,Regular,ATL,4360423,Michael Penix Jr.,18.0,30.4,45,-2.7,1.6,7
2025,Regular,HOU,4432577,C.J. Stroud,19.0,28.5,60,-6.3,-0.3,7
2025,Regular,DET,3046779,Jared Goff,20.0,27.1,37,-1.9,1.6,7
2025,Regular,CHI,4431611,Caleb Williams,21.0,26.6,33,-2.0,1.2,7
2025,Regular,CLE,4427238,Dillon Gabriel,22.0,26.0,25,-1.3,0.8,7
2025,Regular,ARI,2578570,Jacoby Brissett,23.0,24.1,51,-3.1,1.9,7
2025,Regular,NO,4426339,Spencer Rattler,24.0,23.2,41,-3.4,0.6,7
2025,Regular,TEN,4688380,Cam Ward,25.0,22.4,41,-3.8,0.1,7
2025,Regular,TB,3052587,Baker Mayfield,26.0,18.3,59,-7.2,-1.1,7
2025,Regular,NYJ,14163,Tyrod Taylor,27.0,11.4,29,-3.7,-0.8,7
2025,Regular,NYJ,4362887,Justin Fields,28.0,10.1,20,-2.7,-0.8,7
2025,Regular,JAX,4360310,Trevor Lawrence,29.0,9.3,60,-9.4,-2.2,7
2025,Regular,LV,15864,Geno Smith,30.0,6.1,20,-4.0,-1.3,7
2025,Regular,MIA,4241479,Tua Tagovailoa,31.0,4.2,30,-8.1,-4.2,7
2025,Regular,LAC,4038941,Justin Herbert,1.0,97.7,37,9.0,10.7,8
2025,Regular,GB,4036378,Jordan Love,2.0,90.9,38,5.8,9.0,8
2025,Regular,HOU,4432577,C.J. Stroud,3.0,90.3,46,8.1,11.9,8
2025,Regular,BAL,4035671,Tyler Huntley,4.0,88.3,36,5.9,8.7,8
2025,Regular,DEN,4426338,Bo Nix,5.0,81.7,34,5.5,7.3,8
2025,Regular,SF,4241464,Mac Jones,6.0,78.0,40,1.7,4.4,8
2025,Regular,NE,4431452,Drake Maye,7.0,72.4,38,1.8,4.9,8
2025,Regular,CHI,4431611,Caleb Williams,8.0,67.0,44,1.8,5.5,8
2025,Regular,PHI,4040715,Jalen Hurts,9.0,66.2,34,2.6,5.5,8
2025,Regular,IND,3917792,Daniel Jones,10.0,65.6,33,2.4,4.7,8
2025,Regular,NYJ,4362887,Justin Fields,11.0,63.8,45,1.9,6.0,8
2025,Regular,MIA,4241479,Tua Tagovailoa,12.0,63.6,31,1.0,3.4,8
2025,Regular,DAL,2577417,Dak Prescott,13.0,63.1,45,0.1,4.0,8
2025,Regular,NYG,4689114,Jaxson Dart,14.0,59.4,37,0.2,3.1,8
2025,Regular,KC,3139477,Patrick Mahomes,15.0,56.4,40,2.0,5.2,8
2025,Regular,WAS,2576980,Marcus Mariota,16.0,55.2,42,0.7,3.9,8
2025,Regular,TB,3052587,Baker Mayfield,17.0,47.2,31,-0.4,2.5,8
2025,Regular,CIN,11252,Joe Flacco,18.0,44.4,39,0.7,4.4,8
2025,Regular,BUF,3918298,Josh Allen,19.0,41.8,26,-0.7,1.6,8
2025,Regular,ATL,14880,Kirk Cousins,20.0,37.5,36,-0.5,1.7,8
2025,Regular,TEN,4688380,Cam Ward,21.0,33.4,45,-2.1,1.4,8
2025,Regular,MIN,2573079,Carson Wentz,22.0,31.4,32,-3.0,0.1,8
2025,Regular,PIT,8439,Aaron Rodgers,23.0,30.8,43,-1.6,2.1,8
2025,Regular,CLE,4427238,Dillon Gabriel,24.0,20.1,39,-4.8,-0.6,8
2025,Regular,NO,4426339,Spencer Rattler,25.0,10.9,27,-3.5,-0.9,8
2025,Regular,NO,4360689,Tyler Shough,26.0,5.8,36,-6.4,-1.2,8
2025,Regular,CAR,14012,Andy Dalton,27.0,5.3,33,-6.9,-2.5,8
2025,Regular,SEA,3912547,Sam Darnold,1.0,97.4,28,7.6,7.4,9
2025,Regular,BAL,3916387,Lamar Jackson,2.0,93.1,28,5.2,6.8,9
2025,Regular,ATL,4360423,Michael Penix Jr.,3.0,92.0,42,6.2,10.2,9
2025,Regular,BUF,3918298,Josh Allen,4.0,81.9,35,4.5,7.8,9
2025,Regular,LA,12483,Matthew Stafford,5.0,77.9,37,3.7,6.5,9
2025,Regular,SF,4241464,Mac Jones,6.0,76.4,31,2.9,5.7,9
2025,Regular,CIN,11252,Joe Flacco,7.0,73.6,53,5.0,8.7,9
2025,Regular,LV,15864,Geno Smith,8.0,69.6,50,3.4,8.3,9
2025,Regular,CHI,4431611,Caleb Williams,9.0,65.2,45,2.1,6.3,9
2025,Regular,NO,4360689,Tyler Shough,10.0,63.9,26,0.9,2.4,9
2025,Regular,GB,4036378,Jordan Love,11.0,63.8,41,2.3,6.4,9
2025,Regular,JAX,4360310,Trevor Lawrence,12.0,60.7,46,0.7,5.2,9
2025,Regular,WAS,4426348,Jayden Daniels,13.0,59.2,39,0.2,2.4,9
2025,Regular,DEN,4426338,Bo Nix,14.0,59.1,42,-0.9,3.2,9
2025,Regular,NYG,4689114,Jaxson Dart,15.0,57.5,47,1.9,5.3,9
2025,Regular,LAC,4038941,Justin Herbert,16.0,56.7,44,1.1,5.2,9
2025,Regular,KC,3139477,Patrick Mahomes,17.0,55.0,40,-0.3,3.4,9
2025,Regular,DET,3046779,Jared Goff,18.0,54.5,47,-0.4,4.1,9
2025,Regular,PIT,8439,Aaron Rodgers,19.0,53.5,40,1.3,4.6,9
2025,Regular,ARI,2578570,Jacoby Brissett,20.0,51.4,40,1.8,5.2,9
2025,Regular,HOU,4242546,Davis Mills,21.0,50.1,36,-0.6,3.0,9
2025,Regular,NE,4431452,Drake Maye,22.0,47.9,40,0.2,4.1,9
2025,Regular,MIN,4433970,J.J. McCarthy,23.0,46.3,38,-0.9,2.7,9
2025,Regular,CAR,4685720,Bryce Young,24.0,38.3,27,-0.9,1.8,9
2025,Regular,DAL,2577417,Dak Prescott,25.0,29.3,49,-1.9,2.5,9
2025,Regular,MIA,4241479,Tua Tagovailoa,26.0,24.1,45,-3.1,0.9,9
2025,Regular,TEN,4688380,Cam Ward,27.0,14.1,30,-4.4,-1.4,9
2025,Regular,IND,3917792,Daniel Jones,28.0,12.9,60,-8.6,-2.1,9
2025,Regular,DET,3046779,Jared Goff,1.0,94.0,34,7.1,8.9,10
2025,Regular,LA,12483,Matthew Stafford,2.0,87.8,39,5.4,8.2,10
2025,Regular,SF,4241464,Mac Jones,3.0,85.4,43,6.0,7.8,10
2025,Regular,WAS,2576980,Marcus Mariota,4.0,78.1,32,3.0,4.1,10
2025,Regular,NYG,4689114,Jaxson Dart,5.0,73.6,38,2.8,6.5,10
2025,Regular,CHI,4431611,Caleb Williams,6.0,73.5,45,4.6,8.6,10
2025,Regular,MIA,4241479,Tua Tagovailoa,7.0,67.0,22,1.1,3.0,10
2025,Regular,TB,3052587,Baker Mayfield,8.5,65.5,46,1.8,5.6,10
2025,Regular,HOU,4242546,Davis Mills,8.5,65.5,58,3.2,8.0,10
2025,Regular,NO,4360689,Tyler Shough,10.0,62.8,31,1.1,4.1,10
2025,Regular,BAL,3916387,Lamar Jackson,11.0,53.3,41,-1.3,2.6,10
2025,Regular,CLE,4427238,Dillon Gabriel,12.0,49.3,48,0.5,5.2,10
2025,Regular,NE,4431452,Drake Maye,13.0,48.5,43,-0.2,3.9,10
2025,Regular,GB,4036378,Jordan Love,14.0,42.5,44,-1.0,3.3,10
2025,Regular,PHI,4040715,Jalen Hurts,15.0,33.6,35,-1.7,1.8,10
2025,Regular,JAX,4360310,Trevor Lawrence,16.0,31.0,40,-4.1,-0.2,10
2025,Regular,ARI,2578570,Jacoby Brissett,17.0,30.7,56,-5.5,0.0,10
2025,Regular,LAC,4038941,Justin Herbert,18.0,30.5,46,-2.2,2.2,10
2025,Regular,BUF,3918298,Josh Allen,19.0,30.0,50,-2.9,1.6,10
2025,Regular,IND,3917792,Daniel Jones,20.0,28.4,43,-2.8,1.5,10
2025,Regular,DEN,4426338,Bo Nix,21.0,25.5,37,-2.7,1.0,10
2025,Regular,ATL,4360423,Michael Penix Jr.,22.0,23.5,33,-2.3,0.9,10
2025,Regular,NYJ,4362887,Justin Fields,23.0,18.2,24,-3.1,-0.7,10
2025,Regular,MIN,4433970,J.J. McCarthy,24.0,16.9,60,-6.1,-0.1,10
2025,Regular,CAR,4685720,Bryce Young,25.0,16.6,31,-3.2,-0.1,10
2025,Regular,LV,15864,Geno Smith,26.0,11.0,38,-7.0,-3.2,10
2025,Regular,PIT,8439,Aaron Rodgers,27.0,4.2,36,-9.3,-4.5,10
2025,Regular,ATL,4360423,Michael Penix Jr.,1.0,89.8,20,3.4,5.3,11
2025,Regular,DAL,2577417,Dak Prescott,2.0,87.0,36,4.2,6.4,11
2025,Regular,NE,4431452,Drake Maye,3.0,83.7,39,5.8,9.3,11
2025,Regular,GB,4036378,Jordan Love,4.0,77.9,32,3.1,6.2,11
2025,Regular,TB,3052587,Baker Mayfield,5.0,75.4,37,2.2,5.4,11
2025,Regular,CAR,4685720,Bryce Young,6.0,74.8,54,3.7,9.0,11
2025,Regular,SF,4361741,Brock Purdy,7.0,71.2,31,2.1,3.9,11
2025,Regular,BUF,3918298,Josh Allen,8.0,67.0,39,2.7,6.4,11
2025,Regular,TEN,4688380,Cam Ward,9.0,63.6,50,0.6,5.5,11
2025,Regular,NYJ,4362887,Justin Fields,10.0,61.9,39,0.3,3.7,11
2025,Regular,JAX,4360310,Trevor Lawrence,11.0,60.8,29,0.4,2.8,11
2025,Regular,KC,3139477,Patrick Mahomes,12.0,53.4,54,-1.4,3.9,11
2025,Regular,NYG,2969939,Jameis Winston,13.0,51.7,36,0.9,4.4,11
2025,Regular,WAS,2576980,Marcus Mariota,14.0,48.6,40,0.3,4.2,11
2025,Regular,LA,12483,Matthew Stafford,15.0,47.6,30,-0.8,2.1,11
2025,Regular,DEN,4426338,Bo Nix,16.0,40.3,42,-0.3,3.8,11
2025,Regular,HOU,4242546,Davis Mills,17.0,36.4,48,-1.6,3.1,11
2025,Regular,CHI,4431611,Caleb Williams,18.0,30.2,39,-3.9,-0.1,11
2025,Regular,BAL,3916387,Lamar Jackson,19.0,30.1,34,-3.4,-0.1,11
2025,Regular,MIA,4241479,Tua Tagovailoa,20.0,27.8,24,-1.1,1.3,11
2025,Regular,PHI,4040715,Jalen Hurts,21.0,27.1,44,-2.9,1.3,11
2025,Regular,CIN,11252,Joe Flacco,22.0,26.0,45,-3.7,0.6,11
2025,Regular,ARI,2578570,Jacoby Brissett,23.0,25.9,64,-3.6,1.8,11
2025,Regular,SEA,3912547,Sam Darnold,24.0,24.8,49,-4.1,0.7,11
2025,Regular,LAC,4038941,Justin Herbert,25.0,22.0,24,-2.4,0.0,11
2025,Regular,MIN,4433970,J.J. McCarthy,26.0,19.9,34,-2.6,0.7,11
2025,Regular,LV,15864,Geno Smith,27.0,17.2,53,-2.9,1.9,11
2025,Regular,DET,3046779,Jared Goff,28.0,9.5,39,-7.1,-3.1,11
2025,Regular,CLE,4432762,Shedeur Sanders,29.0,1.8,21,-5.7,-3.6,11
2025,Regular,GB,4036378,Jordan Love,1.0,82.5,27,2.4,4.5,12
2025,Regular,NYG,2969939,Jameis Winston,2.0,81.5,44,3.9,8.2,12
2025,Regular,LA,12483,Matthew Stafford,3.0,77.6,37,3.9,5.2,12
2025,Regular,TEN,4688380,Cam Ward,4.0,77.4,55,3.7,7.3,12
2025,Regular,CHI,4431611,Caleb Williams,5.0,67.5,41,2.5,6.6,12
2025,Regular,NYJ,14163,Tyrod Taylor,6.0,66.1,37,1.4,4.3,12
2025,Regular,NE,4431452,Drake Maye,7.0,63.6,42,1.8,5.8,12
2025,Regular,KC,3139477,Patrick Mahomes,8.0,62.6,57,3.4,8.9,12
2025,Regular,DAL,2577417,Dak Prescott,9.0,60.6,44,1.2,5.0,12
2025,Regular,IND,3917792,Daniel Jones,10.0,58.5,34,0.9,4.2,12
2025,Regular,PIT,3116407,Mason Rudolph,11.0,54.5,39,0.6,4.4,12
2025,Regular,PHI,4040715,Jalen Hurts,12.0,50.5,51,2.0,6.5,12
2025,Regular,SF,4361741,Brock Purdy,13.0,49.5,37,0.6,4.0,12
2025,Regular,ATL,14880,Kirk Cousins,14.0,45.0,29,-0.7,2.2,12
2025,Regular,SEA,3912547,Sam Darnold,15.0,40.6,31,-0.6,2.2,12
2025,Regular,ARI,2578570,Jacoby Brissett,16.0,39.6,61,-1.2,4.7,12
2025,Regular,BAL,3916387,Lamar Jackson,17.0,34.7,34,-0.3,2.9,12
2025,Regular,TB,3052587,Baker Mayfield,18.0,32.8,24,-1.3,0.8,12
2025,Regular,JAX,4360310,Trevor Lawrence,19.0,32.4,39,-1.8,2.0,12
2025,Regular,NO,4360689,Tyler Shough,20.0,32.1,58,-2.4,2.5,12
2025,Regular,BUF,3918298,Josh Allen,21.0,28.8,47,-5.2,-0.6,12
2025,Regular,HOU,4242546,Davis Mills,22.0,27.1,32,-2.3,0.9,12
2025,Regular,CIN,11252,Joe Flacco,23.0,26.3,41,-3.2,0.8,12
2025,Regular,DET,3046779,Jared Goff,24.0,23.1,45,-2.5,1.9,12
2025,Regular,CAR,4685720,Bryce Young,25.0,14.2,36,-4.6,-1.0,12
2025,Regular,MIN,4433970,J.J. McCarthy,26.0,13.6,26,-3.4,-0.7,12
2025,Regular,LV,15864,Geno Smith,27.0,13.1,62,-9.6,-2.8,12
2025,Regular,CLE,4432762,Shedeur Sanders,28.0,8.6,24,-4.4,-1.8,12
2025,Regular,TB,16728,Teddy Bridgewater,29.0,6.8,20,-3.8,-0.6,12
2025,Regular,GB,4036378,Jordan Love,1.0,95.0,33,6.4,9.3,13
2025,Regular,DAL,2577417,Dak Prescott,2.0,87.0,46,7.1,11.4,13
2025,Regular,KC,3139477,Patrick Mahomes,3.0,83.7,44,6.7,10.8,13
2025,Regular,DET,3046779,Jared Goff,4.0,82.9,31,4.1,7.0,13
2025,Regular,CAR,4685720,Bryce Young,5.0,81.4,24,2.9,5.2,13
2025,Regular,NYJ,14163,Tyrod Taylor,6.0,80.5,46,5.1,9.6,13
2025,Regular,SF,4361741,Brock Purdy,7.0,78.1,35,1.7,4.6,13
2025,Regular,BUF,3918298,Josh Allen,8.0,70.7,34,1.8,4.7,13
2025,Regular,NE,4431452,Drake Maye,9.0,70.6,39,3.5,5.1,13
2025,Regular,IND,3917792,Daniel Jones,10.0,67.6,30,0.9,3.8,13
2025,Regular,JAX,4360310,Trevor Lawrence,11.0,66.8,36,2.0,4.6,13
2025,Regular,LAC,4038941,Justin Herbert,12.0,66.6,28,1.5,3.9,13
2025,Regular,HOU,4432577,C.J. Stroud,13.0,63.6,41,1.7,5.7,13
2025,Regular,DEN,4426338,Bo Nix,14.0,62.8,49,2.4,7.2,13
2025,Regular,NYG,4689114,Jaxson Dart,15.0,59.5,32,0.1,2.2,13
2025,Regular,ARI,2578570,Jacoby Brissett,16.0,59.4,44,1.1,5.4,13
2025,Regular,LV,15864,Geno Smith,17.0,58.9,31,-0.4,2.2,13
2025,Regular,TB,3052587,Baker Mayfield,18.0,57.8,38,1.8,5.5,13
2025,Regular,WAS,2576980,Marcus Mariota,19.0,55.8,66,0.0,6.4,13
2025,Regular,CIN,3915511,Joe Burrow,20.0,53.9,57,0.2,5.5,13
2025,Regular,CHI,4431611,Caleb Williams,21.0,49.4,46,-1.1,3.2,13
2025,Regular,ATL,14880,Kirk Cousins,22.0,31.7,37,-1.5,2.1,13
2025,Regular,NO,4360689,Tyler Shough,23.0,29.8,55,-3.2,2.1,13
2025,Regular,LA,12483,Matthew Stafford,24.0,25.2,32,-2.5,0.6,13
2025,Regular,SEA,3912547,Sam Darnold,25.0,23.2,34,-3.6,-0.2,13
2025,Regular,BAL,3916387,Lamar Jackson,26.0,21.3,42,-2.9,1.0,13
2025,Regular,TEN,4688380,Cam Ward,27.0,19.3,46,-4.2,0.2,13
2025,Regular,PHI,4040715,Jalen Hurts,28.5,16.3,39,-3.7,0.1,13
2025,Regular,CLE,4432762,Shedeur Sanders,28.5,16.3,31,-3.0,0.0,13
2025,Regular,MIA,4241479,Tua Tagovailoa,30.0,9.5,28,-4.1,-1.3,13
2025,Regular,PIT,8439,Aaron Rodgers,31.0,6.8,22,-4.2,-1.8,13
2025,Regular,MIN,4573398,Max Brosmer,32.0,5.8,36,-8.6,-3.8,13
2025,Regular,BUF,3918298,Josh Allen,1.0,96.9,40,10.7,14.4,14
2025,Regular,LA,12483,Matthew Stafford,2.0,86.7,33,4.5,6.5,14
2025,Regular,CIN,3915511,Joe Burrow,3.0,81.6,41,3.5,7.2,14
2025,Regular,JAX,4360310,Trevor Lawrence,4.0,80.5,37,4.5,6.9,14
2025,Regular,DEN,4426338,Bo Nix,5.0,77.2,47,3.3,6.9,14
2025,Regular,MIN,4433970,J.J. McCarthy,6.0,76.1,31,3.5,4.5,14
2025,Regular,GB,4036378,Jordan Love,7.0,75.6,27,2.7,5.4,14
2025,Regular,NO,4360689,Tyler Shough,8.0,74.1,31,2.3,5.3,14
2025,Regular,BAL,3916387,Lamar Jackson,9.0,72.5,45,3.5,7.8,14
2025,Regular,SEA,3912547,Sam Darnold,10.0,65.9,38,1.5,4.5,14
2025,Regular,PIT,8439,Aaron Rodgers,11.0,59.0,38,0.7,4.3,14
2025,Regular,CLE,4432762,Shedeur Sanders,12.0,54.7,52,2.0,6.7,14
2025,Regular,IND,4683423,Riley Leonard,13.0,53.0,35,-0.1,2.2,14
2025,Regular,DAL,2577417,Dak Prescott,14.0,52.5,58,-0.5,4.5,14
2025,Regular,LV,15864,Geno Smith,15.0,51.5,27,-0.3,2.3,14
2025,Regular,TB,3052587,Baker Mayfield,16.0,48.8,41,0.3,4.3,14
2025,Regular,ARI,2578570,Jacoby Brissett,17.0,47.0,53,0.3,3.4,14
2025,Regular,DET,3046779,Jared Goff,18.0,42.5,40,1.4,5.3,14
2025,Regular,CHI,4431611,Caleb Williams,19.0,35.1,41,-1.7,2.3,14
2025,Regular,HOU,4432577,C.J. Stroud,20.0,34.6,41,-1.8,2.2,14
2025,Regular,LAC,4038941,Justin Herbert,21.0,32.5,46,-2.5,2.0,14
2025,Regular,PHI,4040715,Jalen Hurts,22.0,25.1,47,-5.4,-0.8,14
2025,Regular,KC,3139477,Patrick Mahomes,23.0,20.5,43,-5.3,-1.0,14
2025,Regular,TEN,4688380,Cam Ward,24.0,19.3,33,-4.7,-1.5,14
2025,Regular,ATL,14880,Kirk Cousins,25.0,18.3,32,-4.0,-0.7,14
2025,Regular,MIA,4241479,Tua Tagovailoa,26.0,18.2,27,-2.5,0.1,14
2025,Regular,WAS,4426348,Jayden Daniels,27.0,13.2,26,-4.5,-1.9,14
2025,Regular,NYJ,4429435,Brady Cook,28.0,5.9,40,-7.1,-2.0,14
2025,Regular,PHI,4040715,Jalen Hurts,1.0,96.9,25,6.1,7.3,15
2025,Regular,JAX,4360310,Trevor Lawrence,2.0,96.0,38,9.8,10.8,15
2025,Regular,DET,3046779,Jared Goff,3.0,88.2,43,5.9,9.0,15
2025,Regular,DEN,4426338,Bo Nix,4.0,86.8,43,6.6,10.5,15
2025,Regular,SF,4361741,Brock Purdy,5.0,85.9,45,6.9,9.5,15
2025,Regular,MIN,4433970,J.J. McCarthy,6.0,84.9,27,4.3,6.9,15
2025,Regular,BUF,3918298,Josh Allen,7.0,82.6,41,3.5,7.3,15
2025,Regular,CAR,4685720,Bryce Young,8.0,77.3,33,2.6,5.7,15
2025,Regular,GB,4036378,Jordan Love,9.0,76.4,50,2.4,6.9,15
2025,Regular,LA,12483,Matthew Stafford,10.0,73.9,43,3.3,7.4,15
2025,Regular,CHI,4431611,Caleb Williams,11.0,67.8,37,1.2,3.7,15
2025,Regular,DAL,2577417,Dak Prescott,12.0,65.9,43,1.1,4.9,15
2025,Regular,ATL,14880,Kirk Cousins,13.0,64.5,56,2.3,7.7,15
2025,Regular,NE,4431452,Drake Maye,14.0,63.4,32,1.2,4.2,15
2025,Regular,NO,4360689,Tyler Shough,15.0,59.9,47,2.1,6.7,15
2025,Regular,HOU,4432577,C.J. Stroud,16.0,57.0,34,1.5,3.7,15
2025,Regular,PIT,8439,Aaron Rodgers,17.0,56.2,30,1.2,3.6,15
2025,Regular,KC,3139477,Patrick Mahomes,18.0,56.1,36,0.0,3.5,15
2025,Regular,LAC,4038941,Justin Herbert,19.0,53.8,37,0.4,4.1,15
2025,Regular,ARI,2578570,Jacoby Brissett,20.0,53.4,46,-1.7,2.0,15
2025,Regular,IND,5529,Philip Rivers,21.0,52.2,33,-1.1,2.1,15
2025,Regular,TB,3052587,Baker Mayfield,22.0,51.7,44,0.7,5.0,15
2025,Regular,NYJ,4429435,Brady Cook,23.0,47.7,43,-0.7,2.0,15
2025,Regular,SEA,3912547,Sam Darnold,24.0,39.8,40,-0.3,3.7,15
2025,Regular,TEN,4688380,Cam Ward,25.0,37.4,32,-1.2,1.5,15
2025,Regular,NYG,4689114,Jaxson Dart,26.0,35.3,49,-0.5,4.1,15
2025,Regular,WAS,2576980,Marcus Mariota,27.0,34.2,33,-1.2,1.8,15
2025,Regular,CIN,3915511,Joe Burrow,28.0,17.3,48,-4.8,0.0,15
2025,Regular,MIA,4241479,Tua Tagovailoa,29.0,12.2,36,-5.4,-0.9,15
2025,Regular,CLE,4432762,Shedeur Sanders,30.0,6.5,44,-8.3,-2.5,15
2025,Regular,LV,4240703,Kenny Pickett,31.0,5.5,31,-6.9,-3.2,15
2025,Regular,LAC,4038941,Justin Herbert,1.0,93.3,38,8.5,11.6,16
2025,Regular,LA,12483,Matthew Stafford,2.0,89.6,51,5.7,10.6,16
2025,Regular,SF,4361741,Brock Purdy,3.0,88.6,37,5.5,8.4,16
2025,Regular,JAX,4360310,Trevor Lawrence,4.0,87.9,48,5.0,8.8,16
2025,Regular,CIN,3915511,Joe Burrow,5.0,87.1,37,5.1,7.8,16
2025,Regular,NE,4431452,Drake Maye,6.0,81.7,55,5.5,10.9,16
2025,Regular,CHI,4431611,Caleb Williams,7.0,80.1,39,4.6,8.0,16
2025,Regular,ATL,14880,Kirk Cousins,8.0,79.5,42,4.2,8.2,16
2025,Regular,GB,4242512,Malik Willis,9.0,78.1,22,2.0,4.1,16
2025,Regular,PHI,4040715,Jalen Hurts,10.0,77.4,43,4.3,8.5,16
2025,Regular,LV,15864,Geno Smith,11.0,76.9,28,1.1,3.8,16
2025,Regular,HOU,4432577,C.J. Stroud,12.0,75.1,40,3.4,7.3,16
2025,Regular,DAL,2577417,Dak Prescott,13.0,75.0,36,2.1,5.6,16
2025,Regular,CAR,4685720,Bryce Young,14.0,73.0,38,3.4,7.1,16
2025,Regular,TB,3052587,Baker Mayfield,15.0,60.2,36,1.0,4.5,16
2025,Regular,PIT,8439,Aaron Rodgers,16.0,56.9,47,0.2,4.7,16
2025,Regular,IND,5529,Philip Rivers,17.0,52.2,40,1.0,4.5,16
2025,Regular,DET,3046779,Jared Goff,18.0,48.8,60,0.4,6.1,16
2025,Regular,BUF,3918298,Josh Allen,19.0,46.0,27,-1.4,1.2,16
2025,Regular,MIN,4433970,J.J. McCarthy,20.0,39.5,23,-0.5,1.8,16
2025,Regular,SEA,3912547,Sam Darnold,21.0,36.2,46,-1.2,3.3,16
2025,Regular,TEN,4688380,Cam Ward,22.0,34.6,33,-0.8,2.3,16
2025,Regular,DEN,4426338,Bo Nix,23.0,30.8,55,-2.6,2.2,16
2025,Regular,ARI,2578570,Jacoby Brissett,24.0,30.1,36,-1.7,1.8,16
2025,Regular,NO,4360689,Tyler Shough,25.0,30.0,54,-1.5,3.5,16
2025,Regular,MIA,4889929,Quinn Ewers,26.0,28.8,33,-1.4,1.3,16
2025,Regular,CLE,4432762,Shedeur Sanders,27.0,27.7,38,-2.6,1.1,16
2025,Regular,KC,4044111,Chris Oladokun,28.0,22.5,26,-2.1,0.4,16
2025,Regular,NYG,4689114,Jaxson Dart,29.0,5.0,26,-6.0,-3.4,16
2025,Regular,NYJ,4429435,Brady Cook,30.0,3.3,45,-11.1,-4.9,16
2025,Regular,NE,4431452,Drake Maye,1.0,99.8,27,12.2,9.9,17
2025,Regular,GB,4242512,Malik Willis,2.0,94.2,32,6.7,9.6,17
2025,Regular,BAL,4035671,Tyler Huntley,3.0,91.2,29,4.8,7.4,17
2025,Regular,SF,4361741,Brock Purdy,4.0,84.1,41,5.7,9.7,17
2025,Regular,NYG,4689114,Jaxson Dart,5.0,83.7,41,4.1,6.9,17
2025,Regular,NO,4360689,Tyler Shough,6.0,81.5,34,3.8,6.9,17
2025,Regular,DEN,4426338,Bo Nix,7.0,79.0,48,4.6,9.3,17
2025,Regular,JAX,4360310,Trevor Lawrence,8.0,76.9,48,4.2,8.9,17
2025,Regular,CHI,4431611,Caleb Williams,9.0,71.9,48,3.1,7.8,17
2025,Regular,ATL,14880,Kirk Cousins,10.0,71.0,25,1.9,4.1,17
2025,Regular,CIN,3915511,Joe Burrow,11.0,68.5,39,3.1,5.9,17
2025,Regular,TB,3052587,Baker Mayfield,12.0,65.1,51,2.3,6.8,17
2025,Regular,DAL,2577417,Dak Prescott,13.0,59.4,52,2.1,6.9,17
2025,Regular,BUF,3918298,Josh Allen,14.0,55.3,48,0.7,5.3,17
2025,Regular,TEN,4688380,Cam Ward,15.0,54.1,48,1.1,5.4,17
2025,Regular,HOU,4432577,C.J. Stroud,16.0,50.7,30,-1.1,1.8,17
2025,Regular,LAC,4038941,Justin Herbert,17.0,47.6,45,-1.6,2.8,17
2025,Regular,KC,4044111,Chris Oladokun,18.0,45.2,27,-0.8,1.8,17
2025,Regular,LA,12483,Matthew Stafford,19.0,41.0,43,-1.5,2.4,17
2025,Regular,PHI,4040715,Jalen Hurts,20.0,39.5,30,-1.5,1.4,17
2025,Regular,CLE,4432762,Shedeur Sanders,21.0,36.2,31,-0.9,2.1,17
2025,Regular,MIA,4889929,Quinn Ewers,22.0,34.7,31,-0.8,2.2,17
2025,Regular,DET,3046779,Jared Goff,23.0,28.5,39,-4.1,-0.2,17
2025,Regular,ARI,2578570,Jacoby Brissett,24.0,28.0,44,-2.8,0.8,17
2025,Regular,LV,15864,Geno Smith,25.0,27.5,35,-1.4,1.9,17
2025,Regular,SEA,3912547,Sam Darnold,26.0,24.3,33,-2.7,0.5,17
2025,Regular,WAS,11394,Josh Johnson,27.0,21.3,29,-1.0,1.7,17
2025,Regular,CAR,4685720,Bryce Young,28.0,19.7,33,-4.0,-0.7,17
2025,Regular,IND,5529,Philip Rivers,29.0,18.4,34,-3.3,0.1,17
2025,Regular,PIT,8439,Aaron Rodgers,30.0,18.3,42,-6.2,-2.0,17
2025,Regular,NYJ,4429435,Brady Cook,31.0,13.9,36,-4.9,-0.6,17
2025,Regular,MIN,4573398,Max Brosmer,32.0,8.8,29,-4.7,-1.8,17
2025,Regular,BUF,3039707,Mitchell Trubisky,1.0,90.7,32,6.2,6.6,18
2025,Regular,WAS,11394,Josh Johnson,2.0,88.8,38,4.7,8.4,18
2025,Regular,NE,4431452,Drake Maye,3.0,87.1,25,3.9,5.5,18
2025,Regular,LA,12483,Matthew Stafford,4.0,85.5,44,6.6,10.4,18
2025,Regular,IND,4683423,Riley Leonard,5.0,83.9,40,2.8,6.6,18
2025,Regular,JAX,4360310,Trevor Lawrence,6.0,82.3,39,5.3,6.7,18
2025,Regular,TB,3052587,Baker Mayfield,7.0,73.5,30,2.7,5.4,18
2025,Regular,MIN,4433970,J.J. McCarthy,8.0,68.5,26,2.0,4.5,18
2025,Regular,CIN,3915511,Joe Burrow,9.0,67.8,49,1.5,6.3,18
2025,Regular,DET,3046779,Jared Goff,10.0,66.4,47,2.4,6.7,18
2025,Regular,PIT,8439,Aaron Rodgers,11.0,65.6,52,3.0,8.1,18
2025,Regular,NO,4360689,Tyler Shough,12.0,60.8,46,1.0,5.3,18
2025,Regular,HOU,4432577,C.J. Stroud,13.0,59.2,27,1.3,3.9,18
2025,Regular,CHI,4431611,Caleb Williams,14.0,56.6,40,0.9,4.7,18
2025,Regular,BAL,3916387,Lamar Jackson,15.0,53.2,25,0.0,2.4,18
2025,Regular,NYG,4689114,Jaxson Dart,16.0,50.3,46,2.7,6.6,18
2025,Regular,CAR,4685720,Bryce Young,17.0,44.9,36,-0.6,2.7,18
2025,Regular,DEN,4426338,Bo Nix,18.0,44.0,33,-1.2,1.8,18
2025,Regular,ARI,2578570,Jacoby Brissett,19.0,42.9,43,-1.1,2.6,18
2025,Regular,SEA,3912547,Sam Darnold,20.0,36.3,34,-1.4,1.8,18
2025,Regular,MIA,4889929,Quinn Ewers,21.0,35.1,30,-2.1,0.7,18
2025,Regular,ATL,14880,Kirk Cousins,22.0,26.1,38,-2.4,1.4,18
2025,Regular,NYJ,4429435,Brady Cook,23.0,24.6,28,-2.8,0.0,18
2025,Regular,SF,4361741,Brock Purdy,24.0,23.9,32,-3.3,-0.1,18
2025,Regular,PHI,4685201,Tanner McKee,25.0,22.2,47,-2.6,1.9,18
2025,Regular,LAC,4383351,Trey Lance,26.0,19.7,57,-7.7,-1.6,18
2025,Regular,LV,4260394,Aidan O'Connell,27.0,16.3,28,-2.7,0.1,18
2025,Regular,CLE,4432762,Shedeur Sanders,28.0,11.8,32,-4.5,-1.3,18
2025,Regular,TEN,2574511,Brandon Allen,29.0,9.9,32,-5.3,-1.3,18
2025,Regular,BUF,4039034,Shane Buechele,30.0,5.6,21,-4.5,-2.4,18
2025,Regular,KC,4044111,Chris Oladokun,31.0,1.6,22,-6.8,-4.6,18
